county,sub_county,date,acute_malnutrition_cases,severe_acute_malnutrition_cases,moderate_acute_malnutrition_cases,admission_rate,cure_rate,death_rate,default_rate,non_cured_rate,coverage_rate,population_under_5,nutrition_program_coverage,stunting_rate,wasting_rate,underweight_rate,exclusive_breastfeeding_rate,mmf_complementarity,mdd_diversity,micronutrient_supplementation_rate,water_access_pct,sanitation_access_pct,handwashing_facilities_pct,safe_disposal_sanitation_pct,basic_drinking_water_pct,hygiene_promotion_coverage,community_led_total_sanitation,school_wash_access,month,year,severe_acute_malnutrition_cases_lag_1,moderate_acute_malnutrition_cases_lag_1,admission_rate_lag_1,cure_rate_lag_1,death_rate_lag_1,default_rate_lag_1,non_cured_rate_lag_1,coverage_rate_lag_1,population_under_5_lag_1,nutrition_program_coverage_lag_1,stunting_rate_lag_1,wasting_rate_lag_1,underweight_rate_lag_1,exclusive_breastfeeding_rate_lag_1,mmf_complementarity_lag_1,mdd_diversity_lag_1,micronutrient_supplementation_rate_lag_1,water_access_pct_lag_1,sanitation_access_pct_lag_1,handwashing_facilities_pct_lag_1,safe_disposal_sanitation_pct_lag_1,basic_drinking_water_pct_lag_1,hygiene_promotion_coverage_lag_1,community_led_total_sanitation_lag_1,school_wash_access_lag_1,severe_acute_malnutrition_cases_lag_2,moderate_acute_malnutrition_cases_lag_2,admission_rate_lag_2,cure_rate_lag_2,death_rate_lag_2,default_rate_lag_2,non_cured_rate_lag_2,coverage_rate_lag_2,population_under_5_lag_2,nutrition_program_coverage_lag_2,stunting_rate_lag_2,wasting_rate_lag_2,underweight_rate_lag_2,exclusive_breastfeeding_rate_lag_2,mmf_complementarity_lag_2,mdd_diversity_lag_2,micronutrient_supplementation_rate_lag_2,water_access_pct_lag_2,sanitation_access_pct_lag_2,handwashing_facilities_pct_lag_2,safe_disposal_sanitation_pct_lag_2,basic_drinking_water_pct_lag_2,hygiene_promotion_coverage_lag_2,community_led_total_sanitation_lag_2,school_wash_access_lag_2,severe_acute_malnutrition_cases_lag_3,moderate_acute_malnutrition_cases_lag_3,admission_rate_lag_3,cure_rate_lag_3,death_rate_lag_3,default_rate_lag_3,non_cured_rate_lag_3,coverage_rate_lag_3,population_under_5_lag_3,nutrition_program_coverage_lag_3,stunting_rate_lag_3,wasting_rate_lag_3,underweight_rate_lag_3,exclusive_breastfeeding_rate_lag_3,mmf_complementarity_lag_3,mdd_diversity_lag_3,micronutrient_supplementation_rate_lag_3,water_access_pct_lag_3,sanitation_access_pct_lag_3,handwashing_facilities_pct_lag_3,safe_disposal_sanitation_pct_lag_3,basic_drinking_water_pct_lag_3,hygiene_promotion_coverage_lag_3,community_led_total_sanitation_lag_3,school_wash_access_lag_3,acute_malnutrition_cases_lag_1,acute_malnutrition_cases_lag_2,acute_malnutrition_cases_lag_3
Eldoret,Ainabkoi,2025-06-01 23:22:43.086192,157,32,124,1.4163707054376484,71.75093541301815,3.7848199924921335,9.46490759867594,3.5432176539416407,64.46309970809877,8619,53.069905722239895,38.40320935630646,16.466585580915208,12.483484002650291,33.73481429291431,77.82983864367802,58.54456837337298,53.21298508658859,83.34941938809936,78.9142934240268,81.24740582695176,70.70155637089161,65.39027814141399,55.58068071509466,67.42754832703969,74.07756376637624,6,2025,28.0,127.0,1.994207296956936,88.48603609437116,3.909667683160976,2.8865026105117213,7.17869975412182,43.47489241960981,11830.0,64.603784888537,21.54763280628237,18.87051514126052,28.360385255787527,27.4238774800854,52.785996619585234,60.267707938691984,78.16210076144084,95.15378789930068,40.717244709832165,81.8553037263037,51.98586140920773,58.45500151078593,31.650065745553093,38.07015204442203,66.50964651423446,34.0,182.0,2.6479173337573854,77.86047530457951,3.982569475662765,5.344677039056052,5.029753214650032,55.1658078241374,10956.0,94.9302817920449,27.171995957160497,9.033520742012474,28.41659087056498,28.62854535647592,62.97024655830455,68.48189793278476,79.82049099816255,57.16631220467709,52.14268211742414,61.118862700854926,45.83641730887862,80.68930871892674,78.74363220199857,42.91930962099027,53.54341586380644,35.0,181.0,2.115414291152096,80.35210286527246,2.609529972489329,5.114964324935486,3.9874813247256977,68.37410394140834,14471.0,84.29794916772951,39.69095459340529,8.258980442261434,18.727975765031687,26.41347354603652,72.32553967484424,84.40014782639247,71.78404310717112,77.91181040938363,35.23378634214429,49.89173786849703,68.30678061157444,87.68346022452837,44.042913285188845,24.273114059591137,78.2701153067911,156.0,217.0,217.0
Eldoret,Ainabkoi,2025-07-01 23:22:43.086192,129,14,115,2.0819376019556266,82.06124667982903,2.047151023298196,5.928132543992356,5.1359563320172095,52.945102238949765,8481,40.618419811685406,28.144088998760218,10.91756225123204,26.579361009560536,39.827664463435525,58.66440729510755,63.19459574783327,54.68080254990568,66.65288465547621,40.872840672987714,39.20721184262113,80.00637640557342,79.22135565893328,56.598095543363065,44.734980961516015,35.76420954248823,7,2025,32.0,124.0,1.4163707054376484,71.75093541301815,3.7848199924921335,9.46490759867594,3.5432176539416407,64.46309970809877,8619.0,53.069905722239895,38.40320935630646,16.466585580915208,12.483484002650291,33.73481429291431,77.82983864367802,58.54456837337298,53.21298508658859,83.34941938809936,78.9142934240268,81.24740582695176,70.70155637089161,65.39027814141399,55.58068071509466,67.42754832703969,74.07756376637624,28.0,127.0,1.994207296956936,88.48603609437116,3.909667683160976,2.8865026105117213,7.17869975412182,43.47489241960981,11830.0,64.603784888537,21.54763280628237,18.87051514126052,28.360385255787527,27.4238774800854,52.785996619585234,60.267707938691984,78.16210076144084,95.15378789930068,40.717244709832165,81.8553037263037,51.98586140920773,58.45500151078593,31.650065745553093,38.07015204442203,66.50964651423446,34.0,182.0,2.6479173337573854,77.86047530457951,3.982569475662765,5.344677039056052,5.029753214650032,55.1658078241374,10956.0,94.9302817920449,27.171995957160497,9.033520742012474,28.41659087056498,28.62854535647592,62.97024655830455,68.48189793278476,79.82049099816255,57.16631220467709,52.14268211742414,61.118862700854926,45.83641730887862,80.68930871892674,78.74363220199857,42.91930962099027,53.54341586380644,157.0,156.0,217.0
Eldoret,Ainabkoi,2025-08-01 23:22:43.086192,105,22,83,3.5654813305155875,75.89759298263866,3.0374983774609543,4.0951610181273566,7.799815316807026,58.98075153236975,4951,88.50154249782238,24.489222161386976,10.143398981299898,10.091943352089304,65.38723185957227,42.99592058548649,42.56329801447744,53.20877575899856,92.3040693891211,50.985486899803455,42.90230022292832,85.60875948427532,56.00911267631065,57.70698104584482,46.90379899102453,55.68939407780645,8,2025,14.0,115.0,2.0819376019556266,82.06124667982903,2.047151023298196,5.928132543992356,5.1359563320172095,52.945102238949765,8481.0,40.618419811685406,28.144088998760218,10.91756225123204,26.579361009560536,39.827664463435525,58.66440729510755,63.19459574783327,54.68080254990568,66.65288465547621,40.872840672987714,39.20721184262113,80.00637640557342,79.22135565893328,56.598095543363065,44.734980961516015,35.76420954248823,32.0,124.0,1.4163707054376484,71.75093541301815,3.7848199924921335,9.46490759867594,3.5432176539416407,64.46309970809877,8619.0,53.069905722239895,38.40320935630646,16.466585580915208,12.483484002650291,33.73481429291431,77.82983864367802,58.54456837337298,53.21298508658859,83.34941938809936,78.9142934240268,81.24740582695176,70.70155637089161,65.39027814141399,55.58068071509466,67.42754832703969,74.07756376637624,28.0,127.0,1.994207296956936,88.48603609437116,3.909667683160976,2.8865026105117213,7.17869975412182,43.47489241960981,11830.0,64.603784888537,21.54763280628237,18.87051514126052,28.360385255787527,27.4238774800854,52.785996619585234,60.267707938691984,78.16210076144084,95.15378789930068,40.717244709832165,81.8553037263037,51.98586140920773,58.45500151078593,31.650065745553093,38.07015204442203,66.50964651423446,129.0,157.0,156.0
Eldoret,Ainabkoi,2025-09-01 23:22:43.086192,113,15,97,0.6413167837837772,89.53194437264258,3.342869079524613,5.535222743354957,4.719776141890929,71.81559931840758,5962,62.92755194483072,21.06795159118729,21.064715859458214,30.127352970560523,50.89219520239188,49.39942643243512,34.22585700890354,80.85928153797235,46.399362178598935,88.21128394334914,83.18268778769615,68.07453893973872,58.41574729448526,58.22614490121661,67.79783432747146,76.54532747349208,9,2025,22.0,83.0,3.5654813305155875,75.89759298263866,3.0374983774609543,4.0951610181273566,7.799815316807026,58.98075153236975,4951.0,88.50154249782238,24.489222161386976,10.143398981299898,10.091943352089304,65.38723185957227,42.99592058548649,42.56329801447744,53.20877575899856,92.3040693891211,50.985486899803455,42.90230022292832,85.60875948427532,56.00911267631065,57.70698104584482,46.90379899102453,55.68939407780645,14.0,115.0,2.0819376019556266,82.06124667982903,2.047151023298196,5.928132543992356,5.1359563320172095,52.945102238949765,8481.0,40.618419811685406,28.144088998760218,10.91756225123204,26.579361009560536,39.827664463435525,58.66440729510755,63.19459574783327,54.68080254990568,66.65288465547621,40.872840672987714,39.20721184262113,80.00637640557342,79.22135565893328,56.598095543363065,44.734980961516015,35.76420954248823,32.0,124.0,1.4163707054376484,71.75093541301815,3.7848199924921335,9.46490759867594,3.5432176539416407,64.46309970809877,8619.0,53.069905722239895,38.40320935630646,16.466585580915208,12.483484002650291,33.73481429291431,77.82983864367802,58.54456837337298,53.21298508658859,83.34941938809936,78.9142934240268,81.24740582695176,70.70155637089161,65.39027814141399,55.58068071509466,67.42754832703969,74.07756376637624,105.0,129.0,157.0
Eldoret,Ainabkoi,2025-10-01 23:22:43.086192,132,19,112,1.0257334660040636,71.43320100035518,4.626954750431152,9.052870329276214,1.6632313715523468,59.53658406608361,6613,68.9974843046297,22.76605243385976,20.349969111098385,15.064416460438167,58.55829150654101,25.152685541075016,54.949967735872384,67.5634493163583,61.62005923281871,57.45937039820494,68.87444133912227,81.58073038692055,51.58030597118514,26.686622973121494,42.58658259214994,82.91040628207534,10,2025,15.0,97.0,0.6413167837837772,89.53194437264258,3.342869079524613,5.535222743354957,4.719776141890929,71.81559931840758,5962.0,62.92755194483072,21.06795159118729,21.064715859458214,30.127352970560523,50.89219520239188,49.39942643243512,34.22585700890354,80.85928153797235,46.399362178598935,88.21128394334914,83.18268778769615,68.07453893973872,58.41574729448526,58.22614490121661,67.79783432747146,76.54532747349208,22.0,83.0,3.5654813305155875,75.89759298263866,3.0374983774609543,4.0951610181273566,7.799815316807026,58.98075153236975,4951.0,88.50154249782238,24.489222161386976,10.143398981299898,10.091943352089304,65.38723185957227,42.99592058548649,42.56329801447744,53.20877575899856,92.3040693891211,50.985486899803455,42.90230022292832,85.60875948427532,56.00911267631065,57.70698104584482,46.90379899102453,55.68939407780645,14.0,115.0,2.0819376019556266,82.06124667982903,2.047151023298196,5.928132543992356,5.1359563320172095,52.945102238949765,8481.0,40.618419811685406,28.144088998760218,10.91756225123204,26.579361009560536,39.827664463435525,58.66440729510755,63.19459574783327,54.68080254990568,66.65288465547621,40.872840672987714,39.20721184262113,80.00637640557342,79.22135565893328,56.598095543363065,44.734980961516015,35.76420954248823,113.0,105.0,129.0
Eldoret,Ainabkoi,2025-11-01 23:22:43.086192,139,34,104,1.652789214750343,94.82043399555693,4.276363967774044,8.085016882825455,3.3387613558527818,67.25366302970235,2037,85.27270929452085,28.641832871630086,13.08157191202557,12.805239634711542,43.5114056848375,38.60496408482985,70.60819118355056,54.26423667740799,47.013535014393455,54.929467741772704,45.13021391411431,43.95404059897552,57.56514538154021,55.91895005294953,32.99492336906344,83.45235902217168,11,2025,19.0,112.0,1.0257334660040636,71.43320100035518,4.626954750431152,9.052870329276214,1.6632313715523468,59.53658406608361,6613.0,68.9974843046297,22.76605243385976,20.349969111098385,15.064416460438167,58.55829150654101,25.152685541075016,54.949967735872384,67.5634493163583,61.62005923281871,57.45937039820494,68.87444133912227,81.58073038692055,51.58030597118514,26.686622973121494,42.58658259214994,82.91040628207534,15.0,97.0,0.6413167837837772,89.53194437264258,3.342869079524613,5.535222743354957,4.719776141890929,71.81559931840758,5962.0,62.92755194483072,21.06795159118729,21.064715859458214,30.127352970560523,50.89219520239188,49.39942643243512,34.22585700890354,80.85928153797235,46.399362178598935,88.21128394334914,83.18268778769615,68.07453893973872,58.41574729448526,58.22614490121661,67.79783432747146,76.54532747349208,22.0,83.0,3.5654813305155875,75.89759298263866,3.0374983774609543,4.0951610181273566,7.799815316807026,58.98075153236975,4951.0,88.50154249782238,24.489222161386976,10.143398981299898,10.091943352089304,65.38723185957227,42.99592058548649,42.56329801447744,53.20877575899856,92.3040693891211,50.985486899803455,42.90230022292832,85.60875948427532,56.00911267631065,57.70698104584482,46.90379899102453,55.68939407780645,132.0,113.0,105.0
Eldoret,Ainabkoi,2025-12-01 23:22:43.086192,165,31,134,2.8375159263018963,91.55593269971816,2.146646149859494,7.715819258889823,5.754739197591295,49.22958364407738,9371,49.74510176140164,31.599016389977624,21.427463816292946,22.3352378986576,38.05279200472725,37.47928503592033,71.10194260260343,66.6303581280882,86.19180634113496,46.4072155742556,41.80396835481503,60.7074471754843,51.44535087869909,25.430416052289008,47.63158156003336,37.47369429035153,12,2025,34.0,104.0,1.652789214750343,94.82043399555693,4.276363967774044,8.085016882825455,3.3387613558527818,67.25366302970235,2037.0,85.27270929452085,28.641832871630086,13.08157191202557,12.805239634711542,43.5114056848375,38.60496408482985,70.60819118355056,54.26423667740799,47.013535014393455,54.929467741772704,45.13021391411431,43.95404059897552,57.56514538154021,55.91895005294953,32.99492336906344,83.45235902217168,19.0,112.0,1.0257334660040636,71.43320100035518,4.626954750431152,9.052870329276214,1.6632313715523468,59.53658406608361,6613.0,68.9974843046297,22.76605243385976,20.349969111098385,15.064416460438167,58.55829150654101,25.152685541075016,54.949967735872384,67.5634493163583,61.62005923281871,57.45937039820494,68.87444133912227,81.58073038692055,51.58030597118514,26.686622973121494,42.58658259214994,82.91040628207534,15.0,97.0,0.6413167837837772,89.53194437264258,3.342869079524613,5.535222743354957,4.719776141890929,71.81559931840758,5962.0,62.92755194483072,21.06795159118729,21.064715859458214,30.127352970560523,50.89219520239188,49.39942643243512,34.22585700890354,80.85928153797235,46.399362178598935,88.21128394334914,83.18268778769615,68.07453893973872,58.41574729448526,58.22614490121661,67.79783432747146,76.54532747349208,139.0,132.0,113.0
Eldoret,Ainabkoi,2026-01-01 23:22:43.086192,210,33,176,1.9170954762059549,90.54117116693143,4.952308137196474,5.151869070103337,3.5923000321221767,77.82023689908256,11157,54.7820271508667,35.330726108826056,23.50887826695745,33.46241463066565,26.2260170885371,34.06530410969937,57.57064273033901,82.82172235749601,76.48468717318174,77.41664515203759,54.64639105673864,53.1869496753842,63.3739622949846,60.57548182058507,11.593541725176994,32.24397539695305,1,2026,31.0,134.0,2.8375159263018963,91.55593269971816,2.146646149859494,7.715819258889823,5.754739197591295,49.22958364407738,9371.0,49.74510176140164,31.599016389977624,21.427463816292946,22.3352378986576,38.05279200472725,37.47928503592033,71.10194260260343,66.6303581280882,86.19180634113496,46.4072155742556,41.80396835481503,60.7074471754843,51.44535087869909,25.430416052289008,47.63158156003336,37.47369429035153,34.0,104.0,1.652789214750343,94.82043399555693,4.276363967774044,8.085016882825455,3.3387613558527818,67.25366302970235,2037.0,85.27270929452085,28.641832871630086,13.08157191202557,12.805239634711542,43.5114056848375,38.60496408482985,70.60819118355056,54.26423667740799,47.013535014393455,54.929467741772704,45.13021391411431,43.95404059897552,57.56514538154021,55.91895005294953,32.99492336906344,83.45235902217168,19.0,112.0,1.0257334660040636,71.43320100035518,4.626954750431152,9.052870329276214,1.6632313715523468,59.53658406608361,6613.0,68.9974843046297,22.76605243385976,20.349969111098385,15.064416460438167,58.55829150654101,25.152685541075016,54.949967735872384,67.5634493163583,61.62005923281871,57.45937039820494,68.87444133912227,81.58073038692055,51.58030597118514,26.686622973121494,42.58658259214994,82.91040628207534,165.0,139.0,132.0
Eldoret,Ainabkoi,2026-02-01 23:22:43.086192,193,45,148,3.468266182567437,78.96671799484525,3.928035044088901,6.215698623205102,1.946419246873711,71.67595298723059,14234,43.315300637545896,16.505530212203745,13.336359717238889,34.45014178525128,40.78048385206637,43.16103721199674,68.19257002132102,75.38211033502307,53.43692820380801,60.31209737921622,34.41140258019932,31.537854098119347,80.17610367031078,77.34658414249789,63.34264070572567,49.281127005991294,2,2026,33.0,176.0,1.9170954762059549,90.54117116693143,4.952308137196474,5.151869070103337,3.5923000321221767,77.82023689908256,11157.0,54.7820271508667,35.330726108826056,23.50887826695745,33.46241463066565,26.2260170885371,34.06530410969937,57.57064273033901,82.82172235749601,76.48468717318174,77.41664515203759,54.64639105673864,53.1869496753842,63.3739622949846,60.57548182058507,11.593541725176994,32.24397539695305,31.0,134.0,2.8375159263018963,91.55593269971816,2.146646149859494,7.715819258889823,5.754739197591295,49.22958364407738,9371.0,49.74510176140164,31.599016389977624,21.427463816292946,22.3352378986576,38.05279200472725,37.47928503592033,71.10194260260343,66.6303581280882,86.19180634113496,46.4072155742556,41.80396835481503,60.7074471754843,51.44535087869909,25.430416052289008,47.63158156003336,37.47369429035153,34.0,104.0,1.652789214750343,94.82043399555693,4.276363967774044,8.085016882825455,3.3387613558527818,67.25366302970235,2037.0,85.27270929452085,28.641832871630086,13.08157191202557,12.805239634711542,43.5114056848375,38.60496408482985,70.60819118355056,54.26423667740799,47.013535014393455,54.929467741772704,45.13021391411431,43.95404059897552,57.56514538154021,55.91895005294953,32.99492336906344,83.45235902217168,210.0,165.0,139.0
Nakuru,Bahati,2025-06-01 23:22:43.086192,89,9,80,4.024408183373103,91.02293962264372,1.3060564719909924,2.742378244422756,1.3919291429473106,64.98175683597812,3102,78.30625574885349,27.212863180340733,24.04438794269658,22.984564183897884,27.07193856188028,61.4967585748572,46.30527416858512,53.15015321061684,40.62470642864783,40.78616558798161,60.91929961306728,83.11684968237884,76.61068164963157,22.118524823083213,48.06123760273495,68.6159085585899,6,2025,15.0,116.0,1.0896828450437388,79.03223423074289,1.5293591185564166,4.676657837196996,7.063327429506854,76.82679316758599,6071.0,45.98280892672875,22.900866894806526,19.406594362272926,13.3378898731301,22.02177126571236,68.0125931900607,46.81983957735318,85.06533522065507,79.14811526248499,90.71123969150784,74.99292791046904,61.3863029437149,86.75950275832324,67.94699050029303,56.30199812523127,81.90967287973504,22.0,104.0,1.1645363841896634,72.20077053500985,2.5256118976408146,9.106804419982131,3.3644458157277657,45.65576447323641,5537.0,39.78686958286626,33.85518352703792,5.403659837842849,28.11134782741172,21.49020352304442,39.06418594527726,39.90998645012903,47.41029823164398,73.33701458992142,49.52983565859955,62.08613265716267,73.9427682767359,74.455661051231,21.517067270424985,37.25696704800677,45.08657117589886,19.0,122.0,3.166181915459746,73.40949935345806,3.613680485431012,3.9455192576178586,2.4707307110190446,49.85295282677085,9573.0,59.94822638688514,37.40447726082384,22.117070720169338,21.966288459480904,58.386005542146265,71.49462356027328,44.95549924491469,46.31760325262958,71.67175401605039,88.32426590547342,75.17357609412385,43.46089597257698,82.97649071141672,64.87826400874516,32.127936344029976,77.87002809893517,132.0,126.0,141.0
Nakuru,Bahati,2025-07-01 23:22:43.086192,76,9,66,3.9977753996773417,85.16617564762396,2.0093074949399328,5.691616893589368,5.191894503068798,53.28518612946046,7964,32.00241081038661,38.68426417439348,8.120827868634567,25.59275706114458,49.1977520002833,62.5976781084248,50.79447914378034,77.42450763795961,74.62950058330455,90.67852094950372,78.72002714424285,71.77335969339654,93.48621049420848,72.47560954660364,41.97381502464396,77.8650224378243,7,2025,9.0,80.0,4.024408183373103,91.02293962264372,1.3060564719909924,2.742378244422756,1.3919291429473106,64.98175683597812,3102.0,78.30625574885349,27.212863180340733,24.04438794269658,22.984564183897884,27.07193856188028,61.4967585748572,46.30527416858512,53.15015321061684,40.62470642864783,40.78616558798161,60.91929961306728,83.11684968237884,76.61068164963157,22.118524823083213,48.06123760273495,68.6159085585899,15.0,116.0,1.0896828450437388,79.03223423074289,1.5293591185564166,4.676657837196996,7.063327429506854,76.82679316758599,6071.0,45.98280892672875,22.900866894806526,19.406594362272926,13.3378898731301,22.02177126571236,68.0125931900607,46.81983957735318,85.06533522065507,79.14811526248499,90.71123969150784,74.99292791046904,61.3863029437149,86.75950275832324,67.94699050029303,56.30199812523127,81.90967287973504,22.0,104.0,1.1645363841896634,72.20077053500985,2.5256118976408146,9.106804419982131,3.3644458157277657,45.65576447323641,5537.0,39.78686958286626,33.85518352703792,5.403659837842849,28.11134782741172,21.49020352304442,39.06418594527726,39.90998645012903,47.41029823164398,73.33701458992142,49.52983565859955,62.08613265716267,73.9427682767359,74.455661051231,21.517067270424985,37.25696704800677,45.08657117589886,89.0,132.0,126.0
Nakuru,Bahati,2025-08-01 23:22:43.086192,89,9,79,0.8087449592857953,75.10352888021578,4.773526597535474,5.971926590126242,1.5419767145998775,73.63117978531885,13362,47.595280223830784,40.16604867147806,15.642611117181938,27.325786084607635,57.01909184142998,55.74652449699564,37.65839143019704,55.68972369352789,86.47109053853823,57.23621180980255,78.29089846731193,70.13392632954314,55.50496842606077,41.767762716810005,34.923214714818,79.05821020162043,8,2025,9.0,66.0,3.9977753996773417,85.16617564762396,2.0093074949399328,5.691616893589368,5.191894503068798,53.28518612946046,7964.0,32.00241081038661,38.68426417439348,8.120827868634567,25.59275706114458,49.1977520002833,62.5976781084248,50.79447914378034,77.42450763795961,74.62950058330455,90.67852094950372,78.72002714424285,71.77335969339654,93.48621049420848,72.47560954660364,41.97381502464396,77.8650224378243,9.0,80.0,4.024408183373103,91.02293962264372,1.3060564719909924,2.742378244422756,1.3919291429473106,64.98175683597812,3102.0,78.30625574885349,27.212863180340733,24.04438794269658,22.984564183897884,27.07193856188028,61.4967585748572,46.30527416858512,53.15015321061684,40.62470642864783,40.78616558798161,60.91929961306728,83.11684968237884,76.61068164963157,22.118524823083213,48.06123760273495,68.6159085585899,15.0,116.0,1.0896828450437388,79.03223423074289,1.5293591185564166,4.676657837196996,7.063327429506854,76.82679316758599,6071.0,45.98280892672875,22.900866894806526,19.406594362272926,13.3378898731301,22.02177126571236,68.0125931900607,46.81983957735318,85.06533522065507,79.14811526248499,90.71123969150784,74.99292791046904,61.3863029437149,86.75950275832324,67.94699050029303,56.30199812523127,81.90967287973504,76.0,89.0,132.0
Nakuru,Bahati,2025-09-01 23:22:43.086192,66,8,57,2.107188069668536,71.45143292783649,1.8764709261374224,9.02111106283381,5.749908087453923,47.18435090259794,10872,49.794961228797206,34.489719828920634,19.347629150901955,17.130932411871573,66.31834411239228,27.875604676653985,48.30867793034968,75.98394707038673,72.36611835026707,70.79131029799791,83.69428051099003,70.14011338916555,65.10736198264448,39.42653363488954,41.42750514183895,66.62475355517239,9,2025,9.0,79.0,0.8087449592857953,75.10352888021578,4.773526597535474,5.971926590126242,1.5419767145998775,73.63117978531885,13362.0,47.595280223830784,40.16604867147806,15.642611117181938,27.325786084607635,57.01909184142998,55.74652449699564,37.65839143019704,55.68972369352789,86.47109053853823,57.23621180980255,78.29089846731193,70.13392632954314,55.50496842606077,41.767762716810005,34.923214714818,79.05821020162043,9.0,66.0,3.9977753996773417,85.16617564762396,2.0093074949399328,5.691616893589368,5.191894503068798,53.28518612946046,7964.0,32.00241081038661,38.68426417439348,8.120827868634567,25.59275706114458,49.1977520002833,62.5976781084248,50.79447914378034,77.42450763795961,74.62950058330455,90.67852094950372,78.72002714424285,71.77335969339654,93.48621049420848,72.47560954660364,41.97381502464396,77.8650224378243,9.0,80.0,4.024408183373103,91.02293962264372,1.3060564719909924,2.742378244422756,1.3919291429473106,64.98175683597812,3102.0,78.30625574885349,27.212863180340733,24.04438794269658,22.984564183897884,27.07193856188028,61.4967585748572,46.30527416858512,53.15015321061684,40.62470642864783,40.78616558798161,60.91929961306728,83.11684968237884,76.61068164963157,22.118524823083213,48.06123760273495,68.6159085585899,89.0,76.0,89.0
Nakuru,Bahati,2025-10-01 23:22:43.086192,87,21,65,0.7310665224229167,73.07681673702587,4.8179528081079335,4.8691664029965,3.1646038130872096,60.04550790073294,12241,30.267556626673063,18.55025750256661,14.18606057422722,27.877238949692604,53.4310863124375,29.75352285995245,71.78277800918885,83.57054304132856,56.53557370670541,86.23878158203874,30.153692042707817,86.03288988621354,83.23446935435827,54.332052078948365,56.482754805266936,32.086293914170106,10,2025,8.0,57.0,2.107188069668536,71.45143292783649,1.8764709261374224,9.02111106283381,5.749908087453923,47.18435090259794,10872.0,49.794961228797206,34.489719828920634,19.347629150901955,17.130932411871573,66.31834411239228,27.875604676653985,48.30867793034968,75.98394707038673,72.36611835026707,70.79131029799791,83.69428051099003,70.14011338916555,65.10736198264448,39.42653363488954,41.42750514183895,66.62475355517239,9.0,79.0,0.8087449592857953,75.10352888021578,4.773526597535474,5.971926590126242,1.5419767145998775,73.63117978531885,13362.0,47.595280223830784,40.16604867147806,15.642611117181938,27.325786084607635,57.01909184142998,55.74652449699564,37.65839143019704,55.68972369352789,86.47109053853823,57.23621180980255,78.29089846731193,70.13392632954314,55.50496842606077,41.767762716810005,34.923214714818,79.05821020162043,9.0,66.0,3.9977753996773417,85.16617564762396,2.0093074949399328,5.691616893589368,5.191894503068798,53.28518612946046,7964.0,32.00241081038661,38.68426417439348,8.120827868634567,25.59275706114458,49.1977520002833,62.5976781084248,50.79447914378034,77.42450763795961,74.62950058330455,90.67852094950372,78.72002714424285,71.77335969339654,93.48621049420848,72.47560954660364,41.97381502464396,77.8650224378243,66.0,89.0,76.0
Nakuru,Bahati,2025-11-01 23:22:43.086192,79,18,61,4.518351658279529,88.15010115322879,4.176377942936454,4.594114174440281,2.479164286309657,67.40649695329279,14060,92.24359711647152,36.64024814318698,23.097018711261256,13.537178265178618,69.57432178005018,44.74467539678409,78.91135914651578,44.24252452699904,63.84769089735275,93.19250516140949,63.00544428438114,58.4390065716486,89.95572613269994,50.04727299864065,24.19597380771851,79.27119530015011,11,2025,21.0,65.0,0.7310665224229167,73.07681673702587,4.8179528081079335,4.8691664029965,3.1646038130872096,60.04550790073294,12241.0,30.267556626673063,18.55025750256661,14.18606057422722,27.877238949692604,53.4310863124375,29.75352285995245,71.78277800918885,83.57054304132856,56.53557370670541,86.23878158203874,30.153692042707817,86.03288988621354,83.23446935435827,54.332052078948365,56.482754805266936,32.086293914170106,8.0,57.0,2.107188069668536,71.45143292783649,1.8764709261374224,9.02111106283381,5.749908087453923,47.18435090259794,10872.0,49.794961228797206,34.489719828920634,19.347629150901955,17.130932411871573,66.31834411239228,27.875604676653985,48.30867793034968,75.98394707038673,72.36611835026707,70.79131029799791,83.69428051099003,70.14011338916555,65.10736198264448,39.42653363488954,41.42750514183895,66.62475355517239,9.0,79.0,0.8087449592857953,75.10352888021578,4.773526597535474,5.971926590126242,1.5419767145998775,73.63117978531885,13362.0,47.595280223830784,40.16604867147806,15.642611117181938,27.325786084607635,57.01909184142998,55.74652449699564,37.65839143019704,55.68972369352789,86.47109053853823,57.23621180980255,78.29089846731193,70.13392632954314,55.50496842606077,41.767762716810005,34.923214714818,79.05821020162043,87.0,66.0,89.0
Nakuru,Bahati,2025-12-01 23:22:43.086192,91,13,77,4.3772362914955885,70.4586747158469,3.146222058707158,9.612832056457696,5.828285676698381,41.4597823091073,7236,76.17336449000737,44.41197319238276,13.702480364221026,25.88092606703698,58.24548685304092,76.21522172662701,60.112214896453466,70.48167786370165,71.26390464207014,78.93878088540198,52.48416120863114,64.51366897590802,81.88897691144591,55.595824640202025,65.26759580625125,61.51461832040661,12,2025,18.0,61.0,4.518351658279529,88.15010115322879,4.176377942936454,4.594114174440281,2.479164286309657,67.40649695329279,14060.0,92.24359711647152,36.64024814318698,23.097018711261256,13.537178265178618,69.57432178005018,44.74467539678409,78.91135914651578,44.24252452699904,63.84769089735275,93.19250516140949,63.00544428438114,58.4390065716486,89.95572613269994,50.04727299864065,24.19597380771851,79.27119530015011,21.0,65.0,0.7310665224229167,73.07681673702587,4.8179528081079335,4.8691664029965,3.1646038130872096,60.04550790073294,12241.0,30.267556626673063,18.55025750256661,14.18606057422722,27.877238949692604,53.4310863124375,29.75352285995245,71.78277800918885,83.57054304132856,56.53557370670541,86.23878158203874,30.153692042707817,86.03288988621354,83.23446935435827,54.332052078948365,56.482754805266936,32.086293914170106,8.0,57.0,2.107188069668536,71.45143292783649,1.8764709261374224,9.02111106283381,5.749908087453923,47.18435090259794,10872.0,49.794961228797206,34.489719828920634,19.347629150901955,17.130932411871573,66.31834411239228,27.875604676653985,48.30867793034968,75.98394707038673,72.36611835026707,70.79131029799791,83.69428051099003,70.14011338916555,65.10736198264448,39.42653363488954,41.42750514183895,66.62475355517239,79.0,87.0,66.0
Nakuru,Bahati,2026-01-01 23:22:43.086192,120,13,106,2.520455820235636,87.31255192197237,3.4025605263576293,7.501674876535486,1.379079890702272,78.09887774604015,4019,84.44329479168428,40.33527081050993,22.541631516968717,24.459731143559857,34.50614713174597,46.15754368691644,77.37605542329204,80.07448690641175,55.42813541230011,78.69997106845585,78.02889201227072,54.160735004357655,69.99785051876307,64.66588925157126,23.1398526867789,52.33753977089144,1,2026,13.0,77.0,4.3772362914955885,70.4586747158469,3.146222058707158,9.612832056457696,5.828285676698381,41.4597823091073,7236.0,76.17336449000737,44.41197319238276,13.702480364221026,25.88092606703698,58.24548685304092,76.21522172662701,60.112214896453466,70.48167786370165,71.26390464207014,78.93878088540198,52.48416120863114,64.51366897590802,81.88897691144591,55.595824640202025,65.26759580625125,61.51461832040661,18.0,61.0,4.518351658279529,88.15010115322879,4.176377942936454,4.594114174440281,2.479164286309657,67.40649695329279,14060.0,92.24359711647152,36.64024814318698,23.097018711261256,13.537178265178618,69.57432178005018,44.74467539678409,78.91135914651578,44.24252452699904,63.84769089735275,93.19250516140949,63.00544428438114,58.4390065716486,89.95572613269994,50.04727299864065,24.19597380771851,79.27119530015011,21.0,65.0,0.7310665224229167,73.07681673702587,4.8179528081079335,4.8691664029965,3.1646038130872096,60.04550790073294,12241.0,30.267556626673063,18.55025750256661,14.18606057422722,27.877238949692604,53.4310863124375,29.75352285995245,71.78277800918885,83.57054304132856,56.53557370670541,86.23878158203874,30.153692042707817,86.03288988621354,83.23446935435827,54.332052078948365,56.482754805266936,32.086293914170106,91.0,79.0,87.0
Nakuru,Bahati,2026-02-01 23:22:43.086192,144,26,118,3.2661889812958496,76.84204194389352,1.6798723186775844,8.828194375950337,3.256931327709437,55.99683258690495,8445,66.29510661145443,23.5624316172812,20.28456146616628,32.291877420162805,25.95214886467818,69.03209059377645,69.89659426496956,53.74222408676421,52.28981357937037,65.89663579858711,70.3687990348534,55.86060599533603,75.41498218094706,46.11869675891725,34.585928793602704,64.88712418259433,2,2026,13.0,106.0,2.520455820235636,87.31255192197237,3.4025605263576293,7.501674876535486,1.379079890702272,78.09887774604015,4019.0,84.44329479168428,40.33527081050993,22.541631516968717,24.459731143559857,34.50614713174597,46.15754368691644,77.37605542329204,80.07448690641175,55.42813541230011,78.69997106845585,78.02889201227072,54.160735004357655,69.99785051876307,64.66588925157126,23.1398526867789,52.33753977089144,13.0,77.0,4.3772362914955885,70.4586747158469,3.146222058707158,9.612832056457696,5.828285676698381,41.4597823091073,7236.0,76.17336449000737,44.41197319238276,13.702480364221026,25.88092606703698,58.24548685304092,76.21522172662701,60.112214896453466,70.48167786370165,71.26390464207014,78.93878088540198,52.48416120863114,64.51366897590802,81.88897691144591,55.595824640202025,65.26759580625125,61.51461832040661,18.0,61.0,4.518351658279529,88.15010115322879,4.176377942936454,4.594114174440281,2.479164286309657,67.40649695329279,14060.0,92.24359711647152,36.64024814318698,23.097018711261256,13.537178265178618,69.57432178005018,44.74467539678409,78.91135914651578,44.24252452699904,63.84769089735275,93.19250516140949,63.00544428438114,58.4390065716486,89.95572613269994,50.04727299864065,24.19597380771851,79.27119530015011,120.0,91.0,79.0
Garissa,Balambala,2025-06-01 23:22:43.086192,241,39,202,3.5299107807045638,74.36965356507623,1.968985369374638,8.66070869917418,7.1128747584408085,81.97719312060781,12141,67.90734674773226,23.136334674210264,21.1919963947258,15.340601967938133,48.30706635653395,35.97037217424587,47.40577363595468,86.24968913446537,59.75079013766118,47.676369360997285,35.452930568412214,89.90906316590178,65.38571090533932,52.16312197396544,67.67259420152045,46.353461764411634,6,2025,40.0,200.0,3.082178632980722,90.47041329341292,2.656046114967635,7.152947242958361,5.16133816833357,52.77497752966992,13580.0,68.69738074540902,37.477433520796765,10.824526069725628,16.842725319820314,49.42127259464274,77.72695645774432,83.19740135278387,71.25741066637818,42.44106691937648,35.476529426126184,46.52465194188838,36.89718695439021,55.51672511940103,67.32732511394858,22.352327358537032,49.470171044257214,55.0,221.0,0.5461378919140867,80.97004181295233,1.7597686778095625,2.477850742603427,3.5271577690063385,53.65426099776772,4872.0,37.327005238701744,23.952879165234314,23.10398678663567,11.412579189199814,21.500148869184155,25.13979334650857,48.47925627255381,58.07512886265343,84.88080363970623,89.75770768877157,59.43482760557398,35.15731496099643,56.53355064523417,57.00923536001629,18.53883085130985,81.9158209183148,64.0,214.0,3.588884816420065,85.42014784960683,1.0377501256654358,8.4838202317512,4.183897247901992,62.21842304371489,7156.0,63.8243246708227,39.62750751176669,23.338796219147365,23.571380561164688,20.1157945424374,65.10399679488074,63.65331902762435,58.51050096074566,61.41533301458858,84.52848301325348,43.31187162027883,70.18968856227664,61.11719016046548,77.65932809273761,23.172542051166587,51.89305318217947,240.0,277.0,278.0
Garissa,Balambala,2025-07-01 23:22:43.086192,203,20,183,4.53124348444061,88.01839481760972,4.655203327512359,2.3106081407589123,2.2605408283417554,54.597202779548766,5052,84.31989045407352,30.15028746699442,19.50104238937045,24.580645940111395,25.93947982732692,66.65046038158087,56.09367593530692,75.6721377171861,40.33456130953913,89.44068905652158,45.215021855022,33.814745344842976,93.55275774693276,54.207682190888434,23.874199361617407,55.80709435099541,7,2025,39.0,202.0,3.5299107807045638,74.36965356507623,1.968985369374638,8.66070869917418,7.1128747584408085,81.97719312060781,12141.0,67.90734674773226,23.136334674210264,21.1919963947258,15.340601967938133,48.30706635653395,35.97037217424587,47.40577363595468,86.24968913446537,59.75079013766118,47.676369360997285,35.452930568412214,89.90906316590178,65.38571090533932,52.16312197396544,67.67259420152045,46.353461764411634,40.0,200.0,3.082178632980722,90.47041329341292,2.656046114967635,7.152947242958361,5.16133816833357,52.77497752966992,13580.0,68.69738074540902,37.477433520796765,10.824526069725628,16.842725319820314,49.42127259464274,77.72695645774432,83.19740135278387,71.25741066637818,42.44106691937648,35.476529426126184,46.52465194188838,36.89718695439021,55.51672511940103,67.32732511394858,22.352327358537032,49.470171044257214,55.0,221.0,0.5461378919140867,80.97004181295233,1.7597686778095625,2.477850742603427,3.5271577690063385,53.65426099776772,4872.0,37.327005238701744,23.952879165234314,23.10398678663567,11.412579189199814,21.500148869184155,25.13979334650857,48.47925627255381,58.07512886265343,84.88080363970623,89.75770768877157,59.43482760557398,35.15731496099643,56.53355064523417,57.00923536001629,18.53883085130985,81.9158209183148,241.0,240.0,277.0
Garissa,Balambala,2025-08-01 23:22:43.086192,165,35,130,2.943275499841508,73.07575866083005,2.1498651918823897,2.806278908566287,2.123339738393768,51.60778159844503,10327,45.36296880264376,39.616569538655455,21.74391750192432,11.978489555533375,22.210871022282905,49.998378641433305,73.27476926149401,48.558819019335786,59.040869658014685,74.12531283431747,81.64546349999355,88.27635471484425,65.29328175054478,23.598987647725,11.357804067649448,65.91148667256263,8,2025,20.0,183.0,4.53124348444061,88.01839481760972,4.655203327512359,2.3106081407589123,2.2605408283417554,54.597202779548766,5052.0,84.31989045407352,30.15028746699442,19.50104238937045,24.580645940111395,25.93947982732692,66.65046038158087,56.09367593530692,75.6721377171861,40.33456130953913,89.44068905652158,45.215021855022,33.814745344842976,93.55275774693276,54.207682190888434,23.874199361617407,55.80709435099541,39.0,202.0,3.5299107807045638,74.36965356507623,1.968985369374638,8.66070869917418,7.1128747584408085,81.97719312060781,12141.0,67.90734674773226,23.136334674210264,21.1919963947258,15.340601967938133,48.30706635653395,35.97037217424587,47.40577363595468,86.24968913446537,59.75079013766118,47.676369360997285,35.452930568412214,89.90906316590178,65.38571090533932,52.16312197396544,67.67259420152045,46.353461764411634,40.0,200.0,3.082178632980722,90.47041329341292,2.656046114967635,7.152947242958361,5.16133816833357,52.77497752966992,13580.0,68.69738074540902,37.477433520796765,10.824526069725628,16.842725319820314,49.42127259464274,77.72695645774432,83.19740135278387,71.25741066637818,42.44106691937648,35.476529426126184,46.52465194188838,36.89718695439021,55.51672511940103,67.32732511394858,22.352327358537032,49.470171044257214,203.0,241.0,240.0
Garissa,Balambala,2025-09-01 23:22:43.086192,195,21,174,4.835070411438108,79.26943223609123,4.134858729021327,9.459976968902517,1.464605373348176,55.089417317623365,3800,68.14641677459505,22.8942419787179,22.136285026013304,15.067671864041325,32.01391512469684,42.63686825826463,51.32947425695713,80.80843369121953,41.14168881552018,86.87140351051819,60.2564831407426,78.25021415105682,73.50109393500342,68.51960726391735,24.818489731590287,63.492705610912914,9,2025,35.0,130.0,2.943275499841508,73.07575866083005,2.1498651918823897,2.806278908566287,2.123339738393768,51.60778159844503,10327.0,45.36296880264376,39.616569538655455,21.74391750192432,11.978489555533375,22.210871022282905,49.998378641433305,73.27476926149401,48.558819019335786,59.040869658014685,74.12531283431747,81.64546349999355,88.27635471484425,65.29328175054478,23.598987647725,11.357804067649448,65.91148667256263,20.0,183.0,4.53124348444061,88.01839481760972,4.655203327512359,2.3106081407589123,2.2605408283417554,54.597202779548766,5052.0,84.31989045407352,30.15028746699442,19.50104238937045,24.580645940111395,25.93947982732692,66.65046038158087,56.09367593530692,75.6721377171861,40.33456130953913,89.44068905652158,45.215021855022,33.814745344842976,93.55275774693276,54.207682190888434,23.874199361617407,55.80709435099541,39.0,202.0,3.5299107807045638,74.36965356507623,1.968985369374638,8.66070869917418,7.1128747584408085,81.97719312060781,12141.0,67.90734674773226,23.136334674210264,21.1919963947258,15.340601967938133,48.30706635653395,35.97037217424587,47.40577363595468,86.24968913446537,59.75079013766118,47.676369360997285,35.452930568412214,89.90906316590178,65.38571090533932,52.16312197396544,67.67259420152045,46.353461764411634,165.0,203.0,241.0
Garissa,Balambala,2025-10-01 23:22:43.086192,206,43,162,1.8893399510116569,91.98346242677206,3.20430919541239,3.475505268115234,1.0616116431984564,79.93503562243767,7144,41.81806315248369,39.90065596664428,16.573951529847484,10.285166840511708,60.92426166400164,46.86904336372449,80.34783472171996,83.22626107394714,80.01480613254512,56.87070248643783,38.51241992354517,51.846277538835935,57.770198526324286,57.54637101932707,31.03682470569545,58.89196551462483,10,2025,21.0,174.0,4.835070411438108,79.26943223609123,4.134858729021327,9.459976968902517,1.464605373348176,55.089417317623365,3800.0,68.14641677459505,22.8942419787179,22.136285026013304,15.067671864041325,32.01391512469684,42.63686825826463,51.32947425695713,80.80843369121953,41.14168881552018,86.87140351051819,60.2564831407426,78.25021415105682,73.50109393500342,68.51960726391735,24.818489731590287,63.492705610912914,35.0,130.0,2.943275499841508,73.07575866083005,2.1498651918823897,2.806278908566287,2.123339738393768,51.60778159844503,10327.0,45.36296880264376,39.616569538655455,21.74391750192432,11.978489555533375,22.210871022282905,49.998378641433305,73.27476926149401,48.558819019335786,59.040869658014685,74.12531283431747,81.64546349999355,88.27635471484425,65.29328175054478,23.598987647725,11.357804067649448,65.91148667256263,20.0,183.0,4.53124348444061,88.01839481760972,4.655203327512359,2.3106081407589123,2.2605408283417554,54.597202779548766,5052.0,84.31989045407352,30.15028746699442,19.50104238937045,24.580645940111395,25.93947982732692,66.65046038158087,56.09367593530692,75.6721377171861,40.33456130953913,89.44068905652158,45.215021855022,33.814745344842976,93.55275774693276,54.207682190888434,23.874199361617407,55.80709435099541,195.0,165.0,203.0
Garissa,Balambala,2025-11-01 23:22:43.086192,207,23,183,3.782676079597264,72.077422819223,2.909263740512201,4.56567164335101,5.451237846932987,56.77426900523248,13851,53.83810551319383,17.552672939333366,11.54085526942694,23.910389616950862,37.39425748347995,42.99643877248285,41.82366350613917,87.615001871901,51.77023586175585,57.95559855144273,68.90063134765042,53.78112529122636,60.623658331930656,64.90429171580126,47.38923450039837,83.37152772948977,11,2025,43.0,162.0,1.8893399510116569,91.98346242677206,3.20430919541239,3.475505268115234,1.0616116431984564,79.93503562243767,7144.0,41.81806315248369,39.90065596664428,16.573951529847484,10.285166840511708,60.92426166400164,46.86904336372449,80.34783472171996,83.22626107394714,80.01480613254512,56.87070248643783,38.51241992354517,51.846277538835935,57.770198526324286,57.54637101932707,31.03682470569545,58.89196551462483,21.0,174.0,4.835070411438108,79.26943223609123,4.134858729021327,9.459976968902517,1.464605373348176,55.089417317623365,3800.0,68.14641677459505,22.8942419787179,22.136285026013304,15.067671864041325,32.01391512469684,42.63686825826463,51.32947425695713,80.80843369121953,41.14168881552018,86.87140351051819,60.2564831407426,78.25021415105682,73.50109393500342,68.51960726391735,24.818489731590287,63.492705610912914,35.0,130.0,2.943275499841508,73.07575866083005,2.1498651918823897,2.806278908566287,2.123339738393768,51.60778159844503,10327.0,45.36296880264376,39.616569538655455,21.74391750192432,11.978489555533375,22.210871022282905,49.998378641433305,73.27476926149401,48.558819019335786,59.040869658014685,74.12531283431747,81.64546349999355,88.27635471484425,65.29328175054478,23.598987647725,11.357804067649448,65.91148667256263,206.0,195.0,165.0
Garissa,Balambala,2025-12-01 23:22:43.086192,220,41,178,2.89627040534935,89.50738828137087,1.1623704921611848,9.313260384119047,2.848287652390187,47.8365437299911,3991,77.88496652177538,41.86547811193386,18.930766639072115,11.421234332385138,27.940399662983637,76.29874207969334,84.15971428974956,58.926078939791296,89.98267047965916,84.58950484939555,62.58708362785576,38.59133297586029,82.45665080238246,45.753986055475465,38.42738767861292,54.7630485634668,12,2025,23.0,183.0,3.782676079597264,72.077422819223,2.909263740512201,4.56567164335101,5.451237846932987,56.77426900523248,13851.0,53.83810551319383,17.552672939333366,11.54085526942694,23.910389616950862,37.39425748347995,42.99643877248285,41.82366350613917,87.615001871901,51.77023586175585,57.95559855144273,68.90063134765042,53.78112529122636,60.623658331930656,64.90429171580126,47.38923450039837,83.37152772948977,43.0,162.0,1.8893399510116569,91.98346242677206,3.20430919541239,3.475505268115234,1.0616116431984564,79.93503562243767,7144.0,41.81806315248369,39.90065596664428,16.573951529847484,10.285166840511708,60.92426166400164,46.86904336372449,80.34783472171996,83.22626107394714,80.01480613254512,56.87070248643783,38.51241992354517,51.846277538835935,57.770198526324286,57.54637101932707,31.03682470569545,58.89196551462483,21.0,174.0,4.835070411438108,79.26943223609123,4.134858729021327,9.459976968902517,1.464605373348176,55.089417317623365,3800.0,68.14641677459505,22.8942419787179,22.136285026013304,15.067671864041325,32.01391512469684,42.63686825826463,51.32947425695713,80.80843369121953,41.14168881552018,86.87140351051819,60.2564831407426,78.25021415105682,73.50109393500342,68.51960726391735,24.818489731590287,63.492705610912914,207.0,206.0,195.0
Garissa,Balambala,2026-01-01 23:22:43.086192,291,72,218,3.117600769601951,85.78075731443356,1.758487854238591,8.378916494104875,2.1154746106913764,64.75137103856049,6334,76.63055812943288,39.70088635956815,13.690350515925491,15.966492042864092,42.013366177848326,71.15120397456452,73.601812927489,42.56706169486456,54.63879054669732,75.73358836737651,45.50109062228282,64.79755914317207,55.02015335670782,64.39454618067612,52.91850761302682,58.63725292459364,1,2026,41.0,178.0,2.89627040534935,89.50738828137087,1.1623704921611848,9.313260384119047,2.848287652390187,47.8365437299911,3991.0,77.88496652177538,41.86547811193386,18.930766639072115,11.421234332385138,27.940399662983637,76.29874207969334,84.15971428974956,58.926078939791296,89.98267047965916,84.58950484939555,62.58708362785576,38.59133297586029,82.45665080238246,45.753986055475465,38.42738767861292,54.7630485634668,23.0,183.0,3.782676079597264,72.077422819223,2.909263740512201,4.56567164335101,5.451237846932987,56.77426900523248,13851.0,53.83810551319383,17.552672939333366,11.54085526942694,23.910389616950862,37.39425748347995,42.99643877248285,41.82366350613917,87.615001871901,51.77023586175585,57.95559855144273,68.90063134765042,53.78112529122636,60.623658331930656,64.90429171580126,47.38923450039837,83.37152772948977,43.0,162.0,1.8893399510116569,91.98346242677206,3.20430919541239,3.475505268115234,1.0616116431984564,79.93503562243767,7144.0,41.81806315248369,39.90065596664428,16.573951529847484,10.285166840511708,60.92426166400164,46.86904336372449,80.34783472171996,83.22626107394714,80.01480613254512,56.87070248643783,38.51241992354517,51.846277538835935,57.770198526324286,57.54637101932707,31.03682470569545,58.89196551462483,220.0,207.0,206.0
Garissa,Balambala,2026-02-01 23:22:43.086192,285,41,244,4.3962429052724925,70.96488618137049,1.9076885154379788,7.635365799595753,2.03542266224838,40.99536542693757,8524,66.41455344951217,34.670603256588336,8.950247530389156,11.837778063316009,69.08906919882318,27.745002327848542,51.33091390221819,51.52865237765795,93.79607329355332,43.94957914094684,40.524960149757455,31.276393591292894,94.34429468775052,78.04612003005428,46.6390656509956,50.037064682207074,2,2026,72.0,218.0,3.117600769601951,85.78075731443356,1.758487854238591,8.378916494104875,2.1154746106913764,64.75137103856049,6334.0,76.63055812943288,39.70088635956815,13.690350515925491,15.966492042864092,42.013366177848326,71.15120397456452,73.601812927489,42.56706169486456,54.63879054669732,75.73358836737651,45.50109062228282,64.79755914317207,55.02015335670782,64.39454618067612,52.91850761302682,58.63725292459364,41.0,178.0,2.89627040534935,89.50738828137087,1.1623704921611848,9.313260384119047,2.848287652390187,47.8365437299911,3991.0,77.88496652177538,41.86547811193386,18.930766639072115,11.421234332385138,27.940399662983637,76.29874207969334,84.15971428974956,58.926078939791296,89.98267047965916,84.58950484939555,62.58708362785576,38.59133297586029,82.45665080238246,45.753986055475465,38.42738767861292,54.7630485634668,23.0,183.0,3.782676079597264,72.077422819223,2.909263740512201,4.56567164335101,5.451237846932987,56.77426900523248,13851.0,53.83810551319383,17.552672939333366,11.54085526942694,23.910389616950862,37.39425748347995,42.99643877248285,41.82366350613917,87.615001871901,51.77023586175585,57.95559855144273,68.90063134765042,53.78112529122636,60.623658331930656,64.90429171580126,47.38923450039837,83.37152772948977,291.0,220.0,207.0
Kitale,Butula,2025-06-01 23:22:43.086192,72,14,58,3.536594367205553,71.92861617547221,4.505719701873467,3.653232014122521,4.364065192564201,62.51936300504591,6336,92.05581620539688,38.60956874369979,15.601287588811994,19.41501267130166,28.876868633746977,73.21859043795877,81.16392723813419,77.28367821851873,47.70245561736392,94.125866234515,48.82534636453725,44.47432734369755,57.80886041631871,77.58765800445593,47.57644130764268,56.44858209070671,6,2025,12.0,50.0,2.0713251937087502,87.50982099538612,2.178105879716582,7.372474259917096,4.268949413368844,47.033191568721065,13574.0,63.41764115098163,43.60187905709395,15.37399530415292,23.085897061892712,38.26311201111267,30.671858377289364,84.05814557424173,42.09036591008406,91.2685758467533,55.63599734293972,79.9625235295204,32.686187973679,47.361404428251824,49.19911713671896,68.25375555726674,68.8431326437422,13.0,65.0,1.0355410962113654,70.73893222521063,4.195956964805081,8.528922398611407,4.68088660175165,59.1852117493991,13986.0,46.342374140575046,23.03814128054252,18.506853436072,26.482761965809267,40.08593427630432,54.14382982059239,70.64450818513366,82.9344722433251,96.85718317237088,36.09624106284261,49.025026896684345,76.14419068967115,92.90786622978987,29.85990964328904,55.59278686611252,80.57717802577244,10.0,76.0,2.586500082581984,75.52000432864483,2.8180270706884074,7.810507969361548,4.676702907322191,74.09470624530746,11828.0,87.7386073389427,44.03462498644352,12.125169285482055,16.124634730905697,34.57308236762128,69.17649317170392,47.27958755689764,84.53261328676808,89.47492391654811,64.71661933540938,79.1251685462919,88.94046791599914,54.73961126263898,35.04041714234671,53.733829022274,51.64685881996069,62.0,79.0,87.0
Kitale,Butula,2025-07-01 23:22:43.086192,44,4,39,1.4162710260594984,71.4041414003696,3.50681114267223,8.405258370488664,2.8790516103778234,61.50815851412085,5077,72.86621707393982,40.09022370259712,5.6478084595751366,16.654486252467166,35.12210460179014,55.94897925630575,51.58853633006716,69.7006378251676,56.20547985416416,71.92608715670207,31.115853055321548,71.0080018041273,54.78681429100546,37.90386883874303,44.484856282176224,41.31695749052236,7,2025,14.0,58.0,3.536594367205553,71.92861617547221,4.505719701873467,3.653232014122521,4.364065192564201,62.51936300504591,6336.0,92.05581620539688,38.60956874369979,15.601287588811994,19.41501267130166,28.876868633746977,73.21859043795877,81.16392723813419,77.28367821851873,47.70245561736392,94.125866234515,48.82534636453725,44.47432734369755,57.80886041631871,77.58765800445593,47.57644130764268,56.44858209070671,12.0,50.0,2.0713251937087502,87.50982099538612,2.178105879716582,7.372474259917096,4.268949413368844,47.033191568721065,13574.0,63.41764115098163,43.60187905709395,15.37399530415292,23.085897061892712,38.26311201111267,30.671858377289364,84.05814557424173,42.09036591008406,91.2685758467533,55.63599734293972,79.9625235295204,32.686187973679,47.361404428251824,49.19911713671896,68.25375555726674,68.8431326437422,13.0,65.0,1.0355410962113654,70.73893222521063,4.195956964805081,8.528922398611407,4.68088660175165,59.1852117493991,13986.0,46.342374140575046,23.03814128054252,18.506853436072,26.482761965809267,40.08593427630432,54.14382982059239,70.64450818513366,82.9344722433251,96.85718317237088,36.09624106284261,49.025026896684345,76.14419068967115,92.90786622978987,29.85990964328904,55.59278686611252,80.57717802577244,72.0,62.0,79.0
Kitale,Butula,2025-08-01 23:22:43.086192,50,6,44,2.9304897214024948,77.39317464162524,1.3962068536198204,3.012522338128556,3.728040578611049,46.71282995741121,2522,59.84837908539219,28.29868244871692,20.96665984518254,21.352082131463472,29.33172641927001,29.664781299074832,57.32439021565591,62.56128275422376,68.5478378515983,78.54846494706197,56.01147891606531,72.71650181331603,62.49397925834518,54.49055481060058,55.03897202810588,64.54752059346242,8,2025,4.0,39.0,1.4162710260594984,71.4041414003696,3.50681114267223,8.405258370488664,2.8790516103778234,61.50815851412085,5077.0,72.86621707393982,40.09022370259712,5.6478084595751366,16.654486252467166,35.12210460179014,55.94897925630575,51.58853633006716,69.7006378251676,56.20547985416416,71.92608715670207,31.115853055321548,71.0080018041273,54.78681429100546,37.90386883874303,44.484856282176224,41.31695749052236,14.0,58.0,3.536594367205553,71.92861617547221,4.505719701873467,3.653232014122521,4.364065192564201,62.51936300504591,6336.0,92.05581620539688,38.60956874369979,15.601287588811994,19.41501267130166,28.876868633746977,73.21859043795877,81.16392723813419,77.28367821851873,47.70245561736392,94.125866234515,48.82534636453725,44.47432734369755,57.80886041631871,77.58765800445593,47.57644130764268,56.44858209070671,12.0,50.0,2.0713251937087502,87.50982099538612,2.178105879716582,7.372474259917096,4.268949413368844,47.033191568721065,13574.0,63.41764115098163,43.60187905709395,15.37399530415292,23.085897061892712,38.26311201111267,30.671858377289364,84.05814557424173,42.09036591008406,91.2685758467533,55.63599734293972,79.9625235295204,32.686187973679,47.361404428251824,49.19911713671896,68.25375555726674,68.8431326437422,44.0,72.0,62.0
Kitale,Butula,2025-09-01 23:22:43.086192,37,5,31,4.131687297982396,87.9291899760878,1.0065282233498052,4.750959417227995,4.162037583005615,52.23556231435709,11139,62.70200919760268,15.894502903234589,20.13084614270724,31.61321624592133,52.65488771983329,55.318320907326736,57.34406457421802,53.69991806706237,75.26977789660117,42.81903677053151,59.24345951042258,82.96066295669033,50.619100755140224,69.6041732523726,17.12422104559426,32.00987138971065,9,2025,6.0,44.0,2.9304897214024948,77.39317464162524,1.3962068536198204,3.012522338128556,3.728040578611049,46.71282995741121,2522.0,59.84837908539219,28.29868244871692,20.96665984518254,21.352082131463472,29.33172641927001,29.664781299074832,57.32439021565591,62.56128275422376,68.5478378515983,78.54846494706197,56.01147891606531,72.71650181331603,62.49397925834518,54.49055481060058,55.03897202810588,64.54752059346242,4.0,39.0,1.4162710260594984,71.4041414003696,3.50681114267223,8.405258370488664,2.8790516103778234,61.50815851412085,5077.0,72.86621707393982,40.09022370259712,5.6478084595751366,16.654486252467166,35.12210460179014,55.94897925630575,51.58853633006716,69.7006378251676,56.20547985416416,71.92608715670207,31.115853055321548,71.0080018041273,54.78681429100546,37.90386883874303,44.484856282176224,41.31695749052236,14.0,58.0,3.536594367205553,71.92861617547221,4.505719701873467,3.653232014122521,4.364065192564201,62.51936300504591,6336.0,92.05581620539688,38.60956874369979,15.601287588811994,19.41501267130166,28.876868633746977,73.21859043795877,81.16392723813419,77.28367821851873,47.70245561736392,94.125866234515,48.82534636453725,44.47432734369755,57.80886041631871,77.58765800445593,47.57644130764268,56.44858209070671,50.0,44.0,72.0
Kitale,Butula,2025-10-01 23:22:43.086192,46,10,36,1.492461600455277,82.49288761761085,3.154542083020087,2.7979639103806857,6.010201620912786,84.4651251358608,13269,63.27266133746556,41.34250670467132,11.58780799802784,30.37172617660879,53.860276512751696,79.42595892000026,43.35452234612805,65.75085888779299,51.23566288137579,82.65849955635855,25.666241805954165,76.0604604054216,95.47119323523616,38.44580036306024,20.12514508697321,65.1388788564287,10,2025,5.0,31.0,4.131687297982396,87.9291899760878,1.0065282233498052,4.750959417227995,4.162037583005615,52.23556231435709,11139.0,62.70200919760268,15.894502903234589,20.13084614270724,31.61321624592133,52.65488771983329,55.318320907326736,57.34406457421802,53.69991806706237,75.26977789660117,42.81903677053151,59.24345951042258,82.96066295669033,50.619100755140224,69.6041732523726,17.12422104559426,32.00987138971065,6.0,44.0,2.9304897214024948,77.39317464162524,1.3962068536198204,3.012522338128556,3.728040578611049,46.71282995741121,2522.0,59.84837908539219,28.29868244871692,20.96665984518254,21.352082131463472,29.33172641927001,29.664781299074832,57.32439021565591,62.56128275422376,68.5478378515983,78.54846494706197,56.01147891606531,72.71650181331603,62.49397925834518,54.49055481060058,55.03897202810588,64.54752059346242,4.0,39.0,1.4162710260594984,71.4041414003696,3.50681114267223,8.405258370488664,2.8790516103778234,61.50815851412085,5077.0,72.86621707393982,40.09022370259712,5.6478084595751366,16.654486252467166,35.12210460179014,55.94897925630575,51.58853633006716,69.7006378251676,56.20547985416416,71.92608715670207,31.115853055321548,71.0080018041273,54.78681429100546,37.90386883874303,44.484856282176224,41.31695749052236,37.0,50.0,44.0
Kitale,Butula,2025-11-01 23:22:43.086192,42,5,37,3.457500869045485,90.85101259389184,1.9621484952479955,3.969518331338372,7.689671061837541,56.91182650160208,14421,54.00538047522201,23.13493920373132,15.361428291554462,24.532436920876687,42.326799085826025,76.23855273928258,65.01316468336402,79.49123273118693,68.40813929157423,80.46010571270247,65.24866333551262,81.24539559158686,53.75598829870211,69.32857747437521,65.72653178330663,62.204582294176575,11,2025,10.0,36.0,1.492461600455277,82.49288761761085,3.154542083020087,2.7979639103806857,6.010201620912786,84.4651251358608,13269.0,63.27266133746556,41.34250670467132,11.58780799802784,30.37172617660879,53.860276512751696,79.42595892000026,43.35452234612805,65.75085888779299,51.23566288137579,82.65849955635855,25.666241805954165,76.0604604054216,95.47119323523616,38.44580036306024,20.12514508697321,65.1388788564287,5.0,31.0,4.131687297982396,87.9291899760878,1.0065282233498052,4.750959417227995,4.162037583005615,52.23556231435709,11139.0,62.70200919760268,15.894502903234589,20.13084614270724,31.61321624592133,52.65488771983329,55.318320907326736,57.34406457421802,53.69991806706237,75.26977789660117,42.81903677053151,59.24345951042258,82.96066295669033,50.619100755140224,69.6041732523726,17.12422104559426,32.00987138971065,6.0,44.0,2.9304897214024948,77.39317464162524,1.3962068536198204,3.012522338128556,3.728040578611049,46.71282995741121,2522.0,59.84837908539219,28.29868244871692,20.96665984518254,21.352082131463472,29.33172641927001,29.664781299074832,57.32439021565591,62.56128275422376,68.5478378515983,78.54846494706197,56.01147891606531,72.71650181331603,62.49397925834518,54.49055481060058,55.03897202810588,64.54752059346242,46.0,37.0,50.0
Kitale,Butula,2025-12-01 23:22:43.086192,71,17,53,2.741244921482968,73.0859927322288,2.756331069024843,5.980356380801842,4.807740512295935,72.99241982298395,6555,89.17553201846948,27.87907646061691,7.073788454740793,10.976235990383012,52.51014921503755,78.65675715580325,45.9356808768613,57.27946627847593,82.72023716175357,88.20436210865444,74.58757162198155,36.85268633760675,48.098578775390166,67.37407151627289,30.933120544104284,34.47624436439028,12,2025,5.0,37.0,3.457500869045485,90.85101259389184,1.9621484952479955,3.969518331338372,7.689671061837541,56.91182650160208,14421.0,54.00538047522201,23.13493920373132,15.361428291554462,24.532436920876687,42.326799085826025,76.23855273928258,65.01316468336402,79.49123273118693,68.40813929157423,80.46010571270247,65.24866333551262,81.24539559158686,53.75598829870211,69.32857747437521,65.72653178330663,62.204582294176575,10.0,36.0,1.492461600455277,82.49288761761085,3.154542083020087,2.7979639103806857,6.010201620912786,84.4651251358608,13269.0,63.27266133746556,41.34250670467132,11.58780799802784,30.37172617660879,53.860276512751696,79.42595892000026,43.35452234612805,65.75085888779299,51.23566288137579,82.65849955635855,25.666241805954165,76.0604604054216,95.47119323523616,38.44580036306024,20.12514508697321,65.1388788564287,5.0,31.0,4.131687297982396,87.9291899760878,1.0065282233498052,4.750959417227995,4.162037583005615,52.23556231435709,11139.0,62.70200919760268,15.894502903234589,20.13084614270724,31.61321624592133,52.65488771983329,55.318320907326736,57.34406457421802,53.69991806706237,75.26977789660117,42.81903677053151,59.24345951042258,82.96066295669033,50.619100755140224,69.6041732523726,17.12422104559426,32.00987138971065,42.0,46.0,37.0
Kitale,Butula,2026-01-01 23:22:43.086192,68,8,59,4.56048777138032,90.26257664121796,4.0733419261642485,8.230479585026385,3.7306042499627328,49.691705059378044,3979,41.13223753797958,20.805114194918268,22.618550960478466,13.389788521955523,39.56747951685151,36.32290561691924,30.96869526099476,82.21680222733482,55.1494305572395,61.98620920759629,51.66533143028792,38.946751674091374,76.46622233159563,24.15981582974496,58.35980169667887,47.08539614193401,1,2026,17.0,53.0,2.741244921482968,73.0859927322288,2.756331069024843,5.980356380801842,4.807740512295935,72.99241982298395,6555.0,89.17553201846948,27.87907646061691,7.073788454740793,10.976235990383012,52.51014921503755,78.65675715580325,45.9356808768613,57.27946627847593,82.72023716175357,88.20436210865444,74.58757162198155,36.85268633760675,48.098578775390166,67.37407151627289,30.933120544104284,34.47624436439028,5.0,37.0,3.457500869045485,90.85101259389184,1.9621484952479955,3.969518331338372,7.689671061837541,56.91182650160208,14421.0,54.00538047522201,23.13493920373132,15.361428291554462,24.532436920876687,42.326799085826025,76.23855273928258,65.01316468336402,79.49123273118693,68.40813929157423,80.46010571270247,65.24866333551262,81.24539559158686,53.75598829870211,69.32857747437521,65.72653178330663,62.204582294176575,10.0,36.0,1.492461600455277,82.49288761761085,3.154542083020087,2.7979639103806857,6.010201620912786,84.4651251358608,13269.0,63.27266133746556,41.34250670467132,11.58780799802784,30.37172617660879,53.860276512751696,79.42595892000026,43.35452234612805,65.75085888779299,51.23566288137579,82.65849955635855,25.666241805954165,76.0604604054216,95.47119323523616,38.44580036306024,20.12514508697321,65.1388788564287,71.0,42.0,46.0
Kitale,Butula,2026-02-01 23:22:43.086192,85,11,73,1.752110030022382,79.57217033776115,2.139684392377267,4.963284884887317,4.260099346803905,79.60646952411906,8726,43.62365063436963,15.359477160363388,18.0150633819488,31.995271286811946,46.84228377953414,39.87698864748824,60.78998484521049,74.5031787878944,62.03035366443611,91.83617416370733,35.07260542152275,36.39676371975888,72.07008058970813,71.9520942496769,15.679012003690008,62.251110264228025,2,2026,8.0,59.0,4.56048777138032,90.26257664121796,4.0733419261642485,8.230479585026385,3.7306042499627328,49.691705059378044,3979.0,41.13223753797958,20.805114194918268,22.618550960478466,13.389788521955523,39.56747951685151,36.32290561691924,30.96869526099476,82.21680222733482,55.1494305572395,61.98620920759629,51.66533143028792,38.946751674091374,76.46622233159563,24.15981582974496,58.35980169667887,47.08539614193401,17.0,53.0,2.741244921482968,73.0859927322288,2.756331069024843,5.980356380801842,4.807740512295935,72.99241982298395,6555.0,89.17553201846948,27.87907646061691,7.073788454740793,10.976235990383012,52.51014921503755,78.65675715580325,45.9356808768613,57.27946627847593,82.72023716175357,88.20436210865444,74.58757162198155,36.85268633760675,48.098578775390166,67.37407151627289,30.933120544104284,34.47624436439028,5.0,37.0,3.457500869045485,90.85101259389184,1.9621484952479955,3.969518331338372,7.689671061837541,56.91182650160208,14421.0,54.00538047522201,23.13493920373132,15.361428291554462,24.532436920876687,42.326799085826025,76.23855273928258,65.01316468336402,79.49123273118693,68.40813929157423,80.46010571270247,65.24866333551262,81.24539559158686,53.75598829870211,69.32857747437521,65.72653178330663,62.204582294176575,68.0,71.0,42.0
Mombasa,Changamwe,2025-06-01 23:22:43.086192,176,23,152,0.9431010042252632,92.82821574888152,4.989529467810193,5.423078447575471,6.0718784846102025,53.07618554017212,9706,73.8635734740798,22.437930290010083,6.949436002689433,34.7049146491024,37.75861762547379,72.06896941881914,30.748080397106936,71.95408371652663,44.00758612885302,58.27280288424977,29.6539082877002,52.86378741263218,90.3812120119212,31.58815824008342,27.98330046332237,47.94702194111532,6,2025,41.0,145.0,2.469172678942189,78.68845245966168,1.7395543426085118,7.915308771374301,2.3331810891638467,64.14438206742814,6207.0,79.95218494732065,34.645487778745164,13.320390046964558,19.062849563870856,33.299415546525054,68.45494828769051,42.789231247508255,53.31269021580578,76.28174183013618,39.877649417801024,66.18725183615082,65.02260241681174,92.71432589860024,54.29049368848517,31.752599965992044,47.58557202397898,41.0,191.0,0.7742275867411617,77.17080040709048,3.6043206534990575,2.5913671403465868,2.317511923866842,75.74692466403067,10543.0,33.26342969799147,40.42011065456173,13.345080869234703,27.938975151869112,34.98128403023954,40.71054326157401,63.06640792348988,68.91439873520905,45.87587850380115,38.24847290385397,43.27743454602201,67.15839514238344,58.056321348206815,62.87323705149132,46.12943162040964,47.34030460852576,22.0,146.0,1.1748730007109334,75.62650987882493,1.807457225533342,6.446931717620651,4.492542198956701,69.57687367114352,14595.0,48.28280376798632,41.76791940197226,20.60112482569476,31.55288357275891,31.9127446386369,69.91619427513416,73.64344271762465,89.01029797759568,91.33614289208548,88.63550377964484,52.13112139922716,62.32693765776365,93.18972559779122,37.37587044765276,59.69767311355844,67.49581856978224,187.0,232.0,168.0
Mombasa,Changamwe,2025-07-01 23:22:43.086192,160,37,122,2.4151014684741736,89.54869291235538,4.171902985501681,3.502648741875909,2.4410763818992463,46.89126965301073,9887,36.0503324345525,35.37650102930367,16.166843015312505,21.782007765212924,22.44536659391101,64.44871887615906,44.92551107677425,69.62776419441457,75.92248401706328,38.54318779458511,77.30686112813223,52.09124057102285,82.58000752167844,40.09147687360475,13.982321549202164,64.58291817500606,7,2025,23.0,152.0,0.9431010042252632,92.82821574888152,4.989529467810193,5.423078447575471,6.0718784846102025,53.07618554017212,9706.0,73.8635734740798,22.437930290010083,6.949436002689433,34.7049146491024,37.75861762547379,72.06896941881914,30.748080397106936,71.95408371652663,44.00758612885302,58.27280288424977,29.6539082877002,52.86378741263218,90.3812120119212,31.58815824008342,27.98330046332237,47.94702194111532,41.0,145.0,2.469172678942189,78.68845245966168,1.7395543426085118,7.915308771374301,2.3331810891638467,64.14438206742814,6207.0,79.95218494732065,34.645487778745164,13.320390046964558,19.062849563870856,33.299415546525054,68.45494828769051,42.789231247508255,53.31269021580578,76.28174183013618,39.877649417801024,66.18725183615082,65.02260241681174,92.71432589860024,54.29049368848517,31.752599965992044,47.58557202397898,41.0,191.0,0.7742275867411617,77.17080040709048,3.6043206534990575,2.5913671403465868,2.317511923866842,75.74692466403067,10543.0,33.26342969799147,40.42011065456173,13.345080869234703,27.938975151869112,34.98128403023954,40.71054326157401,63.06640792348988,68.91439873520905,45.87587850380115,38.24847290385397,43.27743454602201,67.15839514238344,58.056321348206815,62.87323705149132,46.12943162040964,47.34030460852576,176.0,187.0,232.0
Mombasa,Changamwe,2025-08-01 23:22:43.086192,135,26,109,4.687973245075434,72.91283066658366,3.7898800569267066,8.494878445577893,7.525001859608822,44.11647700848255,13451,61.71952605667799,34.56427390243516,22.11937685685108,18.663977944065696,61.00975131211936,55.80171076050058,35.92627997707245,57.90313654218164,82.75832949876329,90.95815001050782,48.19307090185161,46.82848179490564,69.57725502552648,39.57068574604084,33.53530346646754,50.59348806030586,8,2025,37.0,122.0,2.4151014684741736,89.54869291235538,4.171902985501681,3.502648741875909,2.4410763818992463,46.89126965301073,9887.0,36.0503324345525,35.37650102930367,16.166843015312505,21.782007765212924,22.44536659391101,64.44871887615906,44.92551107677425,69.62776419441457,75.92248401706328,38.54318779458511,77.30686112813223,52.09124057102285,82.58000752167844,40.09147687360475,13.982321549202164,64.58291817500606,23.0,152.0,0.9431010042252632,92.82821574888152,4.989529467810193,5.423078447575471,6.0718784846102025,53.07618554017212,9706.0,73.8635734740798,22.437930290010083,6.949436002689433,34.7049146491024,37.75861762547379,72.06896941881914,30.748080397106936,71.95408371652663,44.00758612885302,58.27280288424977,29.6539082877002,52.86378741263218,90.3812120119212,31.58815824008342,27.98330046332237,47.94702194111532,41.0,145.0,2.469172678942189,78.68845245966168,1.7395543426085118,7.915308771374301,2.3331810891638467,64.14438206742814,6207.0,79.95218494732065,34.645487778745164,13.320390046964558,19.062849563870856,33.299415546525054,68.45494828769051,42.789231247508255,53.31269021580578,76.28174183013618,39.877649417801024,66.18725183615082,65.02260241681174,92.71432589860024,54.29049368848517,31.752599965992044,47.58557202397898,160.0,176.0,187.0
Mombasa,Changamwe,2025-09-01 23:22:43.086192,126,20,105,2.548714171122683,70.14380857689044,4.173333051699597,9.974957389078318,6.923431938347727,55.33933175576088,2830,54.10767286136988,36.25889026359728,6.633364619670705,17.902152942173423,28.92887237201781,47.76665801338032,67.60062684655335,88.00159546713877,61.155835704191965,55.81049520147393,64.97708834914282,87.80961913923568,95.36541476998612,53.62844076722551,20.76403020109013,53.23401817479146,9,2025,26.0,109.0,4.687973245075434,72.91283066658366,3.7898800569267066,8.494878445577893,7.525001859608822,44.11647700848255,13451.0,61.71952605667799,34.56427390243516,22.11937685685108,18.663977944065696,61.00975131211936,55.80171076050058,35.92627997707245,57.90313654218164,82.75832949876329,90.95815001050782,48.19307090185161,46.82848179490564,69.57725502552648,39.57068574604084,33.53530346646754,50.59348806030586,37.0,122.0,2.4151014684741736,89.54869291235538,4.171902985501681,3.502648741875909,2.4410763818992463,46.89126965301073,9887.0,36.0503324345525,35.37650102930367,16.166843015312505,21.782007765212924,22.44536659391101,64.44871887615906,44.92551107677425,69.62776419441457,75.92248401706328,38.54318779458511,77.30686112813223,52.09124057102285,82.58000752167844,40.09147687360475,13.982321549202164,64.58291817500606,23.0,152.0,0.9431010042252632,92.82821574888152,4.989529467810193,5.423078447575471,6.0718784846102025,53.07618554017212,9706.0,73.8635734740798,22.437930290010083,6.949436002689433,34.7049146491024,37.75861762547379,72.06896941881914,30.748080397106936,71.95408371652663,44.00758612885302,58.27280288424977,29.6539082877002,52.86378741263218,90.3812120119212,31.58815824008342,27.98330046332237,47.94702194111532,135.0,160.0,176.0
Mombasa,Changamwe,2025-10-01 23:22:43.086192,165,26,139,4.887252176312287,81.13069379195366,2.7341303952736373,3.835438019967003,2.343093712230065,68.29205768680598,13350,70.92153891532496,44.23264196050603,23.19406725981833,28.985885851969407,41.70849414412047,76.22695808543136,50.45039173672373,41.10357489652039,85.32188595759743,57.93697453940935,80.34613876231305,65.31097244272536,71.4975607717981,50.28845828962218,35.893748813172806,74.74522364623991,10,2025,20.0,105.0,2.548714171122683,70.14380857689044,4.173333051699597,9.974957389078318,6.923431938347727,55.33933175576088,2830.0,54.10767286136988,36.25889026359728,6.633364619670705,17.902152942173423,28.92887237201781,47.76665801338032,67.60062684655335,88.00159546713877,61.155835704191965,55.81049520147393,64.97708834914282,87.80961913923568,95.36541476998612,53.62844076722551,20.76403020109013,53.23401817479146,26.0,109.0,4.687973245075434,72.91283066658366,3.7898800569267066,8.494878445577893,7.525001859608822,44.11647700848255,13451.0,61.71952605667799,34.56427390243516,22.11937685685108,18.663977944065696,61.00975131211936,55.80171076050058,35.92627997707245,57.90313654218164,82.75832949876329,90.95815001050782,48.19307090185161,46.82848179490564,69.57725502552648,39.57068574604084,33.53530346646754,50.59348806030586,37.0,122.0,2.4151014684741736,89.54869291235538,4.171902985501681,3.502648741875909,2.4410763818992463,46.89126965301073,9887.0,36.0503324345525,35.37650102930367,16.166843015312505,21.782007765212924,22.44536659391101,64.44871887615906,44.92551107677425,69.62776419441457,75.92248401706328,38.54318779458511,77.30686112813223,52.09124057102285,82.58000752167844,40.09147687360475,13.982321549202164,64.58291817500606,126.0,135.0,160.0
Mombasa,Changamwe,2025-11-01 23:22:43.086192,167,41,126,3.993223640999672,83.00021764704778,4.6354988801797,6.199416215763286,1.97644300725864,83.30092279473084,8682,60.46869921904814,42.887757423778886,20.672965814597955,11.562809669845166,29.795362902157716,33.02665695005752,84.18087776759234,45.047410199502494,60.2572527436681,37.49176852941221,50.53417859886866,39.15530881435002,75.21701700069725,79.90474247370965,21.417482844596847,77.60521991045067,11,2025,26.0,139.0,4.887252176312287,81.13069379195366,2.7341303952736373,3.835438019967003,2.343093712230065,68.29205768680598,13350.0,70.92153891532496,44.23264196050603,23.19406725981833,28.985885851969407,41.70849414412047,76.22695808543136,50.45039173672373,41.10357489652039,85.32188595759743,57.93697453940935,80.34613876231305,65.31097244272536,71.4975607717981,50.28845828962218,35.893748813172806,74.74522364623991,20.0,105.0,2.548714171122683,70.14380857689044,4.173333051699597,9.974957389078318,6.923431938347727,55.33933175576088,2830.0,54.10767286136988,36.25889026359728,6.633364619670705,17.902152942173423,28.92887237201781,47.76665801338032,67.60062684655335,88.00159546713877,61.155835704191965,55.81049520147393,64.97708834914282,87.80961913923568,95.36541476998612,53.62844076722551,20.76403020109013,53.23401817479146,26.0,109.0,4.687973245075434,72.91283066658366,3.7898800569267066,8.494878445577893,7.525001859608822,44.11647700848255,13451.0,61.71952605667799,34.56427390243516,22.11937685685108,18.663977944065696,61.00975131211936,55.80171076050058,35.92627997707245,57.90313654218164,82.75832949876329,90.95815001050782,48.19307090185161,46.82848179490564,69.57725502552648,39.57068574604084,33.53530346646754,50.59348806030586,165.0,126.0,135.0
Mombasa,Changamwe,2025-12-01 23:22:43.086192,183,43,140,1.962509564995912,84.4864488208215,2.1420260199465537,4.247910607929584,4.282584840547367,52.192910246250136,11621,35.32852727903609,31.80838803025862,8.270171097436254,17.569606012168954,45.76649327340441,73.66698816373872,33.826242665148726,75.18962693579476,41.81437433590976,70.81473141009135,61.06069351353327,32.10869889711065,52.10203690360096,64.05136403847291,14.689176793290324,50.03687006011725,12,2025,41.0,126.0,3.993223640999672,83.00021764704778,4.6354988801797,6.199416215763286,1.97644300725864,83.30092279473084,8682.0,60.46869921904814,42.887757423778886,20.672965814597955,11.562809669845166,29.795362902157716,33.02665695005752,84.18087776759234,45.047410199502494,60.2572527436681,37.49176852941221,50.53417859886866,39.15530881435002,75.21701700069725,79.90474247370965,21.417482844596847,77.60521991045067,26.0,139.0,4.887252176312287,81.13069379195366,2.7341303952736373,3.835438019967003,2.343093712230065,68.29205768680598,13350.0,70.92153891532496,44.23264196050603,23.19406725981833,28.985885851969407,41.70849414412047,76.22695808543136,50.45039173672373,41.10357489652039,85.32188595759743,57.93697453940935,80.34613876231305,65.31097244272536,71.4975607717981,50.28845828962218,35.893748813172806,74.74522364623991,20.0,105.0,2.548714171122683,70.14380857689044,4.173333051699597,9.974957389078318,6.923431938347727,55.33933175576088,2830.0,54.10767286136988,36.25889026359728,6.633364619670705,17.902152942173423,28.92887237201781,47.76665801338032,67.60062684655335,88.00159546713877,61.155835704191965,55.81049520147393,64.97708834914282,87.80961913923568,95.36541476998612,53.62844076722551,20.76403020109013,53.23401817479146,167.0,165.0,126.0
Mombasa,Changamwe,2026-01-01 23:22:43.086192,257,57,199,1.100536533056122,77.56935820631405,3.451986531863959,7.355941054890332,6.011553435683156,57.83904416241188,5067,48.96421655101737,25.690273032549666,18.03988654367996,34.43591737549043,23.131738762727203,66.55998399676228,71.8606895849861,44.60323624856688,71.15402215632534,72.75545790188207,80.56604970249694,69.29571543387826,82.56754397716327,25.443235720280697,54.09394455157141,65.06945329468962,1,2026,43.0,140.0,1.962509564995912,84.4864488208215,2.1420260199465537,4.247910607929584,4.282584840547367,52.192910246250136,11621.0,35.32852727903609,31.80838803025862,8.270171097436254,17.569606012168954,45.76649327340441,73.66698816373872,33.826242665148726,75.18962693579476,41.81437433590976,70.81473141009135,61.06069351353327,32.10869889711065,52.10203690360096,64.05136403847291,14.689176793290324,50.03687006011725,41.0,126.0,3.993223640999672,83.00021764704778,4.6354988801797,6.199416215763286,1.97644300725864,83.30092279473084,8682.0,60.46869921904814,42.887757423778886,20.672965814597955,11.562809669845166,29.795362902157716,33.02665695005752,84.18087776759234,45.047410199502494,60.2572527436681,37.49176852941221,50.53417859886866,39.15530881435002,75.21701700069725,79.90474247370965,21.417482844596847,77.60521991045067,26.0,139.0,4.887252176312287,81.13069379195366,2.7341303952736373,3.835438019967003,2.343093712230065,68.29205768680598,13350.0,70.92153891532496,44.23264196050603,23.19406725981833,28.985885851969407,41.70849414412047,76.22695808543136,50.45039173672373,41.10357489652039,85.32188595759743,57.93697453940935,80.34613876231305,65.31097244272536,71.4975607717981,50.28845828962218,35.893748813172806,74.74522364623991,183.0,167.0,165.0
Mombasa,Changamwe,2026-02-01 23:22:43.086192,185,22,163,2.8503471037521333,80.36549321796554,4.909414572828752,5.516125799813758,7.903606865569978,83.19606150108991,6622,36.296334979689306,41.26475770565271,24.14870686677197,20.175540113729305,53.132229190566775,73.62252498485444,62.84185293689277,88.53315547978197,63.794028513728975,62.29233120937212,27.596466077117807,89.45414281873843,47.22746995242583,57.9642405801949,62.32247118825313,60.31224894382678,2,2026,57.0,199.0,1.100536533056122,77.56935820631405,3.451986531863959,7.355941054890332,6.011553435683156,57.83904416241188,5067.0,48.96421655101737,25.690273032549666,18.03988654367996,34.43591737549043,23.131738762727203,66.55998399676228,71.8606895849861,44.60323624856688,71.15402215632534,72.75545790188207,80.56604970249694,69.29571543387826,82.56754397716327,25.443235720280697,54.09394455157141,65.06945329468962,43.0,140.0,1.962509564995912,84.4864488208215,2.1420260199465537,4.247910607929584,4.282584840547367,52.192910246250136,11621.0,35.32852727903609,31.80838803025862,8.270171097436254,17.569606012168954,45.76649327340441,73.66698816373872,33.826242665148726,75.18962693579476,41.81437433590976,70.81473141009135,61.06069351353327,32.10869889711065,52.10203690360096,64.05136403847291,14.689176793290324,50.03687006011725,41.0,126.0,3.993223640999672,83.00021764704778,4.6354988801797,6.199416215763286,1.97644300725864,83.30092279473084,8682.0,60.46869921904814,42.887757423778886,20.672965814597955,11.562809669845166,29.795362902157716,33.02665695005752,84.18087776759234,45.047410199502494,60.2572527436681,37.49176852941221,50.53417859886866,39.15530881435002,75.21701700069725,79.90474247370965,21.417482844596847,77.60521991045067,257.0,183.0,167.0
Garissa,Dadaab,2025-06-01 23:22:43.086192,165,38,127,3.018255921623754,73.7224272001137,3.0293534485321514,5.293000449100008,5.0157690221528,80.16893303983142,6853,77.5668169251409,31.8341171988146,7.333792680603899,26.60111525937528,22.44237367861588,58.23172520690105,66.84141526411514,53.90936254994056,87.33614820113215,74.07926466050824,75.92916247948668,74.94559707801525,45.53592239692272,70.73226608206326,27.58040568462724,66.02427773596028,6,2025,41.0,153.0,3.5614071124437685,81.87818325931705,2.321423681243039,7.617933792891018,7.880752433465849,79.43838954827288,11450.0,43.50092560833862,28.465596325083265,11.08069298509748,29.08970747579169,60.92143620173932,32.0564768671817,54.86591873473906,52.071215559998166,60.711585082212125,77.64890928025217,38.03555033948282,55.94549266666717,63.45077915553045,57.59535406653723,68.58141486607593,35.903611454472006,54.0,170.0,4.881248135578092,89.16051396473445,3.9642105415918674,5.72608902117877,5.604657347269856,68.51898085470194,10634.0,56.01981659495261,23.329088607124028,14.436944725922778,33.827879025469,21.524445726868244,54.2350405363033,84.00224254807287,85.29148816038392,70.32491149529501,75.79716649451049,34.176110331243066,86.02943676361093,80.25215726705824,67.44855107183528,55.46775679480511,68.510244522591,40.0,204.0,2.6776540373261035,93.8840384913591,2.7335575239890293,6.08389196446872,4.7215386105390085,58.96111239773906,5080.0,87.60831976579075,18.910215123472472,11.558147732858696,32.75569479440432,63.188717022554776,26.73824297538286,49.08029058489578,51.70575119940784,93.85346965443536,57.34214085566556,51.83848579114535,47.732156103763394,62.1760606265491,58.64332922120996,46.23787081846262,66.16257665332039,195.0,224.0,245.0
Garissa,Dadaab,2025-07-01 23:22:43.086192,147,21,125,4.248936935179827,82.97191063432268,1.1644956604621235,2.693963944237769,7.858199881934216,75.98297691335972,4271,39.74058713806897,24.420934555213684,16.087088584064134,15.972579219128324,28.105072202528262,42.86534621493176,43.57030199817813,57.535826038329056,56.88457716825157,69.47404394287187,68.66181556790868,46.57482014422023,56.81258977548758,30.72635555597605,24.495030255463668,61.051635342952494,7,2025,38.0,127.0,3.018255921623754,73.7224272001137,3.0293534485321514,5.293000449100008,5.0157690221528,80.16893303983142,6853.0,77.5668169251409,31.8341171988146,7.333792680603899,26.60111525937528,22.44237367861588,58.23172520690105,66.84141526411514,53.90936254994056,87.33614820113215,74.07926466050824,75.92916247948668,74.94559707801525,45.53592239692272,70.73226608206326,27.58040568462724,66.02427773596028,41.0,153.0,3.5614071124437685,81.87818325931705,2.321423681243039,7.617933792891018,7.880752433465849,79.43838954827288,11450.0,43.50092560833862,28.465596325083265,11.08069298509748,29.08970747579169,60.92143620173932,32.0564768671817,54.86591873473906,52.071215559998166,60.711585082212125,77.64890928025217,38.03555033948282,55.94549266666717,63.45077915553045,57.59535406653723,68.58141486607593,35.903611454472006,54.0,170.0,4.881248135578092,89.16051396473445,3.9642105415918674,5.72608902117877,5.604657347269856,68.51898085470194,10634.0,56.01981659495261,23.329088607124028,14.436944725922778,33.827879025469,21.524445726868244,54.2350405363033,84.00224254807287,85.29148816038392,70.32491149529501,75.79716649451049,34.176110331243066,86.02943676361093,80.25215726705824,67.44855107183528,55.46775679480511,68.510244522591,165.0,195.0,224.0
Garissa,Dadaab,2025-08-01 23:22:43.086192,134,18,115,3.601177371809082,70.89934389332556,3.921600644467468,2.062620718051826,5.783819624898739,53.387580967815545,12820,77.19279606222312,16.147725008293794,9.429915577484008,25.10059971933592,50.64722020872799,43.16743984534129,83.29713346420883,68.75155189636985,54.22792530618818,92.1194196749909,41.81147755460941,78.38815980363674,93.55278981835713,34.599030813163594,25.24848870044732,82.23856786369342,8,2025,21.0,125.0,4.248936935179827,82.97191063432268,1.1644956604621235,2.693963944237769,7.858199881934216,75.98297691335972,4271.0,39.74058713806897,24.420934555213684,16.087088584064134,15.972579219128324,28.105072202528262,42.86534621493176,43.57030199817813,57.535826038329056,56.88457716825157,69.47404394287187,68.66181556790868,46.57482014422023,56.81258977548758,30.72635555597605,24.495030255463668,61.051635342952494,38.0,127.0,3.018255921623754,73.7224272001137,3.0293534485321514,5.293000449100008,5.0157690221528,80.16893303983142,6853.0,77.5668169251409,31.8341171988146,7.333792680603899,26.60111525937528,22.44237367861588,58.23172520690105,66.84141526411514,53.90936254994056,87.33614820113215,74.07926466050824,75.92916247948668,74.94559707801525,45.53592239692272,70.73226608206326,27.58040568462724,66.02427773596028,41.0,153.0,3.5614071124437685,81.87818325931705,2.321423681243039,7.617933792891018,7.880752433465849,79.43838954827288,11450.0,43.50092560833862,28.465596325083265,11.08069298509748,29.08970747579169,60.92143620173932,32.0564768671817,54.86591873473906,52.071215559998166,60.711585082212125,77.64890928025217,38.03555033948282,55.94549266666717,63.45077915553045,57.59535406653723,68.58141486607593,35.903611454472006,147.0,165.0,195.0
Garissa,Dadaab,2025-09-01 23:22:43.086192,123,22,100,0.9562652413246258,87.67195986207237,4.482012424920238,7.359912878265689,3.335721354092448,63.7594756929058,9465,31.826282881653132,34.25169631795871,22.506690354727372,30.542491655877285,30.25704394854197,67.63261608673751,45.93693835461588,68.36255863405384,82.85616583741555,72.36168589460243,56.21804303144512,68.14425766945894,65.98546012061925,20.15652785156129,37.66119574139347,71.23030577230276,9,2025,18.0,115.0,3.601177371809082,70.89934389332556,3.921600644467468,2.062620718051826,5.783819624898739,53.387580967815545,12820.0,77.19279606222312,16.147725008293794,9.429915577484008,25.10059971933592,50.64722020872799,43.16743984534129,83.29713346420883,68.75155189636985,54.22792530618818,92.1194196749909,41.81147755460941,78.38815980363674,93.55278981835713,34.599030813163594,25.24848870044732,82.23856786369342,21.0,125.0,4.248936935179827,82.97191063432268,1.1644956604621235,2.693963944237769,7.858199881934216,75.98297691335972,4271.0,39.74058713806897,24.420934555213684,16.087088584064134,15.972579219128324,28.105072202528262,42.86534621493176,43.57030199817813,57.535826038329056,56.88457716825157,69.47404394287187,68.66181556790868,46.57482014422023,56.81258977548758,30.72635555597605,24.495030255463668,61.051635342952494,38.0,127.0,3.018255921623754,73.7224272001137,3.0293534485321514,5.293000449100008,5.0157690221528,80.16893303983142,6853.0,77.5668169251409,31.8341171988146,7.333792680603899,26.60111525937528,22.44237367861588,58.23172520690105,66.84141526411514,53.90936254994056,87.33614820113215,74.07926466050824,75.92916247948668,74.94559707801525,45.53592239692272,70.73226608206326,27.58040568462724,66.02427773596028,134.0,147.0,165.0
Garissa,Dadaab,2025-10-01 23:22:43.086192,123,29,94,1.0839587541671207,87.6839621696985,4.677820537786631,2.13107989097845,3.525167240470659,68.26006323931095,3315,70.7892110537492,36.92563130820167,10.284255555256882,25.883919186187853,25.088636330869832,39.24783989285155,74.67872203721193,47.52630936917395,67.22302355670698,47.16642379426608,71.10694892352873,52.75992118515828,90.93782929354184,55.73768414347459,62.37555149980241,59.29927766300172,10,2025,22.0,100.0,0.9562652413246258,87.67195986207237,4.482012424920238,7.359912878265689,3.335721354092448,63.7594756929058,9465.0,31.826282881653132,34.25169631795871,22.506690354727372,30.542491655877285,30.25704394854197,67.63261608673751,45.93693835461588,68.36255863405384,82.85616583741555,72.36168589460243,56.21804303144512,68.14425766945894,65.98546012061925,20.15652785156129,37.66119574139347,71.23030577230276,18.0,115.0,3.601177371809082,70.89934389332556,3.921600644467468,2.062620718051826,5.783819624898739,53.387580967815545,12820.0,77.19279606222312,16.147725008293794,9.429915577484008,25.10059971933592,50.64722020872799,43.16743984534129,83.29713346420883,68.75155189636985,54.22792530618818,92.1194196749909,41.81147755460941,78.38815980363674,93.55278981835713,34.599030813163594,25.24848870044732,82.23856786369342,21.0,125.0,4.248936935179827,82.97191063432268,1.1644956604621235,2.693963944237769,7.858199881934216,75.98297691335972,4271.0,39.74058713806897,24.420934555213684,16.087088584064134,15.972579219128324,28.105072202528262,42.86534621493176,43.57030199817813,57.535826038329056,56.88457716825157,69.47404394287187,68.66181556790868,46.57482014422023,56.81258977548758,30.72635555597605,24.495030255463668,61.051635342952494,123.0,134.0,147.0
Garissa,Dadaab,2025-11-01 23:22:43.086192,125,21,104,4.860802142629212,80.3532079354322,1.5478873065720338,3.123900705825374,2.06694990456403,71.71711048481379,10677,85.46923896963388,35.06060251284066,22.660036334118104,14.356694464186514,24.55439247254828,61.73714759454577,64.66299624924932,61.613619503326646,89.73902894088152,45.707602301740096,56.57295132882992,76.35491264067505,55.71206625454944,74.78907011069617,69.8560586335025,44.07360241331647,11,2025,29.0,94.0,1.0839587541671207,87.6839621696985,4.677820537786631,2.13107989097845,3.525167240470659,68.26006323931095,3315.0,70.7892110537492,36.92563130820167,10.284255555256882,25.883919186187853,25.088636330869832,39.24783989285155,74.67872203721193,47.52630936917395,67.22302355670698,47.16642379426608,71.10694892352873,52.75992118515828,90.93782929354184,55.73768414347459,62.37555149980241,59.29927766300172,22.0,100.0,0.9562652413246258,87.67195986207237,4.482012424920238,7.359912878265689,3.335721354092448,63.7594756929058,9465.0,31.826282881653132,34.25169631795871,22.506690354727372,30.542491655877285,30.25704394854197,67.63261608673751,45.93693835461588,68.36255863405384,82.85616583741555,72.36168589460243,56.21804303144512,68.14425766945894,65.98546012061925,20.15652785156129,37.66119574139347,71.23030577230276,18.0,115.0,3.601177371809082,70.89934389332556,3.921600644467468,2.062620718051826,5.783819624898739,53.387580967815545,12820.0,77.19279606222312,16.147725008293794,9.429915577484008,25.10059971933592,50.64722020872799,43.16743984534129,83.29713346420883,68.75155189636985,54.22792530618818,92.1194196749909,41.81147755460941,78.38815980363674,93.55278981835713,34.599030813163594,25.24848870044732,82.23856786369342,123.0,123.0,134.0
Garissa,Dadaab,2025-12-01 23:22:43.086192,227,56,171,2.269709561487472,75.71435395996211,4.872706049329219,3.179935254382356,7.969868342685634,84.23724816155297,9306,51.62448801544191,21.410887052242423,6.841264106940321,16.42518140511229,47.68315179011911,75.71824006165875,72.04378136929002,89.73691041729899,62.42527382726007,48.9816761328275,48.87495794100411,50.65771542151451,83.44028220597994,38.29594291804656,34.99620388788676,46.83124522387197,12,2025,21.0,104.0,4.860802142629212,80.3532079354322,1.5478873065720338,3.123900705825374,2.06694990456403,71.71711048481379,10677.0,85.46923896963388,35.06060251284066,22.660036334118104,14.356694464186514,24.55439247254828,61.73714759454577,64.66299624924932,61.613619503326646,89.73902894088152,45.707602301740096,56.57295132882992,76.35491264067505,55.71206625454944,74.78907011069617,69.8560586335025,44.07360241331647,29.0,94.0,1.0839587541671207,87.6839621696985,4.677820537786631,2.13107989097845,3.525167240470659,68.26006323931095,3315.0,70.7892110537492,36.92563130820167,10.284255555256882,25.883919186187853,25.088636330869832,39.24783989285155,74.67872203721193,47.52630936917395,67.22302355670698,47.16642379426608,71.10694892352873,52.75992118515828,90.93782929354184,55.73768414347459,62.37555149980241,59.29927766300172,22.0,100.0,0.9562652413246258,87.67195986207237,4.482012424920238,7.359912878265689,3.335721354092448,63.7594756929058,9465.0,31.826282881653132,34.25169631795871,22.506690354727372,30.542491655877285,30.25704394854197,67.63261608673751,45.93693835461588,68.36255863405384,82.85616583741555,72.36168589460243,56.21804303144512,68.14425766945894,65.98546012061925,20.15652785156129,37.66119574139347,71.23030577230276,125.0,123.0,123.0
Garissa,Dadaab,2026-01-01 23:22:43.086192,228,45,183,3.625299456281875,83.19483862136889,3.403288328138333,7.932450502898397,1.8344051904245855,74.19893439224599,2979,93.8256523039249,38.60867358452232,20.110199004541187,12.721976492658817,57.4424073705318,35.41230308150933,59.44629482936095,45.72727627876872,40.67397314291268,73.88716677043917,65.83238274603013,61.39958462665065,89.41842645591808,66.50062078881797,65.30696752204182,78.2842789089523,1,2026,56.0,171.0,2.269709561487472,75.71435395996211,4.872706049329219,3.179935254382356,7.969868342685634,84.23724816155297,9306.0,51.62448801544191,21.410887052242423,6.841264106940321,16.42518140511229,47.68315179011911,75.71824006165875,72.04378136929002,89.73691041729899,62.42527382726007,48.9816761328275,48.87495794100411,50.65771542151451,83.44028220597994,38.29594291804656,34.99620388788676,46.83124522387197,21.0,104.0,4.860802142629212,80.3532079354322,1.5478873065720338,3.123900705825374,2.06694990456403,71.71711048481379,10677.0,85.46923896963388,35.06060251284066,22.660036334118104,14.356694464186514,24.55439247254828,61.73714759454577,64.66299624924932,61.613619503326646,89.73902894088152,45.707602301740096,56.57295132882992,76.35491264067505,55.71206625454944,74.78907011069617,69.8560586335025,44.07360241331647,29.0,94.0,1.0839587541671207,87.6839621696985,4.677820537786631,2.13107989097845,3.525167240470659,68.26006323931095,3315.0,70.7892110537492,36.92563130820167,10.284255555256882,25.883919186187853,25.088636330869832,39.24783989285155,74.67872203721193,47.52630936917395,67.22302355670698,47.16642379426608,71.10694892352873,52.75992118515828,90.93782929354184,55.73768414347459,62.37555149980241,59.29927766300172,227.0,125.0,123.0
Garissa,Dadaab,2026-02-01 23:22:43.086192,223,44,179,3.144486756720427,72.50563091307747,2.55450649236342,5.092516924845316,3.300892369532158,55.18032355938055,10760,83.00702985629374,22.777540100302826,11.528563544125255,12.059482091767986,23.18324373119635,37.38785961986496,36.37452744778688,45.24836384902926,73.27069401488662,72.11245986398418,47.02638633795249,36.682371776088345,66.88552126561169,27.238565289978656,23.690456586658605,45.50096401603046,2,2026,45.0,183.0,3.625299456281875,83.19483862136889,3.403288328138333,7.932450502898397,1.8344051904245855,74.19893439224599,2979.0,93.8256523039249,38.60867358452232,20.110199004541187,12.721976492658817,57.4424073705318,35.41230308150933,59.44629482936095,45.72727627876872,40.67397314291268,73.88716677043917,65.83238274603013,61.39958462665065,89.41842645591808,66.50062078881797,65.30696752204182,78.2842789089523,56.0,171.0,2.269709561487472,75.71435395996211,4.872706049329219,3.179935254382356,7.969868342685634,84.23724816155297,9306.0,51.62448801544191,21.410887052242423,6.841264106940321,16.42518140511229,47.68315179011911,75.71824006165875,72.04378136929002,89.73691041729899,62.42527382726007,48.9816761328275,48.87495794100411,50.65771542151451,83.44028220597994,38.29594291804656,34.99620388788676,46.83124522387197,21.0,104.0,4.860802142629212,80.3532079354322,1.5478873065720338,3.123900705825374,2.06694990456403,71.71711048481379,10677.0,85.46923896963388,35.06060251284066,22.660036334118104,14.356694464186514,24.55439247254828,61.73714759454577,64.66299624924932,61.613619503326646,89.73902894088152,45.707602301740096,56.57295132882992,76.35491264067505,55.71206625454944,74.78907011069617,69.8560586335025,44.07360241331647,228.0,227.0,125.0
Nairobi,Dagoretti,2025-06-01 23:22:43.086192,249,30,219,4.5686836788562175,82.15870494876691,2.9905732914620717,2.071951974344452,1.625014646669409,43.20132555841767,14413,55.323954485421226,34.232052803391014,9.740673838705488,27.466326738424872,33.54487904559825,55.38458595162439,64.32389236378347,86.89905093195193,67.3544106942305,49.66913348005372,65.15957459869519,71.36142039130064,53.68013617401161,33.508781471441864,38.3427910171025,34.15877667702739,6,2025,38.0,222.0,1.8672645872227265,80.92904014683377,1.129434364372912,6.402056800734474,2.440793067287814,53.11827737774413,13141.0,75.0766962012135,39.137162960515326,23.74025980009428,33.12079296773461,25.070213409672697,77.66590525306437,79.13367929890202,85.50084345828051,75.39157007206936,36.34633844430345,29.94250738841956,69.28810193084956,78.21841933277886,57.51750026060592,11.443181396653973,58.82104569470792,52.0,241.0,2.0765203166509374,84.75959289421056,4.578412679239605,2.650902056150517,7.352110284302684,68.43065627708404,14056.0,90.59454667096362,35.23878476271935,24.86814213838421,27.93744145920539,21.0636578985095,55.930697551433575,72.72506976781297,67.01869643947522,51.97842283505875,89.12478073521757,64.18841669326935,73.10433113635509,73.20817917596068,59.79227861762757,17.729984966122856,61.254710515446064,88.0,322.0,2.48004070263384,70.91364769592813,2.32385057797117,9.93605618741022,2.19961537571911,74.8973127581092,2764.0,90.8007526063446,26.697739572690597,17.408933121775732,15.331381046325191,63.4736117529744,37.37795321998647,45.00003680328629,84.4250033280957,61.51698133170082,46.28144714236963,52.721729238165054,30.968134042305064,73.99208949234003,76.21084848371177,37.2848447745415,54.94853948061161,261.0,293.0,411.0
Nairobi,Dagoretti,2025-07-01 23:22:43.086192,211,24,187,4.729078289919662,80.1242902040311,3.773745193902354,6.2121705304547605,5.075631845439393,53.69062487711791,5443,61.806722439088446,36.17624747137812,11.255309254854795,16.852813306987773,34.28003186089441,31.48491296626946,35.65115589638736,69.21695590341747,78.44420632436257,59.58193196662754,29.814661074584208,83.10416924956688,89.3158077838398,49.44300978041341,10.342040804507382,57.69360650334296,7,2025,30.0,219.0,4.5686836788562175,82.15870494876691,2.9905732914620717,2.071951974344452,1.625014646669409,43.20132555841767,14413.0,55.323954485421226,34.232052803391014,9.740673838705488,27.466326738424872,33.54487904559825,55.38458595162439,64.32389236378347,86.89905093195193,67.3544106942305,49.66913348005372,65.15957459869519,71.36142039130064,53.68013617401161,33.508781471441864,38.3427910171025,34.15877667702739,38.0,222.0,1.8672645872227265,80.92904014683377,1.129434364372912,6.402056800734474,2.440793067287814,53.11827737774413,13141.0,75.0766962012135,39.137162960515326,23.74025980009428,33.12079296773461,25.070213409672697,77.66590525306437,79.13367929890202,85.50084345828051,75.39157007206936,36.34633844430345,29.94250738841956,69.28810193084956,78.21841933277886,57.51750026060592,11.443181396653973,58.82104569470792,52.0,241.0,2.0765203166509374,84.75959289421056,4.578412679239605,2.650902056150517,7.352110284302684,68.43065627708404,14056.0,90.59454667096362,35.23878476271935,24.86814213838421,27.93744145920539,21.0636578985095,55.930697551433575,72.72506976781297,67.01869643947522,51.97842283505875,89.12478073521757,64.18841669326935,73.10433113635509,73.20817917596068,59.79227861762757,17.729984966122856,61.254710515446064,249.0,261.0,293.0
Nairobi,Dagoretti,2025-08-01 23:22:43.086192,190,23,167,2.422797136921973,81.34707069088557,4.443840069655934,4.438844275984605,2.0910326410087188,45.025688516689925,2485,50.78673168325795,20.872435205634662,18.31466809926038,17.241199658426794,50.65837250389605,43.73658393082167,63.42828774083851,75.09451744272164,92.14472660748532,70.3709967487265,25.72625418188979,74.64501728957308,95.24836169396067,38.255656985619936,60.24728547526327,58.39785644036049,8,2025,24.0,187.0,4.729078289919662,80.1242902040311,3.773745193902354,6.2121705304547605,5.075631845439393,53.69062487711791,5443.0,61.806722439088446,36.17624747137812,11.255309254854795,16.852813306987773,34.28003186089441,31.48491296626946,35.65115589638736,69.21695590341747,78.44420632436257,59.58193196662754,29.814661074584208,83.10416924956688,89.3158077838398,49.44300978041341,10.342040804507382,57.69360650334296,30.0,219.0,4.5686836788562175,82.15870494876691,2.9905732914620717,2.071951974344452,1.625014646669409,43.20132555841767,14413.0,55.323954485421226,34.232052803391014,9.740673838705488,27.466326738424872,33.54487904559825,55.38458595162439,64.32389236378347,86.89905093195193,67.3544106942305,49.66913348005372,65.15957459869519,71.36142039130064,53.68013617401161,33.508781471441864,38.3427910171025,34.15877667702739,38.0,222.0,1.8672645872227265,80.92904014683377,1.129434364372912,6.402056800734474,2.440793067287814,53.11827737774413,13141.0,75.0766962012135,39.137162960515326,23.74025980009428,33.12079296773461,25.070213409672697,77.66590525306437,79.13367929890202,85.50084345828051,75.39157007206936,36.34633844430345,29.94250738841956,69.28810193084956,78.21841933277886,57.51750026060592,11.443181396653973,58.82104569470792,211.0,249.0,261.0
Nairobi,Dagoretti,2025-09-01 23:22:43.086192,184,24,159,1.6411892050940111,81.19164213355961,2.226360758603748,4.442521874098745,7.31693162042038,45.07008751915068,11178,68.80147284709301,19.925773270217658,15.662231462326195,23.10529821744776,23.24025268212508,35.86878052531084,68.07140044892492,59.0144151766575,83.20056784048529,83.56151748048472,50.2512975288153,72.12783474440474,48.01578465476704,59.30238520733391,68.81402387486317,58.72707859313171,9,2025,23.0,167.0,2.422797136921973,81.34707069088557,4.443840069655934,4.438844275984605,2.0910326410087188,45.025688516689925,2485.0,50.78673168325795,20.872435205634662,18.31466809926038,17.241199658426794,50.65837250389605,43.73658393082167,63.42828774083851,75.09451744272164,92.14472660748532,70.3709967487265,25.72625418188979,74.64501728957308,95.24836169396067,38.255656985619936,60.24728547526327,58.39785644036049,24.0,187.0,4.729078289919662,80.1242902040311,3.773745193902354,6.2121705304547605,5.075631845439393,53.69062487711791,5443.0,61.806722439088446,36.17624747137812,11.255309254854795,16.852813306987773,34.28003186089441,31.48491296626946,35.65115589638736,69.21695590341747,78.44420632436257,59.58193196662754,29.814661074584208,83.10416924956688,89.3158077838398,49.44300978041341,10.342040804507382,57.69360650334296,30.0,219.0,4.5686836788562175,82.15870494876691,2.9905732914620717,2.071951974344452,1.625014646669409,43.20132555841767,14413.0,55.323954485421226,34.232052803391014,9.740673838705488,27.466326738424872,33.54487904559825,55.38458595162439,64.32389236378347,86.89905093195193,67.3544106942305,49.66913348005372,65.15957459869519,71.36142039130064,53.68013617401161,33.508781471441864,38.3427910171025,34.15877667702739,190.0,211.0,249.0
Nairobi,Dagoretti,2025-10-01 23:22:43.086192,185,44,141,1.2865566720409982,88.20019013177578,4.29413898318903,3.9341394698632897,7.278448961440968,42.80901196187754,4588,62.599257657444326,44.89392183383989,7.71718945643139,33.42267953805688,27.16681673036808,53.46121161434319,35.795689979831096,41.61004395913155,62.17650260559464,40.76943749308009,60.538663497834,76.13377301807911,93.50946170605587,64.21074724842995,65.31776501551735,84.5957082225663,10,2025,24.0,159.0,1.6411892050940111,81.19164213355961,2.226360758603748,4.442521874098745,7.31693162042038,45.07008751915068,11178.0,68.80147284709301,19.925773270217658,15.662231462326195,23.10529821744776,23.24025268212508,35.86878052531084,68.07140044892492,59.0144151766575,83.20056784048529,83.56151748048472,50.2512975288153,72.12783474440474,48.01578465476704,59.30238520733391,68.81402387486317,58.72707859313171,23.0,167.0,2.422797136921973,81.34707069088557,4.443840069655934,4.438844275984605,2.0910326410087188,45.025688516689925,2485.0,50.78673168325795,20.872435205634662,18.31466809926038,17.241199658426794,50.65837250389605,43.73658393082167,63.42828774083851,75.09451744272164,92.14472660748532,70.3709967487265,25.72625418188979,74.64501728957308,95.24836169396067,38.255656985619936,60.24728547526327,58.39785644036049,24.0,187.0,4.729078289919662,80.1242902040311,3.773745193902354,6.2121705304547605,5.075631845439393,53.69062487711791,5443.0,61.806722439088446,36.17624747137812,11.255309254854795,16.852813306987773,34.28003186089441,31.48491296626946,35.65115589638736,69.21695590341747,78.44420632436257,59.58193196662754,29.814661074584208,83.10416924956688,89.3158077838398,49.44300978041341,10.342040804507382,57.69360650334296,184.0,190.0,211.0
Nairobi,Dagoretti,2025-11-01 23:22:43.086192,232,24,207,1.191976892302161,94.84407371042394,1.6820339861085256,7.97786363045239,6.852736309307333,79.23974183880887,7314,30.583894329530025,44.79153325001992,10.313769878372073,25.868159700293493,29.822783696470843,61.15734831492068,45.84519309060365,55.936681098795255,85.73021564085926,64.31463794505109,44.68819444826743,64.81227658140098,86.0596140742411,58.64483926974343,50.55082292410847,63.5839828906098,11,2025,44.0,141.0,1.2865566720409982,88.20019013177578,4.29413898318903,3.9341394698632897,7.278448961440968,42.80901196187754,4588.0,62.599257657444326,44.89392183383989,7.71718945643139,33.42267953805688,27.16681673036808,53.46121161434319,35.795689979831096,41.61004395913155,62.17650260559464,40.76943749308009,60.538663497834,76.13377301807911,93.50946170605587,64.21074724842995,65.31776501551735,84.5957082225663,24.0,159.0,1.6411892050940111,81.19164213355961,2.226360758603748,4.442521874098745,7.31693162042038,45.07008751915068,11178.0,68.80147284709301,19.925773270217658,15.662231462326195,23.10529821744776,23.24025268212508,35.86878052531084,68.07140044892492,59.0144151766575,83.20056784048529,83.56151748048472,50.2512975288153,72.12783474440474,48.01578465476704,59.30238520733391,68.81402387486317,58.72707859313171,23.0,167.0,2.422797136921973,81.34707069088557,4.443840069655934,4.438844275984605,2.0910326410087188,45.025688516689925,2485.0,50.78673168325795,20.872435205634662,18.31466809926038,17.241199658426794,50.65837250389605,43.73658393082167,63.42828774083851,75.09451744272164,92.14472660748532,70.3709967487265,25.72625418188979,74.64501728957308,95.24836169396067,38.255656985619936,60.24728547526327,58.39785644036049,185.0,184.0,190.0
Nairobi,Dagoretti,2025-12-01 23:22:43.086192,268,45,223,2.6934269174774514,89.30534393115512,1.074612647363448,3.410422178559293,7.866371740592699,66.16531442119698,8777,65.62870744628779,31.639192663592336,13.407609137175164,25.40941987397832,34.4177635319904,52.05891200769483,39.99977008780513,75.73258501119855,87.94776851507115,71.90498587760774,78.47792717997262,71.87482509333142,51.643854438846574,32.935768778771745,41.55723061826934,76.73074016175826,12,2025,24.0,207.0,1.191976892302161,94.84407371042394,1.6820339861085256,7.97786363045239,6.852736309307333,79.23974183880887,7314.0,30.583894329530025,44.79153325001992,10.313769878372073,25.868159700293493,29.822783696470843,61.15734831492068,45.84519309060365,55.936681098795255,85.73021564085926,64.31463794505109,44.68819444826743,64.81227658140098,86.0596140742411,58.64483926974343,50.55082292410847,63.5839828906098,44.0,141.0,1.2865566720409982,88.20019013177578,4.29413898318903,3.9341394698632897,7.278448961440968,42.80901196187754,4588.0,62.599257657444326,44.89392183383989,7.71718945643139,33.42267953805688,27.16681673036808,53.46121161434319,35.795689979831096,41.61004395913155,62.17650260559464,40.76943749308009,60.538663497834,76.13377301807911,93.50946170605587,64.21074724842995,65.31776501551735,84.5957082225663,24.0,159.0,1.6411892050940111,81.19164213355961,2.226360758603748,4.442521874098745,7.31693162042038,45.07008751915068,11178.0,68.80147284709301,19.925773270217658,15.662231462326195,23.10529821744776,23.24025268212508,35.86878052531084,68.07140044892492,59.0144151766575,83.20056784048529,83.56151748048472,50.2512975288153,72.12783474440474,48.01578465476704,59.30238520733391,68.81402387486317,58.72707859313171,232.0,185.0,184.0
Nairobi,Dagoretti,2026-01-01 23:22:43.086192,355,41,314,4.352966334874824,76.94191667607231,4.447099523217767,5.061321339912631,1.5536938573479264,81.75795246824677,11597,41.610196710695234,31.391036150369583,8.462494466224754,13.985475816226494,30.24474920454828,55.10741154895927,69.99477809715125,44.98811988876805,88.40442640638875,36.988888452214105,42.76783084303301,32.85530369689033,48.39670595121299,30.725251727332434,16.223133957457442,78.6058781276725,1,2026,45.0,223.0,2.6934269174774514,89.30534393115512,1.074612647363448,3.410422178559293,7.866371740592699,66.16531442119698,8777.0,65.62870744628779,31.639192663592336,13.407609137175164,25.40941987397832,34.4177635319904,52.05891200769483,39.99977008780513,75.73258501119855,87.94776851507115,71.90498587760774,78.47792717997262,71.87482509333142,51.643854438846574,32.935768778771745,41.55723061826934,76.73074016175826,24.0,207.0,1.191976892302161,94.84407371042394,1.6820339861085256,7.97786363045239,6.852736309307333,79.23974183880887,7314.0,30.583894329530025,44.79153325001992,10.313769878372073,25.868159700293493,29.822783696470843,61.15734831492068,45.84519309060365,55.936681098795255,85.73021564085926,64.31463794505109,44.68819444826743,64.81227658140098,86.0596140742411,58.64483926974343,50.55082292410847,63.5839828906098,44.0,141.0,1.2865566720409982,88.20019013177578,4.29413898318903,3.9341394698632897,7.278448961440968,42.80901196187754,4588.0,62.599257657444326,44.89392183383989,7.71718945643139,33.42267953805688,27.16681673036808,53.46121161434319,35.795689979831096,41.61004395913155,62.17650260559464,40.76943749308009,60.538663497834,76.13377301807911,93.50946170605587,64.21074724842995,65.31776501551735,84.5957082225663,268.0,232.0,185.0
Nairobi,Dagoretti,2026-02-01 23:22:43.086192,276,67,208,4.775166058509682,75.67160200797875,3.323197052336609,6.262864380700626,7.562078778682602,70.82437645084862,14490,71.41689514505245,20.320828321390504,5.203170518207967,27.49689943322387,62.78383498957764,44.36228293174159,36.7573124763039,75.76907615377783,52.47194187834209,92.80672426692009,72.44312436760225,54.83321108851362,52.99494785182274,36.57886617036236,13.1727573863085,54.04381159996561,2,2026,41.0,314.0,4.352966334874824,76.94191667607231,4.447099523217767,5.061321339912631,1.5536938573479264,81.75795246824677,11597.0,41.610196710695234,31.391036150369583,8.462494466224754,13.985475816226494,30.24474920454828,55.10741154895927,69.99477809715125,44.98811988876805,88.40442640638875,36.988888452214105,42.76783084303301,32.85530369689033,48.39670595121299,30.725251727332434,16.223133957457442,78.6058781276725,45.0,223.0,2.6934269174774514,89.30534393115512,1.074612647363448,3.410422178559293,7.866371740592699,66.16531442119698,8777.0,65.62870744628779,31.639192663592336,13.407609137175164,25.40941987397832,34.4177635319904,52.05891200769483,39.99977008780513,75.73258501119855,87.94776851507115,71.90498587760774,78.47792717997262,71.87482509333142,51.643854438846574,32.935768778771745,41.55723061826934,76.73074016175826,24.0,207.0,1.191976892302161,94.84407371042394,1.6820339861085256,7.97786363045239,6.852736309307333,79.23974183880887,7314.0,30.583894329530025,44.79153325001992,10.313769878372073,25.868159700293493,29.822783696470843,61.15734831492068,45.84519309060365,55.936681098795255,85.73021564085926,64.31463794505109,44.68819444826743,64.81227658140098,86.0596140742411,58.64483926974343,50.55082292410847,63.5839828906098,355.0,268.0,232.0
Nairobi,Embakasi,2025-06-01 23:22:43.086192,176,23,153,1.080291057690963,71.25276980877422,2.520329029718383,9.672209554922352,3.464630402146298,56.551820874080974,5515,78.9262411235168,25.193372893649794,13.538804782982364,23.723138309365822,56.93702134977534,79.4794494435557,73.76973143249651,72.53429441543133,93.77287016853396,43.76422052396455,48.46793763760878,81.92164337875164,87.31281906606485,25.9485278440445,22.838497604006985,30.210954325324405,6,2025,45.0,154.0,2.10482170893757,73.03194655040718,2.618626443118695,9.632278634443916,7.728979332676422,61.80315161069505,8515.0,65.7370579890917,23.916968289945395,23.012375966621395,10.672435469913804,42.51580230608738,64.8422557120936,80.20116067149577,77.9819624524162,81.43503003363338,66.10982601850327,61.87172332641263,30.65733515477294,69.95989830901291,27.54948494855571,24.100777783415666,81.93944931704581,31.0,192.0,1.79379274447201,86.20037789710624,4.1759547237201495,4.553547679515331,4.388172696196225,64.62791284963987,5531.0,71.7562894246094,21.198671527865045,9.19537627458014,18.968537595849767,50.2357632336478,66.2564537013958,36.28009167475669,65.44549177327474,59.27056848480672,39.84784951224832,25.713702130877916,74.36348804447056,76.26383903892446,61.36874594843509,24.163049284389807,76.79990255304821,40.0,205.0,1.198594299903171,76.71791524757712,1.517173316331741,5.974126206173343,1.6947223077623568,70.79028296746222,14490.0,32.93776198013495,22.18664241990711,12.582338411980594,20.51779085648494,26.26403545219724,71.13560476207428,41.48498170047122,40.67256565753548,77.541908950927,82.2032527594639,77.56681219979481,75.53333596782574,55.8383167133501,24.814688225133047,42.96041943786626,73.15704951548315,200.0,223.0,246.0
Nairobi,Embakasi,2025-07-01 23:22:43.086192,141,34,106,0.6391417458748849,77.04465473528198,2.197367617289596,7.082353916649443,5.914932134395029,82.25177985871683,6612,45.45128804351348,35.500143385671635,21.572189664360103,32.23404703924949,43.42019445388068,76.78960397848586,69.08728198893955,50.203489118686925,58.98338806580401,41.238292675889085,57.76477466783285,40.23353406311799,86.66727250567473,75.3761642748106,62.48089425058787,55.70424635361006,7,2025,23.0,153.0,1.080291057690963,71.25276980877422,2.520329029718383,9.672209554922352,3.464630402146298,56.551820874080974,5515.0,78.9262411235168,25.193372893649794,13.538804782982364,23.723138309365822,56.93702134977534,79.4794494435557,73.76973143249651,72.53429441543133,93.77287016853396,43.76422052396455,48.46793763760878,81.92164337875164,87.31281906606485,25.9485278440445,22.838497604006985,30.210954325324405,45.0,154.0,2.10482170893757,73.03194655040718,2.618626443118695,9.632278634443916,7.728979332676422,61.80315161069505,8515.0,65.7370579890917,23.916968289945395,23.012375966621395,10.672435469913804,42.51580230608738,64.8422557120936,80.20116067149577,77.9819624524162,81.43503003363338,66.10982601850327,61.87172332641263,30.65733515477294,69.95989830901291,27.54948494855571,24.100777783415666,81.93944931704581,31.0,192.0,1.79379274447201,86.20037789710624,4.1759547237201495,4.553547679515331,4.388172696196225,64.62791284963987,5531.0,71.7562894246094,21.198671527865045,9.19537627458014,18.968537595849767,50.2357632336478,66.2564537013958,36.28009167475669,65.44549177327474,59.27056848480672,39.84784951224832,25.713702130877916,74.36348804447056,76.26383903892446,61.36874594843509,24.163049284389807,76.79990255304821,176.0,200.0,223.0
Nairobi,Embakasi,2025-08-01 23:22:43.086192,118,24,93,3.890884234859199,91.25062759255994,4.971921814042274,8.82798024380601,6.310093503076776,57.25442143628519,10347,61.4691665547021,29.145193450018382,10.601053643686676,31.40069355547386,23.35604526912821,40.62461173906468,77.57868649765558,49.18495142054287,48.55039443632054,63.596261098781,78.34341800536956,76.97373028799562,94.0348939232552,43.687104620766064,67.26638133345888,60.01629229461655,8,2025,34.0,106.0,0.6391417458748849,77.04465473528198,2.197367617289596,7.082353916649443,5.914932134395029,82.25177985871683,6612.0,45.45128804351348,35.500143385671635,21.572189664360103,32.23404703924949,43.42019445388068,76.78960397848586,69.08728198893955,50.203489118686925,58.98338806580401,41.238292675889085,57.76477466783285,40.23353406311799,86.66727250567473,75.3761642748106,62.48089425058787,55.70424635361006,23.0,153.0,1.080291057690963,71.25276980877422,2.520329029718383,9.672209554922352,3.464630402146298,56.551820874080974,5515.0,78.9262411235168,25.193372893649794,13.538804782982364,23.723138309365822,56.93702134977534,79.4794494435557,73.76973143249651,72.53429441543133,93.77287016853396,43.76422052396455,48.46793763760878,81.92164337875164,87.31281906606485,25.9485278440445,22.838497604006985,30.210954325324405,45.0,154.0,2.10482170893757,73.03194655040718,2.618626443118695,9.632278634443916,7.728979332676422,61.80315161069505,8515.0,65.7370579890917,23.916968289945395,23.012375966621395,10.672435469913804,42.51580230608738,64.8422557120936,80.20116067149577,77.9819624524162,81.43503003363338,66.10982601850327,61.87172332641263,30.65733515477294,69.95989830901291,27.54948494855571,24.100777783415666,81.93944931704581,141.0,176.0,200.0
Nairobi,Embakasi,2025-09-01 23:22:43.086192,115,23,92,0.7900638205413226,70.41644591271431,2.7016370343218163,4.875438295925702,7.423329901472989,66.91276226570173,13362,30.449663893576,35.10615339896651,17.790360235069237,33.437410773903764,35.953180200732206,58.01541693939038,49.6491750793344,45.39705707686437,78.90213895437775,63.76732298272656,47.46484355021637,48.59737702237739,79.61389129204687,23.85104385199788,53.29577467553087,40.01360621465024,9,2025,24.0,93.0,3.890884234859199,91.25062759255994,4.971921814042274,8.82798024380601,6.310093503076776,57.25442143628519,10347.0,61.4691665547021,29.145193450018382,10.601053643686676,31.40069355547386,23.35604526912821,40.62461173906468,77.57868649765558,49.18495142054287,48.55039443632054,63.596261098781,78.34341800536956,76.97373028799562,94.0348939232552,43.687104620766064,67.26638133345888,60.01629229461655,34.0,106.0,0.6391417458748849,77.04465473528198,2.197367617289596,7.082353916649443,5.914932134395029,82.25177985871683,6612.0,45.45128804351348,35.500143385671635,21.572189664360103,32.23404703924949,43.42019445388068,76.78960397848586,69.08728198893955,50.203489118686925,58.98338806580401,41.238292675889085,57.76477466783285,40.23353406311799,86.66727250567473,75.3761642748106,62.48089425058787,55.70424635361006,23.0,153.0,1.080291057690963,71.25276980877422,2.520329029718383,9.672209554922352,3.464630402146298,56.551820874080974,5515.0,78.9262411235168,25.193372893649794,13.538804782982364,23.723138309365822,56.93702134977534,79.4794494435557,73.76973143249651,72.53429441543133,93.77287016853396,43.76422052396455,48.46793763760878,81.92164337875164,87.31281906606485,25.9485278440445,22.838497604006985,30.210954325324405,118.0,141.0,176.0
Nairobi,Embakasi,2025-10-01 23:22:43.086192,96,9,86,2.0285972177623983,88.02987676307808,4.709123057522945,2.986475878708939,7.434345240879365,42.6210036822508,10748,65.39034904543033,20.312447071882204,8.37606446784537,25.41957863476165,61.23249184633725,71.05579963316964,60.06875029338177,58.922206105835016,83.82156739659254,75.09139412357979,81.00243292970049,71.13127901298563,92.91518980330837,43.81338661704308,57.84239455061442,39.63316465555279,10,2025,23.0,92.0,0.7900638205413226,70.41644591271431,2.7016370343218163,4.875438295925702,7.423329901472989,66.91276226570173,13362.0,30.449663893576,35.10615339896651,17.790360235069237,33.437410773903764,35.953180200732206,58.01541693939038,49.6491750793344,45.39705707686437,78.90213895437775,63.76732298272656,47.46484355021637,48.59737702237739,79.61389129204687,23.85104385199788,53.29577467553087,40.01360621465024,24.0,93.0,3.890884234859199,91.25062759255994,4.971921814042274,8.82798024380601,6.310093503076776,57.25442143628519,10347.0,61.4691665547021,29.145193450018382,10.601053643686676,31.40069355547386,23.35604526912821,40.62461173906468,77.57868649765558,49.18495142054287,48.55039443632054,63.596261098781,78.34341800536956,76.97373028799562,94.0348939232552,43.687104620766064,67.26638133345888,60.01629229461655,34.0,106.0,0.6391417458748849,77.04465473528198,2.197367617289596,7.082353916649443,5.914932134395029,82.25177985871683,6612.0,45.45128804351348,35.500143385671635,21.572189664360103,32.23404703924949,43.42019445388068,76.78960397848586,69.08728198893955,50.203489118686925,58.98338806580401,41.238292675889085,57.76477466783285,40.23353406311799,86.66727250567473,75.3761642748106,62.48089425058787,55.70424635361006,115.0,118.0,141.0
Nairobi,Embakasi,2025-11-01 23:22:43.086192,125,19,106,3.1850212431283413,93.23526224154703,4.669356908803444,7.7122064266709,7.724272703741966,53.70263251798466,9291,45.55516021682902,31.92522152551961,11.47827817132153,30.048112850316517,27.29896748034577,60.63459042402429,37.6079975809251,73.75637828595785,85.55530412415754,86.60769031953282,26.42826697811525,79.13905283918109,52.261454177079386,44.37144563153893,45.30183209262791,31.87488732025522,11,2025,9.0,86.0,2.0285972177623983,88.02987676307808,4.709123057522945,2.986475878708939,7.434345240879365,42.6210036822508,10748.0,65.39034904543033,20.312447071882204,8.37606446784537,25.41957863476165,61.23249184633725,71.05579963316964,60.06875029338177,58.922206105835016,83.82156739659254,75.09139412357979,81.00243292970049,71.13127901298563,92.91518980330837,43.81338661704308,57.84239455061442,39.63316465555279,23.0,92.0,0.7900638205413226,70.41644591271431,2.7016370343218163,4.875438295925702,7.423329901472989,66.91276226570173,13362.0,30.449663893576,35.10615339896651,17.790360235069237,33.437410773903764,35.953180200732206,58.01541693939038,49.6491750793344,45.39705707686437,78.90213895437775,63.76732298272656,47.46484355021637,48.59737702237739,79.61389129204687,23.85104385199788,53.29577467553087,40.01360621465024,24.0,93.0,3.890884234859199,91.25062759255994,4.971921814042274,8.82798024380601,6.310093503076776,57.25442143628519,10347.0,61.4691665547021,29.145193450018382,10.601053643686676,31.40069355547386,23.35604526912821,40.62461173906468,77.57868649765558,49.18495142054287,48.55039443632054,63.596261098781,78.34341800536956,76.97373028799562,94.0348939232552,43.687104620766064,67.26638133345888,60.01629229461655,96.0,115.0,118.0
Nairobi,Embakasi,2025-12-01 23:22:43.086192,178,33,145,4.929845031167464,89.08494366863324,2.246733791273675,5.4030877326881255,6.538302331148066,71.62749990627842,13452,63.522694496398245,30.940105089438585,17.78171946311233,24.014465941358992,57.16511756648418,33.24119269956245,50.09670211322718,46.65902769284021,74.21416921919163,35.34432919642714,69.82542734197617,53.703787847034505,64.7737349541064,75.67175795930268,30.982461213331987,68.33648101145654,12,2025,19.0,106.0,3.1850212431283413,93.23526224154703,4.669356908803444,7.7122064266709,7.724272703741966,53.70263251798466,9291.0,45.55516021682902,31.92522152551961,11.47827817132153,30.048112850316517,27.29896748034577,60.63459042402429,37.6079975809251,73.75637828595785,85.55530412415754,86.60769031953282,26.42826697811525,79.13905283918109,52.261454177079386,44.37144563153893,45.30183209262791,31.87488732025522,9.0,86.0,2.0285972177623983,88.02987676307808,4.709123057522945,2.986475878708939,7.434345240879365,42.6210036822508,10748.0,65.39034904543033,20.312447071882204,8.37606446784537,25.41957863476165,61.23249184633725,71.05579963316964,60.06875029338177,58.922206105835016,83.82156739659254,75.09139412357979,81.00243292970049,71.13127901298563,92.91518980330837,43.81338661704308,57.84239455061442,39.63316465555279,23.0,92.0,0.7900638205413226,70.41644591271431,2.7016370343218163,4.875438295925702,7.423329901472989,66.91276226570173,13362.0,30.449663893576,35.10615339896651,17.790360235069237,33.437410773903764,35.953180200732206,58.01541693939038,49.6491750793344,45.39705707686437,78.90213895437775,63.76732298272656,47.46484355021637,48.59737702237739,79.61389129204687,23.85104385199788,53.29577467553087,40.01360621465024,125.0,96.0,115.0
Nairobi,Embakasi,2026-01-01 23:22:43.086192,219,30,189,3.8877646710561486,73.49390674018292,2.288237811400251,2.27371603068607,5.067846339085646,77.10960057767355,11252,79.23229250969135,28.68324382881185,5.4888876355606575,15.421826035248316,37.04008699019669,27.041636958568755,80.77064422957024,67.263127549942,65.15234906777101,89.72353688917991,43.12484947555531,66.76462809013324,85.0592332688806,24.490038200142507,10.933269996354012,79.43170512389929,1,2026,33.0,145.0,4.929845031167464,89.08494366863324,2.246733791273675,5.4030877326881255,6.538302331148066,71.62749990627842,13452.0,63.522694496398245,30.940105089438585,17.78171946311233,24.014465941358992,57.16511756648418,33.24119269956245,50.09670211322718,46.65902769284021,74.21416921919163,35.34432919642714,69.82542734197617,53.703787847034505,64.7737349541064,75.67175795930268,30.982461213331987,68.33648101145654,19.0,106.0,3.1850212431283413,93.23526224154703,4.669356908803444,7.7122064266709,7.724272703741966,53.70263251798466,9291.0,45.55516021682902,31.92522152551961,11.47827817132153,30.048112850316517,27.29896748034577,60.63459042402429,37.6079975809251,73.75637828595785,85.55530412415754,86.60769031953282,26.42826697811525,79.13905283918109,52.261454177079386,44.37144563153893,45.30183209262791,31.87488732025522,9.0,86.0,2.0285972177623983,88.02987676307808,4.709123057522945,2.986475878708939,7.434345240879365,42.6210036822508,10748.0,65.39034904543033,20.312447071882204,8.37606446784537,25.41957863476165,61.23249184633725,71.05579963316964,60.06875029338177,58.922206105835016,83.82156739659254,75.09139412357979,81.00243292970049,71.13127901298563,92.91518980330837,43.81338661704308,57.84239455061442,39.63316465555279,178.0,125.0,96.0
Nairobi,Embakasi,2026-02-01 23:22:43.086192,199,33,166,2.529098523758295,91.84228531193276,3.9521955182086814,4.308775248349272,5.037970374049978,65.75589634068704,8678,41.15607768041622,39.00331211272893,23.52119360062637,22.539249453870227,61.6892837790156,29.49586103237661,75.77242086650749,43.47062113483242,66.50743383643226,70.58228901378666,34.45047805283495,70.41856354955985,80.28228831294739,51.06762609833076,63.33141099208984,36.61446457128049,2,2026,30.0,189.0,3.8877646710561486,73.49390674018292,2.288237811400251,2.27371603068607,5.067846339085646,77.10960057767355,11252.0,79.23229250969135,28.68324382881185,5.4888876355606575,15.421826035248316,37.04008699019669,27.041636958568755,80.77064422957024,67.263127549942,65.15234906777101,89.72353688917991,43.12484947555531,66.76462809013324,85.0592332688806,24.490038200142507,10.933269996354012,79.43170512389929,33.0,145.0,4.929845031167464,89.08494366863324,2.246733791273675,5.4030877326881255,6.538302331148066,71.62749990627842,13452.0,63.522694496398245,30.940105089438585,17.78171946311233,24.014465941358992,57.16511756648418,33.24119269956245,50.09670211322718,46.65902769284021,74.21416921919163,35.34432919642714,69.82542734197617,53.703787847034505,64.7737349541064,75.67175795930268,30.982461213331987,68.33648101145654,19.0,106.0,3.1850212431283413,93.23526224154703,4.669356908803444,7.7122064266709,7.724272703741966,53.70263251798466,9291.0,45.55516021682902,31.92522152551961,11.47827817132153,30.048112850316517,27.29896748034577,60.63459042402429,37.6079975809251,73.75637828595785,85.55530412415754,86.60769031953282,26.42826697811525,79.13905283918109,52.261454177079386,44.37144563153893,45.30183209262791,31.87488732025522,219.0,178.0,125.0
Garissa,Fafi,2025-06-01 23:22:43.086192,215,25,190,1.6506391072464477,76.61087864682108,3.753139925669214,7.02526674599089,6.075709281896634,57.718507147889255,5795,54.46107501930342,22.210209507610173,16.01626862130949,28.87516165411383,50.648930765188965,30.34087376151348,84.25777998620586,76.25046824822522,40.62065377468019,80.41360379611726,60.12044507561332,80.32991078442414,47.2573155517833,77.2426765612191,23.264201643109672,51.1338255670874,6,2025,26.0,230.0,0.9139042930548968,89.40330935533416,3.906020736821411,4.653926635663274,5.620197540836135,41.66356441107559,12513.0,80.45107139694932,21.44714420514557,6.313716261422801,27.383973957938213,64.67988176774796,64.07728956218423,30.23944315916632,52.19135292785896,66.48150271458897,65.80427139107731,39.56180434116002,86.47107659627375,53.41708292234492,48.6672311270663,10.733382283855423,59.8576560727593,54.0,193.0,4.978638993631675,94.23146296749088,1.1921411852575807,9.680554778665156,4.819694893992778,78.4987817588688,7144.0,79.71126886506592,43.531544907256944,12.51774643245886,20.38321056803838,60.76704872340972,79.52232750978422,72.61176926933837,75.91224249198986,77.16455278835527,54.9704999837564,63.73133298324493,44.500649368947606,78.8789148120448,68.4420773465061,46.19687325207649,60.2332345926054,37.0,218.0,4.106955800044682,70.76503242069597,4.889421472792327,5.697164770567684,3.966836189079861,84.19117155985285,8185.0,85.82893219514233,34.724989962769314,9.996649180643884,17.404875941481286,59.414449042659456,65.1084661014782,56.90383482725345,48.94050485799745,84.51437555392128,65.15151620783843,80.4186780552977,83.03166416287607,96.20779184574616,67.79290039593994,65.20261279722939,66.24648995481564,257.0,247.0,255.0
Garissa,Fafi,2025-07-01 23:22:43.086192,189,41,148,3.816295017151862,94.72553985292537,1.5858615090345758,9.516354097475272,7.804161742168727,72.4211796931898,5649,72.90945474159878,30.21530712547643,8.343499776014905,30.7886439293276,27.12829520012312,46.72767271925179,62.28969592927927,43.23314658966783,84.26301350078421,79.78482869154922,63.90034445230158,84.25112642031118,89.74788205641545,59.334864402752864,22.086965207551863,58.3561927989565,7,2025,25.0,190.0,1.6506391072464477,76.61087864682108,3.753139925669214,7.02526674599089,6.075709281896634,57.718507147889255,5795.0,54.46107501930342,22.210209507610173,16.01626862130949,28.87516165411383,50.648930765188965,30.34087376151348,84.25777998620586,76.25046824822522,40.62065377468019,80.41360379611726,60.12044507561332,80.32991078442414,47.2573155517833,77.2426765612191,23.264201643109672,51.1338255670874,26.0,230.0,0.9139042930548968,89.40330935533416,3.906020736821411,4.653926635663274,5.620197540836135,41.66356441107559,12513.0,80.45107139694932,21.44714420514557,6.313716261422801,27.383973957938213,64.67988176774796,64.07728956218423,30.23944315916632,52.19135292785896,66.48150271458897,65.80427139107731,39.56180434116002,86.47107659627375,53.41708292234492,48.6672311270663,10.733382283855423,59.8576560727593,54.0,193.0,4.978638993631675,94.23146296749088,1.1921411852575807,9.680554778665156,4.819694893992778,78.4987817588688,7144.0,79.71126886506592,43.531544907256944,12.51774643245886,20.38321056803838,60.76704872340972,79.52232750978422,72.61176926933837,75.91224249198986,77.16455278835527,54.9704999837564,63.73133298324493,44.500649368947606,78.8789148120448,68.4420773465061,46.19687325207649,60.2332345926054,215.0,257.0,247.0
Garissa,Fafi,2025-08-01 23:22:43.086192,141,29,112,0.6209253860687588,85.04089324003954,1.0057962146959158,3.5992503439222103,4.625543720599392,57.66347993333176,8283,57.72336563978257,21.228127078497188,22.858269336777628,12.345781837985465,69.63529078372027,33.77543612983665,70.40308743927491,85.72949266742879,68.4521158590907,86.6598643485562,52.42693766165085,52.69480002366022,56.39985504695239,72.42366852015343,66.10869690897766,45.910986207014375,8,2025,41.0,148.0,3.816295017151862,94.72553985292537,1.5858615090345758,9.516354097475272,7.804161742168727,72.4211796931898,5649.0,72.90945474159878,30.21530712547643,8.343499776014905,30.7886439293276,27.12829520012312,46.72767271925179,62.28969592927927,43.23314658966783,84.26301350078421,79.78482869154922,63.90034445230158,84.25112642031118,89.74788205641545,59.334864402752864,22.086965207551863,58.3561927989565,25.0,190.0,1.6506391072464477,76.61087864682108,3.753139925669214,7.02526674599089,6.075709281896634,57.718507147889255,5795.0,54.46107501930342,22.210209507610173,16.01626862130949,28.87516165411383,50.648930765188965,30.34087376151348,84.25777998620586,76.25046824822522,40.62065377468019,80.41360379611726,60.12044507561332,80.32991078442414,47.2573155517833,77.2426765612191,23.264201643109672,51.1338255670874,26.0,230.0,0.9139042930548968,89.40330935533416,3.906020736821411,4.653926635663274,5.620197540836135,41.66356441107559,12513.0,80.45107139694932,21.44714420514557,6.313716261422801,27.383973957938213,64.67988176774796,64.07728956218423,30.23944315916632,52.19135292785896,66.48150271458897,65.80427139107731,39.56180434116002,86.47107659627375,53.41708292234492,48.6672311270663,10.733382283855423,59.8576560727593,189.0,215.0,257.0
Garissa,Fafi,2025-09-01 23:22:43.086192,175,26,149,1.7371853148100855,88.34051400952995,2.447437001543313,5.846599498438221,1.59845891553563,71.2804115387236,14710,43.7351354726776,25.68586536882945,8.035355086725719,27.80235568106138,48.88524537622402,33.069111257564096,69.67930982890223,67.07178967124308,75.45562954696275,52.714014525458026,55.21969813623893,81.62784508025226,63.98864102369004,76.70204964198277,25.24592971612673,49.7416560845636,9,2025,29.0,112.0,0.6209253860687588,85.04089324003954,1.0057962146959158,3.5992503439222103,4.625543720599392,57.66347993333176,8283.0,57.72336563978257,21.228127078497188,22.858269336777628,12.345781837985465,69.63529078372027,33.77543612983665,70.40308743927491,85.72949266742879,68.4521158590907,86.6598643485562,52.42693766165085,52.69480002366022,56.39985504695239,72.42366852015343,66.10869690897766,45.910986207014375,41.0,148.0,3.816295017151862,94.72553985292537,1.5858615090345758,9.516354097475272,7.804161742168727,72.4211796931898,5649.0,72.90945474159878,30.21530712547643,8.343499776014905,30.7886439293276,27.12829520012312,46.72767271925179,62.28969592927927,43.23314658966783,84.26301350078421,79.78482869154922,63.90034445230158,84.25112642031118,89.74788205641545,59.334864402752864,22.086965207551863,58.3561927989565,25.0,190.0,1.6506391072464477,76.61087864682108,3.753139925669214,7.02526674599089,6.075709281896634,57.718507147889255,5795.0,54.46107501930342,22.210209507610173,16.01626862130949,28.87516165411383,50.648930765188965,30.34087376151348,84.25777998620586,76.25046824822522,40.62065377468019,80.41360379611726,60.12044507561332,80.32991078442414,47.2573155517833,77.2426765612191,23.264201643109672,51.1338255670874,141.0,189.0,215.0
Garissa,Fafi,2025-10-01 23:22:43.086192,172,25,146,0.708886271873621,85.59102287616695,3.621699616825248,4.304161227033126,4.318497615689581,65.48583051657954,6343,49.16209296302574,36.80098839969348,13.954442971906506,26.756637016484515,30.34766414780425,66.01105421762787,32.723693216735,74.0096382890269,45.96401568573809,87.77511394858027,34.83972706708774,32.86144443982447,56.10746818197248,40.623275930648106,31.50871561373474,61.59249634793629,10,2025,26.0,149.0,1.7371853148100855,88.34051400952995,2.447437001543313,5.846599498438221,1.59845891553563,71.2804115387236,14710.0,43.7351354726776,25.68586536882945,8.035355086725719,27.80235568106138,48.88524537622402,33.069111257564096,69.67930982890223,67.07178967124308,75.45562954696275,52.714014525458026,55.21969813623893,81.62784508025226,63.98864102369004,76.70204964198277,25.24592971612673,49.7416560845636,29.0,112.0,0.6209253860687588,85.04089324003954,1.0057962146959158,3.5992503439222103,4.625543720599392,57.66347993333176,8283.0,57.72336563978257,21.228127078497188,22.858269336777628,12.345781837985465,69.63529078372027,33.77543612983665,70.40308743927491,85.72949266742879,68.4521158590907,86.6598643485562,52.42693766165085,52.69480002366022,56.39985504695239,72.42366852015343,66.10869690897766,45.910986207014375,41.0,148.0,3.816295017151862,94.72553985292537,1.5858615090345758,9.516354097475272,7.804161742168727,72.4211796931898,5649.0,72.90945474159878,30.21530712547643,8.343499776014905,30.7886439293276,27.12829520012312,46.72767271925179,62.28969592927927,43.23314658966783,84.26301350078421,79.78482869154922,63.90034445230158,84.25112642031118,89.74788205641545,59.334864402752864,22.086965207551863,58.3561927989565,175.0,141.0,189.0
Garissa,Fafi,2025-11-01 23:22:43.086192,184,33,151,1.882604932815047,78.17330503047027,2.6718751483574423,4.249777605093255,3.4669834019092383,59.755352782928185,7065,77.61487134970784,35.46160325597343,7.522384802099252,22.068492576547072,45.39221528876456,25.17301431125938,50.92759006589737,51.55276297729647,68.78495167166278,75.1699272626518,49.703398058154704,53.23515203955104,78.51897847894911,27.06984322548815,22.5477073735489,49.421604795964114,11,2025,25.0,146.0,0.708886271873621,85.59102287616695,3.621699616825248,4.304161227033126,4.318497615689581,65.48583051657954,6343.0,49.16209296302574,36.80098839969348,13.954442971906506,26.756637016484515,30.34766414780425,66.01105421762787,32.723693216735,74.0096382890269,45.96401568573809,87.77511394858027,34.83972706708774,32.86144443982447,56.10746818197248,40.623275930648106,31.50871561373474,61.59249634793629,26.0,149.0,1.7371853148100855,88.34051400952995,2.447437001543313,5.846599498438221,1.59845891553563,71.2804115387236,14710.0,43.7351354726776,25.68586536882945,8.035355086725719,27.80235568106138,48.88524537622402,33.069111257564096,69.67930982890223,67.07178967124308,75.45562954696275,52.714014525458026,55.21969813623893,81.62784508025226,63.98864102369004,76.70204964198277,25.24592971612673,49.7416560845636,29.0,112.0,0.6209253860687588,85.04089324003954,1.0057962146959158,3.5992503439222103,4.625543720599392,57.66347993333176,8283.0,57.72336563978257,21.228127078497188,22.858269336777628,12.345781837985465,69.63529078372027,33.77543612983665,70.40308743927491,85.72949266742879,68.4521158590907,86.6598643485562,52.42693766165085,52.69480002366022,56.39985504695239,72.42366852015343,66.10869690897766,45.910986207014375,172.0,175.0,141.0
Garissa,Fafi,2025-12-01 23:22:43.086192,250,59,191,2.534718663061803,77.32117368374746,1.4128680061019896,2.20593260762037,7.283451253626364,74.98185262991626,9279,33.19205116650364,40.7725416144971,13.938552375552849,17.04045333576098,33.9734663670107,37.31830512729504,52.488760325655896,88.1767437748031,44.16224491110383,93.96065491395709,27.748787068406862,71.55818646914653,63.11001693300312,65.41351246092275,18.70028285010699,38.48513687912335,12,2025,33.0,151.0,1.882604932815047,78.17330503047027,2.6718751483574423,4.249777605093255,3.4669834019092383,59.755352782928185,7065.0,77.61487134970784,35.46160325597343,7.522384802099252,22.068492576547072,45.39221528876456,25.17301431125938,50.92759006589737,51.55276297729647,68.78495167166278,75.1699272626518,49.703398058154704,53.23515203955104,78.51897847894911,27.06984322548815,22.5477073735489,49.421604795964114,25.0,146.0,0.708886271873621,85.59102287616695,3.621699616825248,4.304161227033126,4.318497615689581,65.48583051657954,6343.0,49.16209296302574,36.80098839969348,13.954442971906506,26.756637016484515,30.34766414780425,66.01105421762787,32.723693216735,74.0096382890269,45.96401568573809,87.77511394858027,34.83972706708774,32.86144443982447,56.10746818197248,40.623275930648106,31.50871561373474,61.59249634793629,26.0,149.0,1.7371853148100855,88.34051400952995,2.447437001543313,5.846599498438221,1.59845891553563,71.2804115387236,14710.0,43.7351354726776,25.68586536882945,8.035355086725719,27.80235568106138,48.88524537622402,33.069111257564096,69.67930982890223,67.07178967124308,75.45562954696275,52.714014525458026,55.21969813623893,81.62784508025226,63.98864102369004,76.70204964198277,25.24592971612673,49.7416560845636,184.0,172.0,175.0
Garissa,Fafi,2026-01-01 23:22:43.086192,277,51,225,3.776867968289836,91.06352800548164,4.603833190201055,4.4783056279637705,3.0542710843288354,70.2887786108432,14672,57.746577655982165,43.86517705578241,18.334734451515125,14.86545436941022,25.87296481988782,43.66976587256092,75.01714394005025,62.00907486366596,93.3386008899671,85.89889255970178,71.93632471228838,81.29268073493782,83.96232450228972,37.66858027671554,57.92312489427372,81.9037067320364,1,2026,59.0,191.0,2.534718663061803,77.32117368374746,1.4128680061019896,2.20593260762037,7.283451253626364,74.98185262991626,9279.0,33.19205116650364,40.7725416144971,13.938552375552849,17.04045333576098,33.9734663670107,37.31830512729504,52.488760325655896,88.1767437748031,44.16224491110383,93.96065491395709,27.748787068406862,71.55818646914653,63.11001693300312,65.41351246092275,18.70028285010699,38.48513687912335,33.0,151.0,1.882604932815047,78.17330503047027,2.6718751483574423,4.249777605093255,3.4669834019092383,59.755352782928185,7065.0,77.61487134970784,35.46160325597343,7.522384802099252,22.068492576547072,45.39221528876456,25.17301431125938,50.92759006589737,51.55276297729647,68.78495167166278,75.1699272626518,49.703398058154704,53.23515203955104,78.51897847894911,27.06984322548815,22.5477073735489,49.421604795964114,25.0,146.0,0.708886271873621,85.59102287616695,3.621699616825248,4.304161227033126,4.318497615689581,65.48583051657954,6343.0,49.16209296302574,36.80098839969348,13.954442971906506,26.756637016484515,30.34766414780425,66.01105421762787,32.723693216735,74.0096382890269,45.96401568573809,87.77511394858027,34.83972706708774,32.86144443982447,56.10746818197248,40.623275930648106,31.50871561373474,61.59249634793629,250.0,184.0,172.0
Garissa,Fafi,2026-02-01 23:22:43.086192,257,52,204,1.7418635475141695,94.41214855011243,2.484408041779544,7.450440947488937,4.74030782025356,83.75618092735134,3836,51.61857513487604,34.12528340383315,11.975818707615948,11.748537141047429,21.265115585609145,62.51479809059411,81.41885576943463,80.00772473434787,51.73142879206866,57.61626312748051,35.54665201983619,36.556371390623205,79.64372004240138,39.497851302874935,22.4935752033363,78.182628448868,2,2026,51.0,225.0,3.776867968289836,91.06352800548164,4.603833190201055,4.4783056279637705,3.0542710843288354,70.2887786108432,14672.0,57.746577655982165,43.86517705578241,18.334734451515125,14.86545436941022,25.87296481988782,43.66976587256092,75.01714394005025,62.00907486366596,93.3386008899671,85.89889255970178,71.93632471228838,81.29268073493782,83.96232450228972,37.66858027671554,57.92312489427372,81.9037067320364,59.0,191.0,2.534718663061803,77.32117368374746,1.4128680061019896,2.20593260762037,7.283451253626364,74.98185262991626,9279.0,33.19205116650364,40.7725416144971,13.938552375552849,17.04045333576098,33.9734663670107,37.31830512729504,52.488760325655896,88.1767437748031,44.16224491110383,93.96065491395709,27.748787068406862,71.55818646914653,63.11001693300312,65.41351246092275,18.70028285010699,38.48513687912335,33.0,151.0,1.882604932815047,78.17330503047027,2.6718751483574423,4.249777605093255,3.4669834019092383,59.755352782928185,7065.0,77.61487134970784,35.46160325597343,7.522384802099252,22.068492576547072,45.39221528876456,25.17301431125938,50.92759006589737,51.55276297729647,68.78495167166278,75.1699272626518,49.703398058154704,53.23515203955104,78.51897847894911,27.06984322548815,22.5477073735489,49.421604795964114,277.0,250.0,184.0
Malindi,Ganze,2025-06-01 23:22:43.086192,241,30,211,2.976285201546159,71.02530219590204,4.554444034154608,5.809580126333823,2.116647930120875,49.49255348433356,4056,84.93355414797912,35.41424755172814,17.04585286459704,20.374899546168272,51.49304157877528,35.990426486800054,69.88510795240867,55.37467998322323,61.658002445743634,61.82437307530233,28.03515056368137,50.10508401933892,50.80049475725952,37.132033495079554,17.443646000244804,78.09980195445627,6,2025,35.0,294.0,2.882373296932275,72.0690057442034,2.608688798334001,7.418068534565609,4.044758003517964,50.34397982952496,10653.0,55.819967316054814,39.69876986840916,23.16592288544562,26.95225408715235,32.15538146104884,47.88186410603106,43.26467607939027,50.57548250797522,51.42364895356423,83.66858980688858,58.371651135039535,37.44147439421202,52.62280354671164,25.86529839975228,41.70217053491142,76.84938121500907,92.0,290.0,4.003697113614567,91.349690623697,3.1944969400051737,2.5839519518552967,6.924093847931113,40.76012174520967,11444.0,68.86329318749782,37.37351450250337,5.5837051036207175,34.6007363629177,40.0054793589774,27.21450334614059,68.18402758875376,52.27035873716397,79.59564675616431,39.57871686815788,59.146720263401,86.01018669075361,80.68818150471989,49.95482320843563,11.63286588164775,60.730083991709925,76.0,269.0,2.558564740636016,91.9217016232951,3.562977146928739,5.793392716924114,6.015095052751828,58.99034669161165,4572.0,52.15987149614757,44.67845585570552,9.08294019721999,14.14626601649258,23.821376874765143,40.79627562559679,80.76433387407984,72.0063027102418,80.35494663236335,43.5458801232507,45.89269054059821,53.40483441770135,64.44885014551369,35.92194232304787,31.16830589065464,40.601216439021016,329.0,383.0,345.0
Malindi,Ganze,2025-07-01 23:22:43.086192,260,64,196,2.720799216007187,82.93855395644432,3.004370101939719,6.257250567092788,2.816211851534556,41.91351783261345,10015,32.05284596036705,19.018804368590608,11.408631664724195,25.0349572933284,52.196191879400594,34.37094174833185,54.128256006872434,79.13975781909812,47.36379440196518,40.41844476457078,68.46253935060224,68.35377087152182,91.25233523288418,38.97989335494251,20.571683668465468,39.01121182511864,7,2025,30.0,211.0,2.976285201546159,71.02530219590204,4.554444034154608,5.809580126333823,2.116647930120875,49.49255348433356,4056.0,84.93355414797912,35.41424755172814,17.04585286459704,20.374899546168272,51.49304157877528,35.990426486800054,69.88510795240867,55.37467998322323,61.658002445743634,61.82437307530233,28.03515056368137,50.10508401933892,50.80049475725952,37.132033495079554,17.443646000244804,78.09980195445627,35.0,294.0,2.882373296932275,72.0690057442034,2.608688798334001,7.418068534565609,4.044758003517964,50.34397982952496,10653.0,55.819967316054814,39.69876986840916,23.16592288544562,26.95225408715235,32.15538146104884,47.88186410603106,43.26467607939027,50.57548250797522,51.42364895356423,83.66858980688858,58.371651135039535,37.44147439421202,52.62280354671164,25.86529839975228,41.70217053491142,76.84938121500907,92.0,290.0,4.003697113614567,91.349690623697,3.1944969400051737,2.5839519518552967,6.924093847931113,40.76012174520967,11444.0,68.86329318749782,37.37351450250337,5.5837051036207175,34.6007363629177,40.0054793589774,27.21450334614059,68.18402758875376,52.27035873716397,79.59564675616431,39.57871686815788,59.146720263401,86.01018669075361,80.68818150471989,49.95482320843563,11.63286588164775,60.730083991709925,241.0,329.0,383.0
Malindi,Ganze,2025-08-01 23:22:43.086192,209,48,161,1.1244544636442475,74.80234254381598,3.523738907736667,6.74366575605077,7.052835440023448,63.62380626800395,4403,70.43251643585975,26.83809637305896,15.698144613436597,25.95420329698788,35.448200124191246,54.392839304956105,38.48197864735599,83.01995795998097,74.17639571088742,81.00089956327852,42.32190354759087,55.74834884308521,71.20456582714345,58.477395746557406,43.3945191413238,68.3233961612271,8,2025,64.0,196.0,2.720799216007187,82.93855395644432,3.004370101939719,6.257250567092788,2.816211851534556,41.91351783261345,10015.0,32.05284596036705,19.018804368590608,11.408631664724195,25.0349572933284,52.196191879400594,34.37094174833185,54.128256006872434,79.13975781909812,47.36379440196518,40.41844476457078,68.46253935060224,68.35377087152182,91.25233523288418,38.97989335494251,20.571683668465468,39.01121182511864,30.0,211.0,2.976285201546159,71.02530219590204,4.554444034154608,5.809580126333823,2.116647930120875,49.49255348433356,4056.0,84.93355414797912,35.41424755172814,17.04585286459704,20.374899546168272,51.49304157877528,35.990426486800054,69.88510795240867,55.37467998322323,61.658002445743634,61.82437307530233,28.03515056368137,50.10508401933892,50.80049475725952,37.132033495079554,17.443646000244804,78.09980195445627,35.0,294.0,2.882373296932275,72.0690057442034,2.608688798334001,7.418068534565609,4.044758003517964,50.34397982952496,10653.0,55.819967316054814,39.69876986840916,23.16592288544562,26.95225408715235,32.15538146104884,47.88186410603106,43.26467607939027,50.57548250797522,51.42364895356423,83.66858980688858,58.371651135039535,37.44147439421202,52.62280354671164,25.86529839975228,41.70217053491142,76.84938121500907,260.0,241.0,329.0
Malindi,Ganze,2025-09-01 23:22:43.086192,169,41,128,1.4542619925317242,82.9637323743141,2.355917589407547,2.6267569747803936,1.2684438035731742,51.165588634744736,4045,83.17999909589717,24.789788032991748,14.37130658827732,33.02515415451194,26.502452511400858,33.50729178868981,69.45203357121528,44.849641573670496,81.30137048889043,87.3797569568624,60.61992191191082,80.39845507786414,67.71685892609622,41.2733294343604,44.39958972709624,34.45850164453971,9,2025,48.0,161.0,1.1244544636442475,74.80234254381598,3.523738907736667,6.74366575605077,7.052835440023448,63.62380626800395,4403.0,70.43251643585975,26.83809637305896,15.698144613436597,25.95420329698788,35.448200124191246,54.392839304956105,38.48197864735599,83.01995795998097,74.17639571088742,81.00089956327852,42.32190354759087,55.74834884308521,71.20456582714345,58.477395746557406,43.3945191413238,68.3233961612271,64.0,196.0,2.720799216007187,82.93855395644432,3.004370101939719,6.257250567092788,2.816211851534556,41.91351783261345,10015.0,32.05284596036705,19.018804368590608,11.408631664724195,25.0349572933284,52.196191879400594,34.37094174833185,54.128256006872434,79.13975781909812,47.36379440196518,40.41844476457078,68.46253935060224,68.35377087152182,91.25233523288418,38.97989335494251,20.571683668465468,39.01121182511864,30.0,211.0,2.976285201546159,71.02530219590204,4.554444034154608,5.809580126333823,2.116647930120875,49.49255348433356,4056.0,84.93355414797912,35.41424755172814,17.04585286459704,20.374899546168272,51.49304157877528,35.990426486800054,69.88510795240867,55.37467998322323,61.658002445743634,61.82437307530233,28.03515056368137,50.10508401933892,50.80049475725952,37.132033495079554,17.443646000244804,78.09980195445627,209.0,260.0,241.0
Malindi,Ganze,2025-10-01 23:22:43.086192,240,46,193,3.873325064183346,74.41904160633727,3.923549529581541,4.404116571717939,1.7267133160838708,75.98617073037394,13616,35.817833783107,39.06848513058371,17.980647728117873,29.759440139459933,64.39113458679797,73.4051356683396,45.4025582012918,43.3658321496063,54.02794251258501,60.51770474752192,47.81520140526378,81.39165041944759,65.21498291687877,60.24478390626059,11.0700170758928,51.13174904341463,10,2025,41.0,128.0,1.4542619925317242,82.9637323743141,2.355917589407547,2.6267569747803936,1.2684438035731742,51.165588634744736,4045.0,83.17999909589717,24.789788032991748,14.37130658827732,33.02515415451194,26.502452511400858,33.50729178868981,69.45203357121528,44.849641573670496,81.30137048889043,87.3797569568624,60.61992191191082,80.39845507786414,67.71685892609622,41.2733294343604,44.39958972709624,34.45850164453971,48.0,161.0,1.1244544636442475,74.80234254381598,3.523738907736667,6.74366575605077,7.052835440023448,63.62380626800395,4403.0,70.43251643585975,26.83809637305896,15.698144613436597,25.95420329698788,35.448200124191246,54.392839304956105,38.48197864735599,83.01995795998097,74.17639571088742,81.00089956327852,42.32190354759087,55.74834884308521,71.20456582714345,58.477395746557406,43.3945191413238,68.3233961612271,64.0,196.0,2.720799216007187,82.93855395644432,3.004370101939719,6.257250567092788,2.816211851534556,41.91351783261345,10015.0,32.05284596036705,19.018804368590608,11.408631664724195,25.0349572933284,52.196191879400594,34.37094174833185,54.128256006872434,79.13975781909812,47.36379440196518,40.41844476457078,68.46253935060224,68.35377087152182,91.25233523288418,38.97989335494251,20.571683668465468,39.01121182511864,169.0,209.0,260.0
Malindi,Ganze,2025-11-01 23:22:43.086192,222,37,185,3.634212490514948,85.31875085712642,2.7567158841413018,3.272174489563043,2.184374008585237,72.23095090904147,13111,91.61861446674088,18.864305664684423,14.933617185024705,20.70494548535524,64.90454066342913,73.31198745057532,70.40600157759461,72.4803923707259,67.57514121177512,91.06885423884351,32.24401257679482,63.43321368020171,58.71597601633856,41.30195200623335,40.80603496813923,46.07452549106549,11,2025,46.0,193.0,3.873325064183346,74.41904160633727,3.923549529581541,4.404116571717939,1.7267133160838708,75.98617073037394,13616.0,35.817833783107,39.06848513058371,17.980647728117873,29.759440139459933,64.39113458679797,73.4051356683396,45.4025582012918,43.3658321496063,54.02794251258501,60.51770474752192,47.81520140526378,81.39165041944759,65.21498291687877,60.24478390626059,11.0700170758928,51.13174904341463,41.0,128.0,1.4542619925317242,82.9637323743141,2.355917589407547,2.6267569747803936,1.2684438035731742,51.165588634744736,4045.0,83.17999909589717,24.789788032991748,14.37130658827732,33.02515415451194,26.502452511400858,33.50729178868981,69.45203357121528,44.849641573670496,81.30137048889043,87.3797569568624,60.61992191191082,80.39845507786414,67.71685892609622,41.2733294343604,44.39958972709624,34.45850164453971,48.0,161.0,1.1244544636442475,74.80234254381598,3.523738907736667,6.74366575605077,7.052835440023448,63.62380626800395,4403.0,70.43251643585975,26.83809637305896,15.698144613436597,25.95420329698788,35.448200124191246,54.392839304956105,38.48197864735599,83.01995795998097,74.17639571088742,81.00089956327852,42.32190354759087,55.74834884308521,71.20456582714345,58.477395746557406,43.3945191413238,68.3233961612271,240.0,169.0,209.0
Malindi,Ganze,2025-12-01 23:22:43.086192,266,42,224,1.0877063995766034,80.49836297687713,1.505517046931118,5.043808631888611,6.345407222364096,82.6636454239609,8217,48.88244108907605,23.36554382022682,24.472586138653035,22.799085323457525,58.05401395884841,53.54856510243799,48.72069302120713,60.91829459626753,62.478256235625466,52.382795859080936,79.96396215443136,36.861243685795145,87.32142121772196,46.81871801749282,61.33140143626966,78.91789470939287,12,2025,37.0,185.0,3.634212490514948,85.31875085712642,2.7567158841413018,3.272174489563043,2.184374008585237,72.23095090904147,13111.0,91.61861446674088,18.864305664684423,14.933617185024705,20.70494548535524,64.90454066342913,73.31198745057532,70.40600157759461,72.4803923707259,67.57514121177512,91.06885423884351,32.24401257679482,63.43321368020171,58.71597601633856,41.30195200623335,40.80603496813923,46.07452549106549,46.0,193.0,3.873325064183346,74.41904160633727,3.923549529581541,4.404116571717939,1.7267133160838708,75.98617073037394,13616.0,35.817833783107,39.06848513058371,17.980647728117873,29.759440139459933,64.39113458679797,73.4051356683396,45.4025582012918,43.3658321496063,54.02794251258501,60.51770474752192,47.81520140526378,81.39165041944759,65.21498291687877,60.24478390626059,11.0700170758928,51.13174904341463,41.0,128.0,1.4542619925317242,82.9637323743141,2.355917589407547,2.6267569747803936,1.2684438035731742,51.165588634744736,4045.0,83.17999909589717,24.789788032991748,14.37130658827732,33.02515415451194,26.502452511400858,33.50729178868981,69.45203357121528,44.849641573670496,81.30137048889043,87.3797569568624,60.61992191191082,80.39845507786414,67.71685892609622,41.2733294343604,44.39958972709624,34.45850164453971,222.0,240.0,169.0
Malindi,Ganze,2026-01-01 23:22:43.086192,294,69,225,1.136439124828448,92.48214657234838,2.0735984764284545,4.108887394856849,1.139261337631122,54.05915271667445,9980,58.33395930396648,26.86986263949788,10.226025967490784,21.21456626908364,55.29225215638354,36.28753566991203,40.79320010213863,52.85024528924845,86.06381853435472,87.50794141591737,74.7271209979611,48.7334114173183,86.06038427370586,33.847689861754205,69.75282265775363,66.6594706979196,1,2026,42.0,224.0,1.0877063995766034,80.49836297687713,1.505517046931118,5.043808631888611,6.345407222364096,82.6636454239609,8217.0,48.88244108907605,23.36554382022682,24.472586138653035,22.799085323457525,58.05401395884841,53.54856510243799,48.72069302120713,60.91829459626753,62.478256235625466,52.382795859080936,79.96396215443136,36.861243685795145,87.32142121772196,46.81871801749282,61.33140143626966,78.91789470939287,37.0,185.0,3.634212490514948,85.31875085712642,2.7567158841413018,3.272174489563043,2.184374008585237,72.23095090904147,13111.0,91.61861446674088,18.864305664684423,14.933617185024705,20.70494548535524,64.90454066342913,73.31198745057532,70.40600157759461,72.4803923707259,67.57514121177512,91.06885423884351,32.24401257679482,63.43321368020171,58.71597601633856,41.30195200623335,40.80603496813923,46.07452549106549,46.0,193.0,3.873325064183346,74.41904160633727,3.923549529581541,4.404116571717939,1.7267133160838708,75.98617073037394,13616.0,35.817833783107,39.06848513058371,17.980647728117873,29.759440139459933,64.39113458679797,73.4051356683396,45.4025582012918,43.3658321496063,54.02794251258501,60.51770474752192,47.81520140526378,81.39165041944759,65.21498291687877,60.24478390626059,11.0700170758928,51.13174904341463,266.0,222.0,240.0
Malindi,Ganze,2026-02-01 23:22:43.086192,388,85,303,4.172765944308169,77.31777423021765,2.571282751746465,5.63716556833155,6.669596981059134,83.18370925672923,10072,69.77540189508555,28.51383404090272,9.46906480472281,30.558944556081457,50.72543733818421,45.227252798112005,52.69006631858371,78.84384440738297,40.75714933848078,56.19449169711906,70.42258106573476,31.063197533024592,45.04357689973149,34.82379262477208,57.5818035281294,41.07495918347757,2,2026,69.0,225.0,1.136439124828448,92.48214657234838,2.0735984764284545,4.108887394856849,1.139261337631122,54.05915271667445,9980.0,58.33395930396648,26.86986263949788,10.226025967490784,21.21456626908364,55.29225215638354,36.28753566991203,40.79320010213863,52.85024528924845,86.06381853435472,87.50794141591737,74.7271209979611,48.7334114173183,86.06038427370586,33.847689861754205,69.75282265775363,66.6594706979196,42.0,224.0,1.0877063995766034,80.49836297687713,1.505517046931118,5.043808631888611,6.345407222364096,82.6636454239609,8217.0,48.88244108907605,23.36554382022682,24.472586138653035,22.799085323457525,58.05401395884841,53.54856510243799,48.72069302120713,60.91829459626753,62.478256235625466,52.382795859080936,79.96396215443136,36.861243685795145,87.32142121772196,46.81871801749282,61.33140143626966,78.91789470939287,37.0,185.0,3.634212490514948,85.31875085712642,2.7567158841413018,3.272174489563043,2.184374008585237,72.23095090904147,13111.0,91.61861446674088,18.864305664684423,14.933617185024705,20.70494548535524,64.90454066342913,73.31198745057532,70.40600157759461,72.4803923707259,67.57514121177512,91.06885423884351,32.24401257679482,63.43321368020171,58.71597601633856,41.30195200623335,40.80603496813923,46.07452549106549,294.0,266.0,222.0
Garissa,Garissa Township,2025-06-01 23:22:43.086192,260,59,200,1.906684771058288,71.9064648069408,2.6118793738840727,4.4102581810289365,2.923804799850662,68.16360081101531,2566,93.02710210993716,35.800374110762725,19.089103704513118,22.216252164341068,42.68386645156312,74.88530953140217,78.02943293124488,62.4173677843287,65.00789810459685,67.24663845068338,43.80664204426381,81.14298613471342,63.89856582411226,39.36576700383118,69.48902179696668,56.339407768127465,6,2025,72.0,259.0,2.314453254475453,93.2753174896406,4.789556663021273,8.29703052875826,7.936538078965207,79.54961368211465,4064.0,66.83591255311566,36.89152124109424,15.881580301693868,34.28592788653371,50.57138907560642,79.27529529284224,62.97431549206754,45.48498538151178,50.59512929948684,91.9083423170431,29.710828436764988,58.47917811628143,84.56644701105441,59.66723167566896,45.30132954429697,56.45792864236829,45.0,373.0,1.607635208312041,75.20150220630684,3.5175161973438724,2.8020948192917867,2.8350755421980063,53.4599984183304,5336.0,41.10452042186171,17.74050504384606,5.302821478977204,25.4847912034414,56.63776993638878,78.33983583640642,79.60705491945477,77.78030645313368,58.801848233246375,81.93845987789658,46.06682456751604,77.76403159640886,50.52050397947885,27.6671478323769,17.95009721333828,49.60690900426346,38.0,293.0,2.5907520488298625,85.29987154326143,3.028181847120513,2.0000937961652925,4.229972564009271,76.0010246488475,4533.0,60.24479370554077,37.39230574638161,5.646222007291996,19.416364357806188,35.17639297988846,41.49576817129537,52.40712293428347,88.13670106127444,65.30276917996773,63.064351257642464,57.177250005838886,56.32713127857454,82.7787812979551,49.32340145759612,68.37733966774692,65.73485100485202,332.0,419.0,332.0
Garissa,Garissa Township,2025-07-01 23:22:43.086192,215,42,173,4.540047246877722,83.04499652315454,4.680393321733015,4.055564698156895,5.226933744255965,58.664176662167264,11795,42.82340661561914,21.513500969789185,16.270970542605347,17.156514556333143,24.355472617456822,48.48981228726376,50.42067109831648,59.73650444638635,80.17852486677951,57.24329101732263,60.592493043314064,76.76256400512494,86.2756755569919,63.11475362347922,66.3429605170385,48.77971745694759,7,2025,59.0,200.0,1.906684771058288,71.9064648069408,2.6118793738840727,4.4102581810289365,2.923804799850662,68.16360081101531,2566.0,93.02710210993716,35.800374110762725,19.089103704513118,22.216252164341068,42.68386645156312,74.88530953140217,78.02943293124488,62.4173677843287,65.00789810459685,67.24663845068338,43.80664204426381,81.14298613471342,63.89856582411226,39.36576700383118,69.48902179696668,56.339407768127465,72.0,259.0,2.314453254475453,93.2753174896406,4.789556663021273,8.29703052875826,7.936538078965207,79.54961368211465,4064.0,66.83591255311566,36.89152124109424,15.881580301693868,34.28592788653371,50.57138907560642,79.27529529284224,62.97431549206754,45.48498538151178,50.59512929948684,91.9083423170431,29.710828436764988,58.47917811628143,84.56644701105441,59.66723167566896,45.30132954429697,56.45792864236829,45.0,373.0,1.607635208312041,75.20150220630684,3.5175161973438724,2.8020948192917867,2.8350755421980063,53.4599984183304,5336.0,41.10452042186171,17.74050504384606,5.302821478977204,25.4847912034414,56.63776993638878,78.33983583640642,79.60705491945477,77.78030645313368,58.801848233246375,81.93845987789658,46.06682456751604,77.76403159640886,50.52050397947885,27.6671478323769,17.95009721333828,49.60690900426346,260.0,332.0,419.0
Garissa,Garissa Township,2025-08-01 23:22:43.086192,227,34,192,4.336590261534367,86.36804155759722,1.7621001528460796,2.3282076136312435,2.5465552625186003,84.09776958611357,8419,67.4671461958788,30.44059941203998,18.014782535007647,28.772854972614635,36.41116554849306,53.326939699694165,31.290901022629964,78.8465856703583,68.0944776446425,83.6663908936566,83.34533887532149,70.87311977737124,91.13162272848729,32.82043480520361,37.79641415117261,39.14097976074597,8,2025,42.0,173.0,4.540047246877722,83.04499652315454,4.680393321733015,4.055564698156895,5.226933744255965,58.664176662167264,11795.0,42.82340661561914,21.513500969789185,16.270970542605347,17.156514556333143,24.355472617456822,48.48981228726376,50.42067109831648,59.73650444638635,80.17852486677951,57.24329101732263,60.592493043314064,76.76256400512494,86.2756755569919,63.11475362347922,66.3429605170385,48.77971745694759,59.0,200.0,1.906684771058288,71.9064648069408,2.6118793738840727,4.4102581810289365,2.923804799850662,68.16360081101531,2566.0,93.02710210993716,35.800374110762725,19.089103704513118,22.216252164341068,42.68386645156312,74.88530953140217,78.02943293124488,62.4173677843287,65.00789810459685,67.24663845068338,43.80664204426381,81.14298613471342,63.89856582411226,39.36576700383118,69.48902179696668,56.339407768127465,72.0,259.0,2.314453254475453,93.2753174896406,4.789556663021273,8.29703052875826,7.936538078965207,79.54961368211465,4064.0,66.83591255311566,36.89152124109424,15.881580301693868,34.28592788653371,50.57138907560642,79.27529529284224,62.97431549206754,45.48498538151178,50.59512929948684,91.9083423170431,29.710828436764988,58.47917811628143,84.56644701105441,59.66723167566896,45.30132954429697,56.45792864236829,215.0,260.0,332.0
Garissa,Garissa Township,2025-09-01 23:22:43.086192,198,24,174,2.51697761175054,88.62051271960067,2.5919871018344027,6.871411949577977,3.9658036092357776,42.93257318621598,9166,40.041571575180775,27.76119032868083,19.08780393799809,23.807813763286603,61.853001407703175,75.63678745483685,81.69959627299986,66.9494054067043,72.0142567387802,92.67586429406086,30.333883748948598,58.892733343700925,67.52864040495395,64.74982642895594,69.93287869979892,60.92322733626304,9,2025,34.0,192.0,4.336590261534367,86.36804155759722,1.7621001528460796,2.3282076136312435,2.5465552625186003,84.09776958611357,8419.0,67.4671461958788,30.44059941203998,18.014782535007647,28.772854972614635,36.41116554849306,53.326939699694165,31.290901022629964,78.8465856703583,68.0944776446425,83.6663908936566,83.34533887532149,70.87311977737124,91.13162272848729,32.82043480520361,37.79641415117261,39.14097976074597,42.0,173.0,4.540047246877722,83.04499652315454,4.680393321733015,4.055564698156895,5.226933744255965,58.664176662167264,11795.0,42.82340661561914,21.513500969789185,16.270970542605347,17.156514556333143,24.355472617456822,48.48981228726376,50.42067109831648,59.73650444638635,80.17852486677951,57.24329101732263,60.592493043314064,76.76256400512494,86.2756755569919,63.11475362347922,66.3429605170385,48.77971745694759,59.0,200.0,1.906684771058288,71.9064648069408,2.6118793738840727,4.4102581810289365,2.923804799850662,68.16360081101531,2566.0,93.02710210993716,35.800374110762725,19.089103704513118,22.216252164341068,42.68386645156312,74.88530953140217,78.02943293124488,62.4173677843287,65.00789810459685,67.24663845068338,43.80664204426381,81.14298613471342,63.89856582411226,39.36576700383118,69.48902179696668,56.339407768127465,227.0,215.0,260.0
Garissa,Garissa Township,2025-10-01 23:22:43.086192,201,28,173,2.290721656398263,73.68925598218476,1.747297466793262,5.118609886054518,2.204490137957464,40.87638674133385,8962,74.0208243438388,24.165559005425944,16.124964533745928,34.03955226087267,27.359326174170565,76.14032882054983,53.77244171537026,54.02443055127851,91.69068949586256,44.07205421969995,53.93492001446984,85.49510666429642,83.02979541124988,53.27058673040828,68.33867887994222,50.365159246504064,10,2025,24.0,174.0,2.51697761175054,88.62051271960067,2.5919871018344027,6.871411949577977,3.9658036092357776,42.93257318621598,9166.0,40.041571575180775,27.76119032868083,19.08780393799809,23.807813763286603,61.853001407703175,75.63678745483685,81.69959627299986,66.9494054067043,72.0142567387802,92.67586429406086,30.333883748948598,58.892733343700925,67.52864040495395,64.74982642895594,69.93287869979892,60.92322733626304,34.0,192.0,4.336590261534367,86.36804155759722,1.7621001528460796,2.3282076136312435,2.5465552625186003,84.09776958611357,8419.0,67.4671461958788,30.44059941203998,18.014782535007647,28.772854972614635,36.41116554849306,53.326939699694165,31.290901022629964,78.8465856703583,68.0944776446425,83.6663908936566,83.34533887532149,70.87311977737124,91.13162272848729,32.82043480520361,37.79641415117261,39.14097976074597,42.0,173.0,4.540047246877722,83.04499652315454,4.680393321733015,4.055564698156895,5.226933744255965,58.664176662167264,11795.0,42.82340661561914,21.513500969789185,16.270970542605347,17.156514556333143,24.355472617456822,48.48981228726376,50.42067109831648,59.73650444638635,80.17852486677951,57.24329101732263,60.592493043314064,76.76256400512494,86.2756755569919,63.11475362347922,66.3429605170385,48.77971745694759,198.0,227.0,215.0
Garissa,Garissa Township,2025-11-01 23:22:43.086192,241,52,188,3.236812185044852,92.51926728698363,4.03931108487734,7.588726219090047,1.3477276793427673,79.69310641811671,3612,73.36219487859677,23.665057351036356,7.430428917644058,26.19135169234846,57.21263991923649,59.13883850362023,32.79520795116792,52.83802318053296,74.7641629358117,40.80808320447455,53.568286216767184,65.21729483279455,76.30225959219631,58.0602586656878,16.094614506748574,35.06003039181864,11,2025,28.0,173.0,2.290721656398263,73.68925598218476,1.747297466793262,5.118609886054518,2.204490137957464,40.87638674133385,8962.0,74.0208243438388,24.165559005425944,16.124964533745928,34.03955226087267,27.359326174170565,76.14032882054983,53.77244171537026,54.02443055127851,91.69068949586256,44.07205421969995,53.93492001446984,85.49510666429642,83.02979541124988,53.27058673040828,68.33867887994222,50.365159246504064,24.0,174.0,2.51697761175054,88.62051271960067,2.5919871018344027,6.871411949577977,3.9658036092357776,42.93257318621598,9166.0,40.041571575180775,27.76119032868083,19.08780393799809,23.807813763286603,61.853001407703175,75.63678745483685,81.69959627299986,66.9494054067043,72.0142567387802,92.67586429406086,30.333883748948598,58.892733343700925,67.52864040495395,64.74982642895594,69.93287869979892,60.92322733626304,34.0,192.0,4.336590261534367,86.36804155759722,1.7621001528460796,2.3282076136312435,2.5465552625186003,84.09776958611357,8419.0,67.4671461958788,30.44059941203998,18.014782535007647,28.772854972614635,36.41116554849306,53.326939699694165,31.290901022629964,78.8465856703583,68.0944776446425,83.6663908936566,83.34533887532149,70.87311977737124,91.13162272848729,32.82043480520361,37.79641415117261,39.14097976074597,201.0,198.0,227.0
Garissa,Garissa Township,2025-12-01 23:22:43.086192,275,64,211,2.263431901143408,80.13410629641344,4.655600228819562,9.94281964375114,3.420307770889279,40.09830411067023,2244,81.86778168543614,28.11814571311956,21.978013628740303,10.120393588022011,54.883290690067454,60.996236264934765,57.26350338831498,89.41652101205486,68.7031676267588,92.74708460296304,65.05348869068014,41.56340821253404,70.03535917268992,50.10661643184706,44.03709748962999,45.02554474229891,12,2025,52.0,188.0,3.236812185044852,92.51926728698363,4.03931108487734,7.588726219090047,1.3477276793427673,79.69310641811671,3612.0,73.36219487859677,23.665057351036356,7.430428917644058,26.19135169234846,57.21263991923649,59.13883850362023,32.79520795116792,52.83802318053296,74.7641629358117,40.80808320447455,53.568286216767184,65.21729483279455,76.30225959219631,58.0602586656878,16.094614506748574,35.06003039181864,28.0,173.0,2.290721656398263,73.68925598218476,1.747297466793262,5.118609886054518,2.204490137957464,40.87638674133385,8962.0,74.0208243438388,24.165559005425944,16.124964533745928,34.03955226087267,27.359326174170565,76.14032882054983,53.77244171537026,54.02443055127851,91.69068949586256,44.07205421969995,53.93492001446984,85.49510666429642,83.02979541124988,53.27058673040828,68.33867887994222,50.365159246504064,24.0,174.0,2.51697761175054,88.62051271960067,2.5919871018344027,6.871411949577977,3.9658036092357776,42.93257318621598,9166.0,40.041571575180775,27.76119032868083,19.08780393799809,23.807813763286603,61.853001407703175,75.63678745483685,81.69959627299986,66.9494054067043,72.0142567387802,92.67586429406086,30.333883748948598,58.892733343700925,67.52864040495395,64.74982642895594,69.93287869979892,60.92322733626304,241.0,201.0,198.0
Garissa,Garissa Township,2026-01-01 23:22:43.086192,342,54,287,2.6061186318281098,88.18169082808794,1.1590707592322875,9.299788191493658,7.291580795494842,46.5581550242332,6138,57.59083994291741,31.76502942791912,15.430873222330332,16.930080108672147,28.351466450415995,39.77028543875703,81.63359403916597,41.840214646348606,68.6461919099592,92.65164191953907,60.736849978309166,53.60291342761394,48.69684397423093,27.660631827225544,15.331505836585018,80.62150533354796,1,2026,64.0,211.0,2.263431901143408,80.13410629641344,4.655600228819562,9.94281964375114,3.420307770889279,40.09830411067023,2244.0,81.86778168543614,28.11814571311956,21.978013628740303,10.120393588022011,54.883290690067454,60.996236264934765,57.26350338831498,89.41652101205486,68.7031676267588,92.74708460296304,65.05348869068014,41.56340821253404,70.03535917268992,50.10661643184706,44.03709748962999,45.02554474229891,52.0,188.0,3.236812185044852,92.51926728698363,4.03931108487734,7.588726219090047,1.3477276793427673,79.69310641811671,3612.0,73.36219487859677,23.665057351036356,7.430428917644058,26.19135169234846,57.21263991923649,59.13883850362023,32.79520795116792,52.83802318053296,74.7641629358117,40.80808320447455,53.568286216767184,65.21729483279455,76.30225959219631,58.0602586656878,16.094614506748574,35.06003039181864,28.0,173.0,2.290721656398263,73.68925598218476,1.747297466793262,5.118609886054518,2.204490137957464,40.87638674133385,8962.0,74.0208243438388,24.165559005425944,16.124964533745928,34.03955226087267,27.359326174170565,76.14032882054983,53.77244171537026,54.02443055127851,91.69068949586256,44.07205421969995,53.93492001446984,85.49510666429642,83.02979541124988,53.27058673040828,68.33867887994222,50.365159246504064,275.0,241.0,201.0
Garissa,Garissa Township,2026-02-01 23:22:43.086192,372,68,303,2.3878797847935456,73.38812341874858,4.203085436984116,6.225272249956216,5.264680731046429,70.02672400027625,13376,90.12603728726847,21.03280727693647,21.319892043884373,26.85942738226037,46.58876109812716,68.35685868469875,57.14985816340917,69.88539459747186,90.00846028183534,35.32446991592291,45.87788135232319,58.2828093812805,69.3876744166981,23.04087879327776,16.18727213565193,49.45867727758662,2,2026,54.0,287.0,2.6061186318281098,88.18169082808794,1.1590707592322875,9.299788191493658,7.291580795494842,46.5581550242332,6138.0,57.59083994291741,31.76502942791912,15.430873222330332,16.930080108672147,28.351466450415995,39.77028543875703,81.63359403916597,41.840214646348606,68.6461919099592,92.65164191953907,60.736849978309166,53.60291342761394,48.69684397423093,27.660631827225544,15.331505836585018,80.62150533354796,64.0,211.0,2.263431901143408,80.13410629641344,4.655600228819562,9.94281964375114,3.420307770889279,40.09830411067023,2244.0,81.86778168543614,28.11814571311956,21.978013628740303,10.120393588022011,54.883290690067454,60.996236264934765,57.26350338831498,89.41652101205486,68.7031676267588,92.74708460296304,65.05348869068014,41.56340821253404,70.03535917268992,50.10661643184706,44.03709748962999,45.02554474229891,52.0,188.0,3.236812185044852,92.51926728698363,4.03931108487734,7.588726219090047,1.3477276793427673,79.69310641811671,3612.0,73.36219487859677,23.665057351036356,7.430428917644058,26.19135169234846,57.21263991923649,59.13883850362023,32.79520795116792,52.83802318053296,74.7641629358117,40.80808320447455,53.568286216767184,65.21729483279455,76.30225959219631,58.0602586656878,16.094614506748574,35.06003039181864,342.0,275.0,241.0
Thika,Gatundu,2025-06-01 23:22:43.086192,164,18,145,2.499218480617992,81.49580873750571,2.7410423380903386,8.340848137407253,1.2977074208247217,69.9772304432714,5782,77.63600316961683,41.202391643791934,5.998114672884007,31.574555983973845,36.07053105788447,49.39189043641065,60.21118749337154,88.77563711082482,53.79527886538685,94.81072945408172,35.61161039579848,52.93590878975776,81.53752770442753,43.67702879952439,34.30518512194859,32.9028773648688,6,2025,39.0,158.0,4.61066083544649,70.82851913689505,2.5239469680281243,4.596590908944695,5.722499521225371,73.31002453840648,13330.0,77.22381094910885,30.715251617047706,19.36211758926789,13.18079749239645,23.75565262595585,74.2236142183176,35.9279542635799,69.35294338844031,61.5224025587148,87.70246641513552,33.77658269922486,36.94900613533157,72.71403585495166,52.54594843542367,20.6829146848806,49.077195296462136,51.0,164.0,3.7227332645642313,91.4927786291672,3.5454389000469075,6.222562078519468,1.0939831517241847,72.36111860484331,11962.0,76.84526944155701,41.56644029548619,10.830901557175816,14.74396596423236,38.14547984609874,33.71363089703984,47.33450298194168,88.8686338476426,73.67610501632359,85.6186380399894,36.3229447737561,44.00296862958622,72.99935316610652,72.12841482327012,30.36335213425144,33.87991285087244,43.0,168.0,2.371913803929937,94.3484344785446,4.579458531997789,5.258358562331087,7.884051989737137,57.48312698858702,8677.0,50.04941471620209,23.733707320135764,7.10261697995854,27.46203611365817,37.82481055657382,43.378546159222935,36.11109944669422,77.9846180834704,86.64084688670039,76.68875397690837,75.20164812669168,64.66454315026695,63.86111970142567,61.94474105783884,51.77377721265466,62.551733606263205,198.0,215.0,212.0
Thika,Gatundu,2025-07-01 23:22:43.086192,123,16,106,2.303186933816117,83.75008867863727,1.8800052515308208,7.647847294429373,6.5609440106603385,81.12727000038913,7695,78.59544554870976,16.85864445246781,7.988510431959295,11.949647926457216,67.13565552023971,31.485008378674355,62.10888371093883,69.41021352641695,85.11519859181043,40.59915316798078,55.76929912483036,37.0714113011126,48.94605153952664,65.37548299916196,16.473127558862707,39.430277131236274,7,2025,18.0,145.0,2.499218480617992,81.49580873750571,2.7410423380903386,8.340848137407253,1.2977074208247217,69.9772304432714,5782.0,77.63600316961683,41.202391643791934,5.998114672884007,31.574555983973845,36.07053105788447,49.39189043641065,60.21118749337154,88.77563711082482,53.79527886538685,94.81072945408172,35.61161039579848,52.93590878975776,81.53752770442753,43.67702879952439,34.30518512194859,32.9028773648688,39.0,158.0,4.61066083544649,70.82851913689505,2.5239469680281243,4.596590908944695,5.722499521225371,73.31002453840648,13330.0,77.22381094910885,30.715251617047706,19.36211758926789,13.18079749239645,23.75565262595585,74.2236142183176,35.9279542635799,69.35294338844031,61.5224025587148,87.70246641513552,33.77658269922486,36.94900613533157,72.71403585495166,52.54594843542367,20.6829146848806,49.077195296462136,51.0,164.0,3.7227332645642313,91.4927786291672,3.5454389000469075,6.222562078519468,1.0939831517241847,72.36111860484331,11962.0,76.84526944155701,41.56644029548619,10.830901557175816,14.74396596423236,38.14547984609874,33.71363089703984,47.33450298194168,88.8686338476426,73.67610501632359,85.6186380399894,36.3229447737561,44.00296862958622,72.99935316610652,72.12841482327012,30.36335213425144,33.87991285087244,164.0,198.0,215.0
Thika,Gatundu,2025-08-01 23:22:43.086192,124,28,95,3.1167250506834585,93.26898026947244,3.607394692794165,5.604414347842668,1.1363689577469012,72.85043795447041,8335,38.31273598523566,20.325348158752316,10.466706786288526,11.787402202364802,40.12068589905017,51.20549086123603,60.76433448036525,87.20369252908591,84.29578903884727,74.17631394847848,43.66276465689005,79.30820888906266,73.28893859335881,61.250848330922985,17.706208435083344,50.2332334670969,8,2025,16.0,106.0,2.303186933816117,83.75008867863727,1.8800052515308208,7.647847294429373,6.5609440106603385,81.12727000038913,7695.0,78.59544554870976,16.85864445246781,7.988510431959295,11.949647926457216,67.13565552023971,31.485008378674355,62.10888371093883,69.41021352641695,85.11519859181043,40.59915316798078,55.76929912483036,37.0714113011126,48.94605153952664,65.37548299916196,16.473127558862707,39.430277131236274,18.0,145.0,2.499218480617992,81.49580873750571,2.7410423380903386,8.340848137407253,1.2977074208247217,69.9772304432714,5782.0,77.63600316961683,41.202391643791934,5.998114672884007,31.574555983973845,36.07053105788447,49.39189043641065,60.21118749337154,88.77563711082482,53.79527886538685,94.81072945408172,35.61161039579848,52.93590878975776,81.53752770442753,43.67702879952439,34.30518512194859,32.9028773648688,39.0,158.0,4.61066083544649,70.82851913689505,2.5239469680281243,4.596590908944695,5.722499521225371,73.31002453840648,13330.0,77.22381094910885,30.715251617047706,19.36211758926789,13.18079749239645,23.75565262595585,74.2236142183176,35.9279542635799,69.35294338844031,61.5224025587148,87.70246641513552,33.77658269922486,36.94900613533157,72.71403585495166,52.54594843542367,20.6829146848806,49.077195296462136,123.0,164.0,198.0
Thika,Gatundu,2025-09-01 23:22:43.086192,102,20,81,3.5983084564884167,81.3077063688543,4.05955354863265,8.270482833594691,7.814056237019068,43.74869297204286,9521,78.1934413921046,23.82781881199545,7.73941330337448,12.121121941287091,21.10761283758888,43.21760205316988,72.13468467821131,64.472294840155,88.89460756799392,74.03101501266947,79.331988082148,56.60098361804701,89.53955226962748,56.5496277514354,65.95545013956453,80.74710099868452,9,2025,28.0,95.0,3.1167250506834585,93.26898026947244,3.607394692794165,5.604414347842668,1.1363689577469012,72.85043795447041,8335.0,38.31273598523566,20.325348158752316,10.466706786288526,11.787402202364802,40.12068589905017,51.20549086123603,60.76433448036525,87.20369252908591,84.29578903884727,74.17631394847848,43.66276465689005,79.30820888906266,73.28893859335881,61.250848330922985,17.706208435083344,50.2332334670969,16.0,106.0,2.303186933816117,83.75008867863727,1.8800052515308208,7.647847294429373,6.5609440106603385,81.12727000038913,7695.0,78.59544554870976,16.85864445246781,7.988510431959295,11.949647926457216,67.13565552023971,31.485008378674355,62.10888371093883,69.41021352641695,85.11519859181043,40.59915316798078,55.76929912483036,37.0714113011126,48.94605153952664,65.37548299916196,16.473127558862707,39.430277131236274,18.0,145.0,2.499218480617992,81.49580873750571,2.7410423380903386,8.340848137407253,1.2977074208247217,69.9772304432714,5782.0,77.63600316961683,41.202391643791934,5.998114672884007,31.574555983973845,36.07053105788447,49.39189043641065,60.21118749337154,88.77563711082482,53.79527886538685,94.81072945408172,35.61161039579848,52.93590878975776,81.53752770442753,43.67702879952439,34.30518512194859,32.9028773648688,124.0,123.0,164.0
Thika,Gatundu,2025-10-01 23:22:43.086192,125,27,97,2.039568640090641,82.62427636081588,4.294900845997833,3.150191796039371,2.245287141575079,81.60785301325927,12807,80.77281770910596,40.23133281821103,16.337539970370052,11.961516096881631,38.94925989215489,54.33965527584676,55.25732143404801,52.63105153503279,86.92752472458527,87.23715848669502,71.8900026766965,52.37052085342154,90.86785165114998,73.22590423646601,34.81612023838388,39.66242426196308,10,2025,20.0,81.0,3.5983084564884167,81.3077063688543,4.05955354863265,8.270482833594691,7.814056237019068,43.74869297204286,9521.0,78.1934413921046,23.82781881199545,7.73941330337448,12.121121941287091,21.10761283758888,43.21760205316988,72.13468467821131,64.472294840155,88.89460756799392,74.03101501266947,79.331988082148,56.60098361804701,89.53955226962748,56.5496277514354,65.95545013956453,80.74710099868452,28.0,95.0,3.1167250506834585,93.26898026947244,3.607394692794165,5.604414347842668,1.1363689577469012,72.85043795447041,8335.0,38.31273598523566,20.325348158752316,10.466706786288526,11.787402202364802,40.12068589905017,51.20549086123603,60.76433448036525,87.20369252908591,84.29578903884727,74.17631394847848,43.66276465689005,79.30820888906266,73.28893859335881,61.250848330922985,17.706208435083344,50.2332334670969,16.0,106.0,2.303186933816117,83.75008867863727,1.8800052515308208,7.647847294429373,6.5609440106603385,81.12727000038913,7695.0,78.59544554870976,16.85864445246781,7.988510431959295,11.949647926457216,67.13565552023971,31.485008378674355,62.10888371093883,69.41021352641695,85.11519859181043,40.59915316798078,55.76929912483036,37.0714113011126,48.94605153952664,65.37548299916196,16.473127558862707,39.430277131236274,102.0,124.0,123.0
Thika,Gatundu,2025-11-01 23:22:43.086192,159,34,125,2.4748547132385674,79.29474877631026,3.157000375183899,4.305126387436933,4.101089105606024,61.009984171462605,7520,37.51612226749389,41.2396084717831,17.757481532654527,17.860070161605055,50.71523309913188,75.27007825299819,58.11273966424343,68.08342389816711,45.85985542387797,43.626534727223095,78.27413594875706,38.32442178595066,91.46316196166693,31.805839308796564,42.0725713401856,40.49857818044588,11,2025,27.0,97.0,2.039568640090641,82.62427636081588,4.294900845997833,3.150191796039371,2.245287141575079,81.60785301325927,12807.0,80.77281770910596,40.23133281821103,16.337539970370052,11.961516096881631,38.94925989215489,54.33965527584676,55.25732143404801,52.63105153503279,86.92752472458527,87.23715848669502,71.8900026766965,52.37052085342154,90.86785165114998,73.22590423646601,34.81612023838388,39.66242426196308,20.0,81.0,3.5983084564884167,81.3077063688543,4.05955354863265,8.270482833594691,7.814056237019068,43.74869297204286,9521.0,78.1934413921046,23.82781881199545,7.73941330337448,12.121121941287091,21.10761283758888,43.21760205316988,72.13468467821131,64.472294840155,88.89460756799392,74.03101501266947,79.331988082148,56.60098361804701,89.53955226962748,56.5496277514354,65.95545013956453,80.74710099868452,28.0,95.0,3.1167250506834585,93.26898026947244,3.607394692794165,5.604414347842668,1.1363689577469012,72.85043795447041,8335.0,38.31273598523566,20.325348158752316,10.466706786288526,11.787402202364802,40.12068589905017,51.20549086123603,60.76433448036525,87.20369252908591,84.29578903884727,74.17631394847848,43.66276465689005,79.30820888906266,73.28893859335881,61.250848330922985,17.706208435083344,50.2332334670969,125.0,102.0,124.0
Thika,Gatundu,2025-12-01 23:22:43.086192,189,35,154,1.731433340293265,71.0139033232358,2.621107715860062,6.586466814286389,2.447680823133852,69.38953255685655,4991,33.72873657793599,36.1358349913688,7.070020943656097,33.14568685316719,36.61033863008322,28.804133037505814,35.26886222496137,64.30727458345493,69.4456900422172,57.6418353700111,83.8142060203889,47.33626981044556,48.78346037894368,20.068180893596555,42.352834723438974,47.60556415849441,12,2025,34.0,125.0,2.4748547132385674,79.29474877631026,3.157000375183899,4.305126387436933,4.101089105606024,61.009984171462605,7520.0,37.51612226749389,41.2396084717831,17.757481532654527,17.860070161605055,50.71523309913188,75.27007825299819,58.11273966424343,68.08342389816711,45.85985542387797,43.626534727223095,78.27413594875706,38.32442178595066,91.46316196166693,31.805839308796564,42.0725713401856,40.49857818044588,27.0,97.0,2.039568640090641,82.62427636081588,4.294900845997833,3.150191796039371,2.245287141575079,81.60785301325927,12807.0,80.77281770910596,40.23133281821103,16.337539970370052,11.961516096881631,38.94925989215489,54.33965527584676,55.25732143404801,52.63105153503279,86.92752472458527,87.23715848669502,71.8900026766965,52.37052085342154,90.86785165114998,73.22590423646601,34.81612023838388,39.66242426196308,20.0,81.0,3.5983084564884167,81.3077063688543,4.05955354863265,8.270482833594691,7.814056237019068,43.74869297204286,9521.0,78.1934413921046,23.82781881199545,7.73941330337448,12.121121941287091,21.10761283758888,43.21760205316988,72.13468467821131,64.472294840155,88.89460756799392,74.03101501266947,79.331988082148,56.60098361804701,89.53955226962748,56.5496277514354,65.95545013956453,80.74710099868452,159.0,125.0,102.0
Thika,Gatundu,2026-01-01 23:22:43.086192,199,21,178,3.850645642561199,93.4672710578989,3.3816358816738514,9.18153447655102,3.5814481595767784,57.82164386417506,6788,31.50579779514501,43.64085495574869,11.447593957989673,18.844939125224435,49.40549823836784,78.34669873084087,43.57040981647432,42.55871277959659,61.13285980551173,39.62450387462528,56.61244857405849,36.21769675456223,81.40059708542422,66.20990625715334,47.86316932052548,46.44460151855483,1,2026,35.0,154.0,1.731433340293265,71.0139033232358,2.621107715860062,6.586466814286389,2.447680823133852,69.38953255685655,4991.0,33.72873657793599,36.1358349913688,7.070020943656097,33.14568685316719,36.61033863008322,28.804133037505814,35.26886222496137,64.30727458345493,69.4456900422172,57.6418353700111,83.8142060203889,47.33626981044556,48.78346037894368,20.068180893596555,42.352834723438974,47.60556415849441,34.0,125.0,2.4748547132385674,79.29474877631026,3.157000375183899,4.305126387436933,4.101089105606024,61.009984171462605,7520.0,37.51612226749389,41.2396084717831,17.757481532654527,17.860070161605055,50.71523309913188,75.27007825299819,58.11273966424343,68.08342389816711,45.85985542387797,43.626534727223095,78.27413594875706,38.32442178595066,91.46316196166693,31.805839308796564,42.0725713401856,40.49857818044588,27.0,97.0,2.039568640090641,82.62427636081588,4.294900845997833,3.150191796039371,2.245287141575079,81.60785301325927,12807.0,80.77281770910596,40.23133281821103,16.337539970370052,11.961516096881631,38.94925989215489,54.33965527584676,55.25732143404801,52.63105153503279,86.92752472458527,87.23715848669502,71.8900026766965,52.37052085342154,90.86785165114998,73.22590423646601,34.81612023838388,39.66242426196308,189.0,159.0,125.0
Thika,Gatundu,2026-02-01 23:22:43.086192,207,51,156,4.250330308492137,77.17940519730469,1.564458846277271,6.094620080039331,4.059238382786027,70.5037177217291,12171,89.6266006047689,29.229828083834622,24.139295046454063,20.11155085923847,43.7149494760884,39.4745198225203,48.77135322697252,41.27430243264784,77.51138454307461,88.44072392802897,37.826171928618166,44.22992828738055,70.14012501229567,46.30943447000794,59.71397170354982,44.527057433366544,2,2026,21.0,178.0,3.850645642561199,93.4672710578989,3.3816358816738514,9.18153447655102,3.5814481595767784,57.82164386417506,6788.0,31.50579779514501,43.64085495574869,11.447593957989673,18.844939125224435,49.40549823836784,78.34669873084087,43.57040981647432,42.55871277959659,61.13285980551173,39.62450387462528,56.61244857405849,36.21769675456223,81.40059708542422,66.20990625715334,47.86316932052548,46.44460151855483,35.0,154.0,1.731433340293265,71.0139033232358,2.621107715860062,6.586466814286389,2.447680823133852,69.38953255685655,4991.0,33.72873657793599,36.1358349913688,7.070020943656097,33.14568685316719,36.61033863008322,28.804133037505814,35.26886222496137,64.30727458345493,69.4456900422172,57.6418353700111,83.8142060203889,47.33626981044556,48.78346037894368,20.068180893596555,42.352834723438974,47.60556415849441,34.0,125.0,2.4748547132385674,79.29474877631026,3.157000375183899,4.305126387436933,4.101089105606024,61.009984171462605,7520.0,37.51612226749389,41.2396084717831,17.757481532654527,17.860070161605055,50.71523309913188,75.27007825299819,58.11273966424343,68.08342389816711,45.85985542387797,43.626534727223095,78.27413594875706,38.32442178595066,91.46316196166693,31.805839308796564,42.0725713401856,40.49857818044588,199.0,189.0,159.0
Nakuru,Gilgil,2025-06-01 23:22:43.086192,192,26,166,4.372861596466699,73.5523845907905,3.4118195307873176,6.957748232435707,5.363003164771606,58.91197624011848,7898,90.21171791982027,42.619842447999446,11.953405866598487,33.84252536191717,44.897446851448656,49.57777166568964,47.588195489913616,61.70719518218021,53.458562056853154,78.57008037468745,75.91434196636386,30.966773420491933,75.76221980029098,32.95130940115388,36.46051834802077,80.04612369352007,6,2025,39.0,168.0,3.096911317535027,94.32294648729724,2.056765520587008,8.335495769227732,7.440545567756726,81.09039620009142,6539.0,50.01424206463105,20.66696023711997,10.994330125248853,34.549273821314515,44.619484984983465,48.4053078645974,40.204856396522544,49.688673837592646,57.61916480788325,76.32886476929238,35.568140263385054,57.03952692705453,78.53602252954694,21.01877650515383,43.247903402144,83.17990108355501,44.0,163.0,2.1261206313519185,87.6396877619934,1.9020658683455625,5.603209870495821,3.4296634897737004,50.96890107146025,14234.0,64.39496025587364,17.99918113716522,7.095489163957909,18.232649988427248,50.38592231209185,47.07562214916625,51.70709731946621,78.49699016536988,79.65460393560281,46.12064670425649,81.64457002201476,54.45997054198266,88.65516506905959,41.92527467348564,57.08288406359188,63.79258353933488,27.0,182.0,4.525000499625686,86.04125450941861,3.411852162940112,8.388084245151155,7.53592215629638,54.03712980049349,8356.0,62.552617450501934,41.28282388181728,11.860806342434822,28.97905176569961,67.80047466764515,31.08178187022729,79.68613717029648,49.10421694722979,74.62497558868026,44.36404791266838,75.08351440622467,70.8226504534151,80.71088964978858,29.84863357073906,30.4084817541479,75.59937609631106,208.0,208.0,209.0
Nakuru,Gilgil,2025-07-01 23:22:43.086192,152,27,124,4.5434270077402905,85.6445857112265,1.1215309907609132,8.525267473840474,4.156787137295142,56.30127152315755,5511,32.3628119771818,35.85096520025014,18.17914771470444,23.56174375578899,53.736313564434376,52.00099172178638,35.83609369804372,70.81795763105642,84.25461097163506,41.59771348927641,82.46011780031866,48.75286936409595,91.32040818226687,41.205095280411,40.12604887896863,67.89852658108053,7,2025,26.0,166.0,4.372861596466699,73.5523845907905,3.4118195307873176,6.957748232435707,5.363003164771606,58.91197624011848,7898.0,90.21171791982027,42.619842447999446,11.953405866598487,33.84252536191717,44.897446851448656,49.57777166568964,47.588195489913616,61.70719518218021,53.458562056853154,78.57008037468745,75.91434196636386,30.966773420491933,75.76221980029098,32.95130940115388,36.46051834802077,80.04612369352007,39.0,168.0,3.096911317535027,94.32294648729724,2.056765520587008,8.335495769227732,7.440545567756726,81.09039620009142,6539.0,50.01424206463105,20.66696023711997,10.994330125248853,34.549273821314515,44.619484984983465,48.4053078645974,40.204856396522544,49.688673837592646,57.61916480788325,76.32886476929238,35.568140263385054,57.03952692705453,78.53602252954694,21.01877650515383,43.247903402144,83.17990108355501,44.0,163.0,2.1261206313519185,87.6396877619934,1.9020658683455625,5.603209870495821,3.4296634897737004,50.96890107146025,14234.0,64.39496025587364,17.99918113716522,7.095489163957909,18.232649988427248,50.38592231209185,47.07562214916625,51.70709731946621,78.49699016536988,79.65460393560281,46.12064670425649,81.64457002201476,54.45997054198266,88.65516506905959,41.92527467348564,57.08288406359188,63.79258353933488,192.0,208.0,208.0
Nakuru,Gilgil,2025-08-01 23:22:43.086192,139,23,116,0.7067187412574671,72.09194930652622,1.1745975428030937,6.3300149157294925,3.563190311324034,64.1428266440673,4500,75.43108720767812,33.71260659274972,18.540640246017677,32.12465487056634,44.6863877527282,77.93652039917428,35.93798941894022,70.80262443282203,72.59150450990711,38.12017569703215,29.17949114824131,58.95552469940799,46.85687052532106,73.36570288961072,26.426029692141828,61.01621833889567,8,2025,27.0,124.0,4.5434270077402905,85.6445857112265,1.1215309907609132,8.525267473840474,4.156787137295142,56.30127152315755,5511.0,32.3628119771818,35.85096520025014,18.17914771470444,23.56174375578899,53.736313564434376,52.00099172178638,35.83609369804372,70.81795763105642,84.25461097163506,41.59771348927641,82.46011780031866,48.75286936409595,91.32040818226687,41.205095280411,40.12604887896863,67.89852658108053,26.0,166.0,4.372861596466699,73.5523845907905,3.4118195307873176,6.957748232435707,5.363003164771606,58.91197624011848,7898.0,90.21171791982027,42.619842447999446,11.953405866598487,33.84252536191717,44.897446851448656,49.57777166568964,47.588195489913616,61.70719518218021,53.458562056853154,78.57008037468745,75.91434196636386,30.966773420491933,75.76221980029098,32.95130940115388,36.46051834802077,80.04612369352007,39.0,168.0,3.096911317535027,94.32294648729724,2.056765520587008,8.335495769227732,7.440545567756726,81.09039620009142,6539.0,50.01424206463105,20.66696023711997,10.994330125248853,34.549273821314515,44.619484984983465,48.4053078645974,40.204856396522544,49.688673837592646,57.61916480788325,76.32886476929238,35.568140263385054,57.03952692705453,78.53602252954694,21.01877650515383,43.247903402144,83.17990108355501,152.0,192.0,208.0
Nakuru,Gilgil,2025-09-01 23:22:43.086192,134,31,103,3.539858943045403,74.06850123071821,3.9562516579560127,5.955421251584961,6.054703236137613,64.29438120733204,2759,93.35655176174572,15.090925908546028,24.52327628935538,30.16552672773342,51.233013552929656,57.32470148372319,48.56342667062836,76.64746695531149,69.68055696463037,39.68832036462699,84.63022995718632,71.64507660545064,55.25338852271448,55.65104280534824,63.659847143487056,52.56119812660749,9,2025,23.0,116.0,0.7067187412574671,72.09194930652622,1.1745975428030937,6.3300149157294925,3.563190311324034,64.1428266440673,4500.0,75.43108720767812,33.71260659274972,18.540640246017677,32.12465487056634,44.6863877527282,77.93652039917428,35.93798941894022,70.80262443282203,72.59150450990711,38.12017569703215,29.17949114824131,58.95552469940799,46.85687052532106,73.36570288961072,26.426029692141828,61.01621833889567,27.0,124.0,4.5434270077402905,85.6445857112265,1.1215309907609132,8.525267473840474,4.156787137295142,56.30127152315755,5511.0,32.3628119771818,35.85096520025014,18.17914771470444,23.56174375578899,53.736313564434376,52.00099172178638,35.83609369804372,70.81795763105642,84.25461097163506,41.59771348927641,82.46011780031866,48.75286936409595,91.32040818226687,41.205095280411,40.12604887896863,67.89852658108053,26.0,166.0,4.372861596466699,73.5523845907905,3.4118195307873176,6.957748232435707,5.363003164771606,58.91197624011848,7898.0,90.21171791982027,42.619842447999446,11.953405866598487,33.84252536191717,44.897446851448656,49.57777166568964,47.588195489913616,61.70719518218021,53.458562056853154,78.57008037468745,75.91434196636386,30.966773420491933,75.76221980029098,32.95130940115388,36.46051834802077,80.04612369352007,139.0,152.0,192.0
Nakuru,Gilgil,2025-10-01 23:22:43.086192,120,18,101,1.0239502647946406,80.57153497028555,3.1553552819496185,2.413450863963372,4.914111598645578,42.82300022190391,10289,39.522068595973785,30.947511499087494,16.290115671685044,12.87306437196574,33.90176206349508,54.42313840781313,75.09078022283745,49.23382297156106,75.80028473213873,54.48836962299559,73.31297551615168,48.16273432425736,52.39243330836569,30.00876508822128,19.5743379662458,80.7192200638473,10,2025,31.0,103.0,3.539858943045403,74.06850123071821,3.9562516579560127,5.955421251584961,6.054703236137613,64.29438120733204,2759.0,93.35655176174572,15.090925908546028,24.52327628935538,30.16552672773342,51.233013552929656,57.32470148372319,48.56342667062836,76.64746695531149,69.68055696463037,39.68832036462699,84.63022995718632,71.64507660545064,55.25338852271448,55.65104280534824,63.659847143487056,52.56119812660749,23.0,116.0,0.7067187412574671,72.09194930652622,1.1745975428030937,6.3300149157294925,3.563190311324034,64.1428266440673,4500.0,75.43108720767812,33.71260659274972,18.540640246017677,32.12465487056634,44.6863877527282,77.93652039917428,35.93798941894022,70.80262443282203,72.59150450990711,38.12017569703215,29.17949114824131,58.95552469940799,46.85687052532106,73.36570288961072,26.426029692141828,61.01621833889567,27.0,124.0,4.5434270077402905,85.6445857112265,1.1215309907609132,8.525267473840474,4.156787137295142,56.30127152315755,5511.0,32.3628119771818,35.85096520025014,18.17914771470444,23.56174375578899,53.736313564434376,52.00099172178638,35.83609369804372,70.81795763105642,84.25461097163506,41.59771348927641,82.46011780031866,48.75286936409595,91.32040818226687,41.205095280411,40.12604887896863,67.89852658108053,134.0,139.0,152.0
Nakuru,Gilgil,2025-11-01 23:22:43.086192,173,23,150,0.5151652994339431,89.74257266316756,1.6547428085784517,7.7258652696895,5.432571209164491,71.75488471595008,13389,87.18182529455694,17.173022989515324,8.55948369848411,24.593049974075107,67.91983025580492,65.27469737352241,58.59591306830753,82.77403719193404,53.7285323532464,75.51823316246407,42.34623912636047,70.63224885741002,76.36389737774904,70.99419556228605,29.781615161172677,65.50527879865085,11,2025,18.0,101.0,1.0239502647946406,80.57153497028555,3.1553552819496185,2.413450863963372,4.914111598645578,42.82300022190391,10289.0,39.522068595973785,30.947511499087494,16.290115671685044,12.87306437196574,33.90176206349508,54.42313840781313,75.09078022283745,49.23382297156106,75.80028473213873,54.48836962299559,73.31297551615168,48.16273432425736,52.39243330836569,30.00876508822128,19.5743379662458,80.7192200638473,31.0,103.0,3.539858943045403,74.06850123071821,3.9562516579560127,5.955421251584961,6.054703236137613,64.29438120733204,2759.0,93.35655176174572,15.090925908546028,24.52327628935538,30.16552672773342,51.233013552929656,57.32470148372319,48.56342667062836,76.64746695531149,69.68055696463037,39.68832036462699,84.63022995718632,71.64507660545064,55.25338852271448,55.65104280534824,63.659847143487056,52.56119812660749,23.0,116.0,0.7067187412574671,72.09194930652622,1.1745975428030937,6.3300149157294925,3.563190311324034,64.1428266440673,4500.0,75.43108720767812,33.71260659274972,18.540640246017677,32.12465487056634,44.6863877527282,77.93652039917428,35.93798941894022,70.80262443282203,72.59150450990711,38.12017569703215,29.17949114824131,58.95552469940799,46.85687052532106,73.36570288961072,26.426029692141828,61.01621833889567,120.0,134.0,139.0
Nakuru,Gilgil,2025-12-01 23:22:43.086192,169,32,137,3.8624480298316746,74.88816396234209,3.35639526985079,5.698327308497655,4.937666207984691,58.07343767831384,9916,40.79246759280077,18.34101726438092,23.592826293452024,26.490737815672745,26.97792793617664,26.2956403230778,49.60913454797283,67.98678922964672,66.15628526031378,35.994127085034805,75.01064667273607,33.46242967982722,62.67440883967837,74.45760860361447,43.68783823886309,44.65670132116402,12,2025,23.0,150.0,0.5151652994339431,89.74257266316756,1.6547428085784517,7.7258652696895,5.432571209164491,71.75488471595008,13389.0,87.18182529455694,17.173022989515324,8.55948369848411,24.593049974075107,67.91983025580492,65.27469737352241,58.59591306830753,82.77403719193404,53.7285323532464,75.51823316246407,42.34623912636047,70.63224885741002,76.36389737774904,70.99419556228605,29.781615161172677,65.50527879865085,18.0,101.0,1.0239502647946406,80.57153497028555,3.1553552819496185,2.413450863963372,4.914111598645578,42.82300022190391,10289.0,39.522068595973785,30.947511499087494,16.290115671685044,12.87306437196574,33.90176206349508,54.42313840781313,75.09078022283745,49.23382297156106,75.80028473213873,54.48836962299559,73.31297551615168,48.16273432425736,52.39243330836569,30.00876508822128,19.5743379662458,80.7192200638473,31.0,103.0,3.539858943045403,74.06850123071821,3.9562516579560127,5.955421251584961,6.054703236137613,64.29438120733204,2759.0,93.35655176174572,15.090925908546028,24.52327628935538,30.16552672773342,51.233013552929656,57.32470148372319,48.56342667062836,76.64746695531149,69.68055696463037,39.68832036462699,84.63022995718632,71.64507660545064,55.25338852271448,55.65104280534824,63.659847143487056,52.56119812660749,173.0,120.0,134.0
Nakuru,Gilgil,2026-01-01 23:22:43.086192,238,57,181,0.6479733009297237,70.40018933092489,2.14072969423289,2.2983298487441592,4.86371162141958,83.70000921997948,8099,58.96139739187309,40.71461703311445,14.802753738652475,16.566410102271554,61.87208357064972,26.395414416614823,44.17193296794702,67.56617879756202,57.91814836995084,87.1024969935462,50.54060804598243,30.72675991547017,81.00569009128611,58.58418355080798,37.83127947633018,67.78351038888317,1,2026,32.0,137.0,3.8624480298316746,74.88816396234209,3.35639526985079,5.698327308497655,4.937666207984691,58.07343767831384,9916.0,40.79246759280077,18.34101726438092,23.592826293452024,26.490737815672745,26.97792793617664,26.2956403230778,49.60913454797283,67.98678922964672,66.15628526031378,35.994127085034805,75.01064667273607,33.46242967982722,62.67440883967837,74.45760860361447,43.68783823886309,44.65670132116402,23.0,150.0,0.5151652994339431,89.74257266316756,1.6547428085784517,7.7258652696895,5.432571209164491,71.75488471595008,13389.0,87.18182529455694,17.173022989515324,8.55948369848411,24.593049974075107,67.91983025580492,65.27469737352241,58.59591306830753,82.77403719193404,53.7285323532464,75.51823316246407,42.34623912636047,70.63224885741002,76.36389737774904,70.99419556228605,29.781615161172677,65.50527879865085,18.0,101.0,1.0239502647946406,80.57153497028555,3.1553552819496185,2.413450863963372,4.914111598645578,42.82300022190391,10289.0,39.522068595973785,30.947511499087494,16.290115671685044,12.87306437196574,33.90176206349508,54.42313840781313,75.09078022283745,49.23382297156106,75.80028473213873,54.48836962299559,73.31297551615168,48.16273432425736,52.39243330836569,30.00876508822128,19.5743379662458,80.7192200638473,169.0,173.0,120.0
Nakuru,Gilgil,2026-02-01 23:22:43.086192,231,49,181,1.2962374971206496,93.91474195483303,1.6413776843857812,7.109639069109086,5.950533299058583,75.94983442165923,10878,32.518668063127095,17.489037822012467,20.318378702274316,25.73129064877641,24.89683553823977,32.34644013596222,52.60977517199999,49.93549872287991,45.29407021921296,89.18424781234413,47.843580824612886,48.63905069220233,92.36355141032875,69.0854000546484,19.71322298671725,45.621087795919394,2,2026,57.0,181.0,0.6479733009297237,70.40018933092489,2.14072969423289,2.2983298487441592,4.86371162141958,83.70000921997948,8099.0,58.96139739187309,40.71461703311445,14.802753738652475,16.566410102271554,61.87208357064972,26.395414416614823,44.17193296794702,67.56617879756202,57.91814836995084,87.1024969935462,50.54060804598243,30.72675991547017,81.00569009128611,58.58418355080798,37.83127947633018,67.78351038888317,32.0,137.0,3.8624480298316746,74.88816396234209,3.35639526985079,5.698327308497655,4.937666207984691,58.07343767831384,9916.0,40.79246759280077,18.34101726438092,23.592826293452024,26.490737815672745,26.97792793617664,26.2956403230778,49.60913454797283,67.98678922964672,66.15628526031378,35.994127085034805,75.01064667273607,33.46242967982722,62.67440883967837,74.45760860361447,43.68783823886309,44.65670132116402,23.0,150.0,0.5151652994339431,89.74257266316756,1.6547428085784517,7.7258652696895,5.432571209164491,71.75488471595008,13389.0,87.18182529455694,17.173022989515324,8.55948369848411,24.593049974075107,67.91983025580492,65.27469737352241,58.59591306830753,82.77403719193404,53.7285323532464,75.51823316246407,42.34623912636047,70.63224885741002,76.36389737774904,70.99419556228605,29.781615161172677,65.50527879865085,238.0,169.0,173.0
Mombasa,Jomvu,2025-06-01 23:22:43.086192,118,13,105,1.8043918837181527,80.08913906272457,2.0052755629429546,4.820928122118979,6.804894167846078,51.37467672220996,8874,56.59019606892878,18.360017728362457,10.271936213761697,20.66508662506451,38.48994991542888,66.76840713387604,67.01121955772018,42.558379185817934,47.64440100801983,59.08533267330625,47.73353091809507,46.95050465112576,46.740050833187645,44.14218045855065,10.52574761497124,33.92953386823076,6,2025,40.0,133.0,1.1196772821731773,78.25615500679207,4.091508964738429,8.440699572671786,3.3307349603489214,77.37448099761775,7121.0,32.29440169956828,19.573078636492596,18.65877091900714,29.349112278171603,49.21573052922018,32.952204981643604,49.06581829713335,46.23412524702574,44.04346879127617,56.66184345590612,35.51597103124848,75.55763353510702,80.06754589908965,57.799412496245246,18.51466178819277,55.71939417851714,26.0,114.0,2.9055436254136264,84.42408284291074,3.660880963319459,9.724098117353954,7.426249216737419,75.25396163505148,2879.0,70.98373828248958,18.26075487491972,17.50259904788436,12.417495616534584,56.39381495781675,61.6803590320115,67.47610824864071,74.00112270878992,94.1222544673452,65.21624941591554,31.18895109135917,75.52920716767892,66.33089425004563,21.48144088919833,29.514306141315974,75.90875620301323,18.0,127.0,0.7810470012077697,86.33237075493567,4.025068315978411,3.3319132123341424,1.1575965582356071,62.55745716597504,4775.0,40.60086249470977,24.05330717318968,11.182050073850904,29.080983682637218,34.02006275734944,36.85737095408575,70.40049133084102,71.72625636500666,57.51869963731345,46.24163454578253,48.40780413836515,41.85671304443343,96.38191701098684,65.11339830769373,26.859732053524795,36.12202003663548,173.0,140.0,146.0
Mombasa,Jomvu,2025-07-01 23:22:43.086192,109,25,84,4.196934510148285,72.65386225988274,2.727944257001596,8.488105257909204,7.4132072210094675,61.24751447260673,10441,40.96204450977053,17.6566439856066,6.572370824673646,21.894180392046344,47.39007792873987,68.37820188126247,62.83735775832736,41.90917590123668,61.022846532912745,72.146522269829,39.230229868970085,82.48575606689593,81.48816036026987,54.82057192645923,20.255899876996025,41.03751493758252,7,2025,13.0,105.0,1.8043918837181527,80.08913906272457,2.0052755629429546,4.820928122118979,6.804894167846078,51.37467672220996,8874.0,56.59019606892878,18.360017728362457,10.271936213761697,20.66508662506451,38.48994991542888,66.76840713387604,67.01121955772018,42.558379185817934,47.64440100801983,59.08533267330625,47.73353091809507,46.95050465112576,46.740050833187645,44.14218045855065,10.52574761497124,33.92953386823076,40.0,133.0,1.1196772821731773,78.25615500679207,4.091508964738429,8.440699572671786,3.3307349603489214,77.37448099761775,7121.0,32.29440169956828,19.573078636492596,18.65877091900714,29.349112278171603,49.21573052922018,32.952204981643604,49.06581829713335,46.23412524702574,44.04346879127617,56.66184345590612,35.51597103124848,75.55763353510702,80.06754589908965,57.799412496245246,18.51466178819277,55.71939417851714,26.0,114.0,2.9055436254136264,84.42408284291074,3.660880963319459,9.724098117353954,7.426249216737419,75.25396163505148,2879.0,70.98373828248958,18.26075487491972,17.50259904788436,12.417495616534584,56.39381495781675,61.6803590320115,67.47610824864071,74.00112270878992,94.1222544673452,65.21624941591554,31.18895109135917,75.52920716767892,66.33089425004563,21.48144088919833,29.514306141315974,75.90875620301323,118.0,173.0,140.0
Mombasa,Jomvu,2025-08-01 23:22:43.086192,87,16,71,1.5573761390357008,87.9755956387121,2.667391097916658,6.854671278615389,3.588519992550928,82.45890899331961,10600,75.99537043860069,41.27818414069183,14.529958576978787,18.574743570168195,47.70083631224786,76.81850004284392,46.97031959593964,49.46976876351437,86.55664981520212,83.73985280595812,27.64156571506341,87.91848767755513,57.97093650682481,57.60841999873366,19.552319725420173,80.46111780304626,8,2025,25.0,84.0,4.196934510148285,72.65386225988274,2.727944257001596,8.488105257909204,7.4132072210094675,61.24751447260673,10441.0,40.96204450977053,17.6566439856066,6.572370824673646,21.894180392046344,47.39007792873987,68.37820188126247,62.83735775832736,41.90917590123668,61.022846532912745,72.146522269829,39.230229868970085,82.48575606689593,81.48816036026987,54.82057192645923,20.255899876996025,41.03751493758252,13.0,105.0,1.8043918837181527,80.08913906272457,2.0052755629429546,4.820928122118979,6.804894167846078,51.37467672220996,8874.0,56.59019606892878,18.360017728362457,10.271936213761697,20.66508662506451,38.48994991542888,66.76840713387604,67.01121955772018,42.558379185817934,47.64440100801983,59.08533267330625,47.73353091809507,46.95050465112576,46.740050833187645,44.14218045855065,10.52574761497124,33.92953386823076,40.0,133.0,1.1196772821731773,78.25615500679207,4.091508964738429,8.440699572671786,3.3307349603489214,77.37448099761775,7121.0,32.29440169956828,19.573078636492596,18.65877091900714,29.349112278171603,49.21573052922018,32.952204981643604,49.06581829713335,46.23412524702574,44.04346879127617,56.66184345590612,35.51597103124848,75.55763353510702,80.06754589908965,57.799412496245246,18.51466178819277,55.71939417851714,109.0,118.0,173.0
Mombasa,Jomvu,2025-09-01 23:22:43.086192,81,10,71,1.4401677238098878,70.05595402102057,4.80733065731531,3.399180055538854,4.384464072369646,70.24337370077181,5385,83.09742146038391,41.65949555072102,12.903427047008012,11.127122740959184,59.2579677638489,69.20642197482813,76.72272017304742,80.75505476544363,78.6763949893226,68.02750156486417,64.62059733047967,52.29903821827449,77.73152074024213,47.26619311857523,25.050539700569164,53.88238906138747,9,2025,16.0,71.0,1.5573761390357008,87.9755956387121,2.667391097916658,6.854671278615389,3.588519992550928,82.45890899331961,10600.0,75.99537043860069,41.27818414069183,14.529958576978787,18.574743570168195,47.70083631224786,76.81850004284392,46.97031959593964,49.46976876351437,86.55664981520212,83.73985280595812,27.64156571506341,87.91848767755513,57.97093650682481,57.60841999873366,19.552319725420173,80.46111780304626,25.0,84.0,4.196934510148285,72.65386225988274,2.727944257001596,8.488105257909204,7.4132072210094675,61.24751447260673,10441.0,40.96204450977053,17.6566439856066,6.572370824673646,21.894180392046344,47.39007792873987,68.37820188126247,62.83735775832736,41.90917590123668,61.022846532912745,72.146522269829,39.230229868970085,82.48575606689593,81.48816036026987,54.82057192645923,20.255899876996025,41.03751493758252,13.0,105.0,1.8043918837181527,80.08913906272457,2.0052755629429546,4.820928122118979,6.804894167846078,51.37467672220996,8874.0,56.59019606892878,18.360017728362457,10.271936213761697,20.66508662506451,38.48994991542888,66.76840713387604,67.01121955772018,42.558379185817934,47.64440100801983,59.08533267330625,47.73353091809507,46.95050465112576,46.740050833187645,44.14218045855065,10.52574761497124,33.92953386823076,87.0,109.0,118.0
Mombasa,Jomvu,2025-10-01 23:22:43.086192,99,11,87,4.481876725433296,91.9973672108435,3.3701684570614288,3.3258371872080685,1.7583773155300488,69.15303544828619,13025,35.8581073781309,44.754025276225086,9.189350217559795,33.81034980243303,23.96875454837118,36.06947196136533,41.8829913379511,53.65299340422357,40.34141499292144,45.11348084899714,43.952060707869066,44.87263559992484,93.53683776618551,62.19432653987694,16.49146427362711,44.23263743549244,10,2025,10.0,71.0,1.4401677238098878,70.05595402102057,4.80733065731531,3.399180055538854,4.384464072369646,70.24337370077181,5385.0,83.09742146038391,41.65949555072102,12.903427047008012,11.127122740959184,59.2579677638489,69.20642197482813,76.72272017304742,80.75505476544363,78.6763949893226,68.02750156486417,64.62059733047967,52.29903821827449,77.73152074024213,47.26619311857523,25.050539700569164,53.88238906138747,16.0,71.0,1.5573761390357008,87.9755956387121,2.667391097916658,6.854671278615389,3.588519992550928,82.45890899331961,10600.0,75.99537043860069,41.27818414069183,14.529958576978787,18.574743570168195,47.70083631224786,76.81850004284392,46.97031959593964,49.46976876351437,86.55664981520212,83.73985280595812,27.64156571506341,87.91848767755513,57.97093650682481,57.60841999873366,19.552319725420173,80.46111780304626,25.0,84.0,4.196934510148285,72.65386225988274,2.727944257001596,8.488105257909204,7.4132072210094675,61.24751447260673,10441.0,40.96204450977053,17.6566439856066,6.572370824673646,21.894180392046344,47.39007792873987,68.37820188126247,62.83735775832736,41.90917590123668,61.022846532912745,72.146522269829,39.230229868970085,82.48575606689593,81.48816036026987,54.82057192645923,20.255899876996025,41.03751493758252,81.0,87.0,109.0
Mombasa,Jomvu,2025-11-01 23:22:43.086192,105,24,81,2.624270329509213,72.62865040380814,2.704837178752868,8.426195988283427,2.492805893169105,43.05325546656639,7071,49.87378372250896,43.89270854695317,6.884762431027378,25.593206741041826,54.13872382346708,37.17118886478599,62.55038059736632,67.85750963230035,70.99551791025868,44.16021737896799,54.54124387975635,77.40484010225252,76.79538644388205,28.529669474609012,68.04484134670778,35.53438185071271,11,2025,11.0,87.0,4.481876725433296,91.9973672108435,3.3701684570614288,3.3258371872080685,1.7583773155300488,69.15303544828619,13025.0,35.8581073781309,44.754025276225086,9.189350217559795,33.81034980243303,23.96875454837118,36.06947196136533,41.8829913379511,53.65299340422357,40.34141499292144,45.11348084899714,43.952060707869066,44.87263559992484,93.53683776618551,62.19432653987694,16.49146427362711,44.23263743549244,10.0,71.0,1.4401677238098878,70.05595402102057,4.80733065731531,3.399180055538854,4.384464072369646,70.24337370077181,5385.0,83.09742146038391,41.65949555072102,12.903427047008012,11.127122740959184,59.2579677638489,69.20642197482813,76.72272017304742,80.75505476544363,78.6763949893226,68.02750156486417,64.62059733047967,52.29903821827449,77.73152074024213,47.26619311857523,25.050539700569164,53.88238906138747,16.0,71.0,1.5573761390357008,87.9755956387121,2.667391097916658,6.854671278615389,3.588519992550928,82.45890899331961,10600.0,75.99537043860069,41.27818414069183,14.529958576978787,18.574743570168195,47.70083631224786,76.81850004284392,46.97031959593964,49.46976876351437,86.55664981520212,83.73985280595812,27.64156571506341,87.91848767755513,57.97093650682481,57.60841999873366,19.552319725420173,80.46111780304626,99.0,81.0,87.0
Mombasa,Jomvu,2025-12-01 23:22:43.086192,134,14,120,0.5087587980323995,70.85281595252616,3.4176617143851646,9.329977970727526,6.3711801375327966,81.80680158189759,11425,49.468046535177,22.890294333984627,13.817290795005889,33.97685072151377,54.70478301366706,79.05704065979285,59.919841019460506,82.5675918103355,48.25042139886907,37.56788186124202,65.81895245514582,48.03535521950858,92.13135681144324,36.215996363478354,49.45925862220859,45.81419571015508,12,2025,24.0,81.0,2.624270329509213,72.62865040380814,2.704837178752868,8.426195988283427,2.492805893169105,43.05325546656639,7071.0,49.87378372250896,43.89270854695317,6.884762431027378,25.593206741041826,54.13872382346708,37.17118886478599,62.55038059736632,67.85750963230035,70.99551791025868,44.16021737896799,54.54124387975635,77.40484010225252,76.79538644388205,28.529669474609012,68.04484134670778,35.53438185071271,11.0,87.0,4.481876725433296,91.9973672108435,3.3701684570614288,3.3258371872080685,1.7583773155300488,69.15303544828619,13025.0,35.8581073781309,44.754025276225086,9.189350217559795,33.81034980243303,23.96875454837118,36.06947196136533,41.8829913379511,53.65299340422357,40.34141499292144,45.11348084899714,43.952060707869066,44.87263559992484,93.53683776618551,62.19432653987694,16.49146427362711,44.23263743549244,10.0,71.0,1.4401677238098878,70.05595402102057,4.80733065731531,3.399180055538854,4.384464072369646,70.24337370077181,5385.0,83.09742146038391,41.65949555072102,12.903427047008012,11.127122740959184,59.2579677638489,69.20642197482813,76.72272017304742,80.75505476544363,78.6763949893226,68.02750156486417,64.62059733047967,52.29903821827449,77.73152074024213,47.26619311857523,25.050539700569164,53.88238906138747,105.0,99.0,81.0
Mombasa,Jomvu,2026-01-01 23:22:43.086192,162,28,134,0.9976346602745664,73.86669622970777,4.77775872271144,2.786023237075664,3.1018523904865387,53.50015437702263,13042,73.6229227383127,29.622698623136383,9.972248389745694,26.190701724218467,31.315766304775032,39.6786356586571,34.474825234240896,66.08297201624472,81.88114384412785,61.9406160260044,84.38255110423457,55.89301385194384,61.07484782718083,37.45179326439936,27.43682151664565,33.168402669891776,1,2026,14.0,120.0,0.5087587980323995,70.85281595252616,3.4176617143851646,9.329977970727526,6.3711801375327966,81.80680158189759,11425.0,49.468046535177,22.890294333984627,13.817290795005889,33.97685072151377,54.70478301366706,79.05704065979285,59.919841019460506,82.5675918103355,48.25042139886907,37.56788186124202,65.81895245514582,48.03535521950858,92.13135681144324,36.215996363478354,49.45925862220859,45.81419571015508,24.0,81.0,2.624270329509213,72.62865040380814,2.704837178752868,8.426195988283427,2.492805893169105,43.05325546656639,7071.0,49.87378372250896,43.89270854695317,6.884762431027378,25.593206741041826,54.13872382346708,37.17118886478599,62.55038059736632,67.85750963230035,70.99551791025868,44.16021737896799,54.54124387975635,77.40484010225252,76.79538644388205,28.529669474609012,68.04484134670778,35.53438185071271,11.0,87.0,4.481876725433296,91.9973672108435,3.3701684570614288,3.3258371872080685,1.7583773155300488,69.15303544828619,13025.0,35.8581073781309,44.754025276225086,9.189350217559795,33.81034980243303,23.96875454837118,36.06947196136533,41.8829913379511,53.65299340422357,40.34141499292144,45.11348084899714,43.952060707869066,44.87263559992484,93.53683776618551,62.19432653987694,16.49146427362711,44.23263743549244,134.0,105.0,99.0
Mombasa,Jomvu,2026-02-01 23:22:43.086192,177,42,135,1.0958610974961842,93.34431372370962,3.317084744886216,2.698857066253008,3.175782770221381,76.84679849781165,11931,54.86879236577478,19.720206344325195,14.110955544533814,20.644343573471154,52.18529807468743,47.72145655088891,80.0928408053268,69.3625289325615,50.727535915484175,93.15232703992277,50.68566067933181,54.62389682999999,51.144263373000825,66.65348836753489,31.669347037582863,68.32303665439198,2,2026,28.0,134.0,0.9976346602745664,73.86669622970777,4.77775872271144,2.786023237075664,3.1018523904865387,53.50015437702263,13042.0,73.6229227383127,29.622698623136383,9.972248389745694,26.190701724218467,31.315766304775032,39.6786356586571,34.474825234240896,66.08297201624472,81.88114384412785,61.9406160260044,84.38255110423457,55.89301385194384,61.07484782718083,37.45179326439936,27.43682151664565,33.168402669891776,14.0,120.0,0.5087587980323995,70.85281595252616,3.4176617143851646,9.329977970727526,6.3711801375327966,81.80680158189759,11425.0,49.468046535177,22.890294333984627,13.817290795005889,33.97685072151377,54.70478301366706,79.05704065979285,59.919841019460506,82.5675918103355,48.25042139886907,37.56788186124202,65.81895245514582,48.03535521950858,92.13135681144324,36.215996363478354,49.45925862220859,45.81419571015508,24.0,81.0,2.624270329509213,72.62865040380814,2.704837178752868,8.426195988283427,2.492805893169105,43.05325546656639,7071.0,49.87378372250896,43.89270854695317,6.884762431027378,25.593206741041826,54.13872382346708,37.17118886478599,62.55038059736632,67.85750963230035,70.99551791025868,44.16021737896799,54.54124387975635,77.40484010225252,76.79538644388205,28.529669474609012,68.04484134670778,35.53438185071271,162.0,134.0,105.0
Thika,Juja,2025-06-01 23:22:43.086192,107,12,94,3.8142630366168913,87.00610682797584,2.1753410962639004,5.661318254347287,7.68634900237301,73.2075156693231,3935,78.82975726044648,32.108962947513874,15.750955942508572,33.334025807944855,33.17577280583812,55.79262117185674,62.85383633474316,77.85381328667484,50.364918882552985,66.58504239612421,59.96240487292838,32.49419756964178,93.97079564721234,76.64920744176584,26.59225941331129,69.34799538016843,6,2025,15.0,75.0,2.882071766265688,93.30333316336852,2.711912281044381,8.492519380170808,4.461299018052882,44.3130887844359,11206.0,58.19494315489602,42.887631424725626,20.20150331312537,17.214441623743745,41.0116048355965,59.64537812961751,37.10887008858686,76.82616355470262,83.0738953349937,47.14129982917829,43.0492987905885,80.0928475019347,77.14812696040116,30.70303757398148,58.14809785049735,57.64003694802987,26.0,94.0,2.2808514576805234,80.48690956261612,3.027126923595484,4.5502774180805,5.408767879024217,42.4380169332464,8030.0,32.32381524986398,23.951767298528274,10.940350759644607,15.338162850963482,67.99246193018047,73.54873124352093,78.14023221405819,52.347302502616046,78.10462697911382,53.92194970189579,72.88602021516226,49.2219790604639,74.82335252874384,24.56009724697385,19.54642806416476,69.90563240265215,19.0,99.0,3.734925113823989,88.82424555453747,2.3850194183896463,5.778621533837383,6.730764049039293,68.68647429581654,6709.0,58.99570784815667,40.91120114792294,6.319139713405271,18.19985270955881,59.93935003987904,43.40351254670718,45.53570558243281,74.97501399854556,78.58460237126113,84.42553965342773,25.11373391091542,80.415733882094,70.66598031426601,58.58114915508276,44.7241943528037,30.519125256772163,91.0,120.0,118.0
Thika,Juja,2025-07-01 23:22:43.086192,79,19,59,4.742220624303312,79.79511174330814,4.285436449906845,4.7934918896657575,6.645719901652163,50.96621637182188,12883,35.96035566010124,30.43846320036964,6.598038220865721,28.864558076843192,55.5181198163444,77.18189127817473,33.85979323145962,51.31084379687566,96.2624863016952,79.21863419404818,27.180354712025817,81.38611645739462,52.77119989033348,33.574287764993215,29.14357875537179,75.47513408982972,7,2025,12.0,94.0,3.8142630366168913,87.00610682797584,2.1753410962639004,5.661318254347287,7.68634900237301,73.2075156693231,3935.0,78.82975726044648,32.108962947513874,15.750955942508572,33.334025807944855,33.17577280583812,55.79262117185674,62.85383633474316,77.85381328667484,50.364918882552985,66.58504239612421,59.96240487292838,32.49419756964178,93.97079564721234,76.64920744176584,26.59225941331129,69.34799538016843,15.0,75.0,2.882071766265688,93.30333316336852,2.711912281044381,8.492519380170808,4.461299018052882,44.3130887844359,11206.0,58.19494315489602,42.887631424725626,20.20150331312537,17.214441623743745,41.0116048355965,59.64537812961751,37.10887008858686,76.82616355470262,83.0738953349937,47.14129982917829,43.0492987905885,80.0928475019347,77.14812696040116,30.70303757398148,58.14809785049735,57.64003694802987,26.0,94.0,2.2808514576805234,80.48690956261612,3.027126923595484,4.5502774180805,5.408767879024217,42.4380169332464,8030.0,32.32381524986398,23.951767298528274,10.940350759644607,15.338162850963482,67.99246193018047,73.54873124352093,78.14023221405819,52.347302502616046,78.10462697911382,53.92194970189579,72.88602021516226,49.2219790604639,74.82335252874384,24.56009724697385,19.54642806416476,69.90563240265215,107.0,91.0,120.0
Thika,Juja,2025-08-01 23:22:43.086192,73,17,56,3.168112885009759,75.57862386233217,4.886843242140065,9.13676533443067,5.4291734158113885,69.3686665356791,5779,33.65479990430511,32.183143576047854,7.905758583792419,13.077268709512454,62.22973921715593,30.83798446090197,32.77156241569691,62.84770773505247,77.85722571684265,83.68050431288086,64.12955117981755,60.40026802988277,77.5997945229499,64.06330755529703,56.03435096659808,43.68006485184,8,2025,19.0,59.0,4.742220624303312,79.79511174330814,4.285436449906845,4.7934918896657575,6.645719901652163,50.96621637182188,12883.0,35.96035566010124,30.43846320036964,6.598038220865721,28.864558076843192,55.5181198163444,77.18189127817473,33.85979323145962,51.31084379687566,96.2624863016952,79.21863419404818,27.180354712025817,81.38611645739462,52.77119989033348,33.574287764993215,29.14357875537179,75.47513408982972,12.0,94.0,3.8142630366168913,87.00610682797584,2.1753410962639004,5.661318254347287,7.68634900237301,73.2075156693231,3935.0,78.82975726044648,32.108962947513874,15.750955942508572,33.334025807944855,33.17577280583812,55.79262117185674,62.85383633474316,77.85381328667484,50.364918882552985,66.58504239612421,59.96240487292838,32.49419756964178,93.97079564721234,76.64920744176584,26.59225941331129,69.34799538016843,15.0,75.0,2.882071766265688,93.30333316336852,2.711912281044381,8.492519380170808,4.461299018052882,44.3130887844359,11206.0,58.19494315489602,42.887631424725626,20.20150331312537,17.214441623743745,41.0116048355965,59.64537812961751,37.10887008858686,76.82616355470262,83.0738953349937,47.14129982917829,43.0492987905885,80.0928475019347,77.14812696040116,30.70303757398148,58.14809785049735,57.64003694802987,79.0,107.0,91.0
Thika,Juja,2025-09-01 23:22:43.086192,81,19,61,0.7166119773871786,84.64815099230938,4.503301639485882,6.00416622871168,1.0852289405094078,58.08167032066686,6934,48.54670627050511,20.26419379078037,21.845581948090334,20.92353849733397,23.33644436244579,41.51861466884813,50.92790513323887,70.2340386207483,72.47084779091156,35.875776974494286,31.3768285322052,43.52035216541071,76.6389846244819,53.68332251037385,63.08855622055368,45.44800010093159,9,2025,17.0,56.0,3.168112885009759,75.57862386233217,4.886843242140065,9.13676533443067,5.4291734158113885,69.3686665356791,5779.0,33.65479990430511,32.183143576047854,7.905758583792419,13.077268709512454,62.22973921715593,30.83798446090197,32.77156241569691,62.84770773505247,77.85722571684265,83.68050431288086,64.12955117981755,60.40026802988277,77.5997945229499,64.06330755529703,56.03435096659808,43.68006485184,19.0,59.0,4.742220624303312,79.79511174330814,4.285436449906845,4.7934918896657575,6.645719901652163,50.96621637182188,12883.0,35.96035566010124,30.43846320036964,6.598038220865721,28.864558076843192,55.5181198163444,77.18189127817473,33.85979323145962,51.31084379687566,96.2624863016952,79.21863419404818,27.180354712025817,81.38611645739462,52.77119989033348,33.574287764993215,29.14357875537179,75.47513408982972,12.0,94.0,3.8142630366168913,87.00610682797584,2.1753410962639004,5.661318254347287,7.68634900237301,73.2075156693231,3935.0,78.82975726044648,32.108962947513874,15.750955942508572,33.334025807944855,33.17577280583812,55.79262117185674,62.85383633474316,77.85381328667484,50.364918882552985,66.58504239612421,59.96240487292838,32.49419756964178,93.97079564721234,76.64920744176584,26.59225941331129,69.34799538016843,73.0,79.0,107.0
Thika,Juja,2025-10-01 23:22:43.086192,66,16,49,1.0977079071360207,90.79526328531485,2.905467155020432,5.567761978365972,7.331019117993363,72.37596519112881,9093,84.18812539740756,27.990757984446716,7.5221152624238545,18.742089095914366,36.66696834457473,78.27684971726313,73.97290813009802,74.9020991922863,83.4563084609598,54.01352866861435,81.66157307869094,41.63931780334085,80.86349240592206,57.5919848113092,46.911252705481786,84.87498362336551,10,2025,19.0,61.0,0.7166119773871786,84.64815099230938,4.503301639485882,6.00416622871168,1.0852289405094078,58.08167032066686,6934.0,48.54670627050511,20.26419379078037,21.845581948090334,20.92353849733397,23.33644436244579,41.51861466884813,50.92790513323887,70.2340386207483,72.47084779091156,35.875776974494286,31.3768285322052,43.52035216541071,76.6389846244819,53.68332251037385,63.08855622055368,45.44800010093159,17.0,56.0,3.168112885009759,75.57862386233217,4.886843242140065,9.13676533443067,5.4291734158113885,69.3686665356791,5779.0,33.65479990430511,32.183143576047854,7.905758583792419,13.077268709512454,62.22973921715593,30.83798446090197,32.77156241569691,62.84770773505247,77.85722571684265,83.68050431288086,64.12955117981755,60.40026802988277,77.5997945229499,64.06330755529703,56.03435096659808,43.68006485184,19.0,59.0,4.742220624303312,79.79511174330814,4.285436449906845,4.7934918896657575,6.645719901652163,50.96621637182188,12883.0,35.96035566010124,30.43846320036964,6.598038220865721,28.864558076843192,55.5181198163444,77.18189127817473,33.85979323145962,51.31084379687566,96.2624863016952,79.21863419404818,27.180354712025817,81.38611645739462,52.77119989033348,33.574287764993215,29.14357875537179,75.47513408982972,81.0,73.0,79.0
Thika,Juja,2025-11-01 23:22:43.086192,84,14,69,1.6051217284643449,86.64277381407659,1.877721699287856,6.7103573411652295,1.4042525578104907,59.901687483599744,4699,83.24889211478745,31.247167958219613,10.298318334381968,17.37181960716998,45.64556719401754,73.54089848721463,84.60061321437666,55.08525696331398,78.29384317318855,42.83594391848244,75.30470406945811,61.13137674993378,65.1301422622833,25.76765223551404,27.60027962809221,69.32117977506458,11,2025,16.0,49.0,1.0977079071360207,90.79526328531485,2.905467155020432,5.567761978365972,7.331019117993363,72.37596519112881,9093.0,84.18812539740756,27.990757984446716,7.5221152624238545,18.742089095914366,36.66696834457473,78.27684971726313,73.97290813009802,74.9020991922863,83.4563084609598,54.01352866861435,81.66157307869094,41.63931780334085,80.86349240592206,57.5919848113092,46.911252705481786,84.87498362336551,19.0,61.0,0.7166119773871786,84.64815099230938,4.503301639485882,6.00416622871168,1.0852289405094078,58.08167032066686,6934.0,48.54670627050511,20.26419379078037,21.845581948090334,20.92353849733397,23.33644436244579,41.51861466884813,50.92790513323887,70.2340386207483,72.47084779091156,35.875776974494286,31.3768285322052,43.52035216541071,76.6389846244819,53.68332251037385,63.08855622055368,45.44800010093159,17.0,56.0,3.168112885009759,75.57862386233217,4.886843242140065,9.13676533443067,5.4291734158113885,69.3686665356791,5779.0,33.65479990430511,32.183143576047854,7.905758583792419,13.077268709512454,62.22973921715593,30.83798446090197,32.77156241569691,62.84770773505247,77.85722571684265,83.68050431288086,64.12955117981755,60.40026802988277,77.5997945229499,64.06330755529703,56.03435096659808,43.68006485184,66.0,81.0,73.0
Thika,Juja,2025-12-01 23:22:43.086192,113,21,92,2.529129383567376,83.61139486136031,4.524395952842891,3.17676430345898,7.987065775160998,75.8841994172723,14727,82.78960449364752,25.680280331260587,10.525947501221273,24.899531461602905,49.97490719871906,69.93533540046695,45.6187296369487,74.4361470191152,62.138361459411584,51.9341842269248,62.25761134639163,79.76828609536264,85.1759904729304,61.67054147015931,23.256293927250898,54.83656031424941,12,2025,14.0,69.0,1.6051217284643449,86.64277381407659,1.877721699287856,6.7103573411652295,1.4042525578104907,59.901687483599744,4699.0,83.24889211478745,31.247167958219613,10.298318334381968,17.37181960716998,45.64556719401754,73.54089848721463,84.60061321437666,55.08525696331398,78.29384317318855,42.83594391848244,75.30470406945811,61.13137674993378,65.1301422622833,25.76765223551404,27.60027962809221,69.32117977506458,16.0,49.0,1.0977079071360207,90.79526328531485,2.905467155020432,5.567761978365972,7.331019117993363,72.37596519112881,9093.0,84.18812539740756,27.990757984446716,7.5221152624238545,18.742089095914366,36.66696834457473,78.27684971726313,73.97290813009802,74.9020991922863,83.4563084609598,54.01352866861435,81.66157307869094,41.63931780334085,80.86349240592206,57.5919848113092,46.911252705481786,84.87498362336551,19.0,61.0,0.7166119773871786,84.64815099230938,4.503301639485882,6.00416622871168,1.0852289405094078,58.08167032066686,6934.0,48.54670627050511,20.26419379078037,21.845581948090334,20.92353849733397,23.33644436244579,41.51861466884813,50.92790513323887,70.2340386207483,72.47084779091156,35.875776974494286,31.3768285322052,43.52035216541071,76.6389846244819,53.68332251037385,63.08855622055368,45.44800010093159,84.0,66.0,81.0
Thika,Juja,2026-01-01 23:22:43.086192,119,24,95,0.7434419572911053,88.79044420440673,4.524584256641098,7.06366653085177,5.915227854908575,72.0526551858733,6295,45.72000714936798,24.22374691708496,8.106534245377688,16.844190415831726,57.54670867943824,66.54521240248204,44.15227663761348,75.23066877190048,44.68513221425828,46.65623290929293,69.73873303765592,86.81272232947738,51.12987377235015,66.3878642797134,49.23487402533402,33.15755959547083,1,2026,21.0,92.0,2.529129383567376,83.61139486136031,4.524395952842891,3.17676430345898,7.987065775160998,75.8841994172723,14727.0,82.78960449364752,25.680280331260587,10.525947501221273,24.899531461602905,49.97490719871906,69.93533540046695,45.6187296369487,74.4361470191152,62.138361459411584,51.9341842269248,62.25761134639163,79.76828609536264,85.1759904729304,61.67054147015931,23.256293927250898,54.83656031424941,14.0,69.0,1.6051217284643449,86.64277381407659,1.877721699287856,6.7103573411652295,1.4042525578104907,59.901687483599744,4699.0,83.24889211478745,31.247167958219613,10.298318334381968,17.37181960716998,45.64556719401754,73.54089848721463,84.60061321437666,55.08525696331398,78.29384317318855,42.83594391848244,75.30470406945811,61.13137674993378,65.1301422622833,25.76765223551404,27.60027962809221,69.32117977506458,16.0,49.0,1.0977079071360207,90.79526328531485,2.905467155020432,5.567761978365972,7.331019117993363,72.37596519112881,9093.0,84.18812539740756,27.990757984446716,7.5221152624238545,18.742089095914366,36.66696834457473,78.27684971726313,73.97290813009802,74.9020991922863,83.4563084609598,54.01352866861435,81.66157307869094,41.63931780334085,80.86349240592206,57.5919848113092,46.911252705481786,84.87498362336551,113.0,84.0,66.0
Thika,Juja,2026-02-01 23:22:43.086192,128,17,110,3.612229732291449,94.59675690406829,1.5578208975247243,2.3189424866379262,3.835678959918675,50.888397041648105,12739,44.68620663957748,19.262997790231392,13.700932972887973,33.56911922756003,30.53620174005171,78.19445458237611,69.1512028803248,74.65746040061418,80.1073074861271,47.65567062339965,42.70470478281218,85.43573594852192,96.50540883457792,63.90929495474204,58.76211733663087,45.70255509959673,2,2026,24.0,95.0,0.7434419572911053,88.79044420440673,4.524584256641098,7.06366653085177,5.915227854908575,72.0526551858733,6295.0,45.72000714936798,24.22374691708496,8.106534245377688,16.844190415831726,57.54670867943824,66.54521240248204,44.15227663761348,75.23066877190048,44.68513221425828,46.65623290929293,69.73873303765592,86.81272232947738,51.12987377235015,66.3878642797134,49.23487402533402,33.15755959547083,21.0,92.0,2.529129383567376,83.61139486136031,4.524395952842891,3.17676430345898,7.987065775160998,75.8841994172723,14727.0,82.78960449364752,25.680280331260587,10.525947501221273,24.899531461602905,49.97490719871906,69.93533540046695,45.6187296369487,74.4361470191152,62.138361459411584,51.9341842269248,62.25761134639163,79.76828609536264,85.1759904729304,61.67054147015931,23.256293927250898,54.83656031424941,14.0,69.0,1.6051217284643449,86.64277381407659,1.877721699287856,6.7103573411652295,1.4042525578104907,59.901687483599744,4699.0,83.24889211478745,31.247167958219613,10.298318334381968,17.37181960716998,45.64556719401754,73.54089848721463,84.60061321437666,55.08525696331398,78.29384317318855,42.83594391848244,75.30470406945811,61.13137674993378,65.1301422622833,25.76765223551404,27.60027962809221,69.32117977506458,119.0,113.0,84.0
Kakamega,Kakamega Central,2025-06-01 23:22:43.086192,154,18,136,3.108699915765468,74.33537659754136,3.8116068349952834,8.741710831476622,1.4339562378400672,72.40753198232764,6795,61.40341527223173,35.92624567395894,6.529371016972519,22.758149094235165,54.72557373385586,40.90217935691659,43.40537222624952,63.87304963715104,82.90881985309292,48.57210630206184,58.702355197060776,56.43472352117226,82.78828794115125,63.80420537199439,46.55047699406809,48.59024752033319,6,2025,22.0,181.0,2.88894521003753,71.65263213938853,3.1679257147506426,6.040760700195356,4.683728072916578,40.69345305883144,5706.0,74.13660321081375,28.47491060210658,24.1166275858938,17.356869186120676,52.27612668427561,71.91943260987371,48.68117450983705,81.64720963823972,87.4406975495414,87.92222294229396,47.167314206431286,47.71118678024851,68.41836917140978,57.53486700728885,28.763512520329268,39.19548602551437,29.0,130.0,3.401773775007024,79.04747330221332,1.1863519052066749,8.508492574427692,4.580817934976614,65.15119656589945,11516.0,67.7055786587317,42.82503075868994,6.282226498001357,24.74876083557661,51.684348934067074,56.917549574830375,74.3076336302974,65.61929828804173,69.52341889817122,40.73602403581971,37.396925552496434,83.2253433141031,94.66922951864326,36.86719218465733,13.999794431469262,71.62120367457646,40.0,138.0,4.413269405661449,78.71695404981148,4.120537834343957,6.855806966764115,5.353954071715368,45.35714391827927,14449.0,64.4562729273156,37.78102612685569,9.00898046490464,34.19566913921281,35.90289105157663,78.50989358191,75.13440568148357,89.006471161072,89.68077694958305,67.04392251160827,47.30655061402192,69.85260409044798,92.76068976037354,40.50561783080626,21.394816392327414,80.29652533871466,203.0,159.0,179.0
Kakamega,Kakamega Central,2025-07-01 23:22:43.086192,127,25,101,1.9189621046419272,86.92477156492406,3.5140866859849136,3.3701938971289094,6.393522557918892,79.52065621643644,12165,80.94908126205848,29.15770224385751,22.19607414336223,27.13685751095856,58.339362966106016,73.36931756515958,70.18503025437131,89.68916935417437,92.79640282269808,58.08164780009743,74.92430285995022,86.2056171314553,57.53778004875378,47.04002192553277,14.184407651993194,30.441514494018428,7,2025,18.0,136.0,3.108699915765468,74.33537659754136,3.8116068349952834,8.741710831476622,1.4339562378400672,72.40753198232764,6795.0,61.40341527223173,35.92624567395894,6.529371016972519,22.758149094235165,54.72557373385586,40.90217935691659,43.40537222624952,63.87304963715104,82.90881985309292,48.57210630206184,58.702355197060776,56.43472352117226,82.78828794115125,63.80420537199439,46.55047699406809,48.59024752033319,22.0,181.0,2.88894521003753,71.65263213938853,3.1679257147506426,6.040760700195356,4.683728072916578,40.69345305883144,5706.0,74.13660321081375,28.47491060210658,24.1166275858938,17.356869186120676,52.27612668427561,71.91943260987371,48.68117450983705,81.64720963823972,87.4406975495414,87.92222294229396,47.167314206431286,47.71118678024851,68.41836917140978,57.53486700728885,28.763512520329268,39.19548602551437,29.0,130.0,3.401773775007024,79.04747330221332,1.1863519052066749,8.508492574427692,4.580817934976614,65.15119656589945,11516.0,67.7055786587317,42.82503075868994,6.282226498001357,24.74876083557661,51.684348934067074,56.917549574830375,74.3076336302974,65.61929828804173,69.52341889817122,40.73602403581971,37.396925552496434,83.2253433141031,94.66922951864326,36.86719218465733,13.999794431469262,71.62120367457646,154.0,203.0,159.0
Kakamega,Kakamega Central,2025-08-01 23:22:43.086192,102,11,90,3.587334884604349,91.70563618072138,4.14646824126201,3.4045662986864507,3.707384000518572,73.49276673176448,12779,59.7557552676631,25.371373883590312,14.488382863178655,18.37611181632777,49.98343791289662,38.943686290478624,84.55077095914427,89.92928354093061,80.0590027433564,68.16525041409176,75.1696054872295,49.046156318592665,79.65465077235538,65.21804599415248,37.61686497538889,46.81297393810085,8,2025,25.0,101.0,1.9189621046419272,86.92477156492406,3.5140866859849136,3.3701938971289094,6.393522557918892,79.52065621643644,12165.0,80.94908126205848,29.15770224385751,22.19607414336223,27.13685751095856,58.339362966106016,73.36931756515958,70.18503025437131,89.68916935417437,92.79640282269808,58.08164780009743,74.92430285995022,86.2056171314553,57.53778004875378,47.04002192553277,14.184407651993194,30.441514494018428,18.0,136.0,3.108699915765468,74.33537659754136,3.8116068349952834,8.741710831476622,1.4339562378400672,72.40753198232764,6795.0,61.40341527223173,35.92624567395894,6.529371016972519,22.758149094235165,54.72557373385586,40.90217935691659,43.40537222624952,63.87304963715104,82.90881985309292,48.57210630206184,58.702355197060776,56.43472352117226,82.78828794115125,63.80420537199439,46.55047699406809,48.59024752033319,22.0,181.0,2.88894521003753,71.65263213938853,3.1679257147506426,6.040760700195356,4.683728072916578,40.69345305883144,5706.0,74.13660321081375,28.47491060210658,24.1166275858938,17.356869186120676,52.27612668427561,71.91943260987371,48.68117450983705,81.64720963823972,87.4406975495414,87.92222294229396,47.167314206431286,47.71118678024851,68.41836917140978,57.53486700728885,28.763512520329268,39.19548602551437,127.0,154.0,203.0
Kakamega,Kakamega Central,2025-09-01 23:22:43.086192,102,25,77,4.110438027486157,75.3292038391651,3.929883614780396,9.05013978660119,3.713850162552319,41.710703817096906,12069,85.158143176301,22.77366185999445,18.09049225375388,26.06173345857969,44.48877045219273,38.854396737734334,38.967832137947696,53.510295072480034,55.80172187751009,58.08650343980065,79.93106742561417,36.88092569455027,61.10647653575601,76.12723469695044,66.01942142340164,45.3293028616899,9,2025,11.0,90.0,3.587334884604349,91.70563618072138,4.14646824126201,3.4045662986864507,3.707384000518572,73.49276673176448,12779.0,59.7557552676631,25.371373883590312,14.488382863178655,18.37611181632777,49.98343791289662,38.943686290478624,84.55077095914427,89.92928354093061,80.0590027433564,68.16525041409176,75.1696054872295,49.046156318592665,79.65465077235538,65.21804599415248,37.61686497538889,46.81297393810085,25.0,101.0,1.9189621046419272,86.92477156492406,3.5140866859849136,3.3701938971289094,6.393522557918892,79.52065621643644,12165.0,80.94908126205848,29.15770224385751,22.19607414336223,27.13685751095856,58.339362966106016,73.36931756515958,70.18503025437131,89.68916935417437,92.79640282269808,58.08164780009743,74.92430285995022,86.2056171314553,57.53778004875378,47.04002192553277,14.184407651993194,30.441514494018428,18.0,136.0,3.108699915765468,74.33537659754136,3.8116068349952834,8.741710831476622,1.4339562378400672,72.40753198232764,6795.0,61.40341527223173,35.92624567395894,6.529371016972519,22.758149094235165,54.72557373385586,40.90217935691659,43.40537222624952,63.87304963715104,82.90881985309292,48.57210630206184,58.702355197060776,56.43472352117226,82.78828794115125,63.80420537199439,46.55047699406809,48.59024752033319,102.0,127.0,154.0
Kakamega,Kakamega Central,2025-10-01 23:22:43.086192,112,19,93,3.570241877290022,85.20909196497776,3.254184919721512,9.864874143292742,5.036799810647769,66.15034654252136,2670,42.584817598899605,26.412765154511973,16.837390818530125,28.484282503998944,44.057786650900354,65.88489165613493,35.400677333865225,45.74042300805178,71.39525935553021,48.42974805288348,83.82616170107244,82.10256753111804,84.07916406395367,56.33473052747989,38.76687731153592,32.15020936996807,10,2025,25.0,77.0,4.110438027486157,75.3292038391651,3.929883614780396,9.05013978660119,3.713850162552319,41.710703817096906,12069.0,85.158143176301,22.77366185999445,18.09049225375388,26.06173345857969,44.48877045219273,38.854396737734334,38.967832137947696,53.510295072480034,55.80172187751009,58.08650343980065,79.93106742561417,36.88092569455027,61.10647653575601,76.12723469695044,66.01942142340164,45.3293028616899,11.0,90.0,3.587334884604349,91.70563618072138,4.14646824126201,3.4045662986864507,3.707384000518572,73.49276673176448,12779.0,59.7557552676631,25.371373883590312,14.488382863178655,18.37611181632777,49.98343791289662,38.943686290478624,84.55077095914427,89.92928354093061,80.0590027433564,68.16525041409176,75.1696054872295,49.046156318592665,79.65465077235538,65.21804599415248,37.61686497538889,46.81297393810085,25.0,101.0,1.9189621046419272,86.92477156492406,3.5140866859849136,3.3701938971289094,6.393522557918892,79.52065621643644,12165.0,80.94908126205848,29.15770224385751,22.19607414336223,27.13685751095856,58.339362966106016,73.36931756515958,70.18503025437131,89.68916935417437,92.79640282269808,58.08164780009743,74.92430285995022,86.2056171314553,57.53778004875378,47.04002192553277,14.184407651993194,30.441514494018428,102.0,102.0,127.0
Kakamega,Kakamega Central,2025-11-01 23:22:43.086192,132,15,117,2.193292151857876,76.34827866121708,4.098240231053999,4.983109778403025,3.388245243263638,80.09558639371372,10014,61.22660365864198,40.2304844195032,12.51416181217608,31.1139819366312,30.633854288466527,41.87581704619295,41.141105385182826,79.53521960226163,54.730201117022766,46.90395842670153,52.46133657296339,53.95861259257211,56.70067900214539,39.28538370302024,49.24125261102088,46.56873867793032,11,2025,19.0,93.0,3.570241877290022,85.20909196497776,3.254184919721512,9.864874143292742,5.036799810647769,66.15034654252136,2670.0,42.584817598899605,26.412765154511973,16.837390818530125,28.484282503998944,44.057786650900354,65.88489165613493,35.400677333865225,45.74042300805178,71.39525935553021,48.42974805288348,83.82616170107244,82.10256753111804,84.07916406395367,56.33473052747989,38.76687731153592,32.15020936996807,25.0,77.0,4.110438027486157,75.3292038391651,3.929883614780396,9.05013978660119,3.713850162552319,41.710703817096906,12069.0,85.158143176301,22.77366185999445,18.09049225375388,26.06173345857969,44.48877045219273,38.854396737734334,38.967832137947696,53.510295072480034,55.80172187751009,58.08650343980065,79.93106742561417,36.88092569455027,61.10647653575601,76.12723469695044,66.01942142340164,45.3293028616899,11.0,90.0,3.587334884604349,91.70563618072138,4.14646824126201,3.4045662986864507,3.707384000518572,73.49276673176448,12779.0,59.7557552676631,25.371373883590312,14.488382863178655,18.37611181632777,49.98343791289662,38.943686290478624,84.55077095914427,89.92928354093061,80.0590027433564,68.16525041409176,75.1696054872295,49.046156318592665,79.65465077235538,65.21804599415248,37.61686497538889,46.81297393810085,112.0,102.0,102.0
Kakamega,Kakamega Central,2025-12-01 23:22:43.086192,127,31,96,2.3942285814963817,87.45845661582027,2.874575973507303,4.29565684524768,4.260785943094062,49.375609884263625,13845,39.6692970682544,18.68088740261791,7.413268462832234,24.2670512168996,62.11158526319152,66.14546727567034,79.59979083873347,80.33164698587322,86.14875988664986,44.41071884408163,66.77103023167732,31.3534695127803,72.85050486894129,55.33653162189088,57.645248167961206,65.12316696337918,12,2025,15.0,117.0,2.193292151857876,76.34827866121708,4.098240231053999,4.983109778403025,3.388245243263638,80.09558639371372,10014.0,61.22660365864198,40.2304844195032,12.51416181217608,31.1139819366312,30.633854288466527,41.87581704619295,41.141105385182826,79.53521960226163,54.730201117022766,46.90395842670153,52.46133657296339,53.95861259257211,56.70067900214539,39.28538370302024,49.24125261102088,46.56873867793032,19.0,93.0,3.570241877290022,85.20909196497776,3.254184919721512,9.864874143292742,5.036799810647769,66.15034654252136,2670.0,42.584817598899605,26.412765154511973,16.837390818530125,28.484282503998944,44.057786650900354,65.88489165613493,35.400677333865225,45.74042300805178,71.39525935553021,48.42974805288348,83.82616170107244,82.10256753111804,84.07916406395367,56.33473052747989,38.76687731153592,32.15020936996807,25.0,77.0,4.110438027486157,75.3292038391651,3.929883614780396,9.05013978660119,3.713850162552319,41.710703817096906,12069.0,85.158143176301,22.77366185999445,18.09049225375388,26.06173345857969,44.48877045219273,38.854396737734334,38.967832137947696,53.510295072480034,55.80172187751009,58.08650343980065,79.93106742561417,36.88092569455027,61.10647653575601,76.12723469695044,66.01942142340164,45.3293028616899,132.0,112.0,102.0
Kakamega,Kakamega Central,2026-01-01 23:22:43.086192,201,34,166,4.739332447463445,88.5181916592554,2.9429502414000206,4.0909428074890695,5.434632320254126,45.28775146304957,5748,30.648545611768004,17.22751802875548,10.261595051413677,31.90242476262105,59.91369085305641,36.886464835904114,45.9566426315137,62.4664833396261,60.84467292602592,89.40067645185869,73.69712537570179,65.51790682756598,85.71351551516035,54.06523962714745,54.99936935056039,47.89642647980935,1,2026,31.0,96.0,2.3942285814963817,87.45845661582027,2.874575973507303,4.29565684524768,4.260785943094062,49.375609884263625,13845.0,39.6692970682544,18.68088740261791,7.413268462832234,24.2670512168996,62.11158526319152,66.14546727567034,79.59979083873347,80.33164698587322,86.14875988664986,44.41071884408163,66.77103023167732,31.3534695127803,72.85050486894129,55.33653162189088,57.645248167961206,65.12316696337918,15.0,117.0,2.193292151857876,76.34827866121708,4.098240231053999,4.983109778403025,3.388245243263638,80.09558639371372,10014.0,61.22660365864198,40.2304844195032,12.51416181217608,31.1139819366312,30.633854288466527,41.87581704619295,41.141105385182826,79.53521960226163,54.730201117022766,46.90395842670153,52.46133657296339,53.95861259257211,56.70067900214539,39.28538370302024,49.24125261102088,46.56873867793032,19.0,93.0,3.570241877290022,85.20909196497776,3.254184919721512,9.864874143292742,5.036799810647769,66.15034654252136,2670.0,42.584817598899605,26.412765154511973,16.837390818530125,28.484282503998944,44.057786650900354,65.88489165613493,35.400677333865225,45.74042300805178,71.39525935553021,48.42974805288348,83.82616170107244,82.10256753111804,84.07916406395367,56.33473052747989,38.76687731153592,32.15020936996807,127.0,132.0,112.0
Kakamega,Kakamega Central,2026-02-01 23:22:43.086192,162,33,128,4.3537811530609964,81.67728897586622,4.385454454353668,2.3359609324446517,4.851061579414578,60.28580740181981,10323,62.2460446564793,34.06530725985376,19.284609506968984,28.035011403838965,35.129360039830146,30.79541741086577,61.62182288902714,70.80851406653257,86.28462112564682,81.46895901905805,51.437991891095926,58.89366300431445,48.30141463148615,44.999257454381386,33.15439860813025,68.19501146072756,2,2026,34.0,166.0,4.739332447463445,88.5181916592554,2.9429502414000206,4.0909428074890695,5.434632320254126,45.28775146304957,5748.0,30.648545611768004,17.22751802875548,10.261595051413677,31.90242476262105,59.91369085305641,36.886464835904114,45.9566426315137,62.4664833396261,60.84467292602592,89.40067645185869,73.69712537570179,65.51790682756598,85.71351551516035,54.06523962714745,54.99936935056039,47.89642647980935,31.0,96.0,2.3942285814963817,87.45845661582027,2.874575973507303,4.29565684524768,4.260785943094062,49.375609884263625,13845.0,39.6692970682544,18.68088740261791,7.413268462832234,24.2670512168996,62.11158526319152,66.14546727567034,79.59979083873347,80.33164698587322,86.14875988664986,44.41071884408163,66.77103023167732,31.3534695127803,72.85050486894129,55.33653162189088,57.645248167961206,65.12316696337918,15.0,117.0,2.193292151857876,76.34827866121708,4.098240231053999,4.983109778403025,3.388245243263638,80.09558639371372,10014.0,61.22660365864198,40.2304844195032,12.51416181217608,31.1139819366312,30.633854288466527,41.87581704619295,41.141105385182826,79.53521960226163,54.730201117022766,46.90395842670153,52.46133657296339,53.95861259257211,56.70067900214539,39.28538370302024,49.24125261102088,46.56873867793032,201.0,127.0,132.0
Kakamega,Kakamega East,2025-06-01 23:22:43.086192,111,12,98,3.151918986250432,85.4447316635219,4.846029241994728,7.148365236072181,5.593786921779361,64.0458719709681,13271,34.66948404678968,30.128783289598424,21.29951772299257,31.74989295319798,69.2969802586106,48.7293422060861,42.60991148514364,72.02968636250911,59.44643280658055,60.12242473815094,46.71663741636195,69.15537541862399,85.76558258440953,21.769991682408904,20.17796639934813,78.09432280167677,6,2025,23.0,106.0,0.6572268052126837,78.58651497921846,4.072227959158036,2.440297082138642,7.41116934020333,53.39871705379041,9956.0,84.30400616091777,28.01836257644674,13.377359278074117,26.982134037866857,62.67418726362256,41.13837581800651,60.67138745678064,80.63633307919191,91.63135855596188,93.38314177242268,39.997083853610654,62.9465453347626,77.34515545068206,73.4558443159571,37.74043152328363,31.696856902934936,18.0,134.0,1.27309741520583,89.47077278357294,3.377024826049849,4.071250384957645,4.387817096296399,54.167311976729664,10744.0,89.91749804430648,16.03670644189187,15.595525022758112,11.077492478340009,66.40433116439952,67.95890226576454,39.07575477968577,68.36384894242354,43.1501937407116,44.884522139898856,35.094854024941895,63.8094593830032,55.60556222111701,50.73740896955261,66.3423238274932,40.87428319070271,31.0,106.0,0.8173624261088426,74.74621406408792,2.167129270374066,6.055750731998053,5.46109520957174,40.327116613147375,11645.0,77.06449676845627,36.09723255354292,21.84528989174865,27.945924055464687,53.03107081281307,59.25065583748829,37.100633764842975,69.86039426096963,72.9580038582258,76.37793849493907,39.50362491707058,49.352143797766246,61.023204490792985,38.19978248321415,32.853299234559685,63.270933256856985,129.0,152.0,138.0
Kakamega,Kakamega East,2025-07-01 23:22:43.086192,82,8,74,4.234442548029545,71.79502796755882,2.4893263447200744,9.18151128387282,7.602375872188539,52.74764498771902,7675,48.81642644038994,34.602341064821246,12.003112136746063,19.874644392031584,44.94794091067065,46.989915819537934,41.3452129590378,47.96956517890671,75.07636096253148,94.58059912543706,50.456457567737615,50.86150287409696,86.07689147161489,23.754018092801232,31.87746858941584,47.234373538779806,7,2025,12.0,98.0,3.151918986250432,85.4447316635219,4.846029241994728,7.148365236072181,5.593786921779361,64.0458719709681,13271.0,34.66948404678968,30.128783289598424,21.29951772299257,31.74989295319798,69.2969802586106,48.7293422060861,42.60991148514364,72.02968636250911,59.44643280658055,60.12242473815094,46.71663741636195,69.15537541862399,85.76558258440953,21.769991682408904,20.17796639934813,78.09432280167677,23.0,106.0,0.6572268052126837,78.58651497921846,4.072227959158036,2.440297082138642,7.41116934020333,53.39871705379041,9956.0,84.30400616091777,28.01836257644674,13.377359278074117,26.982134037866857,62.67418726362256,41.13837581800651,60.67138745678064,80.63633307919191,91.63135855596188,93.38314177242268,39.997083853610654,62.9465453347626,77.34515545068206,73.4558443159571,37.74043152328363,31.696856902934936,18.0,134.0,1.27309741520583,89.47077278357294,3.377024826049849,4.071250384957645,4.387817096296399,54.167311976729664,10744.0,89.91749804430648,16.03670644189187,15.595525022758112,11.077492478340009,66.40433116439952,67.95890226576454,39.07575477968577,68.36384894242354,43.1501937407116,44.884522139898856,35.094854024941895,63.8094593830032,55.60556222111701,50.73740896955261,66.3423238274932,40.87428319070271,111.0,129.0,152.0
Kakamega,Kakamega East,2025-08-01 23:22:43.086192,90,16,73,2.8456054095011627,77.30006945119902,2.867665244424089,2.117662897534289,2.699780125555309,43.73921368284964,3635,45.6060660774055,25.99880949069084,17.27992799705996,16.13405110341965,44.55492732004771,32.89263924519428,80.17692018879914,71.68964798789624,79.86485675810209,53.572119605994,64.71931867150454,50.96388481910617,55.555509469298535,49.23657583690091,31.96223008709577,54.3473705485179,8,2025,8.0,74.0,4.234442548029545,71.79502796755882,2.4893263447200744,9.18151128387282,7.602375872188539,52.74764498771902,7675.0,48.81642644038994,34.602341064821246,12.003112136746063,19.874644392031584,44.94794091067065,46.989915819537934,41.3452129590378,47.96956517890671,75.07636096253148,94.58059912543706,50.456457567737615,50.86150287409696,86.07689147161489,23.754018092801232,31.87746858941584,47.234373538779806,12.0,98.0,3.151918986250432,85.4447316635219,4.846029241994728,7.148365236072181,5.593786921779361,64.0458719709681,13271.0,34.66948404678968,30.128783289598424,21.29951772299257,31.74989295319798,69.2969802586106,48.7293422060861,42.60991148514364,72.02968636250911,59.44643280658055,60.12242473815094,46.71663741636195,69.15537541862399,85.76558258440953,21.769991682408904,20.17796639934813,78.09432280167677,23.0,106.0,0.6572268052126837,78.58651497921846,4.072227959158036,2.440297082138642,7.41116934020333,53.39871705379041,9956.0,84.30400616091777,28.01836257644674,13.377359278074117,26.982134037866857,62.67418726362256,41.13837581800651,60.67138745678064,80.63633307919191,91.63135855596188,93.38314177242268,39.997083853610654,62.9465453347626,77.34515545068206,73.4558443159571,37.74043152328363,31.696856902934936,82.0,111.0,129.0
Kakamega,Kakamega East,2025-09-01 23:22:43.086192,62,6,55,0.6772668186928306,82.80213049774578,1.5046771416680054,5.37936348403225,2.3248994736127324,80.13453298189646,9273,68.62208575906564,22.60297775353945,21.74096998337049,25.756070831535347,57.75216938227096,50.872215551013866,32.90734839393292,49.49721757993801,91.26980849017254,58.59635937406077,72.49739437080872,62.93524178025413,73.16455201558921,28.010580987014468,17.564884380873686,74.1657319524914,9,2025,16.0,73.0,2.8456054095011627,77.30006945119902,2.867665244424089,2.117662897534289,2.699780125555309,43.73921368284964,3635.0,45.6060660774055,25.99880949069084,17.27992799705996,16.13405110341965,44.55492732004771,32.89263924519428,80.17692018879914,71.68964798789624,79.86485675810209,53.572119605994,64.71931867150454,50.96388481910617,55.555509469298535,49.23657583690091,31.96223008709577,54.3473705485179,8.0,74.0,4.234442548029545,71.79502796755882,2.4893263447200744,9.18151128387282,7.602375872188539,52.74764498771902,7675.0,48.81642644038994,34.602341064821246,12.003112136746063,19.874644392031584,44.94794091067065,46.989915819537934,41.3452129590378,47.96956517890671,75.07636096253148,94.58059912543706,50.456457567737615,50.86150287409696,86.07689147161489,23.754018092801232,31.87746858941584,47.234373538779806,12.0,98.0,3.151918986250432,85.4447316635219,4.846029241994728,7.148365236072181,5.593786921779361,64.0458719709681,13271.0,34.66948404678968,30.128783289598424,21.29951772299257,31.74989295319798,69.2969802586106,48.7293422060861,42.60991148514364,72.02968636250911,59.44643280658055,60.12242473815094,46.71663741636195,69.15537541862399,85.76558258440953,21.769991682408904,20.17796639934813,78.09432280167677,90.0,82.0,111.0
Kakamega,Kakamega East,2025-10-01 23:22:43.086192,75,17,57,1.573332428512352,86.94720060042049,1.1867075094317472,8.373013392369469,6.011838402611768,74.12930818700092,10494,50.9310689138045,23.63117849662321,14.467140478445062,25.629706868694107,41.554305168991775,43.44429279925666,56.68347356334909,65.75525412231764,49.175169288883,90.3361211406516,40.48032704887879,72.41282429239726,75.63673254366131,53.870668703688,11.31689002329123,67.36217887910752,10,2025,6.0,55.0,0.6772668186928306,82.80213049774578,1.5046771416680054,5.37936348403225,2.3248994736127324,80.13453298189646,9273.0,68.62208575906564,22.60297775353945,21.74096998337049,25.756070831535347,57.75216938227096,50.872215551013866,32.90734839393292,49.49721757993801,91.26980849017254,58.59635937406077,72.49739437080872,62.93524178025413,73.16455201558921,28.010580987014468,17.564884380873686,74.1657319524914,16.0,73.0,2.8456054095011627,77.30006945119902,2.867665244424089,2.117662897534289,2.699780125555309,43.73921368284964,3635.0,45.6060660774055,25.99880949069084,17.27992799705996,16.13405110341965,44.55492732004771,32.89263924519428,80.17692018879914,71.68964798789624,79.86485675810209,53.572119605994,64.71931867150454,50.96388481910617,55.555509469298535,49.23657583690091,31.96223008709577,54.3473705485179,8.0,74.0,4.234442548029545,71.79502796755882,2.4893263447200744,9.18151128387282,7.602375872188539,52.74764498771902,7675.0,48.81642644038994,34.602341064821246,12.003112136746063,19.874644392031584,44.94794091067065,46.989915819537934,41.3452129590378,47.96956517890671,75.07636096253148,94.58059912543706,50.456457567737615,50.86150287409696,86.07689147161489,23.754018092801232,31.87746858941584,47.234373538779806,62.0,90.0,82.0
Kakamega,Kakamega East,2025-11-01 23:22:43.086192,94,19,74,4.14838150192625,72.6936302080127,4.008117429468112,4.055891157519874,7.77527576397627,59.24783898596248,10773,47.568914230554526,32.0426740742529,17.19343423452648,28.45194739981462,26.53944303161238,68.12704261687728,58.26674780365928,62.90099285705708,54.9274339048616,88.593101916118,35.42851181096272,55.29095740512507,93.5551421797487,64.53525109584103,44.04332346267756,77.60561428852402,11,2025,17.0,57.0,1.573332428512352,86.94720060042049,1.1867075094317472,8.373013392369469,6.011838402611768,74.12930818700092,10494.0,50.9310689138045,23.63117849662321,14.467140478445062,25.629706868694107,41.554305168991775,43.44429279925666,56.68347356334909,65.75525412231764,49.175169288883,90.3361211406516,40.48032704887879,72.41282429239726,75.63673254366131,53.870668703688,11.31689002329123,67.36217887910752,6.0,55.0,0.6772668186928306,82.80213049774578,1.5046771416680054,5.37936348403225,2.3248994736127324,80.13453298189646,9273.0,68.62208575906564,22.60297775353945,21.74096998337049,25.756070831535347,57.75216938227096,50.872215551013866,32.90734839393292,49.49721757993801,91.26980849017254,58.59635937406077,72.49739437080872,62.93524178025413,73.16455201558921,28.010580987014468,17.564884380873686,74.1657319524914,16.0,73.0,2.8456054095011627,77.30006945119902,2.867665244424089,2.117662897534289,2.699780125555309,43.73921368284964,3635.0,45.6060660774055,25.99880949069084,17.27992799705996,16.13405110341965,44.55492732004771,32.89263924519428,80.17692018879914,71.68964798789624,79.86485675810209,53.572119605994,64.71931867150454,50.96388481910617,55.555509469298535,49.23657583690091,31.96223008709577,54.3473705485179,75.0,62.0,90.0
Kakamega,Kakamega East,2025-12-01 23:22:43.086192,114,19,95,1.9511123451534151,72.1705402846993,3.080541154987391,4.366946152173936,5.198779890092253,78.51783226276538,4351,53.61184987850488,17.858594410434616,9.550935463863103,17.46363953519646,67.33515152153973,30.245575490234227,78.04398036267145,87.21993864042565,76.0281261930977,69.94517679588186,40.26294311681527,52.05434156340843,60.67377538060799,75.9291216130018,58.26908063154826,53.860829816526845,12,2025,19.0,74.0,4.14838150192625,72.6936302080127,4.008117429468112,4.055891157519874,7.77527576397627,59.24783898596248,10773.0,47.568914230554526,32.0426740742529,17.19343423452648,28.45194739981462,26.53944303161238,68.12704261687728,58.26674780365928,62.90099285705708,54.9274339048616,88.593101916118,35.42851181096272,55.29095740512507,93.5551421797487,64.53525109584103,44.04332346267756,77.60561428852402,17.0,57.0,1.573332428512352,86.94720060042049,1.1867075094317472,8.373013392369469,6.011838402611768,74.12930818700092,10494.0,50.9310689138045,23.63117849662321,14.467140478445062,25.629706868694107,41.554305168991775,43.44429279925666,56.68347356334909,65.75525412231764,49.175169288883,90.3361211406516,40.48032704887879,72.41282429239726,75.63673254366131,53.870668703688,11.31689002329123,67.36217887910752,6.0,55.0,0.6772668186928306,82.80213049774578,1.5046771416680054,5.37936348403225,2.3248994736127324,80.13453298189646,9273.0,68.62208575906564,22.60297775353945,21.74096998337049,25.756070831535347,57.75216938227096,50.872215551013866,32.90734839393292,49.49721757993801,91.26980849017254,58.59635937406077,72.49739437080872,62.93524178025413,73.16455201558921,28.010580987014468,17.564884380873686,74.1657319524914,94.0,75.0,62.0
Kakamega,Kakamega East,2026-01-01 23:22:43.086192,130,14,115,2.311813135916111,77.92996832981288,3.59967431101906,7.074329382993789,3.881950192740244,78.08219830875443,3540,41.16988983661743,34.11278834804102,8.625561868845883,26.870688295250677,34.54997133594833,42.86902371725996,34.42846242706951,62.49055763370544,85.80283519999267,92.1226672747845,39.59621050898348,34.101576853176745,77.07350064470305,51.42258734462072,69.31094176271131,44.50103825680801,1,2026,19.0,95.0,1.9511123451534151,72.1705402846993,3.080541154987391,4.366946152173936,5.198779890092253,78.51783226276538,4351.0,53.61184987850488,17.858594410434616,9.550935463863103,17.46363953519646,67.33515152153973,30.245575490234227,78.04398036267145,87.21993864042565,76.0281261930977,69.94517679588186,40.26294311681527,52.05434156340843,60.67377538060799,75.9291216130018,58.26908063154826,53.860829816526845,19.0,74.0,4.14838150192625,72.6936302080127,4.008117429468112,4.055891157519874,7.77527576397627,59.24783898596248,10773.0,47.568914230554526,32.0426740742529,17.19343423452648,28.45194739981462,26.53944303161238,68.12704261687728,58.26674780365928,62.90099285705708,54.9274339048616,88.593101916118,35.42851181096272,55.29095740512507,93.5551421797487,64.53525109584103,44.04332346267756,77.60561428852402,17.0,57.0,1.573332428512352,86.94720060042049,1.1867075094317472,8.373013392369469,6.011838402611768,74.12930818700092,10494.0,50.9310689138045,23.63117849662321,14.467140478445062,25.629706868694107,41.554305168991775,43.44429279925666,56.68347356334909,65.75525412231764,49.175169288883,90.3361211406516,40.48032704887879,72.41282429239726,75.63673254366131,53.870668703688,11.31689002329123,67.36217887910752,114.0,94.0,75.0
Kakamega,Kakamega East,2026-02-01 23:22:43.086192,154,19,134,2.3289520834750954,89.0616996663727,4.799134500428039,4.717994534591511,2.397214051445234,71.64989555006457,8878,65.40863153213648,43.89592179902577,21.23564975057532,11.441084494463944,23.88786044331657,25.488051333889494,40.80173767314469,86.33321437814692,78.73348795710105,51.31079104123273,29.318269126005283,41.1705576267608,54.0234389926793,45.31970794638672,49.91312220086597,34.68623900914082,2,2026,14.0,115.0,2.311813135916111,77.92996832981288,3.59967431101906,7.074329382993789,3.881950192740244,78.08219830875443,3540.0,41.16988983661743,34.11278834804102,8.625561868845883,26.870688295250677,34.54997133594833,42.86902371725996,34.42846242706951,62.49055763370544,85.80283519999267,92.1226672747845,39.59621050898348,34.101576853176745,77.07350064470305,51.42258734462072,69.31094176271131,44.50103825680801,19.0,95.0,1.9511123451534151,72.1705402846993,3.080541154987391,4.366946152173936,5.198779890092253,78.51783226276538,4351.0,53.61184987850488,17.858594410434616,9.550935463863103,17.46363953519646,67.33515152153973,30.245575490234227,78.04398036267145,87.21993864042565,76.0281261930977,69.94517679588186,40.26294311681527,52.05434156340843,60.67377538060799,75.9291216130018,58.26908063154826,53.860829816526845,19.0,74.0,4.14838150192625,72.6936302080127,4.008117429468112,4.055891157519874,7.77527576397627,59.24783898596248,10773.0,47.568914230554526,32.0426740742529,17.19343423452648,28.45194739981462,26.53944303161238,68.12704261687728,58.26674780365928,62.90099285705708,54.9274339048616,88.593101916118,35.42851181096272,55.29095740512507,93.5551421797487,64.53525109584103,44.04332346267756,77.60561428852402,130.0,114.0,94.0
Kakamega,Kakamega West,2025-06-01 23:22:43.086192,95,14,81,1.5851372204904357,75.10751969294942,4.9637305027434815,2.543865790359244,2.5082962902519865,72.94708961122603,12211,72.20210945293931,15.867553053837572,6.339859508277286,15.569269816068054,28.422813331744948,62.7234806208284,70.2757006121364,40.53629533440675,93.54171908033804,35.486521116519995,69.20244275329578,58.402354445374655,81.93409621730024,72.13588224316716,61.46751817168434,46.319783728290304,6,2025,32.0,108.0,2.3967008083566648,76.55471689493001,4.819566080214979,3.673917468082576,5.047877723582351,63.355750574430985,4063.0,84.8942536622436,15.178471507982222,16.46629619276808,30.202867438799974,60.65124302595456,38.184131398702114,79.91366717781055,65.55936636040408,43.16231614420352,87.2866446740139,43.14413283363518,54.8751237864225,95.69401570310008,75.02579365820176,45.91752265774524,37.51597653397313,30.0,94.0,4.073057997170009,82.10135052541814,4.28069257819207,7.1614865293167655,7.517506289305282,68.78793650534382,13137.0,59.584270753708566,37.80902269576153,5.540540660219941,21.742199595352066,32.336124020657095,47.05795900263645,75.81157974173946,65.78719194195311,92.5156277441924,71.76774898162627,47.40050826238468,70.45524578256604,88.6532747908249,56.41996165937071,55.63196944416373,72.15772128105863,23.0,111.0,3.01786227644959,83.39270278666316,3.908203330964688,4.715442651892397,7.721052027832002,40.75529628908929,9960.0,94.49623471855976,15.403340438130032,10.208627421060672,11.14571908654391,56.63245963962599,45.805736123861045,36.63111916539505,62.54463480465037,61.0035304820551,43.17041792606122,47.38843863216874,69.66174539929628,54.77917966873734,45.07227329722836,37.21797303960901,44.44479003767135,141.0,124.0,135.0
Kakamega,Kakamega West,2025-07-01 23:22:43.086192,94,16,78,3.1551271915658137,70.83911230162676,1.308492773101409,2.073842914377185,7.75534720495832,65.49648529126627,13293,66.4872689118283,38.45869723001185,11.6333967195852,26.2614259709758,65.16218431037024,69.76302935582785,36.725651980519245,71.46342564298571,61.75632001658826,57.491632996715,64.07841504963923,38.89225645778533,47.76968044107644,27.22072291964348,35.63060856091556,64.65907337516126,7,2025,14.0,81.0,1.5851372204904357,75.10751969294942,4.9637305027434815,2.543865790359244,2.5082962902519865,72.94708961122603,12211.0,72.20210945293931,15.867553053837572,6.339859508277286,15.569269816068054,28.422813331744948,62.7234806208284,70.2757006121364,40.53629533440675,93.54171908033804,35.486521116519995,69.20244275329578,58.402354445374655,81.93409621730024,72.13588224316716,61.46751817168434,46.319783728290304,32.0,108.0,2.3967008083566648,76.55471689493001,4.819566080214979,3.673917468082576,5.047877723582351,63.355750574430985,4063.0,84.8942536622436,15.178471507982222,16.46629619276808,30.202867438799974,60.65124302595456,38.184131398702114,79.91366717781055,65.55936636040408,43.16231614420352,87.2866446740139,43.14413283363518,54.8751237864225,95.69401570310008,75.02579365820176,45.91752265774524,37.51597653397313,30.0,94.0,4.073057997170009,82.10135052541814,4.28069257819207,7.1614865293167655,7.517506289305282,68.78793650534382,13137.0,59.584270753708566,37.80902269576153,5.540540660219941,21.742199595352066,32.336124020657095,47.05795900263645,75.81157974173946,65.78719194195311,92.5156277441924,71.76774898162627,47.40050826238468,70.45524578256604,88.6532747908249,56.41996165937071,55.63196944416373,72.15772128105863,95.0,141.0,124.0
Kakamega,Kakamega West,2025-08-01 23:22:43.086192,71,9,61,3.872698712924504,82.27918744933096,3.4201505912848407,6.104403532856947,5.027506614974026,71.07610537273278,4579,49.676896105997855,44.63068768533718,10.94622337969354,32.76825381411837,31.25673869939243,29.132903034722027,56.09245489959858,81.10497593635841,90.70174847255082,46.821896070444055,42.32861966030691,65.69464524525914,52.56902911740046,33.61153839922783,46.97449808339984,62.03869661188335,8,2025,16.0,78.0,3.1551271915658137,70.83911230162676,1.308492773101409,2.073842914377185,7.75534720495832,65.49648529126627,13293.0,66.4872689118283,38.45869723001185,11.6333967195852,26.2614259709758,65.16218431037024,69.76302935582785,36.725651980519245,71.46342564298571,61.75632001658826,57.491632996715,64.07841504963923,38.89225645778533,47.76968044107644,27.22072291964348,35.63060856091556,64.65907337516126,14.0,81.0,1.5851372204904357,75.10751969294942,4.9637305027434815,2.543865790359244,2.5082962902519865,72.94708961122603,12211.0,72.20210945293931,15.867553053837572,6.339859508277286,15.569269816068054,28.422813331744948,62.7234806208284,70.2757006121364,40.53629533440675,93.54171908033804,35.486521116519995,69.20244275329578,58.402354445374655,81.93409621730024,72.13588224316716,61.46751817168434,46.319783728290304,32.0,108.0,2.3967008083566648,76.55471689493001,4.819566080214979,3.673917468082576,5.047877723582351,63.355750574430985,4063.0,84.8942536622436,15.178471507982222,16.46629619276808,30.202867438799974,60.65124302595456,38.184131398702114,79.91366717781055,65.55936636040408,43.16231614420352,87.2866446740139,43.14413283363518,54.8751237864225,95.69401570310008,75.02579365820176,45.91752265774524,37.51597653397313,94.0,95.0,141.0
Kakamega,Kakamega West,2025-09-01 23:22:43.086192,74,9,65,2.074162927405469,88.93551356807347,3.131202321493602,3.6269489373525934,7.0696640989422,54.10432766904688,8618,50.52689832826526,31.164059409939465,21.37756403173081,11.12244313054702,66.61025417495709,34.61207062048754,78.9466638546613,64.17084786349687,86.56502941065712,43.80950718650065,44.45886604572545,67.5916124728428,80.01961317839627,79.91996684321448,68.95067177714063,72.87012258638427,9,2025,9.0,61.0,3.872698712924504,82.27918744933096,3.4201505912848407,6.104403532856947,5.027506614974026,71.07610537273278,4579.0,49.676896105997855,44.63068768533718,10.94622337969354,32.76825381411837,31.25673869939243,29.132903034722027,56.09245489959858,81.10497593635841,90.70174847255082,46.821896070444055,42.32861966030691,65.69464524525914,52.56902911740046,33.61153839922783,46.97449808339984,62.03869661188335,16.0,78.0,3.1551271915658137,70.83911230162676,1.308492773101409,2.073842914377185,7.75534720495832,65.49648529126627,13293.0,66.4872689118283,38.45869723001185,11.6333967195852,26.2614259709758,65.16218431037024,69.76302935582785,36.725651980519245,71.46342564298571,61.75632001658826,57.491632996715,64.07841504963923,38.89225645778533,47.76968044107644,27.22072291964348,35.63060856091556,64.65907337516126,14.0,81.0,1.5851372204904357,75.10751969294942,4.9637305027434815,2.543865790359244,2.5082962902519865,72.94708961122603,12211.0,72.20210945293931,15.867553053837572,6.339859508277286,15.569269816068054,28.422813331744948,62.7234806208284,70.2757006121364,40.53629533440675,93.54171908033804,35.486521116519995,69.20244275329578,58.402354445374655,81.93409621730024,72.13588224316716,61.46751817168434,46.319783728290304,71.0,94.0,95.0
Kakamega,Kakamega West,2025-10-01 23:22:43.086192,63,12,50,3.933040574915272,78.4251914781562,2.2408475422748637,8.912983191495444,1.5855925969015798,53.1037238978884,4517,55.33629324729601,21.67767121151324,13.65568063370322,10.95401191864483,53.85716275072442,63.35705286588053,47.62210467484945,65.38036331443976,53.03634278864629,59.31783681440741,59.06394681363283,79.60137056084909,91.80801441830486,23.33914680443909,66.89041054006316,84.75899694298528,10,2025,9.0,65.0,2.074162927405469,88.93551356807347,3.131202321493602,3.6269489373525934,7.0696640989422,54.10432766904688,8618.0,50.52689832826526,31.164059409939465,21.37756403173081,11.12244313054702,66.61025417495709,34.61207062048754,78.9466638546613,64.17084786349687,86.56502941065712,43.80950718650065,44.45886604572545,67.5916124728428,80.01961317839627,79.91996684321448,68.95067177714063,72.87012258638427,9.0,61.0,3.872698712924504,82.27918744933096,3.4201505912848407,6.104403532856947,5.027506614974026,71.07610537273278,4579.0,49.676896105997855,44.63068768533718,10.94622337969354,32.76825381411837,31.25673869939243,29.132903034722027,56.09245489959858,81.10497593635841,90.70174847255082,46.821896070444055,42.32861966030691,65.69464524525914,52.56902911740046,33.61153839922783,46.97449808339984,62.03869661188335,16.0,78.0,3.1551271915658137,70.83911230162676,1.308492773101409,2.073842914377185,7.75534720495832,65.49648529126627,13293.0,66.4872689118283,38.45869723001185,11.6333967195852,26.2614259709758,65.16218431037024,69.76302935582785,36.725651980519245,71.46342564298571,61.75632001658826,57.491632996715,64.07841504963923,38.89225645778533,47.76968044107644,27.22072291964348,35.63060856091556,64.65907337516126,74.0,71.0,94.0
Kakamega,Kakamega West,2025-11-01 23:22:43.086192,89,12,77,1.0730769384864127,86.77473825233977,2.512806779123046,7.76890579927707,7.1489907937180615,55.658735891776814,7461,48.20291221389053,23.668901703473374,21.473474466021077,13.055100705097743,64.14284540760309,53.57000754276414,52.24547245598166,79.63989973759155,85.10572961979773,74.00731976614497,34.54762939677082,37.70800380416887,46.29118806058819,31.35944483899901,24.920407808934744,32.00282503456985,11,2025,12.0,50.0,3.933040574915272,78.4251914781562,2.2408475422748637,8.912983191495444,1.5855925969015798,53.1037238978884,4517.0,55.33629324729601,21.67767121151324,13.65568063370322,10.95401191864483,53.85716275072442,63.35705286588053,47.62210467484945,65.38036331443976,53.03634278864629,59.31783681440741,59.06394681363283,79.60137056084909,91.80801441830486,23.33914680443909,66.89041054006316,84.75899694298528,9.0,65.0,2.074162927405469,88.93551356807347,3.131202321493602,3.6269489373525934,7.0696640989422,54.10432766904688,8618.0,50.52689832826526,31.164059409939465,21.37756403173081,11.12244313054702,66.61025417495709,34.61207062048754,78.9466638546613,64.17084786349687,86.56502941065712,43.80950718650065,44.45886604572545,67.5916124728428,80.01961317839627,79.91996684321448,68.95067177714063,72.87012258638427,9.0,61.0,3.872698712924504,82.27918744933096,3.4201505912848407,6.104403532856947,5.027506614974026,71.07610537273278,4579.0,49.676896105997855,44.63068768533718,10.94622337969354,32.76825381411837,31.25673869939243,29.132903034722027,56.09245489959858,81.10497593635841,90.70174847255082,46.821896070444055,42.32861966030691,65.69464524525914,52.56902911740046,33.61153839922783,46.97449808339984,62.03869661188335,63.0,74.0,71.0
Kakamega,Kakamega West,2025-12-01 23:22:43.086192,106,21,84,3.2209888238916826,74.36889262645734,3.41437339310276,9.326951217502684,2.552640750607288,61.38711383588845,14898,66.96989023242492,25.07816370002724,16.79865029291521,28.19538235301197,35.23295440826543,49.899329257223016,63.31224925173586,74.52899014465123,78.20164013114123,63.042091438509566,70.80759487980683,67.60636281106281,48.39427630848196,57.447505652726015,39.17096418137041,49.16513985798758,12,2025,12.0,77.0,1.0730769384864127,86.77473825233977,2.512806779123046,7.76890579927707,7.1489907937180615,55.658735891776814,7461.0,48.20291221389053,23.668901703473374,21.473474466021077,13.055100705097743,64.14284540760309,53.57000754276414,52.24547245598166,79.63989973759155,85.10572961979773,74.00731976614497,34.54762939677082,37.70800380416887,46.29118806058819,31.35944483899901,24.920407808934744,32.00282503456985,12.0,50.0,3.933040574915272,78.4251914781562,2.2408475422748637,8.912983191495444,1.5855925969015798,53.1037238978884,4517.0,55.33629324729601,21.67767121151324,13.65568063370322,10.95401191864483,53.85716275072442,63.35705286588053,47.62210467484945,65.38036331443976,53.03634278864629,59.31783681440741,59.06394681363283,79.60137056084909,91.80801441830486,23.33914680443909,66.89041054006316,84.75899694298528,9.0,65.0,2.074162927405469,88.93551356807347,3.131202321493602,3.6269489373525934,7.0696640989422,54.10432766904688,8618.0,50.52689832826526,31.164059409939465,21.37756403173081,11.12244313054702,66.61025417495709,34.61207062048754,78.9466638546613,64.17084786349687,86.56502941065712,43.80950718650065,44.45886604572545,67.5916124728428,80.01961317839627,79.91996684321448,68.95067177714063,72.87012258638427,89.0,63.0,74.0
Kakamega,Kakamega West,2026-01-01 23:22:43.086192,139,32,106,0.6712801519680407,71.49286346427347,3.337695171002526,5.926277797036855,3.8139892160709135,73.82993645175938,5941,92.03549205779228,21.296573701711683,16.755316605121102,12.78958756363514,34.56193445792771,46.83109457630084,42.67247781129981,50.400798182154034,48.26855984375108,66.97440861746638,49.409394679101005,35.85392925309022,58.74719908980784,35.45795141503345,59.23594238290436,32.85732807291013,1,2026,21.0,84.0,3.2209888238916826,74.36889262645734,3.41437339310276,9.326951217502684,2.552640750607288,61.38711383588845,14898.0,66.96989023242492,25.07816370002724,16.79865029291521,28.19538235301197,35.23295440826543,49.899329257223016,63.31224925173586,74.52899014465123,78.20164013114123,63.042091438509566,70.80759487980683,67.60636281106281,48.39427630848196,57.447505652726015,39.17096418137041,49.16513985798758,12.0,77.0,1.0730769384864127,86.77473825233977,2.512806779123046,7.76890579927707,7.1489907937180615,55.658735891776814,7461.0,48.20291221389053,23.668901703473374,21.473474466021077,13.055100705097743,64.14284540760309,53.57000754276414,52.24547245598166,79.63989973759155,85.10572961979773,74.00731976614497,34.54762939677082,37.70800380416887,46.29118806058819,31.35944483899901,24.920407808934744,32.00282503456985,12.0,50.0,3.933040574915272,78.4251914781562,2.2408475422748637,8.912983191495444,1.5855925969015798,53.1037238978884,4517.0,55.33629324729601,21.67767121151324,13.65568063370322,10.95401191864483,53.85716275072442,63.35705286588053,47.62210467484945,65.38036331443976,53.03634278864629,59.31783681440741,59.06394681363283,79.60137056084909,91.80801441830486,23.33914680443909,66.89041054006316,84.75899694298528,106.0,89.0,63.0
Kakamega,Kakamega West,2026-02-01 23:22:43.086192,146,22,123,4.394786821601686,91.81300643795504,1.4497244573543848,4.516837259676588,6.623256265968376,54.80615712445067,10278,83.48489848445377,25.68122538756201,14.380825138618729,24.694332613717787,49.279297328877945,56.02419783707641,80.30210635352057,47.83754716883584,77.72174708623734,83.95650422282552,52.51320050424545,58.27802315086216,81.1052645627964,44.86629785937309,17.91900160439533,82.0033331961204,2,2026,32.0,106.0,0.6712801519680407,71.49286346427347,3.337695171002526,5.926277797036855,3.8139892160709135,73.82993645175938,5941.0,92.03549205779228,21.296573701711683,16.755316605121102,12.78958756363514,34.56193445792771,46.83109457630084,42.67247781129981,50.400798182154034,48.26855984375108,66.97440861746638,49.409394679101005,35.85392925309022,58.74719908980784,35.45795141503345,59.23594238290436,32.85732807291013,21.0,84.0,3.2209888238916826,74.36889262645734,3.41437339310276,9.326951217502684,2.552640750607288,61.38711383588845,14898.0,66.96989023242492,25.07816370002724,16.79865029291521,28.19538235301197,35.23295440826543,49.899329257223016,63.31224925173586,74.52899014465123,78.20164013114123,63.042091438509566,70.80759487980683,67.60636281106281,48.39427630848196,57.447505652726015,39.17096418137041,49.16513985798758,12.0,77.0,1.0730769384864127,86.77473825233977,2.512806779123046,7.76890579927707,7.1489907937180615,55.658735891776814,7461.0,48.20291221389053,23.668901703473374,21.473474466021077,13.055100705097743,64.14284540760309,53.57000754276414,52.24547245598166,79.63989973759155,85.10572961979773,74.00731976614497,34.54762939677082,37.70800380416887,46.29118806058819,31.35944483899901,24.920407808934744,32.00282503456985,139.0,106.0,89.0
Malindi,Kalifi,2025-06-01 23:22:43.086192,71,17,53,1.793184001352354,77.98296101074517,4.938997292987329,3.920016839854325,7.005997314043078,80.30776606594875,8471,90.0963646771386,37.42824146642243,22.23944377617829,16.421728303067567,41.571519627743385,29.534321562064868,72.54889333199591,84.9132289018468,85.75451935905558,44.42879727977471,39.8093622164844,49.17086585543443,83.13462789053838,36.74025659696437,62.47353995070508,57.47304470272795,6,2025,10.0,78.0,0.8115569731133789,80.95541599174999,4.984702203227022,3.257936271772911,2.243507835248926,60.11149537701336,7058.0,51.55724163303003,21.86472934240165,12.55780894517878,22.161599855686035,51.44941290636097,60.84478295671048,49.885059362333976,56.4914623012476,89.69092121689773,85.39085153470288,54.65794210895359,68.0938736796583,77.63458223560656,62.36176217825579,46.50572966446908,34.283740993743166,17.0,90.0,1.269180887231998,91.43384395802906,3.86535509146754,3.8720061748660415,2.2455057521101427,67.30384678764905,12254.0,94.82723517252153,33.69852985507151,5.859070257702326,31.10835133058379,47.01732103662189,61.622750855562806,42.7755424057976,65.38336300937398,65.90070131091831,65.58611252425993,50.91966578586457,34.81689108413194,53.03711233972865,75.35945662712294,40.46543031611434,66.63503947620111,25.0,86.0,1.7039571807245757,86.90214898220594,3.799285597128801,7.359818701100139,2.4789465660471888,51.87139443995501,13794.0,44.73693841405006,20.44239216368858,6.827946518257757,30.493344411360574,52.77432965224505,65.60716080998317,66.13100915134723,84.51014607931506,77.19413113320942,88.44897554811186,74.74631553606042,41.76842300276834,91.01985356824142,65.98003206442867,67.85791790281189,41.76599043505779,89.0,107.0,112.0
Malindi,Kalifi,2025-07-01 23:22:43.086192,66,7,58,3.487254606784693,72.50252413178175,3.829886358379061,4.109308118556739,4.410440465909412,53.54914501187423,14144,66.17751846912475,17.171831855426444,8.97119503214956,10.326350108720987,38.60051381870981,34.098232048883425,65.73840559048435,53.767833399118935,42.51663783659931,63.3038740774544,48.25556518920023,30.20980941803216,54.739575239022926,78.54592666079915,34.9757846129727,58.60393318708995,7,2025,17.0,53.0,1.793184001352354,77.98296101074517,4.938997292987329,3.920016839854325,7.005997314043078,80.30776606594875,8471.0,90.0963646771386,37.42824146642243,22.23944377617829,16.421728303067567,41.571519627743385,29.534321562064868,72.54889333199591,84.9132289018468,85.75451935905558,44.42879727977471,39.8093622164844,49.17086585543443,83.13462789053838,36.74025659696437,62.47353995070508,57.47304470272795,10.0,78.0,0.8115569731133789,80.95541599174999,4.984702203227022,3.257936271772911,2.243507835248926,60.11149537701336,7058.0,51.55724163303003,21.86472934240165,12.55780894517878,22.161599855686035,51.44941290636097,60.84478295671048,49.885059362333976,56.4914623012476,89.69092121689773,85.39085153470288,54.65794210895359,68.0938736796583,77.63458223560656,62.36176217825579,46.50572966446908,34.283740993743166,17.0,90.0,1.269180887231998,91.43384395802906,3.86535509146754,3.8720061748660415,2.2455057521101427,67.30384678764905,12254.0,94.82723517252153,33.69852985507151,5.859070257702326,31.10835133058379,47.01732103662189,61.622750855562806,42.7755424057976,65.38336300937398,65.90070131091831,65.58611252425993,50.91966578586457,34.81689108413194,53.03711233972865,75.35945662712294,40.46543031611434,66.63503947620111,71.0,89.0,107.0
Malindi,Kalifi,2025-08-01 23:22:43.086192,54,6,47,1.1286992593918863,76.5603783765988,3.6532708140061168,2.203140529967192,6.128774529134384,46.9121626300111,12520,31.17452342579988,15.278697120479778,13.630587676836626,12.817043507224824,38.30177683293676,59.17314591199754,62.95481673854699,70.49325233146718,46.22624953495675,81.66973578948577,32.5441880877105,60.63027684645378,90.67977450807102,52.15739540791498,24.359896345981163,48.39262917854187,8,2025,7.0,58.0,3.487254606784693,72.50252413178175,3.829886358379061,4.109308118556739,4.410440465909412,53.54914501187423,14144.0,66.17751846912475,17.171831855426444,8.97119503214956,10.326350108720987,38.60051381870981,34.098232048883425,65.73840559048435,53.767833399118935,42.51663783659931,63.3038740774544,48.25556518920023,30.20980941803216,54.739575239022926,78.54592666079915,34.9757846129727,58.60393318708995,17.0,53.0,1.793184001352354,77.98296101074517,4.938997292987329,3.920016839854325,7.005997314043078,80.30776606594875,8471.0,90.0963646771386,37.42824146642243,22.23944377617829,16.421728303067567,41.571519627743385,29.534321562064868,72.54889333199591,84.9132289018468,85.75451935905558,44.42879727977471,39.8093622164844,49.17086585543443,83.13462789053838,36.74025659696437,62.47353995070508,57.47304470272795,10.0,78.0,0.8115569731133789,80.95541599174999,4.984702203227022,3.257936271772911,2.243507835248926,60.11149537701336,7058.0,51.55724163303003,21.86472934240165,12.55780894517878,22.161599855686035,51.44941290636097,60.84478295671048,49.885059362333976,56.4914623012476,89.69092121689773,85.39085153470288,54.65794210895359,68.0938736796583,77.63458223560656,62.36176217825579,46.50572966446908,34.283740993743166,66.0,71.0,89.0
Malindi,Kalifi,2025-09-01 23:22:43.086192,61,12,49,3.704801411593254,78.11877934681596,1.802477509876891,3.2528424522354165,4.364429619145806,55.965035119864986,11993,57.21100685782767,17.90671119792259,19.30095792029043,11.51359938773282,49.09998382886718,57.4691677752055,34.35946864294236,58.89523353091809,79.45798748823265,40.88564457642797,69.930538656212,76.52611503243094,91.2595959723442,56.04505616078995,44.149814566613095,31.13153373253077,9,2025,6.0,47.0,1.1286992593918863,76.5603783765988,3.6532708140061168,2.203140529967192,6.128774529134384,46.9121626300111,12520.0,31.17452342579988,15.278697120479778,13.630587676836626,12.817043507224824,38.30177683293676,59.17314591199754,62.95481673854699,70.49325233146718,46.22624953495675,81.66973578948577,32.5441880877105,60.63027684645378,90.67977450807102,52.15739540791498,24.359896345981163,48.39262917854187,7.0,58.0,3.487254606784693,72.50252413178175,3.829886358379061,4.109308118556739,4.410440465909412,53.54914501187423,14144.0,66.17751846912475,17.171831855426444,8.97119503214956,10.326350108720987,38.60051381870981,34.098232048883425,65.73840559048435,53.767833399118935,42.51663783659931,63.3038740774544,48.25556518920023,30.20980941803216,54.739575239022926,78.54592666079915,34.9757846129727,58.60393318708995,17.0,53.0,1.793184001352354,77.98296101074517,4.938997292987329,3.920016839854325,7.005997314043078,80.30776606594875,8471.0,90.0963646771386,37.42824146642243,22.23944377617829,16.421728303067567,41.571519627743385,29.534321562064868,72.54889333199591,84.9132289018468,85.75451935905558,44.42879727977471,39.8093622164844,49.17086585543443,83.13462789053838,36.74025659696437,62.47353995070508,57.47304470272795,54.0,66.0,71.0
Malindi,Kalifi,2025-10-01 23:22:43.086192,68,10,58,1.8034755243385137,79.32958008841905,4.613090678421851,5.803370818465571,5.358462972569249,57.64096414037343,4652,60.59441667894146,19.201906684805117,21.034419614441774,23.67042854108678,20.469145714077307,61.415372183370366,65.95392796727407,60.39539038448817,71.70376669336565,93.19187290913472,36.87179705549258,83.722410816109,52.72831883969065,50.54923769183303,37.096147586117446,47.75246229154989,10,2025,12.0,49.0,3.704801411593254,78.11877934681596,1.802477509876891,3.2528424522354165,4.364429619145806,55.965035119864986,11993.0,57.21100685782767,17.90671119792259,19.30095792029043,11.51359938773282,49.09998382886718,57.4691677752055,34.35946864294236,58.89523353091809,79.45798748823265,40.88564457642797,69.930538656212,76.52611503243094,91.2595959723442,56.04505616078995,44.149814566613095,31.13153373253077,6.0,47.0,1.1286992593918863,76.5603783765988,3.6532708140061168,2.203140529967192,6.128774529134384,46.9121626300111,12520.0,31.17452342579988,15.278697120479778,13.630587676836626,12.817043507224824,38.30177683293676,59.17314591199754,62.95481673854699,70.49325233146718,46.22624953495675,81.66973578948577,32.5441880877105,60.63027684645378,90.67977450807102,52.15739540791498,24.359896345981163,48.39262917854187,7.0,58.0,3.487254606784693,72.50252413178175,3.829886358379061,4.109308118556739,4.410440465909412,53.54914501187423,14144.0,66.17751846912475,17.171831855426444,8.97119503214956,10.326350108720987,38.60051381870981,34.098232048883425,65.73840559048435,53.767833399118935,42.51663783659931,63.3038740774544,48.25556518920023,30.20980941803216,54.739575239022926,78.54592666079915,34.9757846129727,58.60393318708995,61.0,54.0,66.0
Malindi,Kalifi,2025-11-01 23:22:43.086192,74,18,56,0.6783854224683069,72.8385947499976,4.606235992679217,6.624283713341551,3.212259791046756,73.3386704583155,10523,73.31859973104243,22.27963285825257,18.43373909828921,33.69886154161054,58.34748928727997,33.14662596125278,67.67780387763895,55.38772686027165,54.96349726919336,89.5056204697675,74.41070834086855,42.8582366291122,50.63996830573457,39.31007776247077,14.546604195213249,74.6547435558231,11,2025,10.0,58.0,1.8034755243385137,79.32958008841905,4.613090678421851,5.803370818465571,5.358462972569249,57.64096414037343,4652.0,60.59441667894146,19.201906684805117,21.034419614441774,23.67042854108678,20.469145714077307,61.415372183370366,65.95392796727407,60.39539038448817,71.70376669336565,93.19187290913472,36.87179705549258,83.722410816109,52.72831883969065,50.54923769183303,37.096147586117446,47.75246229154989,12.0,49.0,3.704801411593254,78.11877934681596,1.802477509876891,3.2528424522354165,4.364429619145806,55.965035119864986,11993.0,57.21100685782767,17.90671119792259,19.30095792029043,11.51359938773282,49.09998382886718,57.4691677752055,34.35946864294236,58.89523353091809,79.45798748823265,40.88564457642797,69.930538656212,76.52611503243094,91.2595959723442,56.04505616078995,44.149814566613095,31.13153373253077,6.0,47.0,1.1286992593918863,76.5603783765988,3.6532708140061168,2.203140529967192,6.128774529134384,46.9121626300111,12520.0,31.17452342579988,15.278697120479778,13.630587676836626,12.817043507224824,38.30177683293676,59.17314591199754,62.95481673854699,70.49325233146718,46.22624953495675,81.66973578948577,32.5441880877105,60.63027684645378,90.67977450807102,52.15739540791498,24.359896345981163,48.39262917854187,68.0,61.0,54.0
Malindi,Kalifi,2025-12-01 23:22:43.086192,70,12,57,4.762283561465386,85.02566429305145,3.403922262074122,7.154166535714494,6.583485952291061,68.50001875048194,4876,49.75641919368112,16.98828647520998,9.294532762432045,10.988248346511988,20.633522898623237,29.975242593397788,48.492369484206165,46.97241085457461,97.3421993287605,93.51552090614152,45.643507100059615,76.28184148758834,83.38664741885096,37.096423861654685,21.711729936492038,33.02443508374532,12,2025,18.0,56.0,0.6783854224683069,72.8385947499976,4.606235992679217,6.624283713341551,3.212259791046756,73.3386704583155,10523.0,73.31859973104243,22.27963285825257,18.43373909828921,33.69886154161054,58.34748928727997,33.14662596125278,67.67780387763895,55.38772686027165,54.96349726919336,89.5056204697675,74.41070834086855,42.8582366291122,50.63996830573457,39.31007776247077,14.546604195213249,74.6547435558231,10.0,58.0,1.8034755243385137,79.32958008841905,4.613090678421851,5.803370818465571,5.358462972569249,57.64096414037343,4652.0,60.59441667894146,19.201906684805117,21.034419614441774,23.67042854108678,20.469145714077307,61.415372183370366,65.95392796727407,60.39539038448817,71.70376669336565,93.19187290913472,36.87179705549258,83.722410816109,52.72831883969065,50.54923769183303,37.096147586117446,47.75246229154989,12.0,49.0,3.704801411593254,78.11877934681596,1.802477509876891,3.2528424522354165,4.364429619145806,55.965035119864986,11993.0,57.21100685782767,17.90671119792259,19.30095792029043,11.51359938773282,49.09998382886718,57.4691677752055,34.35946864294236,58.89523353091809,79.45798748823265,40.88564457642797,69.930538656212,76.52611503243094,91.2595959723442,56.04505616078995,44.149814566613095,31.13153373253077,74.0,68.0,61.0
Malindi,Kalifi,2026-01-01 23:22:43.086192,118,16,101,3.305425286045109,74.43798758207768,3.442017309658348,9.411905589712344,6.3702291084394975,62.61998402604926,4202,55.00385803538053,38.68298043510329,7.883146420757949,24.576880355826155,42.325476989976266,62.99487121221964,65.22851391821301,64.1048222510655,87.51335040158702,70.98735263918309,32.35970000145247,75.10600604125767,80.45980582819917,27.90820185398332,35.32590842514237,68.80205079691515,1,2026,12.0,57.0,4.762283561465386,85.02566429305145,3.403922262074122,7.154166535714494,6.583485952291061,68.50001875048194,4876.0,49.75641919368112,16.98828647520998,9.294532762432045,10.988248346511988,20.633522898623237,29.975242593397788,48.492369484206165,46.97241085457461,97.3421993287605,93.51552090614152,45.643507100059615,76.28184148758834,83.38664741885096,37.096423861654685,21.711729936492038,33.02443508374532,18.0,56.0,0.6783854224683069,72.8385947499976,4.606235992679217,6.624283713341551,3.212259791046756,73.3386704583155,10523.0,73.31859973104243,22.27963285825257,18.43373909828921,33.69886154161054,58.34748928727997,33.14662596125278,67.67780387763895,55.38772686027165,54.96349726919336,89.5056204697675,74.41070834086855,42.8582366291122,50.63996830573457,39.31007776247077,14.546604195213249,74.6547435558231,10.0,58.0,1.8034755243385137,79.32958008841905,4.613090678421851,5.803370818465571,5.358462972569249,57.64096414037343,4652.0,60.59441667894146,19.201906684805117,21.034419614441774,23.67042854108678,20.469145714077307,61.415372183370366,65.95392796727407,60.39539038448817,71.70376669336565,93.19187290913472,36.87179705549258,83.722410816109,52.72831883969065,50.54923769183303,37.096147586117446,47.75246229154989,70.0,74.0,68.0
Malindi,Kalifi,2026-02-01 23:22:43.086192,98,15,83,1.974327329739917,94.14890732966018,4.639703159289367,7.136266289648945,6.403018065391428,50.44536258098542,10755,34.45028040843169,32.41728791897043,19.827710318679063,23.91139928470671,23.131203127619493,65.97564091445757,79.36788056380283,69.53190618797652,92.5956640592636,68.89704721623983,57.5444396640304,51.930397664471215,94.98060921448096,51.889093868765016,14.938837320267444,40.89087313726356,2,2026,16.0,101.0,3.305425286045109,74.43798758207768,3.442017309658348,9.411905589712344,6.3702291084394975,62.61998402604926,4202.0,55.00385803538053,38.68298043510329,7.883146420757949,24.576880355826155,42.325476989976266,62.99487121221964,65.22851391821301,64.1048222510655,87.51335040158702,70.98735263918309,32.35970000145247,75.10600604125767,80.45980582819917,27.90820185398332,35.32590842514237,68.80205079691515,12.0,57.0,4.762283561465386,85.02566429305145,3.403922262074122,7.154166535714494,6.583485952291061,68.50001875048194,4876.0,49.75641919368112,16.98828647520998,9.294532762432045,10.988248346511988,20.633522898623237,29.975242593397788,48.492369484206165,46.97241085457461,97.3421993287605,93.51552090614152,45.643507100059615,76.28184148758834,83.38664741885096,37.096423861654685,21.711729936492038,33.02443508374532,18.0,56.0,0.6783854224683069,72.8385947499976,4.606235992679217,6.624283713341551,3.212259791046756,73.3386704583155,10523.0,73.31859973104243,22.27963285825257,18.43373909828921,33.69886154161054,58.34748928727997,33.14662596125278,67.67780387763895,55.38772686027165,54.96349726919336,89.5056204697675,74.41070834086855,42.8582366291122,50.63996830573457,39.31007776247077,14.546604195213249,74.6547435558231,118.0,70.0,74.0
Nairobi,Kamukunji,2025-06-01 23:22:43.086192,215,41,174,2.927430878862113,84.1050799809442,3.031605681309214,6.831497609038132,4.2237405862215365,60.30176320036576,7904,54.46758638859637,20.15769036706664,8.383152111977841,24.268097936560043,38.49317580707663,53.18153073306232,74.59145523630272,84.17785200248028,93.8555417311762,59.997167453145096,47.67168540036857,88.19613783619437,65.22678816835023,75.04292882136953,35.62695658023875,45.48283349794375,6,2025,53.0,217.0,2.837834908714001,87.5205647065017,3.097346255721705,8.231149216993956,3.484610009374721,67.32150307629203,10259.0,31.95342854029831,20.716915990217743,13.249332620970335,15.74167979528686,69.68562743623296,47.18984664732244,62.88526411206448,88.02346586821632,63.62332543414236,61.8806000852959,33.95593487867998,81.32794782830305,70.68946517913363,48.3330944735964,21.80597705648414,34.08508780023701,68.0,207.0,2.625443817758671,86.89808824661374,3.321239292327154,3.0933806528842736,5.243928945703685,70.59341616840949,12307.0,71.45157893276797,32.805872683250215,14.175408656713424,26.87456996435328,26.1697479797848,30.780033376541425,57.65369852030609,49.78185171436616,50.45669679259086,71.91313190618078,30.6481814903848,40.0241737509534,54.93365359389361,41.809352967900494,38.36678654292933,78.11772505129895,33.0,279.0,3.1264240994355306,83.12285437927197,1.0891245910394347,8.760348899440695,3.0033699889223486,68.62595842613707,7151.0,72.08509131387942,23.270182785847872,9.769652030367126,18.83905267884557,23.65292628358925,67.32520927602509,39.70661732749424,67.42077392815735,53.09870401223044,74.29524549207312,26.099142030080323,33.26346325779839,95.30956812272224,78.90826409339036,41.902094065336925,70.74984836325095,270.0,276.0,312.0
Nairobi,Kamukunji,2025-07-01 23:22:43.086192,186,25,161,2.705448779639148,84.24693475692187,1.863736727823523,4.9993431659515215,7.044645725359082,66.0910405160333,7595,37.17858650519753,31.06164451716838,20.334697596475173,20.392898769585823,53.39785702711248,55.16329324609804,80.04272046572567,63.63423658997718,91.82012239909103,79.55162969428662,68.40389102811997,54.2892758387901,54.81412411322174,43.24789949395746,54.70747856766223,32.04960083737087,7,2025,41.0,174.0,2.927430878862113,84.1050799809442,3.031605681309214,6.831497609038132,4.2237405862215365,60.30176320036576,7904.0,54.46758638859637,20.15769036706664,8.383152111977841,24.268097936560043,38.49317580707663,53.18153073306232,74.59145523630272,84.17785200248028,93.8555417311762,59.997167453145096,47.67168540036857,88.19613783619437,65.22678816835023,75.04292882136953,35.62695658023875,45.48283349794375,53.0,217.0,2.837834908714001,87.5205647065017,3.097346255721705,8.231149216993956,3.484610009374721,67.32150307629203,10259.0,31.95342854029831,20.716915990217743,13.249332620970335,15.74167979528686,69.68562743623296,47.18984664732244,62.88526411206448,88.02346586821632,63.62332543414236,61.8806000852959,33.95593487867998,81.32794782830305,70.68946517913363,48.3330944735964,21.80597705648414,34.08508780023701,68.0,207.0,2.625443817758671,86.89808824661374,3.321239292327154,3.0933806528842736,5.243928945703685,70.59341616840949,12307.0,71.45157893276797,32.805872683250215,14.175408656713424,26.87456996435328,26.1697479797848,30.780033376541425,57.65369852030609,49.78185171436616,50.45669679259086,71.91313190618078,30.6481814903848,40.0241737509534,54.93365359389361,41.809352967900494,38.36678654292933,78.11772505129895,215.0,270.0,276.0
Nairobi,Kamukunji,2025-08-01 23:22:43.086192,154,15,138,1.6297219728401746,78.46097267322287,3.8662692687245968,5.014581811627906,5.808230966517836,70.49660201970758,4644,51.5738444153915,42.70238364433484,5.541441197170847,26.18442014368424,34.99220809322191,29.037265895006644,64.96860835320315,70.57583912235903,96.80065347770712,66.00048240168415,63.18212834587061,32.9465039296676,67.21613935504558,54.177475547972655,16.49882836984091,43.1043839624366,8,2025,25.0,161.0,2.705448779639148,84.24693475692187,1.863736727823523,4.9993431659515215,7.044645725359082,66.0910405160333,7595.0,37.17858650519753,31.06164451716838,20.334697596475173,20.392898769585823,53.39785702711248,55.16329324609804,80.04272046572567,63.63423658997718,91.82012239909103,79.55162969428662,68.40389102811997,54.2892758387901,54.81412411322174,43.24789949395746,54.70747856766223,32.04960083737087,41.0,174.0,2.927430878862113,84.1050799809442,3.031605681309214,6.831497609038132,4.2237405862215365,60.30176320036576,7904.0,54.46758638859637,20.15769036706664,8.383152111977841,24.268097936560043,38.49317580707663,53.18153073306232,74.59145523630272,84.17785200248028,93.8555417311762,59.997167453145096,47.67168540036857,88.19613783619437,65.22678816835023,75.04292882136953,35.62695658023875,45.48283349794375,53.0,217.0,2.837834908714001,87.5205647065017,3.097346255721705,8.231149216993956,3.484610009374721,67.32150307629203,10259.0,31.95342854029831,20.716915990217743,13.249332620970335,15.74167979528686,69.68562743623296,47.18984664732244,62.88526411206448,88.02346586821632,63.62332543414236,61.8806000852959,33.95593487867998,81.32794782830305,70.68946517913363,48.3330944735964,21.80597705648414,34.08508780023701,186.0,215.0,270.0
Nairobi,Kamukunji,2025-09-01 23:22:43.086192,159,38,120,3.680631019649706,84.0653570365305,3.04799044017332,5.615543627367734,2.5939963263596573,68.11014673500594,2137,33.15633801506709,29.63759342838707,15.225126481127994,33.90794333092887,34.57637217141915,72.3271919563337,72.56222483606373,50.28179910323452,85.36244809004884,88.58444890780379,27.44041287563174,42.33028951798426,88.848943508102,25.61249021634828,42.99125641775751,71.15605617961583,9,2025,15.0,138.0,1.6297219728401746,78.46097267322287,3.8662692687245968,5.014581811627906,5.808230966517836,70.49660201970758,4644.0,51.5738444153915,42.70238364433484,5.541441197170847,26.18442014368424,34.99220809322191,29.037265895006644,64.96860835320315,70.57583912235903,96.80065347770712,66.00048240168415,63.18212834587061,32.9465039296676,67.21613935504558,54.177475547972655,16.49882836984091,43.1043839624366,25.0,161.0,2.705448779639148,84.24693475692187,1.863736727823523,4.9993431659515215,7.044645725359082,66.0910405160333,7595.0,37.17858650519753,31.06164451716838,20.334697596475173,20.392898769585823,53.39785702711248,55.16329324609804,80.04272046572567,63.63423658997718,91.82012239909103,79.55162969428662,68.40389102811997,54.2892758387901,54.81412411322174,43.24789949395746,54.70747856766223,32.04960083737087,41.0,174.0,2.927430878862113,84.1050799809442,3.031605681309214,6.831497609038132,4.2237405862215365,60.30176320036576,7904.0,54.46758638859637,20.15769036706664,8.383152111977841,24.268097936560043,38.49317580707663,53.18153073306232,74.59145523630272,84.17785200248028,93.8555417311762,59.997167453145096,47.67168540036857,88.19613783619437,65.22678816835023,75.04292882136953,35.62695658023875,45.48283349794375,154.0,186.0,215.0
Nairobi,Kamukunji,2025-10-01 23:22:43.086192,184,23,160,1.7937568649026183,79.69869977556398,1.9021822820211944,6.206042012770521,6.8269079985656935,83.09786064918157,13340,35.087044764278794,39.24457484181846,19.645757742188344,30.97746832266368,41.6188457896853,37.30782446340304,81.78381425980936,74.10169598532309,48.36545884253042,39.47016080596983,70.67899307481117,37.00386275227506,68.43408213989292,22.088837638886616,16.2445372777796,73.12434992474124,10,2025,38.0,120.0,3.680631019649706,84.0653570365305,3.04799044017332,5.615543627367734,2.5939963263596573,68.11014673500594,2137.0,33.15633801506709,29.63759342838707,15.225126481127994,33.90794333092887,34.57637217141915,72.3271919563337,72.56222483606373,50.28179910323452,85.36244809004884,88.58444890780379,27.44041287563174,42.33028951798426,88.848943508102,25.61249021634828,42.99125641775751,71.15605617961583,15.0,138.0,1.6297219728401746,78.46097267322287,3.8662692687245968,5.014581811627906,5.808230966517836,70.49660201970758,4644.0,51.5738444153915,42.70238364433484,5.541441197170847,26.18442014368424,34.99220809322191,29.037265895006644,64.96860835320315,70.57583912235903,96.80065347770712,66.00048240168415,63.18212834587061,32.9465039296676,67.21613935504558,54.177475547972655,16.49882836984091,43.1043839624366,25.0,161.0,2.705448779639148,84.24693475692187,1.863736727823523,4.9993431659515215,7.044645725359082,66.0910405160333,7595.0,37.17858650519753,31.06164451716838,20.334697596475173,20.392898769585823,53.39785702711248,55.16329324609804,80.04272046572567,63.63423658997718,91.82012239909103,79.55162969428662,68.40389102811997,54.2892758387901,54.81412411322174,43.24789949395746,54.70747856766223,32.04960083737087,159.0,154.0,186.0
Nairobi,Kamukunji,2025-11-01 23:22:43.086192,262,50,211,4.363021299085713,78.32683457096662,4.622185216096443,9.256055676247575,6.174147024841061,61.78253117451156,2377,62.137015058358486,15.940439595908249,7.387725039939408,11.479069616324352,40.18325231247486,58.02623788069157,54.687291464898486,65.21496099756887,44.59594981259187,81.01367599979193,46.614821048457806,66.67700166413371,82.70547689467574,27.278541458645897,63.97544219653221,63.40502002912924,11,2025,23.0,160.0,1.7937568649026183,79.69869977556398,1.9021822820211944,6.206042012770521,6.8269079985656935,83.09786064918157,13340.0,35.087044764278794,39.24457484181846,19.645757742188344,30.97746832266368,41.6188457896853,37.30782446340304,81.78381425980936,74.10169598532309,48.36545884253042,39.47016080596983,70.67899307481117,37.00386275227506,68.43408213989292,22.088837638886616,16.2445372777796,73.12434992474124,38.0,120.0,3.680631019649706,84.0653570365305,3.04799044017332,5.615543627367734,2.5939963263596573,68.11014673500594,2137.0,33.15633801506709,29.63759342838707,15.225126481127994,33.90794333092887,34.57637217141915,72.3271919563337,72.56222483606373,50.28179910323452,85.36244809004884,88.58444890780379,27.44041287563174,42.33028951798426,88.848943508102,25.61249021634828,42.99125641775751,71.15605617961583,15.0,138.0,1.6297219728401746,78.46097267322287,3.8662692687245968,5.014581811627906,5.808230966517836,70.49660201970758,4644.0,51.5738444153915,42.70238364433484,5.541441197170847,26.18442014368424,34.99220809322191,29.037265895006644,64.96860835320315,70.57583912235903,96.80065347770712,66.00048240168415,63.18212834587061,32.9465039296676,67.21613935504558,54.177475547972655,16.49882836984091,43.1043839624366,184.0,159.0,154.0
Nairobi,Kamukunji,2025-12-01 23:22:43.086192,228,57,171,3.834211914296607,76.54410363181971,2.2930492831219422,2.851231454352177,6.204710549338917,49.18079728666015,14914,33.44933723335348,36.90614354209914,22.02792138935567,10.85677857404811,68.47102478804257,47.89797246149551,49.34685052160566,80.4242417981268,69.71068069331442,44.90995358361482,37.81382493083404,78.42915849589934,51.54466066830106,57.37119637583931,64.87680743825827,68.57389965150948,12,2025,50.0,211.0,4.363021299085713,78.32683457096662,4.622185216096443,9.256055676247575,6.174147024841061,61.78253117451156,2377.0,62.137015058358486,15.940439595908249,7.387725039939408,11.479069616324352,40.18325231247486,58.02623788069157,54.687291464898486,65.21496099756887,44.59594981259187,81.01367599979193,46.614821048457806,66.67700166413371,82.70547689467574,27.278541458645897,63.97544219653221,63.40502002912924,23.0,160.0,1.7937568649026183,79.69869977556398,1.9021822820211944,6.206042012770521,6.8269079985656935,83.09786064918157,13340.0,35.087044764278794,39.24457484181846,19.645757742188344,30.97746832266368,41.6188457896853,37.30782446340304,81.78381425980936,74.10169598532309,48.36545884253042,39.47016080596983,70.67899307481117,37.00386275227506,68.43408213989292,22.088837638886616,16.2445372777796,73.12434992474124,38.0,120.0,3.680631019649706,84.0653570365305,3.04799044017332,5.615543627367734,2.5939963263596573,68.11014673500594,2137.0,33.15633801506709,29.63759342838707,15.225126481127994,33.90794333092887,34.57637217141915,72.3271919563337,72.56222483606373,50.28179910323452,85.36244809004884,88.58444890780379,27.44041287563174,42.33028951798426,88.848943508102,25.61249021634828,42.99125641775751,71.15605617961583,262.0,184.0,159.0
Nairobi,Kamukunji,2026-01-01 23:22:43.086192,273,65,208,1.5944287904273784,78.73559396434761,3.4906667537288905,3.787495674425779,6.764409270178149,73.158773388215,13572,85.52823516717868,42.42232786273226,15.888845471041549,31.781690114153545,33.91553955988364,38.94631160525279,72.67005165905309,64.12777339566847,44.05024075580959,44.34297783297836,45.081651815790615,70.59466756418954,66.50953399537006,65.95140731847151,43.17157598213172,83.82244496722626,1,2026,57.0,171.0,3.834211914296607,76.54410363181971,2.2930492831219422,2.851231454352177,6.204710549338917,49.18079728666015,14914.0,33.44933723335348,36.90614354209914,22.02792138935567,10.85677857404811,68.47102478804257,47.89797246149551,49.34685052160566,80.4242417981268,69.71068069331442,44.90995358361482,37.81382493083404,78.42915849589934,51.54466066830106,57.37119637583931,64.87680743825827,68.57389965150948,50.0,211.0,4.363021299085713,78.32683457096662,4.622185216096443,9.256055676247575,6.174147024841061,61.78253117451156,2377.0,62.137015058358486,15.940439595908249,7.387725039939408,11.479069616324352,40.18325231247486,58.02623788069157,54.687291464898486,65.21496099756887,44.59594981259187,81.01367599979193,46.614821048457806,66.67700166413371,82.70547689467574,27.278541458645897,63.97544219653221,63.40502002912924,23.0,160.0,1.7937568649026183,79.69869977556398,1.9021822820211944,6.206042012770521,6.8269079985656935,83.09786064918157,13340.0,35.087044764278794,39.24457484181846,19.645757742188344,30.97746832266368,41.6188457896853,37.30782446340304,81.78381425980936,74.10169598532309,48.36545884253042,39.47016080596983,70.67899307481117,37.00386275227506,68.43408213989292,22.088837638886616,16.2445372777796,73.12434992474124,228.0,262.0,184.0
Nairobi,Kamukunji,2026-02-01 23:22:43.086192,296,62,233,0.6170627417583319,79.8219021990175,4.12323048736174,5.5831219238923655,7.276702088381326,73.96819400644765,8428,56.30896150152053,33.16991345286368,22.546516399890084,34.60034120111354,64.0175443587344,52.7850043626992,56.55859019021149,72.34798385457816,94.77325871589254,45.74105425116628,76.71858486241277,58.34541242761578,87.71235616934001,63.7175841518256,36.43805667867309,75.87216986599995,2,2026,65.0,208.0,1.5944287904273784,78.73559396434761,3.4906667537288905,3.787495674425779,6.764409270178149,73.158773388215,13572.0,85.52823516717868,42.42232786273226,15.888845471041549,31.781690114153545,33.91553955988364,38.94631160525279,72.67005165905309,64.12777339566847,44.05024075580959,44.34297783297836,45.081651815790615,70.59466756418954,66.50953399537006,65.95140731847151,43.17157598213172,83.82244496722626,57.0,171.0,3.834211914296607,76.54410363181971,2.2930492831219422,2.851231454352177,6.204710549338917,49.18079728666015,14914.0,33.44933723335348,36.90614354209914,22.02792138935567,10.85677857404811,68.47102478804257,47.89797246149551,49.34685052160566,80.4242417981268,69.71068069331442,44.90995358361482,37.81382493083404,78.42915849589934,51.54466066830106,57.37119637583931,64.87680743825827,68.57389965150948,50.0,211.0,4.363021299085713,78.32683457096662,4.622185216096443,9.256055676247575,6.174147024841061,61.78253117451156,2377.0,62.137015058358486,15.940439595908249,7.387725039939408,11.479069616324352,40.18325231247486,58.02623788069157,54.687291464898486,65.21496099756887,44.59594981259187,81.01367599979193,46.614821048457806,66.67700166413371,82.70547689467574,27.278541458645897,63.97544219653221,63.40502002912924,273.0,228.0,262.0
Eldoret,Kapseret,2025-06-01 23:22:43.086192,197,35,162,2.9405425509560077,74.06012792729238,4.968401517899293,9.093714045313522,6.009478919495629,65.163599771938,12565,41.08921244989051,39.59171695708372,19.59003928802522,20.344152576009414,59.948050526100815,31.39560402399512,60.03906531004034,79.58088612152335,82.18153753522662,61.36617470478406,32.521978268717874,60.9153790980232,46.324675535536926,26.525718156379032,48.82030244849473,54.52165472144867,6,2025,42.0,227.0,4.333509031486254,88.79540205945165,1.1167798272899685,6.261334911072059,5.080638678223851,65.08621469914561,12208.0,47.920727303145696,16.815571099295003,8.836339411042708,22.804134216847576,49.70688609058157,78.21358715648341,50.16050742375061,46.03878133038689,64.88636919946423,37.57582918685864,60.67166358745327,76.78537807533651,50.766682769210334,28.616664803094277,18.313225972441245,60.08337132120158,37.0,174.0,2.649278747372943,74.08782504988739,4.410954315831081,4.778367264599261,2.7303164260995856,58.03555129701047,12991.0,62.06944482429872,27.23998902647005,9.12420841276399,30.129107723688268,46.42575911009679,30.07879733454294,62.8193654321004,83.83854800322948,82.53740496029423,50.617455625873816,81.9279867298417,42.85699779810541,67.8705126637048,29.4705719039512,39.89024707916195,67.3719140079712,27.0,194.0,0.9645670604086752,74.75871497191666,2.6873144292126776,3.1272771261200507,3.0060270412627976,83.16381366206113,3758.0,31.69704766704007,36.27920220245801,17.299939821946296,18.493927786928992,42.32264979143651,70.96807752054251,62.16754911757469,65.9695007644316,56.67299999237312,91.63850357465356,45.051673602952526,38.986185888053726,72.8462272880203,25.20103107664845,55.18760373924121,36.65115556421977,270.0,212.0,222.0
Eldoret,Kapseret,2025-07-01 23:22:43.086192,138,32,105,1.787241622997807,83.2483693601384,3.388850840534096,7.824220648586313,5.320305723556364,65.67139779564532,14063,65.19557117317325,19.7888555991633,14.12952953369578,29.58508924989427,69.86452272317645,45.16400576493239,58.22550062832001,81.11076720102994,49.70515924522165,81.81382656229437,38.48478198993823,78.03217690413203,81.29882313709084,72.87882349302853,13.154734634335776,76.42086211843184,7,2025,35.0,162.0,2.9405425509560077,74.06012792729238,4.968401517899293,9.093714045313522,6.009478919495629,65.163599771938,12565.0,41.08921244989051,39.59171695708372,19.59003928802522,20.344152576009414,59.948050526100815,31.39560402399512,60.03906531004034,79.58088612152335,82.18153753522662,61.36617470478406,32.521978268717874,60.9153790980232,46.324675535536926,26.525718156379032,48.82030244849473,54.52165472144867,42.0,227.0,4.333509031486254,88.79540205945165,1.1167798272899685,6.261334911072059,5.080638678223851,65.08621469914561,12208.0,47.920727303145696,16.815571099295003,8.836339411042708,22.804134216847576,49.70688609058157,78.21358715648341,50.16050742375061,46.03878133038689,64.88636919946423,37.57582918685864,60.67166358745327,76.78537807533651,50.766682769210334,28.616664803094277,18.313225972441245,60.08337132120158,37.0,174.0,2.649278747372943,74.08782504988739,4.410954315831081,4.778367264599261,2.7303164260995856,58.03555129701047,12991.0,62.06944482429872,27.23998902647005,9.12420841276399,30.129107723688268,46.42575911009679,30.07879733454294,62.8193654321004,83.83854800322948,82.53740496029423,50.617455625873816,81.9279867298417,42.85699779810541,67.8705126637048,29.4705719039512,39.89024707916195,67.3719140079712,197.0,270.0,212.0
Eldoret,Kapseret,2025-08-01 23:22:43.086192,123,16,107,4.2352771388053085,75.04997858786841,1.9584651639091517,3.060806055973416,3.0030228695073538,77.25600544331184,2068,38.60057997070791,33.02762100201174,18.251301295549773,17.205387152512202,25.157027376921548,38.46018424969535,55.69572488808464,80.84426189202335,86.98685813715844,94.56511306221051,57.04919619188392,42.42160680168016,58.26560703792406,78.02957663339762,64.74825988508103,74.630224527483,8,2025,32.0,105.0,1.787241622997807,83.2483693601384,3.388850840534096,7.824220648586313,5.320305723556364,65.67139779564532,14063.0,65.19557117317325,19.7888555991633,14.12952953369578,29.58508924989427,69.86452272317645,45.16400576493239,58.22550062832001,81.11076720102994,49.70515924522165,81.81382656229437,38.48478198993823,78.03217690413203,81.29882313709084,72.87882349302853,13.154734634335776,76.42086211843184,35.0,162.0,2.9405425509560077,74.06012792729238,4.968401517899293,9.093714045313522,6.009478919495629,65.163599771938,12565.0,41.08921244989051,39.59171695708372,19.59003928802522,20.344152576009414,59.948050526100815,31.39560402399512,60.03906531004034,79.58088612152335,82.18153753522662,61.36617470478406,32.521978268717874,60.9153790980232,46.324675535536926,26.525718156379032,48.82030244849473,54.52165472144867,42.0,227.0,4.333509031486254,88.79540205945165,1.1167798272899685,6.261334911072059,5.080638678223851,65.08621469914561,12208.0,47.920727303145696,16.815571099295003,8.836339411042708,22.804134216847576,49.70688609058157,78.21358715648341,50.16050742375061,46.03878133038689,64.88636919946423,37.57582918685864,60.67166358745327,76.78537807533651,50.766682769210334,28.616664803094277,18.313225972441245,60.08337132120158,138.0,197.0,270.0
Eldoret,Kapseret,2025-09-01 23:22:43.086192,153,30,122,3.078213518146749,80.01373508801753,1.500689653764836,9.352682903949788,4.258294138584253,54.8196899566405,3577,56.91893837805317,28.930642162837422,9.97544766998031,27.46631375576661,65.81616016715657,31.48875378465856,43.13339985998511,55.534144631009845,51.8561043855849,71.02929429954483,52.20121563290847,45.31857300942576,83.95206692282825,61.833687549627584,56.31956160171649,48.62184510679605,9,2025,16.0,107.0,4.2352771388053085,75.04997858786841,1.9584651639091517,3.060806055973416,3.0030228695073538,77.25600544331184,2068.0,38.60057997070791,33.02762100201174,18.251301295549773,17.205387152512202,25.157027376921548,38.46018424969535,55.69572488808464,80.84426189202335,86.98685813715844,94.56511306221051,57.04919619188392,42.42160680168016,58.26560703792406,78.02957663339762,64.74825988508103,74.630224527483,32.0,105.0,1.787241622997807,83.2483693601384,3.388850840534096,7.824220648586313,5.320305723556364,65.67139779564532,14063.0,65.19557117317325,19.7888555991633,14.12952953369578,29.58508924989427,69.86452272317645,45.16400576493239,58.22550062832001,81.11076720102994,49.70515924522165,81.81382656229437,38.48478198993823,78.03217690413203,81.29882313709084,72.87882349302853,13.154734634335776,76.42086211843184,35.0,162.0,2.9405425509560077,74.06012792729238,4.968401517899293,9.093714045313522,6.009478919495629,65.163599771938,12565.0,41.08921244989051,39.59171695708372,19.59003928802522,20.344152576009414,59.948050526100815,31.39560402399512,60.03906531004034,79.58088612152335,82.18153753522662,61.36617470478406,32.521978268717874,60.9153790980232,46.324675535536926,26.525718156379032,48.82030244849473,54.52165472144867,123.0,138.0,197.0
Eldoret,Kapseret,2025-10-01 23:22:43.086192,154,23,130,3.5626719801324307,85.17218420988179,2.682240309510612,7.585484689524139,4.12268481392478,44.42440059600719,13647,81.0664155916158,26.13275669996625,21.60307297744897,15.913297330237285,23.39462924078204,36.35561951083799,57.44598643616531,65.86817278710258,73.42029360684222,77.82515430539428,65.84193227764018,80.10059320274759,91.20930735682904,44.12100148151527,16.10029695612296,65.7909328883109,10,2025,30.0,122.0,3.078213518146749,80.01373508801753,1.500689653764836,9.352682903949788,4.258294138584253,54.8196899566405,3577.0,56.91893837805317,28.930642162837422,9.97544766998031,27.46631375576661,65.81616016715657,31.48875378465856,43.13339985998511,55.534144631009845,51.8561043855849,71.02929429954483,52.20121563290847,45.31857300942576,83.95206692282825,61.833687549627584,56.31956160171649,48.62184510679605,16.0,107.0,4.2352771388053085,75.04997858786841,1.9584651639091517,3.060806055973416,3.0030228695073538,77.25600544331184,2068.0,38.60057997070791,33.02762100201174,18.251301295549773,17.205387152512202,25.157027376921548,38.46018424969535,55.69572488808464,80.84426189202335,86.98685813715844,94.56511306221051,57.04919619188392,42.42160680168016,58.26560703792406,78.02957663339762,64.74825988508103,74.630224527483,32.0,105.0,1.787241622997807,83.2483693601384,3.388850840534096,7.824220648586313,5.320305723556364,65.67139779564532,14063.0,65.19557117317325,19.7888555991633,14.12952953369578,29.58508924989427,69.86452272317645,45.16400576493239,58.22550062832001,81.11076720102994,49.70515924522165,81.81382656229437,38.48478198993823,78.03217690413203,81.29882313709084,72.87882349302853,13.154734634335776,76.42086211843184,153.0,123.0,138.0
Eldoret,Kapseret,2025-11-01 23:22:43.086192,164,24,139,3.1241604368084195,79.36137080811457,3.465987390785916,9.747242623463691,7.9537526274223795,48.11566995951322,5160,88.7403211848031,37.3332965400337,14.535110111943208,10.757688154095792,24.3662403039533,57.5454557489744,53.26758892556087,40.97073162927428,80.7411776459984,52.32126568312727,78.30694714144482,81.7020074000855,54.65197460865959,60.796949508627485,10.42168947022879,79.92751604569503,11,2025,23.0,130.0,3.5626719801324307,85.17218420988179,2.682240309510612,7.585484689524139,4.12268481392478,44.42440059600719,13647.0,81.0664155916158,26.13275669996625,21.60307297744897,15.913297330237285,23.39462924078204,36.35561951083799,57.44598643616531,65.86817278710258,73.42029360684222,77.82515430539428,65.84193227764018,80.10059320274759,91.20930735682904,44.12100148151527,16.10029695612296,65.7909328883109,30.0,122.0,3.078213518146749,80.01373508801753,1.500689653764836,9.352682903949788,4.258294138584253,54.8196899566405,3577.0,56.91893837805317,28.930642162837422,9.97544766998031,27.46631375576661,65.81616016715657,31.48875378465856,43.13339985998511,55.534144631009845,51.8561043855849,71.02929429954483,52.20121563290847,45.31857300942576,83.95206692282825,61.833687549627584,56.31956160171649,48.62184510679605,16.0,107.0,4.2352771388053085,75.04997858786841,1.9584651639091517,3.060806055973416,3.0030228695073538,77.25600544331184,2068.0,38.60057997070791,33.02762100201174,18.251301295549773,17.205387152512202,25.157027376921548,38.46018424969535,55.69572488808464,80.84426189202335,86.98685813715844,94.56511306221051,57.04919619188392,42.42160680168016,58.26560703792406,78.02957663339762,64.74825988508103,74.630224527483,154.0,153.0,123.0
Eldoret,Kapseret,2025-12-01 23:22:43.086192,193,35,158,1.2581146354933137,73.73628636883103,4.6816136746518655,2.99704975165104,3.389068986562484,51.41279965436488,12417,75.75409368209779,21.40379496292673,16.113930974251367,32.30378488254411,20.33775722518498,33.65358169819688,40.73836477558599,67.6160768150319,60.66184372057077,70.39837514679408,45.60365512223771,78.44955237456205,81.75223485182696,56.98402291822503,34.59655046213477,62.71886891981424,12,2025,24.0,139.0,3.1241604368084195,79.36137080811457,3.465987390785916,9.747242623463691,7.9537526274223795,48.11566995951322,5160.0,88.7403211848031,37.3332965400337,14.535110111943208,10.757688154095792,24.3662403039533,57.5454557489744,53.26758892556087,40.97073162927428,80.7411776459984,52.32126568312727,78.30694714144482,81.7020074000855,54.65197460865959,60.796949508627485,10.42168947022879,79.92751604569503,23.0,130.0,3.5626719801324307,85.17218420988179,2.682240309510612,7.585484689524139,4.12268481392478,44.42440059600719,13647.0,81.0664155916158,26.13275669996625,21.60307297744897,15.913297330237285,23.39462924078204,36.35561951083799,57.44598643616531,65.86817278710258,73.42029360684222,77.82515430539428,65.84193227764018,80.10059320274759,91.20930735682904,44.12100148151527,16.10029695612296,65.7909328883109,30.0,122.0,3.078213518146749,80.01373508801753,1.500689653764836,9.352682903949788,4.258294138584253,54.8196899566405,3577.0,56.91893837805317,28.930642162837422,9.97544766998031,27.46631375576661,65.81616016715657,31.48875378465856,43.13339985998511,55.534144631009845,51.8561043855849,71.02929429954483,52.20121563290847,45.31857300942576,83.95206692282825,61.833687549627584,56.31956160171649,48.62184510679605,164.0,154.0,153.0
Eldoret,Kapseret,2026-01-01 23:22:43.086192,200,30,169,0.5561536014921377,75.66149248520654,3.118019076381833,8.450925458334037,4.530367167309229,68.33556184134451,14929,38.06382575888948,44.20346966449149,24.28421775755912,33.6160075416209,21.559096039985302,30.50389791558556,77.8362860623221,58.50994574165465,91.80866410886227,71.26403620583476,77.73463704616367,38.472719821337016,87.40935353275941,61.76645887200706,48.475790219422535,48.28623589094374,1,2026,35.0,158.0,1.2581146354933137,73.73628636883103,4.6816136746518655,2.99704975165104,3.389068986562484,51.41279965436488,12417.0,75.75409368209779,21.40379496292673,16.113930974251367,32.30378488254411,20.33775722518498,33.65358169819688,40.73836477558599,67.6160768150319,60.66184372057077,70.39837514679408,45.60365512223771,78.44955237456205,81.75223485182696,56.98402291822503,34.59655046213477,62.71886891981424,24.0,139.0,3.1241604368084195,79.36137080811457,3.465987390785916,9.747242623463691,7.9537526274223795,48.11566995951322,5160.0,88.7403211848031,37.3332965400337,14.535110111943208,10.757688154095792,24.3662403039533,57.5454557489744,53.26758892556087,40.97073162927428,80.7411776459984,52.32126568312727,78.30694714144482,81.7020074000855,54.65197460865959,60.796949508627485,10.42168947022879,79.92751604569503,23.0,130.0,3.5626719801324307,85.17218420988179,2.682240309510612,7.585484689524139,4.12268481392478,44.42440059600719,13647.0,81.0664155916158,26.13275669996625,21.60307297744897,15.913297330237285,23.39462924078204,36.35561951083799,57.44598643616531,65.86817278710258,73.42029360684222,77.82515430539428,65.84193227764018,80.10059320274759,91.20930735682904,44.12100148151527,16.10029695612296,65.7909328883109,193.0,164.0,154.0
Eldoret,Kapseret,2026-02-01 23:22:43.086192,246,56,190,3.110925228275814,70.8807550767309,3.615403096594238,3.05819009266179,4.063837333803322,75.97787108355331,9366,85.15174953740261,17.402404871596524,9.191847373208892,13.01545726888797,33.42365898551506,37.72844590393738,69.83861847402366,64.80340122024887,88.95292158910578,78.34226173433775,63.091510503024445,59.19511820705845,84.41434871024865,71.75423687027413,22.833217013718222,60.22183142194986,2,2026,30.0,169.0,0.5561536014921377,75.66149248520654,3.118019076381833,8.450925458334037,4.530367167309229,68.33556184134451,14929.0,38.06382575888948,44.20346966449149,24.28421775755912,33.6160075416209,21.559096039985302,30.50389791558556,77.8362860623221,58.50994574165465,91.80866410886227,71.26403620583476,77.73463704616367,38.472719821337016,87.40935353275941,61.76645887200706,48.475790219422535,48.28623589094374,35.0,158.0,1.2581146354933137,73.73628636883103,4.6816136746518655,2.99704975165104,3.389068986562484,51.41279965436488,12417.0,75.75409368209779,21.40379496292673,16.113930974251367,32.30378488254411,20.33775722518498,33.65358169819688,40.73836477558599,67.6160768150319,60.66184372057077,70.39837514679408,45.60365512223771,78.44955237456205,81.75223485182696,56.98402291822503,34.59655046213477,62.71886891981424,24.0,139.0,3.1241604368084195,79.36137080811457,3.465987390785916,9.747242623463691,7.9537526274223795,48.11566995951322,5160.0,88.7403211848031,37.3332965400337,14.535110111943208,10.757688154095792,24.3662403039533,57.5454557489744,53.26758892556087,40.97073162927428,80.7411776459984,52.32126568312727,78.30694714144482,81.7020074000855,54.65197460865959,60.796949508627485,10.42168947022879,79.92751604569503,200.0,193.0,164.0
Thika,Kiambu,2025-06-01 23:22:43.086192,99,15,84,2.6107355449902165,93.25530883741988,3.4382373234877512,3.51230535277863,7.316431662711264,68.66433172012502,12815,43.54967832689778,28.78420579114863,23.94077305249912,15.997010514998156,62.011333532487086,72.15730330869494,47.51432675617341,57.32687180532808,84.18599260375152,41.57040623999384,58.53659040112326,70.65437689274805,59.95813381271909,37.94636227601225,20.266411533031278,60.35109820057744,6,2025,14.0,106.0,0.7025500402213103,78.03229358617702,3.196252751560699,5.656096819434202,2.9610734525931552,74.3679204874057,2604.0,79.74978298794863,36.8134877188687,16.760956155433902,25.09660324372668,62.68902554049711,65.53269118130821,81.90983648989305,75.8034660872631,63.45524429966335,74.11546286268918,72.36194212861498,49.33680171895108,59.18938955591918,33.81772606832919,67.97409064693562,35.39060630416865,35.0,135.0,1.858339065114236,86.3278398069973,2.365529957677865,4.582440576018908,5.026050466990717,56.07771244389483,9762.0,49.25504407850457,32.313002359126564,12.45348427437053,23.67102973138997,55.83793733736614,48.61135483384077,67.87788698823866,48.39080837307469,60.14334387020324,91.42421941527694,61.02623775479368,84.81288890805746,91.7244305817731,27.87849862868775,15.734758919070522,44.60691927919975,14.0,121.0,2.045890454151347,75.24771192122991,2.158313847556863,2.5549105168823045,3.170476609534457,71.34847198469014,13645.0,59.80677409418424,29.26929372558406,6.422792646589201,14.526241849835674,37.244225725756365,78.47178116931558,55.29310971090867,81.88685556122371,54.93519514400151,54.20221157791147,38.58900031958513,82.11369464938718,58.907860769245815,55.652719044247725,43.82036389088447,83.06785160151246,120.0,171.0,136.0
Thika,Kiambu,2025-07-01 23:22:43.086192,90,16,74,1.2748148159368238,92.92501733737056,2.684599603706143,5.55405496798795,3.1308622575283964,68.86708882151868,2969,70.99158951252235,26.31756615228567,7.97435489024558,21.07033935124577,47.79012739009514,33.32993278635989,52.37472671732782,74.54538710508115,75.98465002055343,72.6333776859316,73.00854937754033,49.26483352035339,81.68996654084529,73.45507875108005,43.92140600097179,47.08142382099149,7,2025,15.0,84.0,2.6107355449902165,93.25530883741988,3.4382373234877512,3.51230535277863,7.316431662711264,68.66433172012502,12815.0,43.54967832689778,28.78420579114863,23.94077305249912,15.997010514998156,62.011333532487086,72.15730330869494,47.51432675617341,57.32687180532808,84.18599260375152,41.57040623999384,58.53659040112326,70.65437689274805,59.95813381271909,37.94636227601225,20.266411533031278,60.35109820057744,14.0,106.0,0.7025500402213103,78.03229358617702,3.196252751560699,5.656096819434202,2.9610734525931552,74.3679204874057,2604.0,79.74978298794863,36.8134877188687,16.760956155433902,25.09660324372668,62.68902554049711,65.53269118130821,81.90983648989305,75.8034660872631,63.45524429966335,74.11546286268918,72.36194212861498,49.33680171895108,59.18938955591918,33.81772606832919,67.97409064693562,35.39060630416865,35.0,135.0,1.858339065114236,86.3278398069973,2.365529957677865,4.582440576018908,5.026050466990717,56.07771244389483,9762.0,49.25504407850457,32.313002359126564,12.45348427437053,23.67102973138997,55.83793733736614,48.61135483384077,67.87788698823866,48.39080837307469,60.14334387020324,91.42421941527694,61.02623775479368,84.81288890805746,91.7244305817731,27.87849862868775,15.734758919070522,44.60691927919975,99.0,120.0,171.0
Thika,Kiambu,2025-08-01 23:22:43.086192,84,17,66,1.225042355740306,77.83661552248154,2.373724235659082,9.566787930819212,4.73498751824208,57.626435454909085,10198,32.96358177807004,42.965180054732,11.3790654594597,14.398136659175028,67.40567908667794,63.14945933102083,78.55892096025399,40.25940655328651,58.48008015447122,62.73691979533493,78.02018871186759,32.517329579252284,85.17543331362768,54.47905938846792,20.40077113689585,34.94061519092212,8,2025,16.0,74.0,1.2748148159368238,92.92501733737056,2.684599603706143,5.55405496798795,3.1308622575283964,68.86708882151868,2969.0,70.99158951252235,26.31756615228567,7.97435489024558,21.07033935124577,47.79012739009514,33.32993278635989,52.37472671732782,74.54538710508115,75.98465002055343,72.6333776859316,73.00854937754033,49.26483352035339,81.68996654084529,73.45507875108005,43.92140600097179,47.08142382099149,15.0,84.0,2.6107355449902165,93.25530883741988,3.4382373234877512,3.51230535277863,7.316431662711264,68.66433172012502,12815.0,43.54967832689778,28.78420579114863,23.94077305249912,15.997010514998156,62.011333532487086,72.15730330869494,47.51432675617341,57.32687180532808,84.18599260375152,41.57040623999384,58.53659040112326,70.65437689274805,59.95813381271909,37.94636227601225,20.266411533031278,60.35109820057744,14.0,106.0,0.7025500402213103,78.03229358617702,3.196252751560699,5.656096819434202,2.9610734525931552,74.3679204874057,2604.0,79.74978298794863,36.8134877188687,16.760956155433902,25.09660324372668,62.68902554049711,65.53269118130821,81.90983648989305,75.8034660872631,63.45524429966335,74.11546286268918,72.36194212861498,49.33680171895108,59.18938955591918,33.81772606832919,67.97409064693562,35.39060630416865,90.0,99.0,120.0
Thika,Kiambu,2025-09-01 23:22:43.086192,85,9,76,3.8960218829751447,90.57690416788692,2.155138783566452,8.222890955134964,1.8133756044758824,84.96056756580523,4460,60.046076640272375,15.162452199344004,8.283503799555563,29.682274987269288,27.609839979301714,36.69848890043269,60.095013838129965,49.18126578650528,64.24776243934195,59.27314569018581,70.73067433109031,32.983314733340166,74.45588557320302,65.1468660051085,38.76383861018495,71.68752742725601,9,2025,17.0,66.0,1.225042355740306,77.83661552248154,2.373724235659082,9.566787930819212,4.73498751824208,57.626435454909085,10198.0,32.96358177807004,42.965180054732,11.3790654594597,14.398136659175028,67.40567908667794,63.14945933102083,78.55892096025399,40.25940655328651,58.48008015447122,62.73691979533493,78.02018871186759,32.517329579252284,85.17543331362768,54.47905938846792,20.40077113689585,34.94061519092212,16.0,74.0,1.2748148159368238,92.92501733737056,2.684599603706143,5.55405496798795,3.1308622575283964,68.86708882151868,2969.0,70.99158951252235,26.31756615228567,7.97435489024558,21.07033935124577,47.79012739009514,33.32993278635989,52.37472671732782,74.54538710508115,75.98465002055343,72.6333776859316,73.00854937754033,49.26483352035339,81.68996654084529,73.45507875108005,43.92140600097179,47.08142382099149,15.0,84.0,2.6107355449902165,93.25530883741988,3.4382373234877512,3.51230535277863,7.316431662711264,68.66433172012502,12815.0,43.54967832689778,28.78420579114863,23.94077305249912,15.997010514998156,62.011333532487086,72.15730330869494,47.51432675617341,57.32687180532808,84.18599260375152,41.57040623999384,58.53659040112326,70.65437689274805,59.95813381271909,37.94636227601225,20.266411533031278,60.35109820057744,84.0,90.0,99.0
Thika,Kiambu,2025-10-01 23:22:43.086192,73,12,61,3.66841053995534,92.9122622192636,3.513829753686182,3.40852832614166,2.214551296210671,49.24831730705036,5641,74.49661638691143,33.59407246421248,16.538960231109137,12.162524653617984,29.193139688145408,70.61087909866774,61.35081899419619,69.94081501601785,42.12069138421128,58.79896004373542,83.08483799511072,82.59904923237175,81.22546665796168,71.39783777065453,24.291095344414288,77.08074684273416,10,2025,9.0,76.0,3.8960218829751447,90.57690416788692,2.155138783566452,8.222890955134964,1.8133756044758824,84.96056756580523,4460.0,60.046076640272375,15.162452199344004,8.283503799555563,29.682274987269288,27.609839979301714,36.69848890043269,60.095013838129965,49.18126578650528,64.24776243934195,59.27314569018581,70.73067433109031,32.983314733340166,74.45588557320302,65.1468660051085,38.76383861018495,71.68752742725601,17.0,66.0,1.225042355740306,77.83661552248154,2.373724235659082,9.566787930819212,4.73498751824208,57.626435454909085,10198.0,32.96358177807004,42.965180054732,11.3790654594597,14.398136659175028,67.40567908667794,63.14945933102083,78.55892096025399,40.25940655328651,58.48008015447122,62.73691979533493,78.02018871186759,32.517329579252284,85.17543331362768,54.47905938846792,20.40077113689585,34.94061519092212,16.0,74.0,1.2748148159368238,92.92501733737056,2.684599603706143,5.55405496798795,3.1308622575283964,68.86708882151868,2969.0,70.99158951252235,26.31756615228567,7.97435489024558,21.07033935124577,47.79012739009514,33.32993278635989,52.37472671732782,74.54538710508115,75.98465002055343,72.6333776859316,73.00854937754033,49.26483352035339,81.68996654084529,73.45507875108005,43.92140600097179,47.08142382099149,85.0,84.0,90.0
Thika,Kiambu,2025-11-01 23:22:43.086192,99,17,82,1.5407116988989664,93.87579137085956,4.085290968662863,8.654681229123108,5.804307454501988,61.516404323240096,14275,84.47843836505686,37.69122559230978,21.854269287841397,14.143289274440756,40.5346015586932,53.379870300176925,38.08917467889009,80.72426640360993,93.15161849618946,62.48915197927741,65.64511870353233,80.4629551107123,84.65936456545523,22.64380679183614,19.571607868110664,80.71651044624784,11,2025,12.0,61.0,3.66841053995534,92.9122622192636,3.513829753686182,3.40852832614166,2.214551296210671,49.24831730705036,5641.0,74.49661638691143,33.59407246421248,16.538960231109137,12.162524653617984,29.193139688145408,70.61087909866774,61.35081899419619,69.94081501601785,42.12069138421128,58.79896004373542,83.08483799511072,82.59904923237175,81.22546665796168,71.39783777065453,24.291095344414288,77.08074684273416,9.0,76.0,3.8960218829751447,90.57690416788692,2.155138783566452,8.222890955134964,1.8133756044758824,84.96056756580523,4460.0,60.046076640272375,15.162452199344004,8.283503799555563,29.682274987269288,27.609839979301714,36.69848890043269,60.095013838129965,49.18126578650528,64.24776243934195,59.27314569018581,70.73067433109031,32.983314733340166,74.45588557320302,65.1468660051085,38.76383861018495,71.68752742725601,17.0,66.0,1.225042355740306,77.83661552248154,2.373724235659082,9.566787930819212,4.73498751824208,57.626435454909085,10198.0,32.96358177807004,42.965180054732,11.3790654594597,14.398136659175028,67.40567908667794,63.14945933102083,78.55892096025399,40.25940655328651,58.48008015447122,62.73691979533493,78.02018871186759,32.517329579252284,85.17543331362768,54.47905938846792,20.40077113689585,34.94061519092212,73.0,85.0,84.0
Thika,Kiambu,2025-12-01 23:22:43.086192,122,24,97,4.174907511432922,85.00027628145759,4.885916334648514,2.862955231161036,2.277370901479027,72.24976646572685,4892,83.42684517490126,33.05161063484735,21.23361782743236,14.786856324506877,49.07859566884402,73.13439532139277,61.673483251933824,86.13714646836911,95.77436253013865,61.65297516311887,37.395747824019175,30.930955840514372,91.29783602539804,63.53403603181506,38.29859911630257,31.02853111193276,12,2025,17.0,82.0,1.5407116988989664,93.87579137085956,4.085290968662863,8.654681229123108,5.804307454501988,61.516404323240096,14275.0,84.47843836505686,37.69122559230978,21.854269287841397,14.143289274440756,40.5346015586932,53.379870300176925,38.08917467889009,80.72426640360993,93.15161849618946,62.48915197927741,65.64511870353233,80.4629551107123,84.65936456545523,22.64380679183614,19.571607868110664,80.71651044624784,12.0,61.0,3.66841053995534,92.9122622192636,3.513829753686182,3.40852832614166,2.214551296210671,49.24831730705036,5641.0,74.49661638691143,33.59407246421248,16.538960231109137,12.162524653617984,29.193139688145408,70.61087909866774,61.35081899419619,69.94081501601785,42.12069138421128,58.79896004373542,83.08483799511072,82.59904923237175,81.22546665796168,71.39783777065453,24.291095344414288,77.08074684273416,9.0,76.0,3.8960218829751447,90.57690416788692,2.155138783566452,8.222890955134964,1.8133756044758824,84.96056756580523,4460.0,60.046076640272375,15.162452199344004,8.283503799555563,29.682274987269288,27.609839979301714,36.69848890043269,60.095013838129965,49.18126578650528,64.24776243934195,59.27314569018581,70.73067433109031,32.983314733340166,74.45588557320302,65.1468660051085,38.76383861018495,71.68752742725601,99.0,73.0,85.0
Thika,Kiambu,2026-01-01 23:22:43.086192,126,22,104,4.936556941596844,80.78753117640619,1.1078326677966692,6.509143467589225,2.936115342180724,77.93434300123656,11210,43.41996547622105,27.2531157741894,20.50384177991159,32.92230098091295,33.87065318268954,74.10815459424258,69.24754654604607,41.69078844618053,49.98969794425996,77.86093436255136,27.44415669473661,32.85621599782337,67.48958111104034,45.76501296242607,47.673646507661566,73.85204219423423,1,2026,24.0,97.0,4.174907511432922,85.00027628145759,4.885916334648514,2.862955231161036,2.277370901479027,72.24976646572685,4892.0,83.42684517490126,33.05161063484735,21.23361782743236,14.786856324506877,49.07859566884402,73.13439532139277,61.673483251933824,86.13714646836911,95.77436253013865,61.65297516311887,37.395747824019175,30.930955840514372,91.29783602539804,63.53403603181506,38.29859911630257,31.02853111193276,17.0,82.0,1.5407116988989664,93.87579137085956,4.085290968662863,8.654681229123108,5.804307454501988,61.516404323240096,14275.0,84.47843836505686,37.69122559230978,21.854269287841397,14.143289274440756,40.5346015586932,53.379870300176925,38.08917467889009,80.72426640360993,93.15161849618946,62.48915197927741,65.64511870353233,80.4629551107123,84.65936456545523,22.64380679183614,19.571607868110664,80.71651044624784,12.0,61.0,3.66841053995534,92.9122622192636,3.513829753686182,3.40852832614166,2.214551296210671,49.24831730705036,5641.0,74.49661638691143,33.59407246421248,16.538960231109137,12.162524653617984,29.193139688145408,70.61087909866774,61.35081899419619,69.94081501601785,42.12069138421128,58.79896004373542,83.08483799511072,82.59904923237175,81.22546665796168,71.39783777065453,24.291095344414288,77.08074684273416,122.0,99.0,73.0
Thika,Kiambu,2026-02-01 23:22:43.086192,142,30,111,4.651530771232403,93.27881603616451,2.670344386780402,4.775280875787895,1.463761116855682,40.62226908459444,6027,34.76522326540171,34.6541729461575,17.296662763778563,15.118280502444684,69.57090409410141,41.24806991505886,30.92539918100896,44.2893307548751,76.97122389509732,64.34574739252021,48.60159375844634,67.43632343853852,54.410878018378526,43.59102419584657,46.84060853645892,53.27662597154429,2,2026,22.0,104.0,4.936556941596844,80.78753117640619,1.1078326677966692,6.509143467589225,2.936115342180724,77.93434300123656,11210.0,43.41996547622105,27.2531157741894,20.50384177991159,32.92230098091295,33.87065318268954,74.10815459424258,69.24754654604607,41.69078844618053,49.98969794425996,77.86093436255136,27.44415669473661,32.85621599782337,67.48958111104034,45.76501296242607,47.673646507661566,73.85204219423423,24.0,97.0,4.174907511432922,85.00027628145759,4.885916334648514,2.862955231161036,2.277370901479027,72.24976646572685,4892.0,83.42684517490126,33.05161063484735,21.23361782743236,14.786856324506877,49.07859566884402,73.13439532139277,61.673483251933824,86.13714646836911,95.77436253013865,61.65297516311887,37.395747824019175,30.930955840514372,91.29783602539804,63.53403603181506,38.29859911630257,31.02853111193276,17.0,82.0,1.5407116988989664,93.87579137085956,4.085290968662863,8.654681229123108,5.804307454501988,61.516404323240096,14275.0,84.47843836505686,37.69122559230978,21.854269287841397,14.143289274440756,40.5346015586932,53.379870300176925,38.08917467889009,80.72426640360993,93.15161849618946,62.48915197927741,65.64511870353233,80.4629551107123,84.65936456545523,22.64380679183614,19.571607868110664,80.71651044624784,126.0,122.0,99.0
Nairobi,Kibra,2025-06-01 23:22:43.086192,267,66,201,2.247419427635144,78.35572330117304,2.836183903355599,3.3909056432129923,2.797276068950424,83.94176226942442,9899,72.9666000417256,37.81822699694513,14.619241302306383,31.01084801310889,25.125710101797075,43.16333492271045,75.99213325266277,78.02506432340994,79.96405666911542,40.82350565755327,52.50588192911826,70.60210552933634,74.83960005094181,77.16410814205297,50.62561875268391,61.77434768568421,6,2025,42.0,243.0,0.9428259814942752,89.81065543703819,4.37350792579453,3.178853731159837,4.584463261648677,73.00753149555223,6032.0,56.34379751762616,23.133530118736537,13.094463559251754,18.743167371687782,33.317996836356485,50.52893692915222,71.8379956519007,56.97006494095882,80.29895651369318,94.17870781109642,43.56536822189457,34.93199649476055,70.86272263100571,49.89881625268213,47.41246699692168,38.178234093464106,75.0,279.0,3.5984916618191707,74.31337719799495,1.1471356049219708,8.190660557611618,3.5943651218871624,48.1224391954114,9080.0,76.10812494659771,35.46142297484893,21.531655186859968,12.527221366526716,28.07641148509584,40.24430594175293,51.29664424480266,46.32432015040013,59.94226143824649,84.87935277837296,69.98649260943083,62.98108019364575,66.10139789587438,71.63045528013248,10.4296931751906,73.40567522759699,46.0,262.0,4.510976759793245,91.81340603597906,3.987164817509677,4.418425533691023,7.27442878507789,61.38292924241899,10812.0,35.982952804327056,25.672222045602656,8.61741036918319,30.565737181243183,22.708325709139576,46.90209509767326,52.13383312071083,74.69431013114118,55.89704584183024,60.65185388550103,74.07156043691816,45.865725096720624,60.30855381543687,24.231884108599616,11.030636345437484,73.70688722528124,285.0,355.0,309.0
Nairobi,Kibra,2025-07-01 23:22:43.086192,215,36,178,2.6293879575894925,75.73614338863267,1.3243908088815148,8.811245592966483,5.294895980846412,67.04198948025626,8138,84.5322265970686,33.34886819419344,20.390013678978143,15.931376743506464,48.155482670110175,57.67149489658263,59.31416462812837,69.23420494193155,75.86916738523878,61.28890536823799,38.455326085745504,89.9109655449726,70.70195832837715,33.97030097000655,31.321314256368986,67.35787377069863,7,2025,66.0,201.0,2.247419427635144,78.35572330117304,2.836183903355599,3.3909056432129923,2.797276068950424,83.94176226942442,9899.0,72.9666000417256,37.81822699694513,14.619241302306383,31.01084801310889,25.125710101797075,43.16333492271045,75.99213325266277,78.02506432340994,79.96405666911542,40.82350565755327,52.50588192911826,70.60210552933634,74.83960005094181,77.16410814205297,50.62561875268391,61.77434768568421,42.0,243.0,0.9428259814942752,89.81065543703819,4.37350792579453,3.178853731159837,4.584463261648677,73.00753149555223,6032.0,56.34379751762616,23.133530118736537,13.094463559251754,18.743167371687782,33.317996836356485,50.52893692915222,71.8379956519007,56.97006494095882,80.29895651369318,94.17870781109642,43.56536822189457,34.93199649476055,70.86272263100571,49.89881625268213,47.41246699692168,38.178234093464106,75.0,279.0,3.5984916618191707,74.31337719799495,1.1471356049219708,8.190660557611618,3.5943651218871624,48.1224391954114,9080.0,76.10812494659771,35.46142297484893,21.531655186859968,12.527221366526716,28.07641148509584,40.24430594175293,51.29664424480266,46.32432015040013,59.94226143824649,84.87935277837296,69.98649260943083,62.98108019364575,66.10139789587438,71.63045528013248,10.4296931751906,73.40567522759699,267.0,285.0,355.0
Nairobi,Kibra,2025-08-01 23:22:43.086192,215,23,191,4.882051036522559,76.41968713635434,2.869036697701909,9.95228523582101,7.512140099758531,48.65865471241635,3508,69.66096395497587,41.55144544660645,9.748466558138528,20.067400128728213,62.26500060851426,79.73192558351556,78.64253161964959,83.96062717071484,93.3364100666229,93.81478249772744,70.7435740319805,65.73530729597607,69.33713260459152,52.81237307138724,25.38578409154773,64.37951090768095,8,2025,36.0,178.0,2.6293879575894925,75.73614338863267,1.3243908088815148,8.811245592966483,5.294895980846412,67.04198948025626,8138.0,84.5322265970686,33.34886819419344,20.390013678978143,15.931376743506464,48.155482670110175,57.67149489658263,59.31416462812837,69.23420494193155,75.86916738523878,61.28890536823799,38.455326085745504,89.9109655449726,70.70195832837715,33.97030097000655,31.321314256368986,67.35787377069863,66.0,201.0,2.247419427635144,78.35572330117304,2.836183903355599,3.3909056432129923,2.797276068950424,83.94176226942442,9899.0,72.9666000417256,37.81822699694513,14.619241302306383,31.01084801310889,25.125710101797075,43.16333492271045,75.99213325266277,78.02506432340994,79.96405666911542,40.82350565755327,52.50588192911826,70.60210552933634,74.83960005094181,77.16410814205297,50.62561875268391,61.77434768568421,42.0,243.0,0.9428259814942752,89.81065543703819,4.37350792579453,3.178853731159837,4.584463261648677,73.00753149555223,6032.0,56.34379751762616,23.133530118736537,13.094463559251754,18.743167371687782,33.317996836356485,50.52893692915222,71.8379956519007,56.97006494095882,80.29895651369318,94.17870781109642,43.56536822189457,34.93199649476055,70.86272263100571,49.89881625268213,47.41246699692168,38.178234093464106,215.0,267.0,285.0
Nairobi,Kibra,2025-09-01 23:22:43.086192,189,45,144,3.16969877863534,80.83738460578375,3.0304478882233483,4.7238010758902425,1.6345484868950964,58.86216814277433,7701,49.78838116533301,18.435827986237115,12.789357759566398,29.91681215675572,40.20675749631687,43.94947137276319,44.0121446882516,78.41329371920784,60.91630385507068,69.48356874346283,47.77222174716852,73.41392340388501,86.4758782806752,47.734766484445686,41.4779828796762,31.28221885708948,9,2025,23.0,191.0,4.882051036522559,76.41968713635434,2.869036697701909,9.95228523582101,7.512140099758531,48.65865471241635,3508.0,69.66096395497587,41.55144544660645,9.748466558138528,20.067400128728213,62.26500060851426,79.73192558351556,78.64253161964959,83.96062717071484,93.3364100666229,93.81478249772744,70.7435740319805,65.73530729597607,69.33713260459152,52.81237307138724,25.38578409154773,64.37951090768095,36.0,178.0,2.6293879575894925,75.73614338863267,1.3243908088815148,8.811245592966483,5.294895980846412,67.04198948025626,8138.0,84.5322265970686,33.34886819419344,20.390013678978143,15.931376743506464,48.155482670110175,57.67149489658263,59.31416462812837,69.23420494193155,75.86916738523878,61.28890536823799,38.455326085745504,89.9109655449726,70.70195832837715,33.97030097000655,31.321314256368986,67.35787377069863,66.0,201.0,2.247419427635144,78.35572330117304,2.836183903355599,3.3909056432129923,2.797276068950424,83.94176226942442,9899.0,72.9666000417256,37.81822699694513,14.619241302306383,31.01084801310889,25.125710101797075,43.16333492271045,75.99213325266277,78.02506432340994,79.96405666911542,40.82350565755327,52.50588192911826,70.60210552933634,74.83960005094181,77.16410814205297,50.62561875268391,61.77434768568421,215.0,215.0,267.0
Nairobi,Kibra,2025-10-01 23:22:43.086192,209,44,164,1.7201253699434225,93.0628808895383,1.206543271264227,5.816632506405075,4.97721421037604,53.90802872009359,2255,68.57461322960526,25.79833110825404,17.371697047906622,33.045339883789374,20.066309152710804,30.00709361599218,39.45047863696266,76.81890541364149,89.01473616332378,88.24913726307364,28.017101277205235,36.094769068216,72.69000356451991,24.799958157992293,48.37454730619675,78.71606428869507,10,2025,45.0,144.0,3.16969877863534,80.83738460578375,3.0304478882233483,4.7238010758902425,1.6345484868950964,58.86216814277433,7701.0,49.78838116533301,18.435827986237115,12.789357759566398,29.91681215675572,40.20675749631687,43.94947137276319,44.0121446882516,78.41329371920784,60.91630385507068,69.48356874346283,47.77222174716852,73.41392340388501,86.4758782806752,47.734766484445686,41.4779828796762,31.28221885708948,23.0,191.0,4.882051036522559,76.41968713635434,2.869036697701909,9.95228523582101,7.512140099758531,48.65865471241635,3508.0,69.66096395497587,41.55144544660645,9.748466558138528,20.067400128728213,62.26500060851426,79.73192558351556,78.64253161964959,83.96062717071484,93.3364100666229,93.81478249772744,70.7435740319805,65.73530729597607,69.33713260459152,52.81237307138724,25.38578409154773,64.37951090768095,36.0,178.0,2.6293879575894925,75.73614338863267,1.3243908088815148,8.811245592966483,5.294895980846412,67.04198948025626,8138.0,84.5322265970686,33.34886819419344,20.390013678978143,15.931376743506464,48.155482670110175,57.67149489658263,59.31416462812837,69.23420494193155,75.86916738523878,61.28890536823799,38.455326085745504,89.9109655449726,70.70195832837715,33.97030097000655,31.321314256368986,67.35787377069863,189.0,215.0,215.0
Nairobi,Kibra,2025-11-01 23:22:43.086192,250,60,189,3.563097997760288,70.84970001523797,4.254829326516253,8.229248564870625,6.917388946231691,51.567377372939234,11801,40.593101032367045,43.3234253393656,7.686833602755232,17.24245706576062,63.39359027063736,28.65585401050643,51.92203674635175,42.55673177592116,96.7700545024723,71.5779673167888,69.48571980549295,63.49662005863773,85.46956665087134,32.30250758509722,26.10379926060989,30.7185195746201,11,2025,44.0,164.0,1.7201253699434225,93.0628808895383,1.206543271264227,5.816632506405075,4.97721421037604,53.90802872009359,2255.0,68.57461322960526,25.79833110825404,17.371697047906622,33.045339883789374,20.066309152710804,30.00709361599218,39.45047863696266,76.81890541364149,89.01473616332378,88.24913726307364,28.017101277205235,36.094769068216,72.69000356451991,24.799958157992293,48.37454730619675,78.71606428869507,45.0,144.0,3.16969877863534,80.83738460578375,3.0304478882233483,4.7238010758902425,1.6345484868950964,58.86216814277433,7701.0,49.78838116533301,18.435827986237115,12.789357759566398,29.91681215675572,40.20675749631687,43.94947137276319,44.0121446882516,78.41329371920784,60.91630385507068,69.48356874346283,47.77222174716852,73.41392340388501,86.4758782806752,47.734766484445686,41.4779828796762,31.28221885708948,23.0,191.0,4.882051036522559,76.41968713635434,2.869036697701909,9.95228523582101,7.512140099758531,48.65865471241635,3508.0,69.66096395497587,41.55144544660645,9.748466558138528,20.067400128728213,62.26500060851426,79.73192558351556,78.64253161964959,83.96062717071484,93.3364100666229,93.81478249772744,70.7435740319805,65.73530729597607,69.33713260459152,52.81237307138724,25.38578409154773,64.37951090768095,209.0,189.0,215.0
Nairobi,Kibra,2025-12-01 23:22:43.086192,281,32,248,1.8048881927735003,76.86060272231987,4.212301710120654,4.418688825759488,2.2089381304581317,60.65412932859265,12142,73.93095173656211,16.418164668461362,6.518051631343549,22.46363698959299,47.97044240869185,63.37634902826945,64.65901511729672,76.15914762348174,86.84722760675487,56.10288883076529,35.086390326819206,62.71871634934252,55.11792727060718,43.85210157534912,19.735939274499717,67.00659719665472,12,2025,60.0,189.0,3.563097997760288,70.84970001523797,4.254829326516253,8.229248564870625,6.917388946231691,51.567377372939234,11801.0,40.593101032367045,43.3234253393656,7.686833602755232,17.24245706576062,63.39359027063736,28.65585401050643,51.92203674635175,42.55673177592116,96.7700545024723,71.5779673167888,69.48571980549295,63.49662005863773,85.46956665087134,32.30250758509722,26.10379926060989,30.7185195746201,44.0,164.0,1.7201253699434225,93.0628808895383,1.206543271264227,5.816632506405075,4.97721421037604,53.90802872009359,2255.0,68.57461322960526,25.79833110825404,17.371697047906622,33.045339883789374,20.066309152710804,30.00709361599218,39.45047863696266,76.81890541364149,89.01473616332378,88.24913726307364,28.017101277205235,36.094769068216,72.69000356451991,24.799958157992293,48.37454730619675,78.71606428869507,45.0,144.0,3.16969877863534,80.83738460578375,3.0304478882233483,4.7238010758902425,1.6345484868950964,58.86216814277433,7701.0,49.78838116533301,18.435827986237115,12.789357759566398,29.91681215675572,40.20675749631687,43.94947137276319,44.0121446882516,78.41329371920784,60.91630385507068,69.48356874346283,47.77222174716852,73.41392340388501,86.4758782806752,47.734766484445686,41.4779828796762,31.28221885708948,250.0,209.0,189.0
Nairobi,Kibra,2026-01-01 23:22:43.086192,275,39,236,1.072773514556613,79.71977591985231,2.373174170283315,6.640056546735147,7.610706470829868,53.616487753318594,9501,31.664844932775917,30.3975814974354,22.537974680956573,19.87328628781608,30.746417055655535,29.96748363393973,67.17032288073507,67.14048935064733,53.43349204310203,43.53493422962958,36.3413364240057,59.28773675527483,52.20086282082011,20.64544893800951,61.23453038239143,50.24912232745201,1,2026,32.0,248.0,1.8048881927735003,76.86060272231987,4.212301710120654,4.418688825759488,2.2089381304581317,60.65412932859265,12142.0,73.93095173656211,16.418164668461362,6.518051631343549,22.46363698959299,47.97044240869185,63.37634902826945,64.65901511729672,76.15914762348174,86.84722760675487,56.10288883076529,35.086390326819206,62.71871634934252,55.11792727060718,43.85210157534912,19.735939274499717,67.00659719665472,60.0,189.0,3.563097997760288,70.84970001523797,4.254829326516253,8.229248564870625,6.917388946231691,51.567377372939234,11801.0,40.593101032367045,43.3234253393656,7.686833602755232,17.24245706576062,63.39359027063736,28.65585401050643,51.92203674635175,42.55673177592116,96.7700545024723,71.5779673167888,69.48571980549295,63.49662005863773,85.46956665087134,32.30250758509722,26.10379926060989,30.7185195746201,44.0,164.0,1.7201253699434225,93.0628808895383,1.206543271264227,5.816632506405075,4.97721421037604,53.90802872009359,2255.0,68.57461322960526,25.79833110825404,17.371697047906622,33.045339883789374,20.066309152710804,30.00709361599218,39.45047863696266,76.81890541364149,89.01473616332378,88.24913726307364,28.017101277205235,36.094769068216,72.69000356451991,24.799958157992293,48.37454730619675,78.71606428869507,281.0,250.0,209.0
Nairobi,Kibra,2026-02-01 23:22:43.086192,343,83,260,2.4058883694461675,81.42300169468024,3.0917678862263798,5.340852930644535,1.471725622601085,65.54569791157716,7750,49.79412630281582,27.54304193757177,17.61069701835388,14.847849416518898,44.09801438317571,73.51095889572602,80.10754453490671,89.7140313242856,89.20111499728546,79.79780671731325,37.10385573311096,83.830062697261,64.94237375393197,44.12133623809575,40.14717906106368,84.13666407688015,2,2026,39.0,236.0,1.072773514556613,79.71977591985231,2.373174170283315,6.640056546735147,7.610706470829868,53.616487753318594,9501.0,31.664844932775917,30.3975814974354,22.537974680956573,19.87328628781608,30.746417055655535,29.96748363393973,67.17032288073507,67.14048935064733,53.43349204310203,43.53493422962958,36.3413364240057,59.28773675527483,52.20086282082011,20.64544893800951,61.23453038239143,50.24912232745201,32.0,248.0,1.8048881927735003,76.86060272231987,4.212301710120654,4.418688825759488,2.2089381304581317,60.65412932859265,12142.0,73.93095173656211,16.418164668461362,6.518051631343549,22.46363698959299,47.97044240869185,63.37634902826945,64.65901511729672,76.15914762348174,86.84722760675487,56.10288883076529,35.086390326819206,62.71871634934252,55.11792727060718,43.85210157534912,19.735939274499717,67.00659719665472,60.0,189.0,3.563097997760288,70.84970001523797,4.254829326516253,8.229248564870625,6.917388946231691,51.567377372939234,11801.0,40.593101032367045,43.3234253393656,7.686833602755232,17.24245706576062,63.39359027063736,28.65585401050643,51.92203674635175,42.55673177592116,96.7700545024723,71.5779673167888,69.48571980549295,63.49662005863773,85.46956665087134,32.30250758509722,26.10379926060989,30.7185195746201,275.0,281.0,250.0
Mombasa,Kisauni,2025-06-01 23:22:43.086192,251,41,210,4.837918491902566,71.88015446612778,4.987524137835848,5.999128887951397,5.302422663457382,53.35891801761586,7227,67.28595038943999,36.951588448012565,16.44957862377474,34.773074372890335,37.975046045981145,61.58995548540325,64.74940599025174,64.3911148890568,64.60798839009951,35.06635113184366,26.085773609985733,52.12032886469635,61.01317840599228,78.228004406502,50.38777593541413,51.7685931045624,6,2025,50.0,245.0,2.0777157174431222,78.39238571466483,1.2767780754673526,5.280853263243746,6.722355625385151,81.80619424005263,8588.0,93.47773897758913,35.135074754017054,5.0447902253694,24.95978862683471,47.19377740094312,76.74264158391118,43.31048624778301,54.70010831653407,89.78107837104511,79.20310197659825,80.1215513548299,33.85590408476741,94.81247502119126,24.28093949670502,26.884263266584117,38.05881306921501,67.0,207.0,3.00997001080098,74.61366767460453,3.598552508220084,5.888928028578601,6.782106484433838,62.16339194958656,7576.0,89.17085562985211,22.98426960951194,16.060316850897323,19.83380768518724,59.375054806235326,47.44682509936269,42.36798055262054,45.47564322959976,69.99959478827246,84.70410651493691,84.99380597645177,78.60530314244433,47.42848083274647,61.93723951299926,59.248173231108,78.583302109586,65.0,258.0,2.110647153184965,72.42746425978872,2.8042013117704547,6.535158456476117,6.49419809054287,66.77192458461079,6080.0,43.549935171547226,17.30115294039636,5.481372375927329,27.114142249023036,54.784882905920085,76.7075019713948,75.33500623463851,54.99405610112933,89.95815605676808,59.70247207069867,76.19716524683234,88.70636910082274,82.76499369176221,79.10653140405293,13.507065071637411,65.08622489284053,296.0,275.0,323.0
Mombasa,Kisauni,2025-07-01 23:22:43.086192,197,47,149,1.951793022823534,70.39395404763485,1.938042370350426,6.880092061863567,6.598182542851476,75.40279128556074,2813,76.93513631491194,41.48427765863945,14.62284709693825,34.40985226081785,30.344751646792623,64.05999783325774,51.657050189810136,41.72610128897315,88.8658435852251,36.052342012305495,51.226384288159394,86.83202302606276,74.37256105802079,73.69530399038821,35.35804263167877,84.01353574080233,7,2025,41.0,210.0,4.837918491902566,71.88015446612778,4.987524137835848,5.999128887951397,5.302422663457382,53.35891801761586,7227.0,67.28595038943999,36.951588448012565,16.44957862377474,34.773074372890335,37.975046045981145,61.58995548540325,64.74940599025174,64.3911148890568,64.60798839009951,35.06635113184366,26.085773609985733,52.12032886469635,61.01317840599228,78.228004406502,50.38777593541413,51.7685931045624,50.0,245.0,2.0777157174431222,78.39238571466483,1.2767780754673526,5.280853263243746,6.722355625385151,81.80619424005263,8588.0,93.47773897758913,35.135074754017054,5.0447902253694,24.95978862683471,47.19377740094312,76.74264158391118,43.31048624778301,54.70010831653407,89.78107837104511,79.20310197659825,80.1215513548299,33.85590408476741,94.81247502119126,24.28093949670502,26.884263266584117,38.05881306921501,67.0,207.0,3.00997001080098,74.61366767460453,3.598552508220084,5.888928028578601,6.782106484433838,62.16339194958656,7576.0,89.17085562985211,22.98426960951194,16.060316850897323,19.83380768518724,59.375054806235326,47.44682509936269,42.36798055262054,45.47564322959976,69.99959478827246,84.70410651493691,84.99380597645177,78.60530314244433,47.42848083274647,61.93723951299926,59.248173231108,78.583302109586,251.0,296.0,275.0
Mombasa,Kisauni,2025-08-01 23:22:43.086192,148,20,127,1.7562190505855133,72.70508916844118,4.81257158457493,3.598025776045416,7.205129420858282,75.40348589733372,8435,84.56617552691912,16.431666794433138,14.638993845095245,27.6940733387541,40.27147674470832,28.158477787137027,59.19322372267125,77.22589539900633,81.84951205998013,72.8530413843697,82.52496090453008,58.72299918997058,93.7309480054156,66.66325404328387,56.32501448200195,83.99577880398496,8,2025,47.0,149.0,1.951793022823534,70.39395404763485,1.938042370350426,6.880092061863567,6.598182542851476,75.40279128556074,2813.0,76.93513631491194,41.48427765863945,14.62284709693825,34.40985226081785,30.344751646792623,64.05999783325774,51.657050189810136,41.72610128897315,88.8658435852251,36.052342012305495,51.226384288159394,86.83202302606276,74.37256105802079,73.69530399038821,35.35804263167877,84.01353574080233,41.0,210.0,4.837918491902566,71.88015446612778,4.987524137835848,5.999128887951397,5.302422663457382,53.35891801761586,7227.0,67.28595038943999,36.951588448012565,16.44957862377474,34.773074372890335,37.975046045981145,61.58995548540325,64.74940599025174,64.3911148890568,64.60798839009951,35.06635113184366,26.085773609985733,52.12032886469635,61.01317840599228,78.228004406502,50.38777593541413,51.7685931045624,50.0,245.0,2.0777157174431222,78.39238571466483,1.2767780754673526,5.280853263243746,6.722355625385151,81.80619424005263,8588.0,93.47773897758913,35.135074754017054,5.0447902253694,24.95978862683471,47.19377740094312,76.74264158391118,43.31048624778301,54.70010831653407,89.78107837104511,79.20310197659825,80.1215513548299,33.85590408476741,94.81247502119126,24.28093949670502,26.884263266584117,38.05881306921501,197.0,251.0,296.0
Mombasa,Kisauni,2025-09-01 23:22:43.086192,169,21,147,3.919786139433376,93.69533245465912,2.737143731584556,2.932039713471096,6.492505932815062,75.84529843721657,2022,62.50353339545852,33.46121871560114,6.342834561672794,22.447868815162643,52.731243686373226,59.2430610700637,66.58174229513433,48.96697568078254,79.65602183685115,45.455453332963664,78.16875072868768,83.38230047915832,53.97299610848982,24.23437995752977,60.58391901913252,47.33134335830612,9,2025,20.0,127.0,1.7562190505855133,72.70508916844118,4.81257158457493,3.598025776045416,7.205129420858282,75.40348589733372,8435.0,84.56617552691912,16.431666794433138,14.638993845095245,27.6940733387541,40.27147674470832,28.158477787137027,59.19322372267125,77.22589539900633,81.84951205998013,72.8530413843697,82.52496090453008,58.72299918997058,93.7309480054156,66.66325404328387,56.32501448200195,83.99577880398496,47.0,149.0,1.951793022823534,70.39395404763485,1.938042370350426,6.880092061863567,6.598182542851476,75.40279128556074,2813.0,76.93513631491194,41.48427765863945,14.62284709693825,34.40985226081785,30.344751646792623,64.05999783325774,51.657050189810136,41.72610128897315,88.8658435852251,36.052342012305495,51.226384288159394,86.83202302606276,74.37256105802079,73.69530399038821,35.35804263167877,84.01353574080233,41.0,210.0,4.837918491902566,71.88015446612778,4.987524137835848,5.999128887951397,5.302422663457382,53.35891801761586,7227.0,67.28595038943999,36.951588448012565,16.44957862377474,34.773074372890335,37.975046045981145,61.58995548540325,64.74940599025174,64.3911148890568,64.60798839009951,35.06635113184366,26.085773609985733,52.12032886469635,61.01317840599228,78.228004406502,50.38777593541413,51.7685931045624,148.0,197.0,251.0
Mombasa,Kisauni,2025-10-01 23:22:43.086192,168,39,129,1.165290887179404,92.89458089037124,4.734076819672207,9.6506201054878,2.424554779964188,70.82635764211646,7208,76.10673443996939,30.82202193531051,11.025174520573326,15.9889477668623,34.011362476863695,56.54478792420375,35.694089878714934,69.25816671335707,77.77659258876675,61.9370610904695,43.96951615526933,34.89234237290117,78.23125955118363,20.39446806236802,64.32194434173283,70.4276196410869,10,2025,21.0,147.0,3.919786139433376,93.69533245465912,2.737143731584556,2.932039713471096,6.492505932815062,75.84529843721657,2022.0,62.50353339545852,33.46121871560114,6.342834561672794,22.447868815162643,52.731243686373226,59.2430610700637,66.58174229513433,48.96697568078254,79.65602183685115,45.455453332963664,78.16875072868768,83.38230047915832,53.97299610848982,24.23437995752977,60.58391901913252,47.33134335830612,20.0,127.0,1.7562190505855133,72.70508916844118,4.81257158457493,3.598025776045416,7.205129420858282,75.40348589733372,8435.0,84.56617552691912,16.431666794433138,14.638993845095245,27.6940733387541,40.27147674470832,28.158477787137027,59.19322372267125,77.22589539900633,81.84951205998013,72.8530413843697,82.52496090453008,58.72299918997058,93.7309480054156,66.66325404328387,56.32501448200195,83.99577880398496,47.0,149.0,1.951793022823534,70.39395404763485,1.938042370350426,6.880092061863567,6.598182542851476,75.40279128556074,2813.0,76.93513631491194,41.48427765863945,14.62284709693825,34.40985226081785,30.344751646792623,64.05999783325774,51.657050189810136,41.72610128897315,88.8658435852251,36.052342012305495,51.226384288159394,86.83202302606276,74.37256105802079,73.69530399038821,35.35804263167877,84.01353574080233,169.0,148.0,197.0
Mombasa,Kisauni,2025-11-01 23:22:43.086192,176,34,142,1.1962930840835062,90.90533058715565,4.71109348226781,3.2504636392173314,6.540368453722028,67.07636976989698,6839,53.732051310995175,40.72142559346717,17.61989389138094,30.95179277756889,35.84499074680609,44.8840136691466,55.73950229857584,72.6790079187828,40.04953835575628,63.68139423954033,72.35169470930818,63.006780439812765,93.68464804180589,55.03541359978831,41.74407487170441,48.88112611392279,11,2025,39.0,129.0,1.165290887179404,92.89458089037124,4.734076819672207,9.6506201054878,2.424554779964188,70.82635764211646,7208.0,76.10673443996939,30.82202193531051,11.025174520573326,15.9889477668623,34.011362476863695,56.54478792420375,35.694089878714934,69.25816671335707,77.77659258876675,61.9370610904695,43.96951615526933,34.89234237290117,78.23125955118363,20.39446806236802,64.32194434173283,70.4276196410869,21.0,147.0,3.919786139433376,93.69533245465912,2.737143731584556,2.932039713471096,6.492505932815062,75.84529843721657,2022.0,62.50353339545852,33.46121871560114,6.342834561672794,22.447868815162643,52.731243686373226,59.2430610700637,66.58174229513433,48.96697568078254,79.65602183685115,45.455453332963664,78.16875072868768,83.38230047915832,53.97299610848982,24.23437995752977,60.58391901913252,47.33134335830612,20.0,127.0,1.7562190505855133,72.70508916844118,4.81257158457493,3.598025776045416,7.205129420858282,75.40348589733372,8435.0,84.56617552691912,16.431666794433138,14.638993845095245,27.6940733387541,40.27147674470832,28.158477787137027,59.19322372267125,77.22589539900633,81.84951205998013,72.8530413843697,82.52496090453008,58.72299918997058,93.7309480054156,66.66325404328387,56.32501448200195,83.99577880398496,168.0,169.0,148.0
Mombasa,Kisauni,2025-12-01 23:22:43.086192,242,28,214,3.9460530406182217,76.04491822212113,4.673222397447434,9.425501899944962,2.718464103090324,80.72276726078496,5360,72.69094810521236,42.30052969290141,17.046569777490873,28.150236462140683,42.703338036324325,27.758009938260333,78.0955433889007,86.1926398586316,42.5666558937341,36.14916842554104,83.23793828789307,60.84513321390769,51.73111841225286,48.35890709906588,33.59533902409494,55.39427814619005,12,2025,34.0,142.0,1.1962930840835062,90.90533058715565,4.71109348226781,3.2504636392173314,6.540368453722028,67.07636976989698,6839.0,53.732051310995175,40.72142559346717,17.61989389138094,30.95179277756889,35.84499074680609,44.8840136691466,55.73950229857584,72.6790079187828,40.04953835575628,63.68139423954033,72.35169470930818,63.006780439812765,93.68464804180589,55.03541359978831,41.74407487170441,48.88112611392279,39.0,129.0,1.165290887179404,92.89458089037124,4.734076819672207,9.6506201054878,2.424554779964188,70.82635764211646,7208.0,76.10673443996939,30.82202193531051,11.025174520573326,15.9889477668623,34.011362476863695,56.54478792420375,35.694089878714934,69.25816671335707,77.77659258876675,61.9370610904695,43.96951615526933,34.89234237290117,78.23125955118363,20.39446806236802,64.32194434173283,70.4276196410869,21.0,147.0,3.919786139433376,93.69533245465912,2.737143731584556,2.932039713471096,6.492505932815062,75.84529843721657,2022.0,62.50353339545852,33.46121871560114,6.342834561672794,22.447868815162643,52.731243686373226,59.2430610700637,66.58174229513433,48.96697568078254,79.65602183685115,45.455453332963664,78.16875072868768,83.38230047915832,53.97299610848982,24.23437995752977,60.58391901913252,47.33134335830612,176.0,168.0,169.0
Mombasa,Kisauni,2026-01-01 23:22:43.086192,283,58,224,1.009466543720981,89.75085964151941,2.670055633036361,3.653288811405884,1.3686491586575884,55.76456549748941,4471,76.26900686179464,40.2386614076196,8.039237502233503,13.5159463487226,43.66051738235542,56.401684624628615,37.59506296396373,65.15943824217712,66.5006376992061,36.527091472959206,79.85120726539927,86.62872404107459,92.93394487243415,68.2716382139673,18.08827525982857,77.9039007311816,1,2026,28.0,214.0,3.9460530406182217,76.04491822212113,4.673222397447434,9.425501899944962,2.718464103090324,80.72276726078496,5360.0,72.69094810521236,42.30052969290141,17.046569777490873,28.150236462140683,42.703338036324325,27.758009938260333,78.0955433889007,86.1926398586316,42.5666558937341,36.14916842554104,83.23793828789307,60.84513321390769,51.73111841225286,48.35890709906588,33.59533902409494,55.39427814619005,34.0,142.0,1.1962930840835062,90.90533058715565,4.71109348226781,3.2504636392173314,6.540368453722028,67.07636976989698,6839.0,53.732051310995175,40.72142559346717,17.61989389138094,30.95179277756889,35.84499074680609,44.8840136691466,55.73950229857584,72.6790079187828,40.04953835575628,63.68139423954033,72.35169470930818,63.006780439812765,93.68464804180589,55.03541359978831,41.74407487170441,48.88112611392279,39.0,129.0,1.165290887179404,92.89458089037124,4.734076819672207,9.6506201054878,2.424554779964188,70.82635764211646,7208.0,76.10673443996939,30.82202193531051,11.025174520573326,15.9889477668623,34.011362476863695,56.54478792420375,35.694089878714934,69.25816671335707,77.77659258876675,61.9370610904695,43.96951615526933,34.89234237290117,78.23125955118363,20.39446806236802,64.32194434173283,70.4276196410869,242.0,176.0,168.0
Mombasa,Kisauni,2026-02-01 23:22:43.086192,268,54,213,2.845074171057547,82.29879102455462,4.28128153732089,6.673389784277338,6.472962809751331,68.98934063165248,13104,78.17348204832274,42.277827186120966,5.944121991221407,10.714251634931747,54.58316891416086,34.07249118259813,77.18261902245851,49.27164167061413,63.48169759510186,60.40144228530543,35.77760517749199,60.88192334137489,78.86751450109271,43.99310096099,21.866072750358867,76.08602783734233,2,2026,58.0,224.0,1.009466543720981,89.75085964151941,2.670055633036361,3.653288811405884,1.3686491586575884,55.76456549748941,4471.0,76.26900686179464,40.2386614076196,8.039237502233503,13.5159463487226,43.66051738235542,56.401684624628615,37.59506296396373,65.15943824217712,66.5006376992061,36.527091472959206,79.85120726539927,86.62872404107459,92.93394487243415,68.2716382139673,18.08827525982857,77.9039007311816,28.0,214.0,3.9460530406182217,76.04491822212113,4.673222397447434,9.425501899944962,2.718464103090324,80.72276726078496,5360.0,72.69094810521236,42.30052969290141,17.046569777490873,28.150236462140683,42.703338036324325,27.758009938260333,78.0955433889007,86.1926398586316,42.5666558937341,36.14916842554104,83.23793828789307,60.84513321390769,51.73111841225286,48.35890709906588,33.59533902409494,55.39427814619005,34.0,142.0,1.1962930840835062,90.90533058715565,4.71109348226781,3.2504636392173314,6.540368453722028,67.07636976989698,6839.0,53.732051310995175,40.72142559346717,17.61989389138094,30.95179277756889,35.84499074680609,44.8840136691466,55.73950229857584,72.6790079187828,40.04953835575628,63.68139423954033,72.35169470930818,63.006780439812765,93.68464804180589,55.03541359978831,41.74407487170441,48.88112611392279,283.0,242.0,176.0
Kisumu,Kisumu Central,2025-06-01 23:22:43.086192,142,33,108,2.8733287846466813,82.75712777861224,3.6754538340901615,4.198308510529851,2.423505506872076,61.06808642722363,13582,94.49281995892134,27.017036795599488,10.632529540309765,23.477048129131145,59.41764036769778,47.57639836258917,67.76432384996507,53.01294069595764,75.83245373893098,58.89813339505613,84.23059831247767,68.90093874124881,73.32305721843373,28.589227012231973,22.696784292390927,79.85068417426149,6,2025,22.0,145.0,3.844968334213712,84.71728167994075,3.2031608641786184,3.350723171972132,3.7080778240292673,75.18301957406726,6580.0,90.3999639923058,44.358588705623966,20.85924248106221,34.479536030765345,45.03780125746995,67.59674482132988,44.5913086849027,72.657514089241,91.017268036497,91.0309790675274,48.6487356891822,69.46448939853096,48.90797418057067,53.12874525377452,62.36594779701575,83.90431827630458,28.0,141.0,3.773308273256444,71.12109579588446,4.875328609166305,2.056858235655816,4.682372130965806,77.72268263708837,3508.0,79.73624771163333,34.672299153317006,9.757555493130802,34.964652827318645,31.387011808876665,64.82775898419493,41.73795155162064,45.24845158528042,61.90741550965871,88.83804381586816,60.57616714683412,58.70868417773615,71.7829472028547,56.230297749779965,50.18468569373798,30.7284235553219,43.0,139.0,1.572174442857,85.00475215527486,2.924155408878136,8.876016714185226,6.863467698563217,58.32745201140934,11496.0,93.98504372533768,31.23050778751648,23.63083044081102,31.814208959954563,67.46392356743316,38.34408759485733,61.9972812039824,88.46274950762731,82.32006698256289,61.341004227284266,77.32068642031459,45.66173849312799,77.06620810712914,23.39387401336012,30.51517136971844,47.32583793654615,168.0,169.0,182.0
Kisumu,Kisumu Central,2025-07-01 23:22:43.086192,127,19,108,3.671981098704185,89.11571341418669,4.35172840998182,2.556096096745991,4.44771147483144,65.5094056801232,11314,39.43982056001818,41.602803601628565,9.147608017733866,23.145075662836028,30.39544761679307,34.55052579536466,72.84143544569099,51.590184633387175,48.16141351743906,35.06482453450198,53.69295770478419,66.66539303790822,66.59997843240365,32.07937918139071,24.101069612467576,51.5035048239504,7,2025,33.0,108.0,2.8733287846466813,82.75712777861224,3.6754538340901615,4.198308510529851,2.423505506872076,61.06808642722363,13582.0,94.49281995892134,27.017036795599488,10.632529540309765,23.477048129131145,59.41764036769778,47.57639836258917,67.76432384996507,53.01294069595764,75.83245373893098,58.89813339505613,84.23059831247767,68.90093874124881,73.32305721843373,28.589227012231973,22.696784292390927,79.85068417426149,22.0,145.0,3.844968334213712,84.71728167994075,3.2031608641786184,3.350723171972132,3.7080778240292673,75.18301957406726,6580.0,90.3999639923058,44.358588705623966,20.85924248106221,34.479536030765345,45.03780125746995,67.59674482132988,44.5913086849027,72.657514089241,91.017268036497,91.0309790675274,48.6487356891822,69.46448939853096,48.90797418057067,53.12874525377452,62.36594779701575,83.90431827630458,28.0,141.0,3.773308273256444,71.12109579588446,4.875328609166305,2.056858235655816,4.682372130965806,77.72268263708837,3508.0,79.73624771163333,34.672299153317006,9.757555493130802,34.964652827318645,31.387011808876665,64.82775898419493,41.73795155162064,45.24845158528042,61.90741550965871,88.83804381586816,60.57616714683412,58.70868417773615,71.7829472028547,56.230297749779965,50.18468569373798,30.7284235553219,142.0,168.0,169.0
Kisumu,Kisumu Central,2025-08-01 23:22:43.086192,110,14,96,4.305573624491611,92.6074250663736,4.680601490763397,3.7591633093250048,5.289163374387046,79.95943725110277,3731,39.20074084444562,22.54455165418104,12.377989223196249,30.80249539530413,37.77907535568178,54.64496628941163,53.33548258948361,76.22070222293061,52.947272261871866,77.71439576250489,63.29148389645956,36.081116134329264,59.49803502800488,71.83001206789987,48.04818041937242,47.53260182852652,8,2025,19.0,108.0,3.671981098704185,89.11571341418669,4.35172840998182,2.556096096745991,4.44771147483144,65.5094056801232,11314.0,39.43982056001818,41.602803601628565,9.147608017733866,23.145075662836028,30.39544761679307,34.55052579536466,72.84143544569099,51.590184633387175,48.16141351743906,35.06482453450198,53.69295770478419,66.66539303790822,66.59997843240365,32.07937918139071,24.101069612467576,51.5035048239504,33.0,108.0,2.8733287846466813,82.75712777861224,3.6754538340901615,4.198308510529851,2.423505506872076,61.06808642722363,13582.0,94.49281995892134,27.017036795599488,10.632529540309765,23.477048129131145,59.41764036769778,47.57639836258917,67.76432384996507,53.01294069595764,75.83245373893098,58.89813339505613,84.23059831247767,68.90093874124881,73.32305721843373,28.589227012231973,22.696784292390927,79.85068417426149,22.0,145.0,3.844968334213712,84.71728167994075,3.2031608641786184,3.350723171972132,3.7080778240292673,75.18301957406726,6580.0,90.3999639923058,44.358588705623966,20.85924248106221,34.479536030765345,45.03780125746995,67.59674482132988,44.5913086849027,72.657514089241,91.017268036497,91.0309790675274,48.6487356891822,69.46448939853096,48.90797418057067,53.12874525377452,62.36594779701575,83.90431827630458,127.0,142.0,168.0
Kisumu,Kisumu Central,2025-09-01 23:22:43.086192,91,18,73,1.4578152271762828,80.29212608729587,4.574546207666563,8.110812431580133,7.164630840813746,69.48701748365892,7451,83.9899253784442,22.01378237098488,10.708660081675664,27.765599951090103,64.354421826129,46.9842496243466,78.55464620589161,40.696056529104,59.365310578872,59.25753422507038,83.53953799539244,87.82496286448138,79.83155234212771,30.936464775620983,54.63867102520647,65.85759096233963,9,2025,14.0,96.0,4.305573624491611,92.6074250663736,4.680601490763397,3.7591633093250048,5.289163374387046,79.95943725110277,3731.0,39.20074084444562,22.54455165418104,12.377989223196249,30.80249539530413,37.77907535568178,54.64496628941163,53.33548258948361,76.22070222293061,52.947272261871866,77.71439576250489,63.29148389645956,36.081116134329264,59.49803502800488,71.83001206789987,48.04818041937242,47.53260182852652,19.0,108.0,3.671981098704185,89.11571341418669,4.35172840998182,2.556096096745991,4.44771147483144,65.5094056801232,11314.0,39.43982056001818,41.602803601628565,9.147608017733866,23.145075662836028,30.39544761679307,34.55052579536466,72.84143544569099,51.590184633387175,48.16141351743906,35.06482453450198,53.69295770478419,66.66539303790822,66.59997843240365,32.07937918139071,24.101069612467576,51.5035048239504,33.0,108.0,2.8733287846466813,82.75712777861224,3.6754538340901615,4.198308510529851,2.423505506872076,61.06808642722363,13582.0,94.49281995892134,27.017036795599488,10.632529540309765,23.477048129131145,59.41764036769778,47.57639836258917,67.76432384996507,53.01294069595764,75.83245373893098,58.89813339505613,84.23059831247767,68.90093874124881,73.32305721843373,28.589227012231973,22.696784292390927,79.85068417426149,110.0,127.0,142.0
Kisumu,Kisumu Central,2025-10-01 23:22:43.086192,91,16,75,3.717606784588922,74.33378539352357,1.2315412089543627,6.374443386971401,1.4756383273332432,84.76667042652642,5012,34.99091693139515,18.594544391383508,21.085611452218824,32.97410690437189,28.056000053630296,52.71677112284893,44.33412603746965,78.53303869431343,84.3150607459877,37.29063730295941,82.40253511160597,81.7110455510498,84.96459072359012,59.37298386031196,34.697535546518495,41.58229773376347,10,2025,18.0,73.0,1.4578152271762828,80.29212608729587,4.574546207666563,8.110812431580133,7.164630840813746,69.48701748365892,7451.0,83.9899253784442,22.01378237098488,10.708660081675664,27.765599951090103,64.354421826129,46.9842496243466,78.55464620589161,40.696056529104,59.365310578872,59.25753422507038,83.53953799539244,87.82496286448138,79.83155234212771,30.936464775620983,54.63867102520647,65.85759096233963,14.0,96.0,4.305573624491611,92.6074250663736,4.680601490763397,3.7591633093250048,5.289163374387046,79.95943725110277,3731.0,39.20074084444562,22.54455165418104,12.377989223196249,30.80249539530413,37.77907535568178,54.64496628941163,53.33548258948361,76.22070222293061,52.947272261871866,77.71439576250489,63.29148389645956,36.081116134329264,59.49803502800488,71.83001206789987,48.04818041937242,47.53260182852652,19.0,108.0,3.671981098704185,89.11571341418669,4.35172840998182,2.556096096745991,4.44771147483144,65.5094056801232,11314.0,39.43982056001818,41.602803601628565,9.147608017733866,23.145075662836028,30.39544761679307,34.55052579536466,72.84143544569099,51.590184633387175,48.16141351743906,35.06482453450198,53.69295770478419,66.66539303790822,66.59997843240365,32.07937918139071,24.101069612467576,51.5035048239504,91.0,110.0,127.0
Kisumu,Kisumu Central,2025-11-01 23:22:43.086192,130,24,105,3.6609038162666336,78.03696473305038,3.947205415381767,9.054218643500638,4.179529895474895,42.947279011982445,6144,32.88651262543358,31.83723497476869,21.84033417959009,28.94825453939604,22.716066346362016,29.939125617701208,44.33944200253125,46.82836854469237,62.78206709961846,84.04670335168863,61.67158363215955,69.2172499805599,61.75002332197066,54.03755435229042,38.9339622934876,34.75686551648595,11,2025,16.0,75.0,3.717606784588922,74.33378539352357,1.2315412089543627,6.374443386971401,1.4756383273332432,84.76667042652642,5012.0,34.99091693139515,18.594544391383508,21.085611452218824,32.97410690437189,28.056000053630296,52.71677112284893,44.33412603746965,78.53303869431343,84.3150607459877,37.29063730295941,82.40253511160597,81.7110455510498,84.96459072359012,59.37298386031196,34.697535546518495,41.58229773376347,18.0,73.0,1.4578152271762828,80.29212608729587,4.574546207666563,8.110812431580133,7.164630840813746,69.48701748365892,7451.0,83.9899253784442,22.01378237098488,10.708660081675664,27.765599951090103,64.354421826129,46.9842496243466,78.55464620589161,40.696056529104,59.365310578872,59.25753422507038,83.53953799539244,87.82496286448138,79.83155234212771,30.936464775620983,54.63867102520647,65.85759096233963,14.0,96.0,4.305573624491611,92.6074250663736,4.680601490763397,3.7591633093250048,5.289163374387046,79.95943725110277,3731.0,39.20074084444562,22.54455165418104,12.377989223196249,30.80249539530413,37.77907535568178,54.64496628941163,53.33548258948361,76.22070222293061,52.947272261871866,77.71439576250489,63.29148389645956,36.081116134329264,59.49803502800488,71.83001206789987,48.04818041937242,47.53260182852652,91.0,91.0,110.0
Kisumu,Kisumu Central,2025-12-01 23:22:43.086192,158,26,132,2.850127153569485,71.88528440481458,3.868876754625453,9.266829816309103,1.7759878332850552,44.1257634869025,3640,30.208451215188443,28.00062011624616,8.503286710034681,20.401378167322317,23.40251628587904,57.64742467422525,40.94576044923412,79.85838121449626,92.84158365360064,64.15717016870747,33.601990531210355,57.50737194754713,47.57195525749757,57.05867411230607,69.53436582124539,72.32016460315569,12,2025,24.0,105.0,3.6609038162666336,78.03696473305038,3.947205415381767,9.054218643500638,4.179529895474895,42.947279011982445,6144.0,32.88651262543358,31.83723497476869,21.84033417959009,28.94825453939604,22.716066346362016,29.939125617701208,44.33944200253125,46.82836854469237,62.78206709961846,84.04670335168863,61.67158363215955,69.2172499805599,61.75002332197066,54.03755435229042,38.9339622934876,34.75686551648595,16.0,75.0,3.717606784588922,74.33378539352357,1.2315412089543627,6.374443386971401,1.4756383273332432,84.76667042652642,5012.0,34.99091693139515,18.594544391383508,21.085611452218824,32.97410690437189,28.056000053630296,52.71677112284893,44.33412603746965,78.53303869431343,84.3150607459877,37.29063730295941,82.40253511160597,81.7110455510498,84.96459072359012,59.37298386031196,34.697535546518495,41.58229773376347,18.0,73.0,1.4578152271762828,80.29212608729587,4.574546207666563,8.110812431580133,7.164630840813746,69.48701748365892,7451.0,83.9899253784442,22.01378237098488,10.708660081675664,27.765599951090103,64.354421826129,46.9842496243466,78.55464620589161,40.696056529104,59.365310578872,59.25753422507038,83.53953799539244,87.82496286448138,79.83155234212771,30.936464775620983,54.63867102520647,65.85759096233963,130.0,91.0,91.0
Kisumu,Kisumu Central,2026-01-01 23:22:43.086192,207,39,168,3.482624436383503,87.64760147455519,1.576525285386829,9.6617583705711,5.925955142775623,52.362451486241824,13517,66.04167030815185,32.30138326435203,7.474529752234968,29.29551438597664,24.603202738623917,68.62494945717663,66.17545411325057,75.69858907688908,73.04634259060961,80.58568964361329,62.7423839994259,46.90754722601517,81.33191142502804,50.097949871798,12.44955233379541,35.656536040874464,1,2026,26.0,132.0,2.850127153569485,71.88528440481458,3.868876754625453,9.266829816309103,1.7759878332850552,44.1257634869025,3640.0,30.208451215188443,28.00062011624616,8.503286710034681,20.401378167322317,23.40251628587904,57.64742467422525,40.94576044923412,79.85838121449626,92.84158365360064,64.15717016870747,33.601990531210355,57.50737194754713,47.57195525749757,57.05867411230607,69.53436582124539,72.32016460315569,24.0,105.0,3.6609038162666336,78.03696473305038,3.947205415381767,9.054218643500638,4.179529895474895,42.947279011982445,6144.0,32.88651262543358,31.83723497476869,21.84033417959009,28.94825453939604,22.716066346362016,29.939125617701208,44.33944200253125,46.82836854469237,62.78206709961846,84.04670335168863,61.67158363215955,69.2172499805599,61.75002332197066,54.03755435229042,38.9339622934876,34.75686551648595,16.0,75.0,3.717606784588922,74.33378539352357,1.2315412089543627,6.374443386971401,1.4756383273332432,84.76667042652642,5012.0,34.99091693139515,18.594544391383508,21.085611452218824,32.97410690437189,28.056000053630296,52.71677112284893,44.33412603746965,78.53303869431343,84.3150607459877,37.29063730295941,82.40253511160597,81.7110455510498,84.96459072359012,59.37298386031196,34.697535546518495,41.58229773376347,158.0,130.0,91.0
Kisumu,Kisumu Central,2026-02-01 23:22:43.086192,166,26,139,1.6348918678196782,71.87799799440751,4.206683442233625,7.4896310060997475,2.9616459417233107,69.76756952716691,9728,57.7311229618027,39.3238346091926,17.243883844970654,32.38928792131905,53.638720525187374,34.71145253939696,62.02078805835271,69.32662212607347,85.91861991923545,79.56299551503636,42.82438708853889,89.46403358805284,78.77503718794239,48.65700025250459,25.604354664434467,32.39352273578436,2,2026,39.0,168.0,3.482624436383503,87.64760147455519,1.576525285386829,9.6617583705711,5.925955142775623,52.362451486241824,13517.0,66.04167030815185,32.30138326435203,7.474529752234968,29.29551438597664,24.603202738623917,68.62494945717663,66.17545411325057,75.69858907688908,73.04634259060961,80.58568964361329,62.7423839994259,46.90754722601517,81.33191142502804,50.097949871798,12.44955233379541,35.656536040874464,26.0,132.0,2.850127153569485,71.88528440481458,3.868876754625453,9.266829816309103,1.7759878332850552,44.1257634869025,3640.0,30.208451215188443,28.00062011624616,8.503286710034681,20.401378167322317,23.40251628587904,57.64742467422525,40.94576044923412,79.85838121449626,92.84158365360064,64.15717016870747,33.601990531210355,57.50737194754713,47.57195525749757,57.05867411230607,69.53436582124539,72.32016460315569,24.0,105.0,3.6609038162666336,78.03696473305038,3.947205415381767,9.054218643500638,4.179529895474895,42.947279011982445,6144.0,32.88651262543358,31.83723497476869,21.84033417959009,28.94825453939604,22.716066346362016,29.939125617701208,44.33944200253125,46.82836854469237,62.78206709961846,84.04670335168863,61.67158363215955,69.2172499805599,61.75002332197066,54.03755435229042,38.9339622934876,34.75686551648595,207.0,158.0,130.0
Kisumu,Kisumu East,2025-06-01 23:22:43.086192,208,50,158,3.2333556380688653,90.40520900635808,1.3735056802191163,9.298226652659784,4.119126038010795,76.47871406445228,9706,43.16033969994453,26.91452777266093,17.34397681663863,25.64085188913617,46.20663357053874,60.83010052530039,76.51135434781442,82.45280554949254,56.506044303736005,81.28876164060623,36.978620120425305,89.1874098140965,81.75236417914542,42.35040216478721,55.60450776604784,54.181508477614784,6,2025,60.0,241.0,1.005975007278852,78.4079419023065,3.577978352259209,8.56508834370485,1.773074704759187,78.43198637817426,5103.0,90.21632281252032,28.39028013802925,21.73923764292391,27.740785548760428,51.261655508798704,46.55544290800704,57.89117865011767,54.669286686257095,96.29305458079392,43.64645147292836,28.144252327402985,46.2676271477616,52.23603173708937,49.26924740042221,16.279473456712445,67.95697824233872,42.0,266.0,3.3076060286854982,71.00976597597074,2.1794361184378666,7.522291158358344,6.753349642704732,55.57726348444709,10051.0,63.42883794250403,27.472288181313058,14.33035025686994,20.20417650636305,23.1560563174768,72.84682196813091,40.32251348105321,49.999821910871134,56.44873020458382,50.1535225340928,31.278477792463804,80.41892676900684,72.80768248333092,27.89401283866952,34.29010020090375,39.06878714925814,51.0,212.0,4.553904738871752,85.98326155453064,4.488382381721866,3.557336286876469,3.762701782480206,72.62603248777143,13204.0,46.43310391092558,23.504289865598533,24.434031991029983,17.5167701150935,40.265841481628456,55.877179492422016,84.85948459247243,72.67949088571814,48.74674590274744,65.42309474691291,33.903722971473506,30.03246656753956,73.22867336166095,63.469748273101,15.589937162365109,37.67251972977718,302.0,308.0,263.0
Kisumu,Kisumu East,2025-07-01 23:22:43.086192,213,33,180,1.4292723128557387,84.9487815392661,2.651174217902073,8.566671500253193,6.374463240076793,48.54216835332502,12565,47.87090846948357,21.3457444194147,13.860824994206464,31.312105848239764,55.898330950540064,59.53254762363059,63.39643192161408,81.21683648874952,83.55739976653743,47.40005426949611,54.57930923157245,58.217553483584624,66.43894936945955,68.6128070237958,19.184257155404065,75.6784960387462,7,2025,50.0,158.0,3.2333556380688653,90.40520900635808,1.3735056802191163,9.298226652659784,4.119126038010795,76.47871406445228,9706.0,43.16033969994453,26.91452777266093,17.34397681663863,25.64085188913617,46.20663357053874,60.83010052530039,76.51135434781442,82.45280554949254,56.506044303736005,81.28876164060623,36.978620120425305,89.1874098140965,81.75236417914542,42.35040216478721,55.60450776604784,54.181508477614784,60.0,241.0,1.005975007278852,78.4079419023065,3.577978352259209,8.56508834370485,1.773074704759187,78.43198637817426,5103.0,90.21632281252032,28.39028013802925,21.73923764292391,27.740785548760428,51.261655508798704,46.55544290800704,57.89117865011767,54.669286686257095,96.29305458079392,43.64645147292836,28.144252327402985,46.2676271477616,52.23603173708937,49.26924740042221,16.279473456712445,67.95697824233872,42.0,266.0,3.3076060286854982,71.00976597597074,2.1794361184378666,7.522291158358344,6.753349642704732,55.57726348444709,10051.0,63.42883794250403,27.472288181313058,14.33035025686994,20.20417650636305,23.1560563174768,72.84682196813091,40.32251348105321,49.999821910871134,56.44873020458382,50.1535225340928,31.278477792463804,80.41892676900684,72.80768248333092,27.89401283866952,34.29010020090375,39.06878714925814,208.0,302.0,308.0
Kisumu,Kisumu East,2025-08-01 23:22:43.086192,215,30,184,3.5704733723516853,71.32648493375001,1.5422005564886416,4.839501207943732,5.622472120352718,65.62239109171361,11636,46.31866997418942,38.37487827861223,11.746225334639458,25.493492013019967,53.28581562196751,63.65567650664527,75.63624093910727,77.22186406980342,87.79581887624164,77.5717416921456,43.23917565458203,67.39419515191844,50.95398677085301,60.11144314359324,39.31867545659545,58.766317947973775,8,2025,33.0,180.0,1.4292723128557387,84.9487815392661,2.651174217902073,8.566671500253193,6.374463240076793,48.54216835332502,12565.0,47.87090846948357,21.3457444194147,13.860824994206464,31.312105848239764,55.898330950540064,59.53254762363059,63.39643192161408,81.21683648874952,83.55739976653743,47.40005426949611,54.57930923157245,58.217553483584624,66.43894936945955,68.6128070237958,19.184257155404065,75.6784960387462,50.0,158.0,3.2333556380688653,90.40520900635808,1.3735056802191163,9.298226652659784,4.119126038010795,76.47871406445228,9706.0,43.16033969994453,26.91452777266093,17.34397681663863,25.64085188913617,46.20663357053874,60.83010052530039,76.51135434781442,82.45280554949254,56.506044303736005,81.28876164060623,36.978620120425305,89.1874098140965,81.75236417914542,42.35040216478721,55.60450776604784,54.181508477614784,60.0,241.0,1.005975007278852,78.4079419023065,3.577978352259209,8.56508834370485,1.773074704759187,78.43198637817426,5103.0,90.21632281252032,28.39028013802925,21.73923764292391,27.740785548760428,51.261655508798704,46.55544290800704,57.89117865011767,54.669286686257095,96.29305458079392,43.64645147292836,28.144252327402985,46.2676271477616,52.23603173708937,49.26924740042221,16.279473456712445,67.95697824233872,213.0,208.0,302.0
Kisumu,Kisumu East,2025-09-01 23:22:43.086192,207,36,171,3.12879935686726,83.42341807767916,3.742705376090872,4.8083701788712085,7.583795755969284,56.66011512857057,4442,50.68063993113982,29.98365073597379,8.103417121655166,22.034041488990248,46.6189303417726,37.59893001522782,78.55412120800685,76.3169921468758,52.67277858447559,90.61020006289928,34.9053456416635,39.3365187201116,96.66715167086082,43.96118472905146,67.94920408760868,77.4232876846909,9,2025,30.0,184.0,3.5704733723516853,71.32648493375001,1.5422005564886416,4.839501207943732,5.622472120352718,65.62239109171361,11636.0,46.31866997418942,38.37487827861223,11.746225334639458,25.493492013019967,53.28581562196751,63.65567650664527,75.63624093910727,77.22186406980342,87.79581887624164,77.5717416921456,43.23917565458203,67.39419515191844,50.95398677085301,60.11144314359324,39.31867545659545,58.766317947973775,33.0,180.0,1.4292723128557387,84.9487815392661,2.651174217902073,8.566671500253193,6.374463240076793,48.54216835332502,12565.0,47.87090846948357,21.3457444194147,13.860824994206464,31.312105848239764,55.898330950540064,59.53254762363059,63.39643192161408,81.21683648874952,83.55739976653743,47.40005426949611,54.57930923157245,58.217553483584624,66.43894936945955,68.6128070237958,19.184257155404065,75.6784960387462,50.0,158.0,3.2333556380688653,90.40520900635808,1.3735056802191163,9.298226652659784,4.119126038010795,76.47871406445228,9706.0,43.16033969994453,26.91452777266093,17.34397681663863,25.64085188913617,46.20663357053874,60.83010052530039,76.51135434781442,82.45280554949254,56.506044303736005,81.28876164060623,36.978620120425305,89.1874098140965,81.75236417914542,42.35040216478721,55.60450776604784,54.181508477614784,215.0,213.0,208.0
Kisumu,Kisumu East,2025-10-01 23:22:43.086192,199,48,150,4.7306623922094815,88.0436602368692,1.2503201080657056,7.16396248507807,6.855677037697812,53.03321323612279,14620,86.32537881339962,37.90789802644963,14.78240675795943,26.949638574613672,40.22602678695437,34.82484235650424,68.1211545304609,56.93031850379952,70.57626747651486,63.81174177933182,68.35213423045269,89.73251506798286,45.64442146295233,48.35574228423985,28.53231373914451,76.1057232486005,10,2025,36.0,171.0,3.12879935686726,83.42341807767916,3.742705376090872,4.8083701788712085,7.583795755969284,56.66011512857057,4442.0,50.68063993113982,29.98365073597379,8.103417121655166,22.034041488990248,46.6189303417726,37.59893001522782,78.55412120800685,76.3169921468758,52.67277858447559,90.61020006289928,34.9053456416635,39.3365187201116,96.66715167086082,43.96118472905146,67.94920408760868,77.4232876846909,30.0,184.0,3.5704733723516853,71.32648493375001,1.5422005564886416,4.839501207943732,5.622472120352718,65.62239109171361,11636.0,46.31866997418942,38.37487827861223,11.746225334639458,25.493492013019967,53.28581562196751,63.65567650664527,75.63624093910727,77.22186406980342,87.79581887624164,77.5717416921456,43.23917565458203,67.39419515191844,50.95398677085301,60.11144314359324,39.31867545659545,58.766317947973775,33.0,180.0,1.4292723128557387,84.9487815392661,2.651174217902073,8.566671500253193,6.374463240076793,48.54216835332502,12565.0,47.87090846948357,21.3457444194147,13.860824994206464,31.312105848239764,55.898330950540064,59.53254762363059,63.39643192161408,81.21683648874952,83.55739976653743,47.40005426949611,54.57930923157245,58.217553483584624,66.43894936945955,68.6128070237958,19.184257155404065,75.6784960387462,207.0,215.0,213.0
Kisumu,Kisumu East,2025-11-01 23:22:43.086192,217,23,193,4.85098940637117,80.83217672710056,3.2050208136790808,2.0725736748271606,6.655981234549758,57.95481417677254,5690,70.66054236661584,24.33415378413852,15.376754909945696,22.722638085152248,42.80111411683584,38.2066553254478,59.704818007662205,68.10654359207325,70.90111365794613,87.21937324873568,63.940595801057874,88.64198928635182,95.58870556410096,46.09455051653973,36.45321927671077,49.33031884379609,11,2025,48.0,150.0,4.7306623922094815,88.0436602368692,1.2503201080657056,7.16396248507807,6.855677037697812,53.03321323612279,14620.0,86.32537881339962,37.90789802644963,14.78240675795943,26.949638574613672,40.22602678695437,34.82484235650424,68.1211545304609,56.93031850379952,70.57626747651486,63.81174177933182,68.35213423045269,89.73251506798286,45.64442146295233,48.35574228423985,28.53231373914451,76.1057232486005,36.0,171.0,3.12879935686726,83.42341807767916,3.742705376090872,4.8083701788712085,7.583795755969284,56.66011512857057,4442.0,50.68063993113982,29.98365073597379,8.103417121655166,22.034041488990248,46.6189303417726,37.59893001522782,78.55412120800685,76.3169921468758,52.67277858447559,90.61020006289928,34.9053456416635,39.3365187201116,96.66715167086082,43.96118472905146,67.94920408760868,77.4232876846909,30.0,184.0,3.5704733723516853,71.32648493375001,1.5422005564886416,4.839501207943732,5.622472120352718,65.62239109171361,11636.0,46.31866997418942,38.37487827861223,11.746225334639458,25.493492013019967,53.28581562196751,63.65567650664527,75.63624093910727,77.22186406980342,87.79581887624164,77.5717416921456,43.23917565458203,67.39419515191844,50.95398677085301,60.11144314359324,39.31867545659545,58.766317947973775,199.0,207.0,215.0
Kisumu,Kisumu East,2025-12-01 23:22:43.086192,211,27,183,4.417292815576068,90.17631868314558,4.095855319135541,7.194222031244943,1.862954600822192,45.808227626767696,10197,92.45539070297936,30.19866231913501,21.71539982731936,12.437405875347704,60.97306711100097,70.21547809409196,83.81233519616964,75.00687623170825,65.82454980285195,84.6761060695523,84.10690629771187,44.88019291121044,53.43560387667242,35.52833344994717,63.46744472527909,75.29102621419298,12,2025,23.0,193.0,4.85098940637117,80.83217672710056,3.2050208136790808,2.0725736748271606,6.655981234549758,57.95481417677254,5690.0,70.66054236661584,24.33415378413852,15.376754909945696,22.722638085152248,42.80111411683584,38.2066553254478,59.704818007662205,68.10654359207325,70.90111365794613,87.21937324873568,63.940595801057874,88.64198928635182,95.58870556410096,46.09455051653973,36.45321927671077,49.33031884379609,48.0,150.0,4.7306623922094815,88.0436602368692,1.2503201080657056,7.16396248507807,6.855677037697812,53.03321323612279,14620.0,86.32537881339962,37.90789802644963,14.78240675795943,26.949638574613672,40.22602678695437,34.82484235650424,68.1211545304609,56.93031850379952,70.57626747651486,63.81174177933182,68.35213423045269,89.73251506798286,45.64442146295233,48.35574228423985,28.53231373914451,76.1057232486005,36.0,171.0,3.12879935686726,83.42341807767916,3.742705376090872,4.8083701788712085,7.583795755969284,56.66011512857057,4442.0,50.68063993113982,29.98365073597379,8.103417121655166,22.034041488990248,46.6189303417726,37.59893001522782,78.55412120800685,76.3169921468758,52.67277858447559,90.61020006289928,34.9053456416635,39.3365187201116,96.66715167086082,43.96118472905146,67.94920408760868,77.4232876846909,217.0,199.0,207.0
Kisumu,Kisumu East,2026-01-01 23:22:43.086192,362,82,280,1.2901080959629914,82.94590947207887,3.464443462463374,5.377734869158888,3.091820133146056,78.27366710829165,11304,56.3147361970624,30.4107925578346,9.083086723245014,31.08567968648737,22.51182561976243,74.92252534174565,45.01325725378642,51.19800170148065,75.70993222118616,69.36778042020887,43.79531804289077,39.913598768666574,89.67447527065244,20.50698594336092,57.67132941557509,34.29660120041679,1,2026,27.0,183.0,4.417292815576068,90.17631868314558,4.095855319135541,7.194222031244943,1.862954600822192,45.808227626767696,10197.0,92.45539070297936,30.19866231913501,21.71539982731936,12.437405875347704,60.97306711100097,70.21547809409196,83.81233519616964,75.00687623170825,65.82454980285195,84.6761060695523,84.10690629771187,44.88019291121044,53.43560387667242,35.52833344994717,63.46744472527909,75.29102621419298,23.0,193.0,4.85098940637117,80.83217672710056,3.2050208136790808,2.0725736748271606,6.655981234549758,57.95481417677254,5690.0,70.66054236661584,24.33415378413852,15.376754909945696,22.722638085152248,42.80111411683584,38.2066553254478,59.704818007662205,68.10654359207325,70.90111365794613,87.21937324873568,63.940595801057874,88.64198928635182,95.58870556410096,46.09455051653973,36.45321927671077,49.33031884379609,48.0,150.0,4.7306623922094815,88.0436602368692,1.2503201080657056,7.16396248507807,6.855677037697812,53.03321323612279,14620.0,86.32537881339962,37.90789802644963,14.78240675795943,26.949638574613672,40.22602678695437,34.82484235650424,68.1211545304609,56.93031850379952,70.57626747651486,63.81174177933182,68.35213423045269,89.73251506798286,45.64442146295233,48.35574228423985,28.53231373914451,76.1057232486005,211.0,217.0,199.0
Kisumu,Kisumu East,2026-02-01 23:22:43.086192,373,71,301,1.5473035199959635,88.45478651250728,2.8065282976875743,3.4886099164837274,7.731403872927092,77.75000419327392,14599,49.1587831310695,24.87063521177557,13.027389514118845,11.25698508602072,54.45523177181288,51.35076788175637,75.20733456409758,79.9691164755485,40.253823978015305,77.763853349562,40.938709325588135,36.06861473546528,88.53628505787597,36.56379213339727,41.04920601405304,55.38535817660984,2,2026,82.0,280.0,1.2901080959629914,82.94590947207887,3.464443462463374,5.377734869158888,3.091820133146056,78.27366710829165,11304.0,56.3147361970624,30.4107925578346,9.083086723245014,31.08567968648737,22.51182561976243,74.92252534174565,45.01325725378642,51.19800170148065,75.70993222118616,69.36778042020887,43.79531804289077,39.913598768666574,89.67447527065244,20.50698594336092,57.67132941557509,34.29660120041679,27.0,183.0,4.417292815576068,90.17631868314558,4.095855319135541,7.194222031244943,1.862954600822192,45.808227626767696,10197.0,92.45539070297936,30.19866231913501,21.71539982731936,12.437405875347704,60.97306711100097,70.21547809409196,83.81233519616964,75.00687623170825,65.82454980285195,84.6761060695523,84.10690629771187,44.88019291121044,53.43560387667242,35.52833344994717,63.46744472527909,75.29102621419298,23.0,193.0,4.85098940637117,80.83217672710056,3.2050208136790808,2.0725736748271606,6.655981234549758,57.95481417677254,5690.0,70.66054236661584,24.33415378413852,15.376754909945696,22.722638085152248,42.80111411683584,38.2066553254478,59.704818007662205,68.10654359207325,70.90111365794613,87.21937324873568,63.940595801057874,88.64198928635182,95.58870556410096,46.09455051653973,36.45321927671077,49.33031884379609,362.0,211.0,217.0
Kisumu,Kisumu West,2025-06-01 23:22:43.086192,177,24,152,4.072018376610244,84.30113852735961,3.2692187389808107,3.666453359406227,5.177888812820116,44.600786546449136,2909,79.5348553470825,43.41867696657136,7.328889551593775,17.29104340295716,62.42077980641559,42.70175281973166,68.21029564605894,67.4240769842445,59.7970320575115,82.2822754842991,39.133895030661286,32.57529820350679,51.59070059294283,32.75602198410716,17.107457517092755,35.47079546075456,6,2025,37.0,172.0,1.329255204224682,93.28936681577903,4.822167582673583,8.309841384343038,5.330475273404159,40.52370035304527,7247.0,66.9397708058759,37.21550129084653,24.53592547525466,20.421638586590205,43.17864243672303,32.643188356888714,51.65589322099988,86.84338824050324,67.40822965164648,51.73000712137242,25.02780136922774,46.5962401642788,49.21206622784555,45.55487751900844,60.66507146549144,59.37041369114131,41.0,174.0,1.5126452161119477,82.25273903983789,3.1081519262034143,6.910577143935984,5.304297120603292,63.82895701708685,6279.0,73.24296486064375,33.88643605391842,5.080821075754159,34.01158697735249,63.85523768709347,40.7701346259603,46.58159897765539,76.41854956399479,90.20891271321008,86.87014743372595,81.96970419893174,30.184141646743846,79.65492606853925,61.04551852771001,15.341288433714658,57.067162401746245,34.0,173.0,1.1591542139625062,78.43197271742416,4.930055098250271,9.702843335602854,7.520654659467134,68.74554932390835,11382.0,50.596890030770496,36.1820759434081,16.121832351832975,17.64887960025553,26.129318000684403,26.28382208298023,34.04335133329103,48.77700064655041,53.36388683864855,94.8883424025297,81.89898770636057,60.602823764445446,86.17035256305024,77.55281897200018,29.16957615590659,83.24551953237801,210.0,216.0,207.0
Kisumu,Kisumu West,2025-07-01 23:22:43.086192,144,28,115,3.5394998235574,80.64744367223534,1.9268776955050144,2.716226668145067,4.670485375595307,46.00183514639633,3877,88.74534119047932,38.87732670281055,12.895498422728956,10.296563505126318,61.74270483722181,58.70530072715298,58.26430614703479,58.8869221596349,72.85223254735776,54.603496643970345,60.63265671525368,57.754640885937945,66.03357327914411,66.85703559458167,35.34632208002126,64.11370339854774,7,2025,24.0,152.0,4.072018376610244,84.30113852735961,3.2692187389808107,3.666453359406227,5.177888812820116,44.600786546449136,2909.0,79.5348553470825,43.41867696657136,7.328889551593775,17.29104340295716,62.42077980641559,42.70175281973166,68.21029564605894,67.4240769842445,59.7970320575115,82.2822754842991,39.133895030661286,32.57529820350679,51.59070059294283,32.75602198410716,17.107457517092755,35.47079546075456,37.0,172.0,1.329255204224682,93.28936681577903,4.822167582673583,8.309841384343038,5.330475273404159,40.52370035304527,7247.0,66.9397708058759,37.21550129084653,24.53592547525466,20.421638586590205,43.17864243672303,32.643188356888714,51.65589322099988,86.84338824050324,67.40822965164648,51.73000712137242,25.02780136922774,46.5962401642788,49.21206622784555,45.55487751900844,60.66507146549144,59.37041369114131,41.0,174.0,1.5126452161119477,82.25273903983789,3.1081519262034143,6.910577143935984,5.304297120603292,63.82895701708685,6279.0,73.24296486064375,33.88643605391842,5.080821075754159,34.01158697735249,63.85523768709347,40.7701346259603,46.58159897765539,76.41854956399479,90.20891271321008,86.87014743372595,81.96970419893174,30.184141646743846,79.65492606853925,61.04551852771001,15.341288433714658,57.067162401746245,177.0,210.0,216.0
Kisumu,Kisumu West,2025-08-01 23:22:43.086192,119,21,98,2.3722749018478115,79.95817434202503,2.541518766263682,8.552592539535304,5.480110866738431,77.26126224803079,9116,90.65763486107248,32.94592644499782,24.655674831337212,20.997621949203293,28.097716760532297,29.20556687200603,72.55909798393695,72.12105933094573,80.35933832944298,55.06258942496388,67.52767541082773,78.54820116559958,86.24111672105374,62.2969439116637,32.1658280794197,72.07289201005278,8,2025,28.0,115.0,3.5394998235574,80.64744367223534,1.9268776955050144,2.716226668145067,4.670485375595307,46.00183514639633,3877.0,88.74534119047932,38.87732670281055,12.895498422728956,10.296563505126318,61.74270483722181,58.70530072715298,58.26430614703479,58.8869221596349,72.85223254735776,54.603496643970345,60.63265671525368,57.754640885937945,66.03357327914411,66.85703559458167,35.34632208002126,64.11370339854774,24.0,152.0,4.072018376610244,84.30113852735961,3.2692187389808107,3.666453359406227,5.177888812820116,44.600786546449136,2909.0,79.5348553470825,43.41867696657136,7.328889551593775,17.29104340295716,62.42077980641559,42.70175281973166,68.21029564605894,67.4240769842445,59.7970320575115,82.2822754842991,39.133895030661286,32.57529820350679,51.59070059294283,32.75602198410716,17.107457517092755,35.47079546075456,37.0,172.0,1.329255204224682,93.28936681577903,4.822167582673583,8.309841384343038,5.330475273404159,40.52370035304527,7247.0,66.9397708058759,37.21550129084653,24.53592547525466,20.421638586590205,43.17864243672303,32.643188356888714,51.65589322099988,86.84338824050324,67.40822965164648,51.73000712137242,25.02780136922774,46.5962401642788,49.21206622784555,45.55487751900844,60.66507146549144,59.37041369114131,144.0,177.0,210.0
Kisumu,Kisumu West,2025-09-01 23:22:43.086192,138,34,104,1.9996647626886717,85.0858477662791,2.3613183737088392,7.988992884722012,4.26787401775539,55.18185036852631,4138,81.58524561231474,41.65436887998722,20.181921584573978,13.526828313206988,58.82466384369214,41.88203496425272,80.14912120175765,83.79586603921749,40.23619588499464,53.434787691076345,79.21775591476276,48.74392255616752,74.5352700775473,54.8172047919273,48.97201325544293,55.162975291136775,9,2025,21.0,98.0,2.3722749018478115,79.95817434202503,2.541518766263682,8.552592539535304,5.480110866738431,77.26126224803079,9116.0,90.65763486107248,32.94592644499782,24.655674831337212,20.997621949203293,28.097716760532297,29.20556687200603,72.55909798393695,72.12105933094573,80.35933832944298,55.06258942496388,67.52767541082773,78.54820116559958,86.24111672105374,62.2969439116637,32.1658280794197,72.07289201005278,28.0,115.0,3.5394998235574,80.64744367223534,1.9268776955050144,2.716226668145067,4.670485375595307,46.00183514639633,3877.0,88.74534119047932,38.87732670281055,12.895498422728956,10.296563505126318,61.74270483722181,58.70530072715298,58.26430614703479,58.8869221596349,72.85223254735776,54.603496643970345,60.63265671525368,57.754640885937945,66.03357327914411,66.85703559458167,35.34632208002126,64.11370339854774,24.0,152.0,4.072018376610244,84.30113852735961,3.2692187389808107,3.666453359406227,5.177888812820116,44.600786546449136,2909.0,79.5348553470825,43.41867696657136,7.328889551593775,17.29104340295716,62.42077980641559,42.70175281973166,68.21029564605894,67.4240769842445,59.7970320575115,82.2822754842991,39.133895030661286,32.57529820350679,51.59070059294283,32.75602198410716,17.107457517092755,35.47079546075456,119.0,144.0,177.0
Kisumu,Kisumu West,2025-10-01 23:22:43.086192,155,34,121,3.767387964628288,94.46395907160708,1.6196790449804994,5.221131080576796,4.229297342634418,56.3174201965451,9632,93.98813191887884,30.46258163088347,13.769607921625337,29.82550983868593,30.16353012368717,56.323194713729855,46.17346872026077,89.62928649914845,75.66604297353538,66.70115528496792,41.90587139522563,37.30514537573248,86.26957295600053,53.30822945205025,28.72565471824175,81.51253309901662,10,2025,34.0,104.0,1.9996647626886717,85.0858477662791,2.3613183737088392,7.988992884722012,4.26787401775539,55.18185036852631,4138.0,81.58524561231474,41.65436887998722,20.181921584573978,13.526828313206988,58.82466384369214,41.88203496425272,80.14912120175765,83.79586603921749,40.23619588499464,53.434787691076345,79.21775591476276,48.74392255616752,74.5352700775473,54.8172047919273,48.97201325544293,55.162975291136775,21.0,98.0,2.3722749018478115,79.95817434202503,2.541518766263682,8.552592539535304,5.480110866738431,77.26126224803079,9116.0,90.65763486107248,32.94592644499782,24.655674831337212,20.997621949203293,28.097716760532297,29.20556687200603,72.55909798393695,72.12105933094573,80.35933832944298,55.06258942496388,67.52767541082773,78.54820116559958,86.24111672105374,62.2969439116637,32.1658280794197,72.07289201005278,28.0,115.0,3.5394998235574,80.64744367223534,1.9268776955050144,2.716226668145067,4.670485375595307,46.00183514639633,3877.0,88.74534119047932,38.87732670281055,12.895498422728956,10.296563505126318,61.74270483722181,58.70530072715298,58.26430614703479,58.8869221596349,72.85223254735776,54.603496643970345,60.63265671525368,57.754640885937945,66.03357327914411,66.85703559458167,35.34632208002126,64.11370339854774,138.0,119.0,144.0
Kisumu,Kisumu West,2025-11-01 23:22:43.086192,156,19,137,4.913437408620864,71.73658646992104,3.809050608095217,6.774867198804293,7.097979579561618,66.2032321657961,7841,72.75495034482756,38.425360221120926,19.21918945955792,16.090678193013368,35.35653253085204,72.42992516766053,39.00094128425272,46.0324912904419,56.27013871501523,35.3399513053828,80.12743372785529,75.00661672455144,58.4319323469949,49.68744494066632,61.588260990454486,54.16650751697813,11,2025,34.0,121.0,3.767387964628288,94.46395907160708,1.6196790449804994,5.221131080576796,4.229297342634418,56.3174201965451,9632.0,93.98813191887884,30.46258163088347,13.769607921625337,29.82550983868593,30.16353012368717,56.323194713729855,46.17346872026077,89.62928649914845,75.66604297353538,66.70115528496792,41.90587139522563,37.30514537573248,86.26957295600053,53.30822945205025,28.72565471824175,81.51253309901662,34.0,104.0,1.9996647626886717,85.0858477662791,2.3613183737088392,7.988992884722012,4.26787401775539,55.18185036852631,4138.0,81.58524561231474,41.65436887998722,20.181921584573978,13.526828313206988,58.82466384369214,41.88203496425272,80.14912120175765,83.79586603921749,40.23619588499464,53.434787691076345,79.21775591476276,48.74392255616752,74.5352700775473,54.8172047919273,48.97201325544293,55.162975291136775,21.0,98.0,2.3722749018478115,79.95817434202503,2.541518766263682,8.552592539535304,5.480110866738431,77.26126224803079,9116.0,90.65763486107248,32.94592644499782,24.655674831337212,20.997621949203293,28.097716760532297,29.20556687200603,72.55909798393695,72.12105933094573,80.35933832944298,55.06258942496388,67.52767541082773,78.54820116559958,86.24111672105374,62.2969439116637,32.1658280794197,72.07289201005278,155.0,138.0,119.0
Kisumu,Kisumu West,2025-12-01 23:22:43.086192,167,19,148,0.5086983878010902,91.32956677097992,1.7526887814230472,8.857327568019338,6.317942021698174,84.90989492960955,10801,67.5187500985946,32.12730403572252,11.397950882314902,12.929286796924837,41.55454743213392,63.28567938088903,42.42825656568711,46.790813978929,74.69811384384167,77.49988103895603,32.93912086124394,53.80824389394887,70.35090994789621,27.81365541324025,40.090510396062015,34.759047022071755,12,2025,19.0,137.0,4.913437408620864,71.73658646992104,3.809050608095217,6.774867198804293,7.097979579561618,66.2032321657961,7841.0,72.75495034482756,38.425360221120926,19.21918945955792,16.090678193013368,35.35653253085204,72.42992516766053,39.00094128425272,46.0324912904419,56.27013871501523,35.3399513053828,80.12743372785529,75.00661672455144,58.4319323469949,49.68744494066632,61.588260990454486,54.16650751697813,34.0,121.0,3.767387964628288,94.46395907160708,1.6196790449804994,5.221131080576796,4.229297342634418,56.3174201965451,9632.0,93.98813191887884,30.46258163088347,13.769607921625337,29.82550983868593,30.16353012368717,56.323194713729855,46.17346872026077,89.62928649914845,75.66604297353538,66.70115528496792,41.90587139522563,37.30514537573248,86.26957295600053,53.30822945205025,28.72565471824175,81.51253309901662,34.0,104.0,1.9996647626886717,85.0858477662791,2.3613183737088392,7.988992884722012,4.26787401775539,55.18185036852631,4138.0,81.58524561231474,41.65436887998722,20.181921584573978,13.526828313206988,58.82466384369214,41.88203496425272,80.14912120175765,83.79586603921749,40.23619588499464,53.434787691076345,79.21775591476276,48.74392255616752,74.5352700775473,54.8172047919273,48.97201325544293,55.162975291136775,156.0,155.0,138.0
Kisumu,Kisumu West,2026-01-01 23:22:43.086192,254,42,211,2.133603410343885,74.50866577863316,3.024553478437596,5.85749981179135,6.084400172565484,58.08357074761996,3502,37.87792349884355,35.65118848095851,21.822234136919292,11.519996987592489,64.55611728851213,40.018372082118816,54.53071788154339,77.2978321104125,95.27054369200437,65.99528850247454,25.527017023619308,30.63915789788603,78.66599609869698,70.22402297964946,31.357265503559844,71.78424362540332,1,2026,19.0,148.0,0.5086983878010902,91.32956677097992,1.7526887814230472,8.857327568019338,6.317942021698174,84.90989492960955,10801.0,67.5187500985946,32.12730403572252,11.397950882314902,12.929286796924837,41.55454743213392,63.28567938088903,42.42825656568711,46.790813978929,74.69811384384167,77.49988103895603,32.93912086124394,53.80824389394887,70.35090994789621,27.81365541324025,40.090510396062015,34.759047022071755,19.0,137.0,4.913437408620864,71.73658646992104,3.809050608095217,6.774867198804293,7.097979579561618,66.2032321657961,7841.0,72.75495034482756,38.425360221120926,19.21918945955792,16.090678193013368,35.35653253085204,72.42992516766053,39.00094128425272,46.0324912904419,56.27013871501523,35.3399513053828,80.12743372785529,75.00661672455144,58.4319323469949,49.68744494066632,61.588260990454486,54.16650751697813,34.0,121.0,3.767387964628288,94.46395907160708,1.6196790449804994,5.221131080576796,4.229297342634418,56.3174201965451,9632.0,93.98813191887884,30.46258163088347,13.769607921625337,29.82550983868593,30.16353012368717,56.323194713729855,46.17346872026077,89.62928649914845,75.66604297353538,66.70115528496792,41.90587139522563,37.30514537573248,86.26957295600053,53.30822945205025,28.72565471824175,81.51253309901662,167.0,156.0,155.0
Kisumu,Kisumu West,2026-02-01 23:22:43.086192,172,28,143,2.8001381673257684,93.93049004741724,2.2931837651603333,6.851848724768721,5.1328093206777305,58.8847244307175,10023,33.66232496846002,25.7157986431266,10.514020502934354,13.262350717016728,31.28736161985253,45.09098307037226,84.09880274060609,68.21266934886536,54.26274890396272,39.14406033561184,73.49948027105373,89.63070788015203,71.07342491629547,68.30802677001878,60.42009531763165,56.13278852979106,2,2026,42.0,211.0,2.133603410343885,74.50866577863316,3.024553478437596,5.85749981179135,6.084400172565484,58.08357074761996,3502.0,37.87792349884355,35.65118848095851,21.822234136919292,11.519996987592489,64.55611728851213,40.018372082118816,54.53071788154339,77.2978321104125,95.27054369200437,65.99528850247454,25.527017023619308,30.63915789788603,78.66599609869698,70.22402297964946,31.357265503559844,71.78424362540332,19.0,148.0,0.5086983878010902,91.32956677097992,1.7526887814230472,8.857327568019338,6.317942021698174,84.90989492960955,10801.0,67.5187500985946,32.12730403572252,11.397950882314902,12.929286796924837,41.55454743213392,63.28567938088903,42.42825656568711,46.790813978929,74.69811384384167,77.49988103895603,32.93912086124394,53.80824389394887,70.35090994789621,27.81365541324025,40.090510396062015,34.759047022071755,19.0,137.0,4.913437408620864,71.73658646992104,3.809050608095217,6.774867198804293,7.097979579561618,66.2032321657961,7841.0,72.75495034482756,38.425360221120926,19.21918945955792,16.090678193013368,35.35653253085204,72.42992516766053,39.00094128425272,46.0324912904419,56.27013871501523,35.3399513053828,80.12743372785529,75.00661672455144,58.4319323469949,49.68744494066632,61.588260990454486,54.16650751697813,254.0,167.0,156.0
Nakuru,Kuresoi,2025-06-01 23:22:43.086192,47,6,41,2.589180224024973,75.31979535163066,1.1503212834062624,5.232613724939051,1.6128099224410182,64.24047628158645,14583,61.36544142949263,20.46274179482648,9.152119076604832,33.663317861042444,68.82599891179966,76.998660694926,67.45825686136189,79.62030488140005,95.66106926186056,64.34380733321157,30.60176353840915,81.79795749195215,93.9895970849802,55.37592048316981,62.079595662405616,80.09218712307977,6,2025,7.0,56.0,4.744735673007944,87.42650276644699,1.0666205579990966,6.240231623325691,7.368222195935729,58.201733702676265,8736.0,56.89364008107299,17.557977066346588,11.34748643594776,32.7163938304419,26.651913487611942,34.07700565741281,59.9915539056207,52.98397176289752,60.32717559161571,84.03849379630279,35.40919065059917,33.26907324441047,61.14846361518791,57.117781085075904,55.80027957946303,44.54732277889562,12.0,50.0,3.144147697950112,78.76002752734155,3.033763045040787,9.813522538732432,7.498906376871843,41.37472463826883,6422.0,76.46444015556976,20.78015291836557,21.224794529007774,31.171300880097885,62.250076219904834,62.41541291713902,69.51796137173312,83.75841413984088,64.4342639772852,67.7807666643399,39.1995752602509,58.48766452193188,59.02903462485602,49.42399895463089,55.40503082993087,76.79571305762207,10.0,62.0,2.8864559648452577,94.52126391527948,4.209516134708284,2.018563703138004,2.974167203785736,60.25043651454767,8855.0,30.8547147799151,30.09571416222257,17.58439859243225,26.218314877629386,41.633324478791806,67.30892598799485,81.75629556690407,40.39433482621728,78.48969058682025,70.98860790310654,28.02258612495403,49.555432923132585,72.00882928513454,28.77986615970137,57.30631469559155,51.59817199131335,63.0,63.0,72.0
Nakuru,Kuresoi,2025-07-01 23:22:43.086192,49,12,36,2.5603829221834866,89.25682833166648,4.843923483186558,7.471839699598124,6.316698335455954,82.53355786893961,13395,77.15535359677145,17.646349067878013,5.048505150534622,23.62006734442024,27.88096468466799,68.70803638379317,45.013800137213,59.63469994928437,47.885126441790064,85.49016011645583,47.259352824627726,60.263860422333536,59.84308141822325,40.96167303919749,50.52912121951353,37.63808479431204,7,2025,6.0,41.0,2.589180224024973,75.31979535163066,1.1503212834062624,5.232613724939051,1.6128099224410182,64.24047628158645,14583.0,61.36544142949263,20.46274179482648,9.152119076604832,33.663317861042444,68.82599891179966,76.998660694926,67.45825686136189,79.62030488140005,95.66106926186056,64.34380733321157,30.60176353840915,81.79795749195215,93.9895970849802,55.37592048316981,62.079595662405616,80.09218712307977,7.0,56.0,4.744735673007944,87.42650276644699,1.0666205579990966,6.240231623325691,7.368222195935729,58.201733702676265,8736.0,56.89364008107299,17.557977066346588,11.34748643594776,32.7163938304419,26.651913487611942,34.07700565741281,59.9915539056207,52.98397176289752,60.32717559161571,84.03849379630279,35.40919065059917,33.26907324441047,61.14846361518791,57.117781085075904,55.80027957946303,44.54732277889562,12.0,50.0,3.144147697950112,78.76002752734155,3.033763045040787,9.813522538732432,7.498906376871843,41.37472463826883,6422.0,76.46444015556976,20.78015291836557,21.224794529007774,31.171300880097885,62.250076219904834,62.41541291713902,69.51796137173312,83.75841413984088,64.4342639772852,67.7807666643399,39.1995752602509,58.48766452193188,59.02903462485602,49.42399895463089,55.40503082993087,76.79571305762207,47.0,63.0,63.0
Nakuru,Kuresoi,2025-08-01 23:22:43.086192,44,5,38,1.02808497681233,73.86370382747421,3.901313030146068,7.807272416382026,4.386457532291391,49.26417553737062,9317,54.91449570202053,28.228905051808567,7.4726907961245885,23.045472974939088,58.74874277104592,29.353982122297825,34.54028841778966,81.79246638550873,88.25199004508,77.52771696953326,69.97850013513047,82.42192849792686,82.65794867731861,52.09583028007823,46.911039349621205,57.75738140188474,8,2025,12.0,36.0,2.5603829221834866,89.25682833166648,4.843923483186558,7.471839699598124,6.316698335455954,82.53355786893961,13395.0,77.15535359677145,17.646349067878013,5.048505150534622,23.62006734442024,27.88096468466799,68.70803638379317,45.013800137213,59.63469994928437,47.885126441790064,85.49016011645583,47.259352824627726,60.263860422333536,59.84308141822325,40.96167303919749,50.52912121951353,37.63808479431204,6.0,41.0,2.589180224024973,75.31979535163066,1.1503212834062624,5.232613724939051,1.6128099224410182,64.24047628158645,14583.0,61.36544142949263,20.46274179482648,9.152119076604832,33.663317861042444,68.82599891179966,76.998660694926,67.45825686136189,79.62030488140005,95.66106926186056,64.34380733321157,30.60176353840915,81.79795749195215,93.9895970849802,55.37592048316981,62.079595662405616,80.09218712307977,7.0,56.0,4.744735673007944,87.42650276644699,1.0666205579990966,6.240231623325691,7.368222195935729,58.201733702676265,8736.0,56.89364008107299,17.557977066346588,11.34748643594776,32.7163938304419,26.651913487611942,34.07700565741281,59.9915539056207,52.98397176289752,60.32717559161571,84.03849379630279,35.40919065059917,33.26907324441047,61.14846361518791,57.117781085075904,55.80027957946303,44.54732277889562,49.0,47.0,63.0
Nakuru,Kuresoi,2025-09-01 23:22:43.086192,40,6,33,4.037557654899359,92.52458019766792,1.6204151945205725,8.104655836028856,1.458556845068883,41.44981054221167,9259,37.27347544473289,24.792966534104764,23.783788959278372,24.57705291503548,67.75835100965048,71.00258879152742,82.36626531904541,74.36550330512219,65.93053063903999,55.295621827148615,30.096417229060528,32.944005929285105,64.60874906938346,73.6761617728713,25.961045933001056,79.88213979568883,9,2025,5.0,38.0,1.02808497681233,73.86370382747421,3.901313030146068,7.807272416382026,4.386457532291391,49.26417553737062,9317.0,54.91449570202053,28.228905051808567,7.4726907961245885,23.045472974939088,58.74874277104592,29.353982122297825,34.54028841778966,81.79246638550873,88.25199004508,77.52771696953326,69.97850013513047,82.42192849792686,82.65794867731861,52.09583028007823,46.911039349621205,57.75738140188474,12.0,36.0,2.5603829221834866,89.25682833166648,4.843923483186558,7.471839699598124,6.316698335455954,82.53355786893961,13395.0,77.15535359677145,17.646349067878013,5.048505150534622,23.62006734442024,27.88096468466799,68.70803638379317,45.013800137213,59.63469994928437,47.885126441790064,85.49016011645583,47.259352824627726,60.263860422333536,59.84308141822325,40.96167303919749,50.52912121951353,37.63808479431204,6.0,41.0,2.589180224024973,75.31979535163066,1.1503212834062624,5.232613724939051,1.6128099224410182,64.24047628158645,14583.0,61.36544142949263,20.46274179482648,9.152119076604832,33.663317861042444,68.82599891179966,76.998660694926,67.45825686136189,79.62030488140005,95.66106926186056,64.34380733321157,30.60176353840915,81.79795749195215,93.9895970849802,55.37592048316981,62.079595662405616,80.09218712307977,44.0,49.0,47.0
Nakuru,Kuresoi,2025-10-01 23:22:43.086192,42,8,34,2.759892729923815,76.69638590187981,4.0478046632725535,6.011547212676483,3.143987840770059,51.0766963414139,2947,54.82594280430528,32.1873598395721,16.483704249376103,32.05069849683126,47.01007846029664,57.484880875962986,47.50186023583528,76.21243309234865,63.85012154213118,40.30468983645853,78.4025761926651,43.3294017411513,86.03076926235634,53.64887558575721,67.10682470714193,75.48318096521953,10,2025,6.0,33.0,4.037557654899359,92.52458019766792,1.6204151945205725,8.104655836028856,1.458556845068883,41.44981054221167,9259.0,37.27347544473289,24.792966534104764,23.783788959278372,24.57705291503548,67.75835100965048,71.00258879152742,82.36626531904541,74.36550330512219,65.93053063903999,55.295621827148615,30.096417229060528,32.944005929285105,64.60874906938346,73.6761617728713,25.961045933001056,79.88213979568883,5.0,38.0,1.02808497681233,73.86370382747421,3.901313030146068,7.807272416382026,4.386457532291391,49.26417553737062,9317.0,54.91449570202053,28.228905051808567,7.4726907961245885,23.045472974939088,58.74874277104592,29.353982122297825,34.54028841778966,81.79246638550873,88.25199004508,77.52771696953326,69.97850013513047,82.42192849792686,82.65794867731861,52.09583028007823,46.911039349621205,57.75738140188474,12.0,36.0,2.5603829221834866,89.25682833166648,4.843923483186558,7.471839699598124,6.316698335455954,82.53355786893961,13395.0,77.15535359677145,17.646349067878013,5.048505150534622,23.62006734442024,27.88096468466799,68.70803638379317,45.013800137213,59.63469994928437,47.885126441790064,85.49016011645583,47.259352824627726,60.263860422333536,59.84308141822325,40.96167303919749,50.52912121951353,37.63808479431204,40.0,44.0,49.0
Nakuru,Kuresoi,2025-11-01 23:22:43.086192,47,9,38,0.5158720717220564,81.37938589593399,2.21776533698343,9.126340145104336,3.3139116955482804,54.885338337291714,9104,39.6686088009592,19.646531085389707,8.37270482505889,27.624188194310094,32.03996598211692,52.449339640356,67.5530879942263,50.06039738563777,71.74477026021844,61.02409529702875,49.81440971349886,35.63189973660688,52.4711007477286,39.8314954860076,26.73803292175401,60.49822512557117,11,2025,8.0,34.0,2.759892729923815,76.69638590187981,4.0478046632725535,6.011547212676483,3.143987840770059,51.0766963414139,2947.0,54.82594280430528,32.1873598395721,16.483704249376103,32.05069849683126,47.01007846029664,57.484880875962986,47.50186023583528,76.21243309234865,63.85012154213118,40.30468983645853,78.4025761926651,43.3294017411513,86.03076926235634,53.64887558575721,67.10682470714193,75.48318096521953,6.0,33.0,4.037557654899359,92.52458019766792,1.6204151945205725,8.104655836028856,1.458556845068883,41.44981054221167,9259.0,37.27347544473289,24.792966534104764,23.783788959278372,24.57705291503548,67.75835100965048,71.00258879152742,82.36626531904541,74.36550330512219,65.93053063903999,55.295621827148615,30.096417229060528,32.944005929285105,64.60874906938346,73.6761617728713,25.961045933001056,79.88213979568883,5.0,38.0,1.02808497681233,73.86370382747421,3.901313030146068,7.807272416382026,4.386457532291391,49.26417553737062,9317.0,54.91449570202053,28.228905051808567,7.4726907961245885,23.045472974939088,58.74874277104592,29.353982122297825,34.54028841778966,81.79246638550873,88.25199004508,77.52771696953326,69.97850013513047,82.42192849792686,82.65794867731861,52.09583028007823,46.911039349621205,57.75738140188474,42.0,40.0,44.0
Nakuru,Kuresoi,2025-12-01 23:22:43.086192,53,11,42,2.731374292168307,70.28191707653066,4.96043855322543,4.2589574448948,1.2945924414773473,81.89910038937022,7083,63.8234146961822,38.7498566595576,14.56358902065508,27.77611372546709,20.81696269137029,60.91560441693402,43.972515855894144,88.09622836152656,96.26561491332036,51.635460142343376,28.033330556259635,30.681226801187464,92.71973905140362,73.55573502803675,57.16821190425225,41.72820352804598,12,2025,9.0,38.0,0.5158720717220564,81.37938589593399,2.21776533698343,9.126340145104336,3.3139116955482804,54.885338337291714,9104.0,39.6686088009592,19.646531085389707,8.37270482505889,27.624188194310094,32.03996598211692,52.449339640356,67.5530879942263,50.06039738563777,71.74477026021844,61.02409529702875,49.81440971349886,35.63189973660688,52.4711007477286,39.8314954860076,26.73803292175401,60.49822512557117,8.0,34.0,2.759892729923815,76.69638590187981,4.0478046632725535,6.011547212676483,3.143987840770059,51.0766963414139,2947.0,54.82594280430528,32.1873598395721,16.483704249376103,32.05069849683126,47.01007846029664,57.484880875962986,47.50186023583528,76.21243309234865,63.85012154213118,40.30468983645853,78.4025761926651,43.3294017411513,86.03076926235634,53.64887558575721,67.10682470714193,75.48318096521953,6.0,33.0,4.037557654899359,92.52458019766792,1.6204151945205725,8.104655836028856,1.458556845068883,41.44981054221167,9259.0,37.27347544473289,24.792966534104764,23.783788959278372,24.57705291503548,67.75835100965048,71.00258879152742,82.36626531904541,74.36550330512219,65.93053063903999,55.295621827148615,30.096417229060528,32.944005929285105,64.60874906938346,73.6761617728713,25.961045933001056,79.88213979568883,47.0,42.0,40.0
Nakuru,Kuresoi,2026-01-01 23:22:43.086192,58,11,46,3.105758927517518,89.08232145893005,1.7073058720553478,5.063445775588404,5.621713073152049,52.7956640983361,6400,73.2743662856374,22.642886501108656,8.34664605501953,11.4173262267464,48.46937659397434,77.80315126426491,58.87762969898616,88.68521992674727,52.79542317446412,52.36723398131704,25.804255906024338,70.08065525327343,72.10398179078791,22.41595283784138,45.80936646931116,67.20431997287457,1,2026,11.0,42.0,2.731374292168307,70.28191707653066,4.96043855322543,4.2589574448948,1.2945924414773473,81.89910038937022,7083.0,63.8234146961822,38.7498566595576,14.56358902065508,27.77611372546709,20.81696269137029,60.91560441693402,43.972515855894144,88.09622836152656,96.26561491332036,51.635460142343376,28.033330556259635,30.681226801187464,92.71973905140362,73.55573502803675,57.16821190425225,41.72820352804598,9.0,38.0,0.5158720717220564,81.37938589593399,2.21776533698343,9.126340145104336,3.3139116955482804,54.885338337291714,9104.0,39.6686088009592,19.646531085389707,8.37270482505889,27.624188194310094,32.03996598211692,52.449339640356,67.5530879942263,50.06039738563777,71.74477026021844,61.02409529702875,49.81440971349886,35.63189973660688,52.4711007477286,39.8314954860076,26.73803292175401,60.49822512557117,8.0,34.0,2.759892729923815,76.69638590187981,4.0478046632725535,6.011547212676483,3.143987840770059,51.0766963414139,2947.0,54.82594280430528,32.1873598395721,16.483704249376103,32.05069849683126,47.01007846029664,57.484880875962986,47.50186023583528,76.21243309234865,63.85012154213118,40.30468983645853,78.4025761926651,43.3294017411513,86.03076926235634,53.64887558575721,67.10682470714193,75.48318096521953,53.0,47.0,42.0
Nakuru,Kuresoi,2026-02-01 23:22:43.086192,69,9,60,4.5376043135114,74.91149031912568,1.8002209044946218,9.20774421152326,4.20526579103702,44.48020698600752,6565,59.451850375474834,36.77136244663488,8.900833862879223,20.73646574610231,38.08132989142189,33.65175926580927,74.41324769215475,44.41621044301724,63.50232209281811,38.05997021665051,65.0322260011693,44.04559877937832,47.17846464594811,40.3536356673088,12.922019652407704,61.38714340389164,2,2026,11.0,46.0,3.105758927517518,89.08232145893005,1.7073058720553478,5.063445775588404,5.621713073152049,52.7956640983361,6400.0,73.2743662856374,22.642886501108656,8.34664605501953,11.4173262267464,48.46937659397434,77.80315126426491,58.87762969898616,88.68521992674727,52.79542317446412,52.36723398131704,25.804255906024338,70.08065525327343,72.10398179078791,22.41595283784138,45.80936646931116,67.20431997287457,11.0,42.0,2.731374292168307,70.28191707653066,4.96043855322543,4.2589574448948,1.2945924414773473,81.89910038937022,7083.0,63.8234146961822,38.7498566595576,14.56358902065508,27.77611372546709,20.81696269137029,60.91560441693402,43.972515855894144,88.09622836152656,96.26561491332036,51.635460142343376,28.033330556259635,30.681226801187464,92.71973905140362,73.55573502803675,57.16821190425225,41.72820352804598,9.0,38.0,0.5158720717220564,81.37938589593399,2.21776533698343,9.126340145104336,3.3139116955482804,54.885338337291714,9104.0,39.6686088009592,19.646531085389707,8.37270482505889,27.624188194310094,32.03996598211692,52.449339640356,67.5530879942263,50.06039738563777,71.74477026021844,61.02409529702875,49.81440971349886,35.63189973660688,52.4711007477286,39.8314954860076,26.73803292175401,60.49822512557117,58.0,53.0,47.0
Garissa,Lagdera,2025-06-01 23:22:43.086192,304,59,245,1.4200452592455568,74.85398920816786,4.162940466449555,5.384976558916181,7.092144310182514,54.36564232191756,10360,77.08125520165973,28.976695595194805,19.02833880492701,33.54206393389544,34.508250863942514,41.71497184050614,37.32477303772478,84.43724829820059,65.39737750196986,65.08576725291262,47.95996819764788,39.91928348913422,62.51326478628779,55.82170901663637,40.10642696806483,70.79372754630235,6,2025,64.0,240.0,4.257409868129314,79.15997819424466,3.991286123801972,8.301567734938839,6.734998849427627,69.9145139369595,5274.0,44.71549791923991,40.61014257632408,22.438673520165104,13.396228360751646,20.229792757012504,59.3788753157285,73.17139975756129,41.44028989353445,42.6894684103737,39.24155793718808,39.28109875832929,31.212682976066507,69.84287679057363,25.622965685072128,34.31993516448837,43.65395772177053,51.0,291.0,3.004535800416257,81.85976856933719,4.944543671426013,8.937044456779654,6.27552640282036,68.2482342076912,13471.0,79.69559663690583,27.305560645625068,8.983305230528826,10.98827153596824,53.72393696108775,57.56438868872026,77.47915579291586,58.5778643712648,53.266121620419305,65.00153875273602,47.58299792788869,51.8469842172686,82.6838010440546,31.450046746086212,62.59143706634394,54.03472544179755,82.0,295.0,3.528357901427277,77.44660846990733,4.110719308821338,4.672833776457274,5.094861501653819,40.260097315092175,11886.0,55.63989536140228,31.41823964128077,24.951808558920806,17.736013907112987,49.57780502347346,31.92288779635632,68.86519484203085,49.90914209586536,80.86458974907899,49.10868972576832,72.89566447288126,64.18351194806712,89.02566091486253,27.08573939985597,55.34096310842441,73.63308869238574,304.0,342.0,378.0
Garissa,Lagdera,2025-07-01 23:22:43.086192,255,40,214,3.756875225857899,89.41349435554976,4.179019844477222,5.029256093240656,3.20896967572586,76.9982446405121,13267,63.79951803580794,37.29508833773065,22.3940090927528,10.041161435383945,51.98885520599684,69.41221774323776,66.45798168109272,58.0425814781801,76.15845608525166,40.53181739676843,54.16796766968709,55.4646325463855,81.0811416176388,75.60224296701647,32.69369259446939,40.2927870764284,7,2025,59.0,245.0,1.4200452592455568,74.85398920816786,4.162940466449555,5.384976558916181,7.092144310182514,54.36564232191756,10360.0,77.08125520165973,28.976695595194805,19.02833880492701,33.54206393389544,34.508250863942514,41.71497184050614,37.32477303772478,84.43724829820059,65.39737750196986,65.08576725291262,47.95996819764788,39.91928348913422,62.51326478628779,55.82170901663637,40.10642696806483,70.79372754630235,64.0,240.0,4.257409868129314,79.15997819424466,3.991286123801972,8.301567734938839,6.734998849427627,69.9145139369595,5274.0,44.71549791923991,40.61014257632408,22.438673520165104,13.396228360751646,20.229792757012504,59.3788753157285,73.17139975756129,41.44028989353445,42.6894684103737,39.24155793718808,39.28109875832929,31.212682976066507,69.84287679057363,25.622965685072128,34.31993516448837,43.65395772177053,51.0,291.0,3.004535800416257,81.85976856933719,4.944543671426013,8.937044456779654,6.27552640282036,68.2482342076912,13471.0,79.69559663690583,27.305560645625068,8.983305230528826,10.98827153596824,53.72393696108775,57.56438868872026,77.47915579291586,58.5778643712648,53.266121620419305,65.00153875273602,47.58299792788869,51.8469842172686,82.6838010440546,31.450046746086212,62.59143706634394,54.03472544179755,304.0,304.0,342.0
Garissa,Lagdera,2025-08-01 23:22:43.086192,198,49,148,4.683447133607132,80.55331370966297,2.0203941520920026,5.001702882503994,5.541576754681278,42.909119535995735,13506,30.819119150499183,27.515967200929254,12.155327319152477,13.539496018056326,27.76100412356233,25.621348216945268,39.18595340167953,63.26629363242644,94.3141362690425,43.69915535827998,57.49965169186622,55.907213299049054,45.32911112265742,45.66322428263674,57.54581449918948,64.70611763662316,8,2025,40.0,214.0,3.756875225857899,89.41349435554976,4.179019844477222,5.029256093240656,3.20896967572586,76.9982446405121,13267.0,63.79951803580794,37.29508833773065,22.3940090927528,10.041161435383945,51.98885520599684,69.41221774323776,66.45798168109272,58.0425814781801,76.15845608525166,40.53181739676843,54.16796766968709,55.4646325463855,81.0811416176388,75.60224296701647,32.69369259446939,40.2927870764284,59.0,245.0,1.4200452592455568,74.85398920816786,4.162940466449555,5.384976558916181,7.092144310182514,54.36564232191756,10360.0,77.08125520165973,28.976695595194805,19.02833880492701,33.54206393389544,34.508250863942514,41.71497184050614,37.32477303772478,84.43724829820059,65.39737750196986,65.08576725291262,47.95996819764788,39.91928348913422,62.51326478628779,55.82170901663637,40.10642696806483,70.79372754630235,64.0,240.0,4.257409868129314,79.15997819424466,3.991286123801972,8.301567734938839,6.734998849427627,69.9145139369595,5274.0,44.71549791923991,40.61014257632408,22.438673520165104,13.396228360751646,20.229792757012504,59.3788753157285,73.17139975756129,41.44028989353445,42.6894684103737,39.24155793718808,39.28109875832929,31.212682976066507,69.84287679057363,25.622965685072128,34.31993516448837,43.65395772177053,255.0,304.0,304.0
Garissa,Lagdera,2025-09-01 23:22:43.086192,215,25,189,4.898323747431211,81.73326962251173,4.760726877193947,9.484497096377854,2.969541861702588,54.75023146874661,11134,43.60154011307628,22.417063286015367,12.852309841661588,18.4312309429238,58.304187393155054,26.01619263330516,67.15337591534498,40.70124089775221,63.62434219774039,37.2556109876681,75.83876794624288,70.02932787010513,81.65779485382707,20.86473789038944,68.98817381643958,36.52516577297509,9,2025,49.0,148.0,4.683447133607132,80.55331370966297,2.0203941520920026,5.001702882503994,5.541576754681278,42.909119535995735,13506.0,30.819119150499183,27.515967200929254,12.155327319152477,13.539496018056326,27.76100412356233,25.621348216945268,39.18595340167953,63.26629363242644,94.3141362690425,43.69915535827998,57.49965169186622,55.907213299049054,45.32911112265742,45.66322428263674,57.54581449918948,64.70611763662316,40.0,214.0,3.756875225857899,89.41349435554976,4.179019844477222,5.029256093240656,3.20896967572586,76.9982446405121,13267.0,63.79951803580794,37.29508833773065,22.3940090927528,10.041161435383945,51.98885520599684,69.41221774323776,66.45798168109272,58.0425814781801,76.15845608525166,40.53181739676843,54.16796766968709,55.4646325463855,81.0811416176388,75.60224296701647,32.69369259446939,40.2927870764284,59.0,245.0,1.4200452592455568,74.85398920816786,4.162940466449555,5.384976558916181,7.092144310182514,54.36564232191756,10360.0,77.08125520165973,28.976695595194805,19.02833880492701,33.54206393389544,34.508250863942514,41.71497184050614,37.32477303772478,84.43724829820059,65.39737750196986,65.08576725291262,47.95996819764788,39.91928348913422,62.51326478628779,55.82170901663637,40.10642696806483,70.79372754630235,198.0,255.0,304.0
Garissa,Lagdera,2025-10-01 23:22:43.086192,203,27,175,2.7637119711400344,72.60086621108071,4.815738855384771,4.01305010949248,4.909252671789979,60.53916979504385,11945,73.68907040322942,23.26588550267129,22.51019554989486,28.987509006832788,39.16590040894243,71.43267476127734,39.83384505651203,45.82526903567568,83.19506126745998,60.45826768453677,48.387872927184205,60.07763855396455,87.03151936337878,29.23691590778168,40.25755394028722,45.611484669575496,10,2025,25.0,189.0,4.898323747431211,81.73326962251173,4.760726877193947,9.484497096377854,2.969541861702588,54.75023146874661,11134.0,43.60154011307628,22.417063286015367,12.852309841661588,18.4312309429238,58.304187393155054,26.01619263330516,67.15337591534498,40.70124089775221,63.62434219774039,37.2556109876681,75.83876794624288,70.02932787010513,81.65779485382707,20.86473789038944,68.98817381643958,36.52516577297509,49.0,148.0,4.683447133607132,80.55331370966297,2.0203941520920026,5.001702882503994,5.541576754681278,42.909119535995735,13506.0,30.819119150499183,27.515967200929254,12.155327319152477,13.539496018056326,27.76100412356233,25.621348216945268,39.18595340167953,63.26629363242644,94.3141362690425,43.69915535827998,57.49965169186622,55.907213299049054,45.32911112265742,45.66322428263674,57.54581449918948,64.70611763662316,40.0,214.0,3.756875225857899,89.41349435554976,4.179019844477222,5.029256093240656,3.20896967572586,76.9982446405121,13267.0,63.79951803580794,37.29508833773065,22.3940090927528,10.041161435383945,51.98885520599684,69.41221774323776,66.45798168109272,58.0425814781801,76.15845608525166,40.53181739676843,54.16796766968709,55.4646325463855,81.0811416176388,75.60224296701647,32.69369259446939,40.2927870764284,215.0,198.0,255.0
Garissa,Lagdera,2025-11-01 23:22:43.086192,248,44,203,1.506288445431232,74.11110669893452,2.720320660987861,6.140030641128628,5.586831846908591,47.57240069945342,6692,54.135544957122605,44.62509775791126,14.842095113926671,18.839384436555022,53.80268293982084,45.23908063447364,71.8051292085245,68.14905191152172,56.53090230034066,35.14224249783927,53.318567551352366,80.67913967437946,45.92188412021025,73.06250659198754,44.92367310103237,46.833998815460674,11,2025,27.0,175.0,2.7637119711400344,72.60086621108071,4.815738855384771,4.01305010949248,4.909252671789979,60.53916979504385,11945.0,73.68907040322942,23.26588550267129,22.51019554989486,28.987509006832788,39.16590040894243,71.43267476127734,39.83384505651203,45.82526903567568,83.19506126745998,60.45826768453677,48.387872927184205,60.07763855396455,87.03151936337878,29.23691590778168,40.25755394028722,45.611484669575496,25.0,189.0,4.898323747431211,81.73326962251173,4.760726877193947,9.484497096377854,2.969541861702588,54.75023146874661,11134.0,43.60154011307628,22.417063286015367,12.852309841661588,18.4312309429238,58.304187393155054,26.01619263330516,67.15337591534498,40.70124089775221,63.62434219774039,37.2556109876681,75.83876794624288,70.02932787010513,81.65779485382707,20.86473789038944,68.98817381643958,36.52516577297509,49.0,148.0,4.683447133607132,80.55331370966297,2.0203941520920026,5.001702882503994,5.541576754681278,42.909119535995735,13506.0,30.819119150499183,27.515967200929254,12.155327319152477,13.539496018056326,27.76100412356233,25.621348216945268,39.18595340167953,63.26629363242644,94.3141362690425,43.69915535827998,57.49965169186622,55.907213299049054,45.32911112265742,45.66322428263674,57.54581449918948,64.70611763662316,203.0,215.0,198.0
Garissa,Lagdera,2025-12-01 23:22:43.086192,278,60,218,0.5155932915765915,70.49272064543227,1.495368255995623,7.605594996095072,7.149244708466472,75.5636381993079,9654,89.15186404096022,20.485971360016865,20.01692618449596,14.515879337030128,41.5582301268491,78.73550780760459,34.69554860899315,57.73348447862855,94.87612168636896,90.53701333839156,25.108952946469824,83.47383621833461,70.33711498705671,51.76636103638105,65.63021018567457,59.51060742405036,12,2025,44.0,203.0,1.506288445431232,74.11110669893452,2.720320660987861,6.140030641128628,5.586831846908591,47.57240069945342,6692.0,54.135544957122605,44.62509775791126,14.842095113926671,18.839384436555022,53.80268293982084,45.23908063447364,71.8051292085245,68.14905191152172,56.53090230034066,35.14224249783927,53.318567551352366,80.67913967437946,45.92188412021025,73.06250659198754,44.92367310103237,46.833998815460674,27.0,175.0,2.7637119711400344,72.60086621108071,4.815738855384771,4.01305010949248,4.909252671789979,60.53916979504385,11945.0,73.68907040322942,23.26588550267129,22.51019554989486,28.987509006832788,39.16590040894243,71.43267476127734,39.83384505651203,45.82526903567568,83.19506126745998,60.45826768453677,48.387872927184205,60.07763855396455,87.03151936337878,29.23691590778168,40.25755394028722,45.611484669575496,25.0,189.0,4.898323747431211,81.73326962251173,4.760726877193947,9.484497096377854,2.969541861702588,54.75023146874661,11134.0,43.60154011307628,22.417063286015367,12.852309841661588,18.4312309429238,58.304187393155054,26.01619263330516,67.15337591534498,40.70124089775221,63.62434219774039,37.2556109876681,75.83876794624288,70.02932787010513,81.65779485382707,20.86473789038944,68.98817381643958,36.52516577297509,248.0,203.0,215.0
Garissa,Lagdera,2026-01-01 23:22:43.086192,256,42,213,4.5024075886928365,79.54568014881633,4.859748569164102,2.475984316191801,4.5400157033623625,49.75709751119211,13264,89.40634781991423,20.021966068240943,23.963045801981032,24.25931533625008,55.89963309979969,39.87772927798314,79.43936253911099,59.42046518610293,97.75811834780627,52.510799617841776,74.98382686737753,60.41897405890951,75.40939368014718,59.94749050944413,39.29366910672191,71.66334271260334,1,2026,60.0,218.0,0.5155932915765915,70.49272064543227,1.495368255995623,7.605594996095072,7.149244708466472,75.5636381993079,9654.0,89.15186404096022,20.485971360016865,20.01692618449596,14.515879337030128,41.5582301268491,78.73550780760459,34.69554860899315,57.73348447862855,94.87612168636896,90.53701333839156,25.108952946469824,83.47383621833461,70.33711498705671,51.76636103638105,65.63021018567457,59.51060742405036,44.0,203.0,1.506288445431232,74.11110669893452,2.720320660987861,6.140030641128628,5.586831846908591,47.57240069945342,6692.0,54.135544957122605,44.62509775791126,14.842095113926671,18.839384436555022,53.80268293982084,45.23908063447364,71.8051292085245,68.14905191152172,56.53090230034066,35.14224249783927,53.318567551352366,80.67913967437946,45.92188412021025,73.06250659198754,44.92367310103237,46.833998815460674,27.0,175.0,2.7637119711400344,72.60086621108071,4.815738855384771,4.01305010949248,4.909252671789979,60.53916979504385,11945.0,73.68907040322942,23.26588550267129,22.51019554989486,28.987509006832788,39.16590040894243,71.43267476127734,39.83384505651203,45.82526903567568,83.19506126745998,60.45826768453677,48.387872927184205,60.07763855396455,87.03151936337878,29.23691590778168,40.25755394028722,45.611484669575496,278.0,248.0,203.0
Garissa,Lagdera,2026-02-01 23:22:43.086192,363,69,293,4.338827935173203,75.96721570722087,3.9237050882079862,6.8482333839180525,2.9408424213555966,65.12995019151992,8145,60.53659996921414,40.66148830553897,17.418659077880793,27.065982301726585,28.621276475393984,32.20995513948338,49.08158726784312,81.97800284996049,87.30473058751996,49.553647025551285,56.74078932053699,33.45599858021932,88.1297692713589,68.50209248359027,59.13422905882501,42.67679139502772,2,2026,42.0,213.0,4.5024075886928365,79.54568014881633,4.859748569164102,2.475984316191801,4.5400157033623625,49.75709751119211,13264.0,89.40634781991423,20.021966068240943,23.963045801981032,24.25931533625008,55.89963309979969,39.87772927798314,79.43936253911099,59.42046518610293,97.75811834780627,52.510799617841776,74.98382686737753,60.41897405890951,75.40939368014718,59.94749050944413,39.29366910672191,71.66334271260334,60.0,218.0,0.5155932915765915,70.49272064543227,1.495368255995623,7.605594996095072,7.149244708466472,75.5636381993079,9654.0,89.15186404096022,20.485971360016865,20.01692618449596,14.515879337030128,41.5582301268491,78.73550780760459,34.69554860899315,57.73348447862855,94.87612168636896,90.53701333839156,25.108952946469824,83.47383621833461,70.33711498705671,51.76636103638105,65.63021018567457,59.51060742405036,44.0,203.0,1.506288445431232,74.11110669893452,2.720320660987861,6.140030641128628,5.586831846908591,47.57240069945342,6692.0,54.135544957122605,44.62509775791126,14.842095113926671,18.839384436555022,53.80268293982084,45.23908063447364,71.8051292085245,68.14905191152172,56.53090230034066,35.14224249783927,53.318567551352366,80.67913967437946,45.92188412021025,73.06250659198754,44.92367310103237,46.833998815460674,256.0,278.0,248.0
Mombasa,Likoni,2025-06-01 23:22:43.086192,99,10,89,1.978184071092281,92.58741281727228,1.265246967782912,5.460237731350949,4.348957526847917,48.81192024149851,9809,65.41447716677405,31.02408644928682,11.17409884612427,14.580799213563363,29.13722346863404,60.30910310758577,69.21673264951907,62.234008681295,82.02993163496967,51.14635665127781,62.62003994166852,56.71728643045341,94.13621910583998,56.601371435894514,68.93177352935751,35.52359958970079,6,2025,13.0,103.0,1.018541798265943,86.03303156745916,4.68150018932405,2.647216121071436,3.129746025803533,51.99546505524626,9313.0,69.38765348131537,34.52883710619783,11.203270592962449,12.747534581422062,69.04720485112743,31.958689976476983,75.7542074989735,87.77232099524942,42.418851714578544,82.03959056386574,46.67333100866642,75.22858227184258,80.63431098141967,78.34014601983475,61.22877134206904,31.938698962124302,31.0,94.0,1.4412781699806114,85.05762395026926,3.547710669151164,8.905812261956662,4.695142599015622,75.92978859543194,4855.0,69.00978899669443,43.63423395737004,8.217941286215494,29.159115058275194,20.05768003760745,58.50949856010182,42.29922956657487,44.51166310248675,45.718968787563846,81.40739635691403,64.93664825304302,77.58120825725243,54.57223190327419,68.4937076924015,51.81908104739055,30.337712150480098,28.0,91.0,3.5537534642468938,80.41233157698223,2.748798671982269,6.4900254696159925,2.460202784743835,49.07461785232306,8469.0,30.18359734978597,18.423080464218323,14.22817907356093,10.172904927705156,45.31284798059245,55.85608830546845,45.06466287516553,79.4027436762702,97.81468897506235,41.49635956736672,59.84041546025824,48.49857502358414,77.70077766072103,75.4395681771838,68.9607894063667,57.95689090797092,117.0,125.0,119.0
Mombasa,Likoni,2025-07-01 23:22:43.086192,84,9,74,3.81594689043727,89.30514572450276,1.60951959806563,3.5988996845909487,6.113623028034939,41.63333938101037,2965,68.49439397317514,27.236626158708265,7.732664356401897,19.4537746182777,26.826550415813507,48.72279804790445,81.03963989522494,72.21130588282787,86.03202086136221,82.62310511423274,49.46878721686348,84.683481343877,64.69651994199904,38.59147748863932,64.59143632836435,41.69553335791204,7,2025,10.0,89.0,1.978184071092281,92.58741281727228,1.265246967782912,5.460237731350949,4.348957526847917,48.81192024149851,9809.0,65.41447716677405,31.02408644928682,11.17409884612427,14.580799213563363,29.13722346863404,60.30910310758577,69.21673264951907,62.234008681295,82.02993163496967,51.14635665127781,62.62003994166852,56.71728643045341,94.13621910583998,56.601371435894514,68.93177352935751,35.52359958970079,13.0,103.0,1.018541798265943,86.03303156745916,4.68150018932405,2.647216121071436,3.129746025803533,51.99546505524626,9313.0,69.38765348131537,34.52883710619783,11.203270592962449,12.747534581422062,69.04720485112743,31.958689976476983,75.7542074989735,87.77232099524942,42.418851714578544,82.03959056386574,46.67333100866642,75.22858227184258,80.63431098141967,78.34014601983475,61.22877134206904,31.938698962124302,31.0,94.0,1.4412781699806114,85.05762395026926,3.547710669151164,8.905812261956662,4.695142599015622,75.92978859543194,4855.0,69.00978899669443,43.63423395737004,8.217941286215494,29.159115058275194,20.05768003760745,58.50949856010182,42.29922956657487,44.51166310248675,45.718968787563846,81.40739635691403,64.93664825304302,77.58120825725243,54.57223190327419,68.4937076924015,51.81908104739055,30.337712150480098,99.0,117.0,125.0
Mombasa,Likoni,2025-08-01 23:22:43.086192,66,13,53,4.849858733291825,75.8831024143112,4.9895470424902175,5.823167566265907,7.281678602576687,84.43169467212559,8292,39.097338248564895,25.57607022463497,14.170753792377688,20.57483854223029,45.35143676753509,48.42247637386451,47.15061805328059,41.78143099602055,59.97796135974403,48.326311440588526,65.02165286184334,58.76078516623453,68.57501525428867,63.65890472014575,66.35309655979938,37.73090292809659,8,2025,9.0,74.0,3.81594689043727,89.30514572450276,1.60951959806563,3.5988996845909487,6.113623028034939,41.63333938101037,2965.0,68.49439397317514,27.236626158708265,7.732664356401897,19.4537746182777,26.826550415813507,48.72279804790445,81.03963989522494,72.21130588282787,86.03202086136221,82.62310511423274,49.46878721686348,84.683481343877,64.69651994199904,38.59147748863932,64.59143632836435,41.69553335791204,10.0,89.0,1.978184071092281,92.58741281727228,1.265246967782912,5.460237731350949,4.348957526847917,48.81192024149851,9809.0,65.41447716677405,31.02408644928682,11.17409884612427,14.580799213563363,29.13722346863404,60.30910310758577,69.21673264951907,62.234008681295,82.02993163496967,51.14635665127781,62.62003994166852,56.71728643045341,94.13621910583998,56.601371435894514,68.93177352935751,35.52359958970079,13.0,103.0,1.018541798265943,86.03303156745916,4.68150018932405,2.647216121071436,3.129746025803533,51.99546505524626,9313.0,69.38765348131537,34.52883710619783,11.203270592962449,12.747534581422062,69.04720485112743,31.958689976476983,75.7542074989735,87.77232099524942,42.418851714578544,82.03959056386574,46.67333100866642,75.22858227184258,80.63431098141967,78.34014601983475,61.22877134206904,31.938698962124302,84.0,99.0,117.0
Mombasa,Likoni,2025-09-01 23:22:43.086192,58,9,48,1.5865946187446114,77.50538031859922,4.112403525112193,2.141520738658068,4.238198182665425,75.6314507109482,12324,39.45078779992377,26.51112623892456,10.353910852471271,31.81045781548762,35.5441712814321,32.21111752471081,64.49855755906147,63.546805419723626,67.44205137203168,38.08230337598818,32.50716546029613,57.97024436986658,66.36900324927572,23.140008421922094,58.16735222530683,55.5568637766618,9,2025,13.0,53.0,4.849858733291825,75.8831024143112,4.9895470424902175,5.823167566265907,7.281678602576687,84.43169467212559,8292.0,39.097338248564895,25.57607022463497,14.170753792377688,20.57483854223029,45.35143676753509,48.42247637386451,47.15061805328059,41.78143099602055,59.97796135974403,48.326311440588526,65.02165286184334,58.76078516623453,68.57501525428867,63.65890472014575,66.35309655979938,37.73090292809659,9.0,74.0,3.81594689043727,89.30514572450276,1.60951959806563,3.5988996845909487,6.113623028034939,41.63333938101037,2965.0,68.49439397317514,27.236626158708265,7.732664356401897,19.4537746182777,26.826550415813507,48.72279804790445,81.03963989522494,72.21130588282787,86.03202086136221,82.62310511423274,49.46878721686348,84.683481343877,64.69651994199904,38.59147748863932,64.59143632836435,41.69553335791204,10.0,89.0,1.978184071092281,92.58741281727228,1.265246967782912,5.460237731350949,4.348957526847917,48.81192024149851,9809.0,65.41447716677405,31.02408644928682,11.17409884612427,14.580799213563363,29.13722346863404,60.30910310758577,69.21673264951907,62.234008681295,82.02993163496967,51.14635665127781,62.62003994166852,56.71728643045341,94.13621910583998,56.601371435894514,68.93177352935751,35.52359958970079,66.0,84.0,99.0
Mombasa,Likoni,2025-10-01 23:22:43.086192,75,10,65,1.5428110457194086,92.59401263282284,3.6764481513806255,6.634710011053456,2.6113608339107457,83.36398881227343,5832,53.11594676009483,41.43213166750091,8.61683898002384,19.77100205047088,44.83329891626892,37.24316215555562,59.22602710445192,48.30909463016192,75.19561676663537,54.32377565444015,30.74578932832575,46.359199336499486,48.12427262573007,78.92713244399636,12.615935475060947,60.67274750325575,10,2025,9.0,48.0,1.5865946187446114,77.50538031859922,4.112403525112193,2.141520738658068,4.238198182665425,75.6314507109482,12324.0,39.45078779992377,26.51112623892456,10.353910852471271,31.81045781548762,35.5441712814321,32.21111752471081,64.49855755906147,63.546805419723626,67.44205137203168,38.08230337598818,32.50716546029613,57.97024436986658,66.36900324927572,23.140008421922094,58.16735222530683,55.5568637766618,13.0,53.0,4.849858733291825,75.8831024143112,4.9895470424902175,5.823167566265907,7.281678602576687,84.43169467212559,8292.0,39.097338248564895,25.57607022463497,14.170753792377688,20.57483854223029,45.35143676753509,48.42247637386451,47.15061805328059,41.78143099602055,59.97796135974403,48.326311440588526,65.02165286184334,58.76078516623453,68.57501525428867,63.65890472014575,66.35309655979938,37.73090292809659,9.0,74.0,3.81594689043727,89.30514572450276,1.60951959806563,3.5988996845909487,6.113623028034939,41.63333938101037,2965.0,68.49439397317514,27.236626158708265,7.732664356401897,19.4537746182777,26.826550415813507,48.72279804790445,81.03963989522494,72.21130588282787,86.03202086136221,82.62310511423274,49.46878721686348,84.683481343877,64.69651994199904,38.59147748863932,64.59143632836435,41.69553335791204,58.0,66.0,84.0
Mombasa,Likoni,2025-11-01 23:22:43.086192,71,11,59,0.6343551106033054,81.98862959569266,1.004099461867082,2.630034234497587,3.797538730497213,58.80687794699077,6396,94.71058274812005,18.936192907116958,9.486283237114936,23.070730330596703,60.25855461482227,66.15168015662078,41.88898934437656,59.917302265511566,76.82819324490174,37.45200677543918,63.87594766756011,41.390209531143896,89.27158288694918,46.06967745000774,10.04310346097962,76.06536233781183,11,2025,10.0,65.0,1.5428110457194086,92.59401263282284,3.6764481513806255,6.634710011053456,2.6113608339107457,83.36398881227343,5832.0,53.11594676009483,41.43213166750091,8.61683898002384,19.77100205047088,44.83329891626892,37.24316215555562,59.22602710445192,48.30909463016192,75.19561676663537,54.32377565444015,30.74578932832575,46.359199336499486,48.12427262573007,78.92713244399636,12.615935475060947,60.67274750325575,9.0,48.0,1.5865946187446114,77.50538031859922,4.112403525112193,2.141520738658068,4.238198182665425,75.6314507109482,12324.0,39.45078779992377,26.51112623892456,10.353910852471271,31.81045781548762,35.5441712814321,32.21111752471081,64.49855755906147,63.546805419723626,67.44205137203168,38.08230337598818,32.50716546029613,57.97024436986658,66.36900324927572,23.140008421922094,58.16735222530683,55.5568637766618,13.0,53.0,4.849858733291825,75.8831024143112,4.9895470424902175,5.823167566265907,7.281678602576687,84.43169467212559,8292.0,39.097338248564895,25.57607022463497,14.170753792377688,20.57483854223029,45.35143676753509,48.42247637386451,47.15061805328059,41.78143099602055,59.97796135974403,48.326311440588526,65.02165286184334,58.76078516623453,68.57501525428867,63.65890472014575,66.35309655979938,37.73090292809659,75.0,58.0,66.0
Mombasa,Likoni,2025-12-01 23:22:43.086192,98,22,76,4.105790980259593,77.59679956070521,4.431869338463014,5.100316508337897,5.200279712299555,52.07717754131154,12332,57.35762880611516,23.863182682578632,22.228907392825555,10.356194169037932,33.65678181424033,77.62382999289437,73.5683209757479,53.928366856380265,89.94726017291734,54.50203751170572,82.49539343586153,80.67839064859473,66.10572675784061,70.81962400690615,39.39389605103352,33.454426871523985,12,2025,11.0,59.0,0.6343551106033054,81.98862959569266,1.004099461867082,2.630034234497587,3.797538730497213,58.80687794699077,6396.0,94.71058274812005,18.936192907116958,9.486283237114936,23.070730330596703,60.25855461482227,66.15168015662078,41.88898934437656,59.917302265511566,76.82819324490174,37.45200677543918,63.87594766756011,41.390209531143896,89.27158288694918,46.06967745000774,10.04310346097962,76.06536233781183,10.0,65.0,1.5428110457194086,92.59401263282284,3.6764481513806255,6.634710011053456,2.6113608339107457,83.36398881227343,5832.0,53.11594676009483,41.43213166750091,8.61683898002384,19.77100205047088,44.83329891626892,37.24316215555562,59.22602710445192,48.30909463016192,75.19561676663537,54.32377565444015,30.74578932832575,46.359199336499486,48.12427262573007,78.92713244399636,12.615935475060947,60.67274750325575,9.0,48.0,1.5865946187446114,77.50538031859922,4.112403525112193,2.141520738658068,4.238198182665425,75.6314507109482,12324.0,39.45078779992377,26.51112623892456,10.353910852471271,31.81045781548762,35.5441712814321,32.21111752471081,64.49855755906147,63.546805419723626,67.44205137203168,38.08230337598818,32.50716546029613,57.97024436986658,66.36900324927572,23.140008421922094,58.16735222530683,55.5568637766618,71.0,75.0,58.0
Mombasa,Likoni,2026-01-01 23:22:43.086192,106,19,86,0.5236118213226345,80.63982162173204,2.369905494154944,2.577499769118265,7.679226276425284,73.30451837032233,14268,48.01843935349439,17.318890585683018,11.665200494887316,27.13949280682064,58.99378831744236,34.08267853768545,77.6058309867409,60.19118442657088,60.59543301040927,78.10783365195678,47.6974981433209,52.09170907241284,63.12918509097915,55.61893524886925,17.268145929712155,46.3765078243638,1,2026,22.0,76.0,4.105790980259593,77.59679956070521,4.431869338463014,5.100316508337897,5.200279712299555,52.07717754131154,12332.0,57.35762880611516,23.863182682578632,22.228907392825555,10.356194169037932,33.65678181424033,77.62382999289437,73.5683209757479,53.928366856380265,89.94726017291734,54.50203751170572,82.49539343586153,80.67839064859473,66.10572675784061,70.81962400690615,39.39389605103352,33.454426871523985,11.0,59.0,0.6343551106033054,81.98862959569266,1.004099461867082,2.630034234497587,3.797538730497213,58.80687794699077,6396.0,94.71058274812005,18.936192907116958,9.486283237114936,23.070730330596703,60.25855461482227,66.15168015662078,41.88898934437656,59.917302265511566,76.82819324490174,37.45200677543918,63.87594766756011,41.390209531143896,89.27158288694918,46.06967745000774,10.04310346097962,76.06536233781183,10.0,65.0,1.5428110457194086,92.59401263282284,3.6764481513806255,6.634710011053456,2.6113608339107457,83.36398881227343,5832.0,53.11594676009483,41.43213166750091,8.61683898002384,19.77100205047088,44.83329891626892,37.24316215555562,59.22602710445192,48.30909463016192,75.19561676663537,54.32377565444015,30.74578932832575,46.359199336499486,48.12427262573007,78.92713244399636,12.615935475060947,60.67274750325575,98.0,71.0,75.0
Mombasa,Likoni,2026-02-01 23:22:43.086192,137,16,120,0.5321048866132495,89.79406175334319,1.443774806052824,9.847327394293533,7.300465125699529,54.54374042253442,5805,67.6274961371794,26.745499832499632,24.163790915168956,13.338849535610391,24.697544795267927,38.71514583105671,65.76742974767208,81.0982365327215,59.07213748473416,59.26934485999888,37.08246459307576,80.07931402061375,57.120468621352856,21.219345455306065,63.69432574063973,30.17059863630425,2,2026,19.0,86.0,0.5236118213226345,80.63982162173204,2.369905494154944,2.577499769118265,7.679226276425284,73.30451837032233,14268.0,48.01843935349439,17.318890585683018,11.665200494887316,27.13949280682064,58.99378831744236,34.08267853768545,77.6058309867409,60.19118442657088,60.59543301040927,78.10783365195678,47.6974981433209,52.09170907241284,63.12918509097915,55.61893524886925,17.268145929712155,46.3765078243638,22.0,76.0,4.105790980259593,77.59679956070521,4.431869338463014,5.100316508337897,5.200279712299555,52.07717754131154,12332.0,57.35762880611516,23.863182682578632,22.228907392825555,10.356194169037932,33.65678181424033,77.62382999289437,73.5683209757479,53.928366856380265,89.94726017291734,54.50203751170572,82.49539343586153,80.67839064859473,66.10572675784061,70.81962400690615,39.39389605103352,33.454426871523985,11.0,59.0,0.6343551106033054,81.98862959569266,1.004099461867082,2.630034234497587,3.797538730497213,58.80687794699077,6396.0,94.71058274812005,18.936192907116958,9.486283237114936,23.070730330596703,60.25855461482227,66.15168015662078,41.88898934437656,59.917302265511566,76.82819324490174,37.45200677543918,63.87594766756011,41.390209531143896,89.27158288694918,46.06967745000774,10.04310346097962,76.06536233781183,106.0,98.0,71.0
Kakamega,Likuyani,2025-06-01 23:22:43.086192,290,70,219,1.210532474141792,88.33722429938177,4.592079080651366,6.731763511867031,4.138012651045695,54.50549418982423,10692,93.90644165652134,15.007283260766526,16.33710395020172,28.77147778655298,33.386865187873795,50.90001673343694,59.77573583255673,78.93402165004815,93.77214034718986,86.8101553819106,63.85085239116283,31.158755844313323,53.99613480779986,37.15102562036983,22.675041887594823,45.94015664517584,6,2025,35.0,299.0,1.0143737127037944,70.4233023460786,4.5728967876773865,6.273614604938417,4.085868619425391,44.52941710101831,8588.0,79.63708996465061,19.32006483584178,8.20471712986693,31.769106064671917,37.24864918307171,35.40859994681141,70.20429069734041,60.66364636248927,60.48262855455548,80.51786197529525,34.44449830361171,83.02295636792911,60.941017172319526,54.61581410089039,40.59829968059186,32.14073547876668,40.0,345.0,3.435533095092614,81.4554104345838,2.0904216133543163,2.9075405465960245,6.455818281701853,41.652106508220825,3729.0,94.14375527205544,21.975940869960414,24.51802778269589,25.92049409229279,37.31720075559015,69.90068480484294,56.21086021540713,53.39336666156767,83.35537586614306,71.86626923998003,42.25178834773663,67.93097584860703,71.25885561324858,67.00533863496342,53.731611809391325,54.88490227499307,72.0,260.0,4.976192363168838,85.89791172169265,1.7637771539505946,8.894930388958603,5.603037247540307,54.25280896372832,5707.0,86.13297943134933,24.548176090269678,10.246143731072676,21.283616469150694,54.44129402314019,75.5683946924151,48.50161044089457,63.46382664530933,61.11836219079598,84.53264201973279,52.8911999631928,86.13306260124682,55.69812049456049,76.77541125078375,18.55076614077492,37.03662649553199,334.0,385.0,333.0
Kakamega,Likuyani,2025-07-01 23:22:43.086192,230,32,198,2.8363135100192745,81.09632994288536,1.2660042743834237,8.892582628166132,1.784638756667981,76.90638575435287,14266,91.94047596487678,43.453438614344336,5.295451173867747,31.985617931097167,38.52310170636376,76.03938478488533,54.52987117601239,87.19534522699107,61.365706583366816,93.71250092999288,76.47385759196221,48.68137737987625,62.04452805142305,61.72458198055073,59.16862939184617,46.37557056260904,7,2025,70.0,219.0,1.210532474141792,88.33722429938177,4.592079080651366,6.731763511867031,4.138012651045695,54.50549418982423,10692.0,93.90644165652134,15.007283260766526,16.33710395020172,28.77147778655298,33.386865187873795,50.90001673343694,59.77573583255673,78.93402165004815,93.77214034718986,86.8101553819106,63.85085239116283,31.158755844313323,53.99613480779986,37.15102562036983,22.675041887594823,45.94015664517584,35.0,299.0,1.0143737127037944,70.4233023460786,4.5728967876773865,6.273614604938417,4.085868619425391,44.52941710101831,8588.0,79.63708996465061,19.32006483584178,8.20471712986693,31.769106064671917,37.24864918307171,35.40859994681141,70.20429069734041,60.66364636248927,60.48262855455548,80.51786197529525,34.44449830361171,83.02295636792911,60.941017172319526,54.61581410089039,40.59829968059186,32.14073547876668,40.0,345.0,3.435533095092614,81.4554104345838,2.0904216133543163,2.9075405465960245,6.455818281701853,41.652106508220825,3729.0,94.14375527205544,21.975940869960414,24.51802778269589,25.92049409229279,37.31720075559015,69.90068480484294,56.21086021540713,53.39336666156767,83.35537586614306,71.86626923998003,42.25178834773663,67.93097584860703,71.25885561324858,67.00533863496342,53.731611809391325,54.88490227499307,290.0,334.0,385.0
Kakamega,Likuyani,2025-08-01 23:22:43.086192,185,37,147,1.157245405073862,78.09344471204614,2.6166525268470786,8.644487408050438,4.663388508484745,67.36864483901167,2549,82.83589970193333,18.74873898472004,22.47887227576707,16.15149313256989,60.23274498748079,79.3108628569943,81.21747231910626,86.27562547520031,71.1823840544973,93.14671987554917,59.9678186959642,89.98808619912151,87.73235026924604,75.0434418258792,52.50100285202059,46.44311382718337,8,2025,32.0,198.0,2.8363135100192745,81.09632994288536,1.2660042743834237,8.892582628166132,1.784638756667981,76.90638575435287,14266.0,91.94047596487678,43.453438614344336,5.295451173867747,31.985617931097167,38.52310170636376,76.03938478488533,54.52987117601239,87.19534522699107,61.365706583366816,93.71250092999288,76.47385759196221,48.68137737987625,62.04452805142305,61.72458198055073,59.16862939184617,46.37557056260904,70.0,219.0,1.210532474141792,88.33722429938177,4.592079080651366,6.731763511867031,4.138012651045695,54.50549418982423,10692.0,93.90644165652134,15.007283260766526,16.33710395020172,28.77147778655298,33.386865187873795,50.90001673343694,59.77573583255673,78.93402165004815,93.77214034718986,86.8101553819106,63.85085239116283,31.158755844313323,53.99613480779986,37.15102562036983,22.675041887594823,45.94015664517584,35.0,299.0,1.0143737127037944,70.4233023460786,4.5728967876773865,6.273614604938417,4.085868619425391,44.52941710101831,8588.0,79.63708996465061,19.32006483584178,8.20471712986693,31.769106064671917,37.24864918307171,35.40859994681141,70.20429069734041,60.66364636248927,60.48262855455548,80.51786197529525,34.44449830361171,83.02295636792911,60.941017172319526,54.61581410089039,40.59829968059186,32.14073547876668,230.0,290.0,334.0
Kakamega,Likuyani,2025-09-01 23:22:43.086192,207,30,177,1.2234979906767742,71.71806026055633,4.063741191277304,3.171083255712424,1.5832568708455317,83.53450408367137,5005,43.51535927921749,32.700151825221425,24.417252506844576,12.113034306458625,49.9794182587216,29.95232628113781,43.854940520904336,84.29082323553723,53.432253971734255,71.14729944373752,45.085737509344085,42.13800545045064,48.54513891176477,27.523519206960795,56.40761036877696,69.62910497056536,9,2025,37.0,147.0,1.157245405073862,78.09344471204614,2.6166525268470786,8.644487408050438,4.663388508484745,67.36864483901167,2549.0,82.83589970193333,18.74873898472004,22.47887227576707,16.15149313256989,60.23274498748079,79.3108628569943,81.21747231910626,86.27562547520031,71.1823840544973,93.14671987554917,59.9678186959642,89.98808619912151,87.73235026924604,75.0434418258792,52.50100285202059,46.44311382718337,32.0,198.0,2.8363135100192745,81.09632994288536,1.2660042743834237,8.892582628166132,1.784638756667981,76.90638575435287,14266.0,91.94047596487678,43.453438614344336,5.295451173867747,31.985617931097167,38.52310170636376,76.03938478488533,54.52987117601239,87.19534522699107,61.365706583366816,93.71250092999288,76.47385759196221,48.68137737987625,62.04452805142305,61.72458198055073,59.16862939184617,46.37557056260904,70.0,219.0,1.210532474141792,88.33722429938177,4.592079080651366,6.731763511867031,4.138012651045695,54.50549418982423,10692.0,93.90644165652134,15.007283260766526,16.33710395020172,28.77147778655298,33.386865187873795,50.90001673343694,59.77573583255673,78.93402165004815,93.77214034718986,86.8101553819106,63.85085239116283,31.158755844313323,53.99613480779986,37.15102562036983,22.675041887594823,45.94015664517584,185.0,230.0,290.0
Kakamega,Likuyani,2025-10-01 23:22:43.086192,204,24,179,3.284908621330553,83.56782311454886,2.6568634872232555,8.999711897937829,4.315993803661857,71.00251868938078,4104,49.664275519009735,36.64177311263601,20.14675586297801,11.035662564348188,65.7470590402321,55.932311383134845,65.53885254953927,49.288341312517765,52.33164871602598,65.81319477826668,63.71024572654336,76.24513102042371,45.11797519921163,43.30369221684704,56.15653997724272,48.35681753491173,10,2025,30.0,177.0,1.2234979906767742,71.71806026055633,4.063741191277304,3.171083255712424,1.5832568708455317,83.53450408367137,5005.0,43.51535927921749,32.700151825221425,24.417252506844576,12.113034306458625,49.9794182587216,29.95232628113781,43.854940520904336,84.29082323553723,53.432253971734255,71.14729944373752,45.085737509344085,42.13800545045064,48.54513891176477,27.523519206960795,56.40761036877696,69.62910497056536,37.0,147.0,1.157245405073862,78.09344471204614,2.6166525268470786,8.644487408050438,4.663388508484745,67.36864483901167,2549.0,82.83589970193333,18.74873898472004,22.47887227576707,16.15149313256989,60.23274498748079,79.3108628569943,81.21747231910626,86.27562547520031,71.1823840544973,93.14671987554917,59.9678186959642,89.98808619912151,87.73235026924604,75.0434418258792,52.50100285202059,46.44311382718337,32.0,198.0,2.8363135100192745,81.09632994288536,1.2660042743834237,8.892582628166132,1.784638756667981,76.90638575435287,14266.0,91.94047596487678,43.453438614344336,5.295451173867747,31.985617931097167,38.52310170636376,76.03938478488533,54.52987117601239,87.19534522699107,61.365706583366816,93.71250092999288,76.47385759196221,48.68137737987625,62.04452805142305,61.72458198055073,59.16862939184617,46.37557056260904,207.0,185.0,230.0
Kakamega,Likuyani,2025-11-01 23:22:43.086192,221,32,189,2.6623410635454525,80.4092457056783,1.2400676323235764,9.038462015073211,4.013494712642483,41.07794638160832,11364,45.710966521791626,28.99209720062453,13.473956757361446,34.690147821170484,44.41544506267008,77.23664238716428,51.46593855942483,53.523478986171696,75.4592112990168,70.68451501883322,26.81320271586707,53.361986321185256,48.85108928885527,33.61986002516179,40.25908835805132,71.03719561849488,11,2025,24.0,179.0,3.284908621330553,83.56782311454886,2.6568634872232555,8.999711897937829,4.315993803661857,71.00251868938078,4104.0,49.664275519009735,36.64177311263601,20.14675586297801,11.035662564348188,65.7470590402321,55.932311383134845,65.53885254953927,49.288341312517765,52.33164871602598,65.81319477826668,63.71024572654336,76.24513102042371,45.11797519921163,43.30369221684704,56.15653997724272,48.35681753491173,30.0,177.0,1.2234979906767742,71.71806026055633,4.063741191277304,3.171083255712424,1.5832568708455317,83.53450408367137,5005.0,43.51535927921749,32.700151825221425,24.417252506844576,12.113034306458625,49.9794182587216,29.95232628113781,43.854940520904336,84.29082323553723,53.432253971734255,71.14729944373752,45.085737509344085,42.13800545045064,48.54513891176477,27.523519206960795,56.40761036877696,69.62910497056536,37.0,147.0,1.157245405073862,78.09344471204614,2.6166525268470786,8.644487408050438,4.663388508484745,67.36864483901167,2549.0,82.83589970193333,18.74873898472004,22.47887227576707,16.15149313256989,60.23274498748079,79.3108628569943,81.21747231910626,86.27562547520031,71.1823840544973,93.14671987554917,59.9678186959642,89.98808619912151,87.73235026924604,75.0434418258792,52.50100285202059,46.44311382718337,204.0,207.0,185.0
Kakamega,Likuyani,2025-12-01 23:22:43.086192,280,69,211,2.776854777294206,87.2219782876699,1.8085376609510897,9.649244166972236,6.081036284817652,42.93580041166199,12139,59.72428060988378,32.55395349459705,14.254223456811088,29.743704050474115,57.07386989091117,65.88512648489667,67.980925974392,88.72068326383501,49.08489858941387,68.3261558905436,45.97608891898341,54.7051338951044,73.8241827284394,29.99309792951801,15.645301626221276,40.48190196556009,12,2025,32.0,189.0,2.6623410635454525,80.4092457056783,1.2400676323235764,9.038462015073211,4.013494712642483,41.07794638160832,11364.0,45.710966521791626,28.99209720062453,13.473956757361446,34.690147821170484,44.41544506267008,77.23664238716428,51.46593855942483,53.523478986171696,75.4592112990168,70.68451501883322,26.81320271586707,53.361986321185256,48.85108928885527,33.61986002516179,40.25908835805132,71.03719561849488,24.0,179.0,3.284908621330553,83.56782311454886,2.6568634872232555,8.999711897937829,4.315993803661857,71.00251868938078,4104.0,49.664275519009735,36.64177311263601,20.14675586297801,11.035662564348188,65.7470590402321,55.932311383134845,65.53885254953927,49.288341312517765,52.33164871602598,65.81319477826668,63.71024572654336,76.24513102042371,45.11797519921163,43.30369221684704,56.15653997724272,48.35681753491173,30.0,177.0,1.2234979906767742,71.71806026055633,4.063741191277304,3.171083255712424,1.5832568708455317,83.53450408367137,5005.0,43.51535927921749,32.700151825221425,24.417252506844576,12.113034306458625,49.9794182587216,29.95232628113781,43.854940520904336,84.29082323553723,53.432253971734255,71.14729944373752,45.085737509344085,42.13800545045064,48.54513891176477,27.523519206960795,56.40761036877696,69.62910497056536,221.0,204.0,207.0
Kakamega,Likuyani,2026-01-01 23:22:43.086192,298,59,239,1.3216886050577996,91.14389312062129,4.717293450867938,3.286728378609128,4.146441622833274,76.74180669151039,6573,75.25092249636745,28.310232861241097,8.949879122554705,24.199059527042916,34.50259045887649,68.48832671662471,48.637241617340095,65.14822442507223,93.04254207438196,72.37391400368293,83.07531948842188,51.16767214400494,88.94224199663003,25.58840990465045,53.41520700999448,35.585921498330855,1,2026,69.0,211.0,2.776854777294206,87.2219782876699,1.8085376609510897,9.649244166972236,6.081036284817652,42.93580041166199,12139.0,59.72428060988378,32.55395349459705,14.254223456811088,29.743704050474115,57.07386989091117,65.88512648489667,67.980925974392,88.72068326383501,49.08489858941387,68.3261558905436,45.97608891898341,54.7051338951044,73.8241827284394,29.99309792951801,15.645301626221276,40.48190196556009,32.0,189.0,2.6623410635454525,80.4092457056783,1.2400676323235764,9.038462015073211,4.013494712642483,41.07794638160832,11364.0,45.710966521791626,28.99209720062453,13.473956757361446,34.690147821170484,44.41544506267008,77.23664238716428,51.46593855942483,53.523478986171696,75.4592112990168,70.68451501883322,26.81320271586707,53.361986321185256,48.85108928885527,33.61986002516179,40.25908835805132,71.03719561849488,24.0,179.0,3.284908621330553,83.56782311454886,2.6568634872232555,8.999711897937829,4.315993803661857,71.00251868938078,4104.0,49.664275519009735,36.64177311263601,20.14675586297801,11.035662564348188,65.7470590402321,55.932311383134845,65.53885254953927,49.288341312517765,52.33164871602598,65.81319477826668,63.71024572654336,76.24513102042371,45.11797519921163,43.30369221684704,56.15653997724272,48.35681753491173,280.0,221.0,204.0
Kakamega,Likuyani,2026-02-01 23:22:43.086192,306,56,249,4.709501752158796,93.97786506719062,2.358403644325695,5.313132388827175,2.5050619590953054,67.70337067034451,12000,91.3957054119244,34.632488436589334,17.56172743317029,31.24934085169612,49.011579592322775,35.14305022393202,41.41536059742334,55.23196277075583,48.66630211377033,37.11864061065349,81.95776429291341,89.0019129415615,79.74225173166998,48.94806411974806,21.4174559683423,42.39935181100621,2,2026,59.0,239.0,1.3216886050577996,91.14389312062129,4.717293450867938,3.286728378609128,4.146441622833274,76.74180669151039,6573.0,75.25092249636745,28.310232861241097,8.949879122554705,24.199059527042916,34.50259045887649,68.48832671662471,48.637241617340095,65.14822442507223,93.04254207438196,72.37391400368293,83.07531948842188,51.16767214400494,88.94224199663003,25.58840990465045,53.41520700999448,35.585921498330855,69.0,211.0,2.776854777294206,87.2219782876699,1.8085376609510897,9.649244166972236,6.081036284817652,42.93580041166199,12139.0,59.72428060988378,32.55395349459705,14.254223456811088,29.743704050474115,57.07386989091117,65.88512648489667,67.980925974392,88.72068326383501,49.08489858941387,68.3261558905436,45.97608891898341,54.7051338951044,73.8241827284394,29.99309792951801,15.645301626221276,40.48190196556009,32.0,189.0,2.6623410635454525,80.4092457056783,1.2400676323235764,9.038462015073211,4.013494712642483,41.07794638160832,11364.0,45.710966521791626,28.99209720062453,13.473956757361446,34.690147821170484,44.41544506267008,77.23664238716428,51.46593855942483,53.523478986171696,75.4592112990168,70.68451501883322,26.81320271586707,53.361986321185256,48.85108928885527,33.61986002516179,40.25908835805132,71.03719561849488,298.0,280.0,221.0
Kakamega,Lugari,2025-06-01 23:22:43.086192,129,19,110,1.0940630591098188,79.21814766421853,3.073532964922384,4.029608403378152,2.4123773950380185,78.65265385222864,8010,66.1840818780617,15.812701950757122,16.369715923939324,12.137970200888937,45.598843982982885,26.83246131303806,74.05455195179616,47.65016155312824,82.0958363833374,49.42036578719019,42.292627828758384,81.84453347709805,62.32955576521463,65.46826979866728,12.568409524419785,75.73851095975431,6,2025,13.0,115.0,1.6413599066522142,70.43392342557782,1.5334806469031623,4.207627449525778,1.973674226516155,59.193962564336445,7129.0,49.64846600641796,42.513378189981296,11.307737847347065,19.413062284205928,48.70840075579069,46.15733468507754,52.18320704553413,77.97087606174014,71.92173415530283,94.69929490939076,44.66760583110035,40.10944146104683,66.9973258020259,73.07260798767378,50.81966183414868,33.972189014199564,18.0,120.0,3.524908352377862,70.56830590334714,4.695443165134977,5.917926025220964,1.5919822617147938,70.17491049057946,9001.0,94.9214119585954,42.947405206758496,9.332405959528849,27.65761226968895,67.06225781723876,64.43087697508136,35.80913646373165,60.369340259379854,74.23974724498076,74.0758217057182,77.38051847046302,70.66703521535857,72.94835531793814,66.11210475571114,46.1807876407586,44.58117714013184,41.0,137.0,1.3181987328921083,81.34848780410731,4.410797743636847,3.314377132267043,2.3183007346331133,56.77951629907887,3273.0,40.88864297845812,30.487827504145105,12.480168559115118,24.90051708495968,53.306178635171406,27.33992130106829,81.61891612849345,43.4900453717349,58.22900844883697,57.16310187490258,28.91573564758899,67.0815163395844,90.81035168786876,46.51086004636643,51.9782664985305,77.8947473068807,129.0,139.0,179.0
Kakamega,Lugari,2025-07-01 23:22:43.086192,106,12,93,4.8210266077551225,92.9426524313339,1.265765979805498,5.8177633330190535,5.393601755415364,46.410476794580575,2759,47.97868212315027,39.50820825757727,16.363213388619755,30.969895957236343,39.0987502492292,74.95182626750515,39.1938080076628,58.05573743808591,51.2241192180605,68.44605950222852,60.88389810236877,85.94798036157414,83.12173144821708,51.85869702072236,52.90835142917677,84.96550956951009,7,2025,19.0,110.0,1.0940630591098188,79.21814766421853,3.073532964922384,4.029608403378152,2.4123773950380185,78.65265385222864,8010.0,66.1840818780617,15.812701950757122,16.369715923939324,12.137970200888937,45.598843982982885,26.83246131303806,74.05455195179616,47.65016155312824,82.0958363833374,49.42036578719019,42.292627828758384,81.84453347709805,62.32955576521463,65.46826979866728,12.568409524419785,75.73851095975431,13.0,115.0,1.6413599066522142,70.43392342557782,1.5334806469031623,4.207627449525778,1.973674226516155,59.193962564336445,7129.0,49.64846600641796,42.513378189981296,11.307737847347065,19.413062284205928,48.70840075579069,46.15733468507754,52.18320704553413,77.97087606174014,71.92173415530283,94.69929490939076,44.66760583110035,40.10944146104683,66.9973258020259,73.07260798767378,50.81966183414868,33.972189014199564,18.0,120.0,3.524908352377862,70.56830590334714,4.695443165134977,5.917926025220964,1.5919822617147938,70.17491049057946,9001.0,94.9214119585954,42.947405206758496,9.332405959528849,27.65761226968895,67.06225781723876,64.43087697508136,35.80913646373165,60.369340259379854,74.23974724498076,74.0758217057182,77.38051847046302,70.66703521535857,72.94835531793814,66.11210475571114,46.1807876407586,44.58117714013184,129.0,129.0,139.0
Kakamega,Lugari,2025-08-01 23:22:43.086192,86,19,66,0.8374985974391943,81.3471051240989,3.766768811282344,4.581581596387037,7.584110434864883,82.96588023420748,13894,42.471490295392,29.36277994844899,20.3847296750622,25.108731077886667,42.91218338314347,43.19237342421184,56.11986858901562,56.81479836168505,62.14878917853086,37.624801018317285,71.74178643609454,65.97523284411906,62.72976503973904,30.722608294830863,11.02974473439304,39.84425633932124,8,2025,12.0,93.0,4.8210266077551225,92.9426524313339,1.265765979805498,5.8177633330190535,5.393601755415364,46.410476794580575,2759.0,47.97868212315027,39.50820825757727,16.363213388619755,30.969895957236343,39.0987502492292,74.95182626750515,39.1938080076628,58.05573743808591,51.2241192180605,68.44605950222852,60.88389810236877,85.94798036157414,83.12173144821708,51.85869702072236,52.90835142917677,84.96550956951009,19.0,110.0,1.0940630591098188,79.21814766421853,3.073532964922384,4.029608403378152,2.4123773950380185,78.65265385222864,8010.0,66.1840818780617,15.812701950757122,16.369715923939324,12.137970200888937,45.598843982982885,26.83246131303806,74.05455195179616,47.65016155312824,82.0958363833374,49.42036578719019,42.292627828758384,81.84453347709805,62.32955576521463,65.46826979866728,12.568409524419785,75.73851095975431,13.0,115.0,1.6413599066522142,70.43392342557782,1.5334806469031623,4.207627449525778,1.973674226516155,59.193962564336445,7129.0,49.64846600641796,42.513378189981296,11.307737847347065,19.413062284205928,48.70840075579069,46.15733468507754,52.18320704553413,77.97087606174014,71.92173415530283,94.69929490939076,44.66760583110035,40.10944146104683,66.9973258020259,73.07260798767378,50.81966183414868,33.972189014199564,106.0,129.0,129.0
Kakamega,Lugari,2025-09-01 23:22:43.086192,82,15,67,4.7906155654954645,91.20878391698815,2.4048557104032025,9.796100555264374,2.517815009564332,51.45449050052609,4708,34.641844533843255,23.954635982716567,22.84318162944109,23.999992495817885,67.9085655102755,74.91907059192371,35.28033024581007,69.90843462043543,48.80019470488237,61.98495284006708,51.54001157947994,36.607916898420335,61.09623803514605,36.231620129289325,25.26797270343348,66.23620941727268,9,2025,19.0,66.0,0.8374985974391943,81.3471051240989,3.766768811282344,4.581581596387037,7.584110434864883,82.96588023420748,13894.0,42.471490295392,29.36277994844899,20.3847296750622,25.108731077886667,42.91218338314347,43.19237342421184,56.11986858901562,56.81479836168505,62.14878917853086,37.624801018317285,71.74178643609454,65.97523284411906,62.72976503973904,30.722608294830863,11.02974473439304,39.84425633932124,12.0,93.0,4.8210266077551225,92.9426524313339,1.265765979805498,5.8177633330190535,5.393601755415364,46.410476794580575,2759.0,47.97868212315027,39.50820825757727,16.363213388619755,30.969895957236343,39.0987502492292,74.95182626750515,39.1938080076628,58.05573743808591,51.2241192180605,68.44605950222852,60.88389810236877,85.94798036157414,83.12173144821708,51.85869702072236,52.90835142917677,84.96550956951009,19.0,110.0,1.0940630591098188,79.21814766421853,3.073532964922384,4.029608403378152,2.4123773950380185,78.65265385222864,8010.0,66.1840818780617,15.812701950757122,16.369715923939324,12.137970200888937,45.598843982982885,26.83246131303806,74.05455195179616,47.65016155312824,82.0958363833374,49.42036578719019,42.292627828758384,81.84453347709805,62.32955576521463,65.46826979866728,12.568409524419785,75.73851095975431,86.0,106.0,129.0
Kakamega,Lugari,2025-10-01 23:22:43.086192,92,12,79,2.109519328463678,81.17902456273205,1.303453421848825,3.4695412825144487,4.328942440846819,73.23527735099191,10898,64.10766007422478,23.0363738027717,19.87344762924484,17.163582088662025,30.726640366548786,67.9890422983521,55.5967767475491,79.51794635948242,43.99166181806058,55.28772014829602,30.043674480593968,81.23116699299882,65.74219609039665,73.88867737093483,30.462970482065916,33.63398771842475,10,2025,15.0,67.0,4.7906155654954645,91.20878391698815,2.4048557104032025,9.796100555264374,2.517815009564332,51.45449050052609,4708.0,34.641844533843255,23.954635982716567,22.84318162944109,23.999992495817885,67.9085655102755,74.91907059192371,35.28033024581007,69.90843462043543,48.80019470488237,61.98495284006708,51.54001157947994,36.607916898420335,61.09623803514605,36.231620129289325,25.26797270343348,66.23620941727268,19.0,66.0,0.8374985974391943,81.3471051240989,3.766768811282344,4.581581596387037,7.584110434864883,82.96588023420748,13894.0,42.471490295392,29.36277994844899,20.3847296750622,25.108731077886667,42.91218338314347,43.19237342421184,56.11986858901562,56.81479836168505,62.14878917853086,37.624801018317285,71.74178643609454,65.97523284411906,62.72976503973904,30.722608294830863,11.02974473439304,39.84425633932124,12.0,93.0,4.8210266077551225,92.9426524313339,1.265765979805498,5.8177633330190535,5.393601755415364,46.410476794580575,2759.0,47.97868212315027,39.50820825757727,16.363213388619755,30.969895957236343,39.0987502492292,74.95182626750515,39.1938080076628,58.05573743808591,51.2241192180605,68.44605950222852,60.88389810236877,85.94798036157414,83.12173144821708,51.85869702072236,52.90835142917677,84.96550956951009,82.0,86.0,106.0
Kakamega,Lugari,2025-11-01 23:22:43.086192,88,15,73,1.6719472345893165,70.5523460442881,2.1686842557130777,7.658738181747782,2.3302199724665544,60.50299376995395,13464,57.553639131034174,16.97913643669064,5.555461134152544,23.756733328983103,68.32185542505685,47.77682195173428,58.622476224411656,49.24425321981289,68.00338712809645,69.98531513064006,29.372693535668237,61.223313106152446,59.32881142606024,29.43453605819869,10.064952270571776,77.62193059859871,11,2025,12.0,79.0,2.109519328463678,81.17902456273205,1.303453421848825,3.4695412825144487,4.328942440846819,73.23527735099191,10898.0,64.10766007422478,23.0363738027717,19.87344762924484,17.163582088662025,30.726640366548786,67.9890422983521,55.5967767475491,79.51794635948242,43.99166181806058,55.28772014829602,30.043674480593968,81.23116699299882,65.74219609039665,73.88867737093483,30.462970482065916,33.63398771842475,15.0,67.0,4.7906155654954645,91.20878391698815,2.4048557104032025,9.796100555264374,2.517815009564332,51.45449050052609,4708.0,34.641844533843255,23.954635982716567,22.84318162944109,23.999992495817885,67.9085655102755,74.91907059192371,35.28033024581007,69.90843462043543,48.80019470488237,61.98495284006708,51.54001157947994,36.607916898420335,61.09623803514605,36.231620129289325,25.26797270343348,66.23620941727268,19.0,66.0,0.8374985974391943,81.3471051240989,3.766768811282344,4.581581596387037,7.584110434864883,82.96588023420748,13894.0,42.471490295392,29.36277994844899,20.3847296750622,25.108731077886667,42.91218338314347,43.19237342421184,56.11986858901562,56.81479836168505,62.14878917853086,37.624801018317285,71.74178643609454,65.97523284411906,62.72976503973904,30.722608294830863,11.02974473439304,39.84425633932124,92.0,82.0,86.0
Kakamega,Lugari,2025-12-01 23:22:43.086192,116,17,98,0.6514190836925219,71.74499399647657,4.800024553408143,9.134750433740408,6.272827017696479,62.510366519759714,3883,46.87083115344855,21.73986706999098,17.321572247362194,26.308005655695247,24.23396463236353,56.26318836746328,59.087940629498455,73.36168227355051,43.89279168106198,66.33366859485,54.84412254405811,51.344495355842,77.51070563538289,60.44916966567627,56.87643607646313,39.64222101358869,12,2025,15.0,73.0,1.6719472345893165,70.5523460442881,2.1686842557130777,7.658738181747782,2.3302199724665544,60.50299376995395,13464.0,57.553639131034174,16.97913643669064,5.555461134152544,23.756733328983103,68.32185542505685,47.77682195173428,58.622476224411656,49.24425321981289,68.00338712809645,69.98531513064006,29.372693535668237,61.223313106152446,59.32881142606024,29.43453605819869,10.064952270571776,77.62193059859871,12.0,79.0,2.109519328463678,81.17902456273205,1.303453421848825,3.4695412825144487,4.328942440846819,73.23527735099191,10898.0,64.10766007422478,23.0363738027717,19.87344762924484,17.163582088662025,30.726640366548786,67.9890422983521,55.5967767475491,79.51794635948242,43.99166181806058,55.28772014829602,30.043674480593968,81.23116699299882,65.74219609039665,73.88867737093483,30.462970482065916,33.63398771842475,15.0,67.0,4.7906155654954645,91.20878391698815,2.4048557104032025,9.796100555264374,2.517815009564332,51.45449050052609,4708.0,34.641844533843255,23.954635982716567,22.84318162944109,23.999992495817885,67.9085655102755,74.91907059192371,35.28033024581007,69.90843462043543,48.80019470488237,61.98495284006708,51.54001157947994,36.607916898420335,61.09623803514605,36.231620129289325,25.26797270343348,66.23620941727268,88.0,92.0,82.0
Kakamega,Lugari,2026-01-01 23:22:43.086192,135,31,103,4.510095142054727,70.20677687141391,2.7870513456744748,8.196241252673548,2.694242331539426,55.07223948441775,14440,60.4066138780207,23.219537299875835,12.613603565238074,19.083702271135696,25.997952188958845,50.55016698815263,43.8935422388072,64.12266736924053,44.39448741724339,92.44467410427768,47.77665600560273,32.5559119890742,69.04117738876425,29.29087533837596,55.42201984689436,49.67495336265696,1,2026,17.0,98.0,0.6514190836925219,71.74499399647657,4.800024553408143,9.134750433740408,6.272827017696479,62.510366519759714,3883.0,46.87083115344855,21.73986706999098,17.321572247362194,26.308005655695247,24.23396463236353,56.26318836746328,59.087940629498455,73.36168227355051,43.89279168106198,66.33366859485,54.84412254405811,51.344495355842,77.51070563538289,60.44916966567627,56.87643607646313,39.64222101358869,15.0,73.0,1.6719472345893165,70.5523460442881,2.1686842557130777,7.658738181747782,2.3302199724665544,60.50299376995395,13464.0,57.553639131034174,16.97913643669064,5.555461134152544,23.756733328983103,68.32185542505685,47.77682195173428,58.622476224411656,49.24425321981289,68.00338712809645,69.98531513064006,29.372693535668237,61.223313106152446,59.32881142606024,29.43453605819869,10.064952270571776,77.62193059859871,12.0,79.0,2.109519328463678,81.17902456273205,1.303453421848825,3.4695412825144487,4.328942440846819,73.23527735099191,10898.0,64.10766007422478,23.0363738027717,19.87344762924484,17.163582088662025,30.726640366548786,67.9890422983521,55.5967767475491,79.51794635948242,43.99166181806058,55.28772014829602,30.043674480593968,81.23116699299882,65.74219609039665,73.88867737093483,30.462970482065916,33.63398771842475,116.0,88.0,92.0
Kakamega,Lugari,2026-02-01 23:22:43.086192,158,22,135,1.8575672995890349,83.65394792660459,3.0398262919544985,6.459339298403687,5.139882533409144,76.77650775796579,8435,78.4924909194638,42.18487442708894,7.607546655487054,25.63871028376449,60.07036392978924,54.21016079891095,84.9581802942252,65.31275273817953,63.571601703041054,60.04135617740312,45.31747604709359,35.136556168183546,47.31164693876964,78.49600481098955,39.20557349791571,65.8013409380035,2,2026,31.0,103.0,4.510095142054727,70.20677687141391,2.7870513456744748,8.196241252673548,2.694242331539426,55.07223948441775,14440.0,60.4066138780207,23.219537299875835,12.613603565238074,19.083702271135696,25.997952188958845,50.55016698815263,43.8935422388072,64.12266736924053,44.39448741724339,92.44467410427768,47.77665600560273,32.5559119890742,69.04117738876425,29.29087533837596,55.42201984689436,49.67495336265696,17.0,98.0,0.6514190836925219,71.74499399647657,4.800024553408143,9.134750433740408,6.272827017696479,62.510366519759714,3883.0,46.87083115344855,21.73986706999098,17.321572247362194,26.308005655695247,24.23396463236353,56.26318836746328,59.087940629498455,73.36168227355051,43.89279168106198,66.33366859485,54.84412254405811,51.344495355842,77.51070563538289,60.44916966567627,56.87643607646313,39.64222101358869,15.0,73.0,1.6719472345893165,70.5523460442881,2.1686842557130777,7.658738181747782,2.3302199724665544,60.50299376995395,13464.0,57.553639131034174,16.97913643669064,5.555461134152544,23.756733328983103,68.32185542505685,47.77682195173428,58.622476224411656,49.24425321981289,68.00338712809645,69.98531513064006,29.372693535668237,61.223313106152446,59.32881142606024,29.43453605819869,10.064952270571776,77.62193059859871,135.0,116.0,88.0
Malindi,Magarini,2025-06-01 23:22:43.086192,212,32,180,2.801482666715092,89.74472715658882,1.2956981870685709,9.057104112522367,7.422457102821346,48.587078382700575,2733,36.21525462223479,29.26552102805846,11.371428884514115,16.508895923110686,65.05696284487297,40.84635286359344,38.30236779937843,85.31427851490098,88.84269060121851,40.09789295553836,33.3730261252405,80.7265996731294,60.7086097757316,41.98763168016973,42.97151801193609,59.45575556231105,6,2025,43.0,182.0,2.707605255533404,77.67624668107209,3.695978313671544,7.433339252481348,7.33536924923192,69.06058027640634,12984.0,64.17780432025745,35.394724595839826,14.87727280446937,30.47498501730747,51.26850970958581,51.61194615352502,40.055577524708255,62.89739696959352,48.40533091286583,49.31318494274152,61.904787808214536,86.91451218093212,77.5438098944206,73.16180426358665,55.195744789053904,59.21513035891,42.0,192.0,2.7840820206254038,80.88695458940923,4.780588748713706,3.9770078312499866,2.850478465649677,72.22254377811501,12828.0,54.7549140280043,31.458511794497667,13.745921371433615,18.546387570651163,57.50378597774032,54.61905793215034,63.19491874497706,83.6039451201819,68.68830908254799,37.700211903896616,57.43969250731997,66.9496297499183,49.31527019807995,38.7829345534399,19.452125341411996,53.88170555667795,36.0,277.0,3.7056518422402287,83.84059254696243,3.963905507457811,3.67068467245418,6.9820715207988,53.91736689933452,10087.0,63.83618627106637,37.10502361085336,22.85488970010552,31.52281520700332,48.95401754585399,65.07822684178652,48.47358597348624,46.611380673735965,61.06100922782435,72.3981492780226,64.17318197973917,37.04613057942589,63.28884113367693,79.75508595955887,28.399237397470493,42.19093397604227,226.0,235.0,314.0
Malindi,Magarini,2025-07-01 23:22:43.086192,177,42,134,1.4330251933544302,80.47146075644228,2.6998003030211644,3.4592537244060058,2.59338630144017,68.72864478792977,8824,46.13395384950503,44.19353914119684,6.740977916132211,28.28345499937504,53.63273708832373,35.024211953835696,62.40494131951768,65.99661418493048,78.37201481361609,91.4633294671262,44.230371169506654,74.00718971762686,91.50700430464023,41.79666948708399,42.076606518590616,80.36082776692848,7,2025,32.0,180.0,2.801482666715092,89.74472715658882,1.2956981870685709,9.057104112522367,7.422457102821346,48.587078382700575,2733.0,36.21525462223479,29.26552102805846,11.371428884514115,16.508895923110686,65.05696284487297,40.84635286359344,38.30236779937843,85.31427851490098,88.84269060121851,40.09789295553836,33.3730261252405,80.7265996731294,60.7086097757316,41.98763168016973,42.97151801193609,59.45575556231105,43.0,182.0,2.707605255533404,77.67624668107209,3.695978313671544,7.433339252481348,7.33536924923192,69.06058027640634,12984.0,64.17780432025745,35.394724595839826,14.87727280446937,30.47498501730747,51.26850970958581,51.61194615352502,40.055577524708255,62.89739696959352,48.40533091286583,49.31318494274152,61.904787808214536,86.91451218093212,77.5438098944206,73.16180426358665,55.195744789053904,59.21513035891,42.0,192.0,2.7840820206254038,80.88695458940923,4.780588748713706,3.9770078312499866,2.850478465649677,72.22254377811501,12828.0,54.7549140280043,31.458511794497667,13.745921371433615,18.546387570651163,57.50378597774032,54.61905793215034,63.19491874497706,83.6039451201819,68.68830908254799,37.700211903896616,57.43969250731997,66.9496297499183,49.31527019807995,38.7829345534399,19.452125341411996,53.88170555667795,212.0,226.0,235.0
Malindi,Magarini,2025-08-01 23:22:43.086192,167,20,146,1.1062441973313333,73.95404498307157,3.2831477251878924,7.240082585186015,1.930243017595036,69.02443329557123,9032,30.483131669616206,30.68100551129433,19.427363638387977,15.322366429208106,24.61518189294424,79.40979212930459,77.76853617423299,48.66078624172456,52.66970723078119,92.04389283091096,27.427844007769316,34.392520522626604,48.80127775265781,23.39983448711529,45.15878035640743,78.63681435756828,8,2025,42.0,134.0,1.4330251933544302,80.47146075644228,2.6998003030211644,3.4592537244060058,2.59338630144017,68.72864478792977,8824.0,46.13395384950503,44.19353914119684,6.740977916132211,28.28345499937504,53.63273708832373,35.024211953835696,62.40494131951768,65.99661418493048,78.37201481361609,91.4633294671262,44.230371169506654,74.00718971762686,91.50700430464023,41.79666948708399,42.076606518590616,80.36082776692848,32.0,180.0,2.801482666715092,89.74472715658882,1.2956981870685709,9.057104112522367,7.422457102821346,48.587078382700575,2733.0,36.21525462223479,29.26552102805846,11.371428884514115,16.508895923110686,65.05696284487297,40.84635286359344,38.30236779937843,85.31427851490098,88.84269060121851,40.09789295553836,33.3730261252405,80.7265996731294,60.7086097757316,41.98763168016973,42.97151801193609,59.45575556231105,43.0,182.0,2.707605255533404,77.67624668107209,3.695978313671544,7.433339252481348,7.33536924923192,69.06058027640634,12984.0,64.17780432025745,35.394724595839826,14.87727280446937,30.47498501730747,51.26850970958581,51.61194615352502,40.055577524708255,62.89739696959352,48.40533091286583,49.31318494274152,61.904787808214536,86.91451218093212,77.5438098944206,73.16180426358665,55.195744789053904,59.21513035891,177.0,212.0,226.0
Malindi,Magarini,2025-09-01 23:22:43.086192,149,17,132,3.711358057845543,77.29083356034135,2.6609346427477,7.725349300969706,5.417906237833439,60.240107838923,13930,37.40628634220196,23.98129057617907,24.68378629427669,22.7251088221541,21.66945493878491,42.01596739136515,73.74912197926956,68.82195635698,72.0054896642637,79.10750250641405,60.87532225412731,58.08075442549004,74.05072055523678,47.40102840739839,36.46830384483806,77.88243718798016,9,2025,20.0,146.0,1.1062441973313333,73.95404498307157,3.2831477251878924,7.240082585186015,1.930243017595036,69.02443329557123,9032.0,30.483131669616206,30.68100551129433,19.427363638387977,15.322366429208106,24.61518189294424,79.40979212930459,77.76853617423299,48.66078624172456,52.66970723078119,92.04389283091096,27.427844007769316,34.392520522626604,48.80127775265781,23.39983448711529,45.15878035640743,78.63681435756828,42.0,134.0,1.4330251933544302,80.47146075644228,2.6998003030211644,3.4592537244060058,2.59338630144017,68.72864478792977,8824.0,46.13395384950503,44.19353914119684,6.740977916132211,28.28345499937504,53.63273708832373,35.024211953835696,62.40494131951768,65.99661418493048,78.37201481361609,91.4633294671262,44.230371169506654,74.00718971762686,91.50700430464023,41.79666948708399,42.076606518590616,80.36082776692848,32.0,180.0,2.801482666715092,89.74472715658882,1.2956981870685709,9.057104112522367,7.422457102821346,48.587078382700575,2733.0,36.21525462223479,29.26552102805846,11.371428884514115,16.508895923110686,65.05696284487297,40.84635286359344,38.30236779937843,85.31427851490098,88.84269060121851,40.09789295553836,33.3730261252405,80.7265996731294,60.7086097757316,41.98763168016973,42.97151801193609,59.45575556231105,167.0,177.0,212.0
Malindi,Magarini,2025-10-01 23:22:43.086192,161,26,135,3.9258666631031502,81.89117988255484,4.811783764035165,5.471898979423233,1.6963490061827382,61.82628391730849,13466,65.81626851197757,29.15076208404257,22.767791471913466,31.91588794921465,57.68012150832849,50.25504901500807,50.12520662420707,71.70447989910616,64.64180423147519,82.66898917290291,82.96883031455559,86.08743616481475,63.79141437786387,47.57194005188983,38.54062977105987,41.25085112432834,10,2025,17.0,132.0,3.711358057845543,77.29083356034135,2.6609346427477,7.725349300969706,5.417906237833439,60.240107838923,13930.0,37.40628634220196,23.98129057617907,24.68378629427669,22.7251088221541,21.66945493878491,42.01596739136515,73.74912197926956,68.82195635698,72.0054896642637,79.10750250641405,60.87532225412731,58.08075442549004,74.05072055523678,47.40102840739839,36.46830384483806,77.88243718798016,20.0,146.0,1.1062441973313333,73.95404498307157,3.2831477251878924,7.240082585186015,1.930243017595036,69.02443329557123,9032.0,30.483131669616206,30.68100551129433,19.427363638387977,15.322366429208106,24.61518189294424,79.40979212930459,77.76853617423299,48.66078624172456,52.66970723078119,92.04389283091096,27.427844007769316,34.392520522626604,48.80127775265781,23.39983448711529,45.15878035640743,78.63681435756828,42.0,134.0,1.4330251933544302,80.47146075644228,2.6998003030211644,3.4592537244060058,2.59338630144017,68.72864478792977,8824.0,46.13395384950503,44.19353914119684,6.740977916132211,28.28345499937504,53.63273708832373,35.024211953835696,62.40494131951768,65.99661418493048,78.37201481361609,91.4633294671262,44.230371169506654,74.00718971762686,91.50700430464023,41.79666948708399,42.076606518590616,80.36082776692848,149.0,167.0,177.0
Malindi,Magarini,2025-11-01 23:22:43.086192,147,29,118,2.625298763518981,83.96772718496707,3.512755820941273,9.165014590495446,5.605646251495678,53.96551937238539,5102,38.44729651465845,41.79801018290776,13.26546818612854,31.35059399089911,35.62918262128458,72.04818463395986,44.25396031685625,75.579438555998,87.77950016962187,64.78001493169312,73.9379556487289,74.89925170834655,62.29262398013711,49.05395135008985,22.73956784752862,45.45952266987823,11,2025,26.0,135.0,3.9258666631031502,81.89117988255484,4.811783764035165,5.471898979423233,1.6963490061827382,61.82628391730849,13466.0,65.81626851197757,29.15076208404257,22.767791471913466,31.91588794921465,57.68012150832849,50.25504901500807,50.12520662420707,71.70447989910616,64.64180423147519,82.66898917290291,82.96883031455559,86.08743616481475,63.79141437786387,47.57194005188983,38.54062977105987,41.25085112432834,17.0,132.0,3.711358057845543,77.29083356034135,2.6609346427477,7.725349300969706,5.417906237833439,60.240107838923,13930.0,37.40628634220196,23.98129057617907,24.68378629427669,22.7251088221541,21.66945493878491,42.01596739136515,73.74912197926956,68.82195635698,72.0054896642637,79.10750250641405,60.87532225412731,58.08075442549004,74.05072055523678,47.40102840739839,36.46830384483806,77.88243718798016,20.0,146.0,1.1062441973313333,73.95404498307157,3.2831477251878924,7.240082585186015,1.930243017595036,69.02443329557123,9032.0,30.483131669616206,30.68100551129433,19.427363638387977,15.322366429208106,24.61518189294424,79.40979212930459,77.76853617423299,48.66078624172456,52.66970723078119,92.04389283091096,27.427844007769316,34.392520522626604,48.80127775265781,23.39983448711529,45.15878035640743,78.63681435756828,161.0,149.0,167.0
Malindi,Magarini,2025-12-01 23:22:43.086192,213,31,182,1.244036178840103,93.69061457336268,1.0670874962406396,9.135469077133108,4.418964252907837,82.55686577144755,10118,87.65597078876792,40.42610886414967,15.361437733730112,23.466796430200024,24.942642810675707,53.907891671579335,83.67621336506181,63.360759640593166,46.7520823070604,88.50815936051015,41.51968974177244,70.76735194275128,67.69960016567806,62.390156073086445,28.35589425013011,44.37503822947506,12,2025,29.0,118.0,2.625298763518981,83.96772718496707,3.512755820941273,9.165014590495446,5.605646251495678,53.96551937238539,5102.0,38.44729651465845,41.79801018290776,13.26546818612854,31.35059399089911,35.62918262128458,72.04818463395986,44.25396031685625,75.579438555998,87.77950016962187,64.78001493169312,73.9379556487289,74.89925170834655,62.29262398013711,49.05395135008985,22.73956784752862,45.45952266987823,26.0,135.0,3.9258666631031502,81.89117988255484,4.811783764035165,5.471898979423233,1.6963490061827382,61.82628391730849,13466.0,65.81626851197757,29.15076208404257,22.767791471913466,31.91588794921465,57.68012150832849,50.25504901500807,50.12520662420707,71.70447989910616,64.64180423147519,82.66898917290291,82.96883031455559,86.08743616481475,63.79141437786387,47.57194005188983,38.54062977105987,41.25085112432834,17.0,132.0,3.711358057845543,77.29083356034135,2.6609346427477,7.725349300969706,5.417906237833439,60.240107838923,13930.0,37.40628634220196,23.98129057617907,24.68378629427669,22.7251088221541,21.66945493878491,42.01596739136515,73.74912197926956,68.82195635698,72.0054896642637,79.10750250641405,60.87532225412731,58.08075442549004,74.05072055523678,47.40102840739839,36.46830384483806,77.88243718798016,147.0,161.0,149.0
Malindi,Magarini,2026-01-01 23:22:43.086192,271,48,223,1.276456828465391,70.22310280974777,4.5280179924321855,7.530648646598554,5.452025401364084,65.61588532968139,3032,74.79475861433635,32.12267849995638,23.46889742739909,11.456147690982522,36.99079992829466,33.30317330578095,75.03225684276416,72.539812590239,85.21717545018438,53.0543595928638,78.56598458288103,77.65356264902911,87.23533049458973,41.455609915595936,45.851164147899766,43.74433864150866,1,2026,31.0,182.0,1.244036178840103,93.69061457336268,1.0670874962406396,9.135469077133108,4.418964252907837,82.55686577144755,10118.0,87.65597078876792,40.42610886414967,15.361437733730112,23.466796430200024,24.942642810675707,53.907891671579335,83.67621336506181,63.360759640593166,46.7520823070604,88.50815936051015,41.51968974177244,70.76735194275128,67.69960016567806,62.390156073086445,28.35589425013011,44.37503822947506,29.0,118.0,2.625298763518981,83.96772718496707,3.512755820941273,9.165014590495446,5.605646251495678,53.96551937238539,5102.0,38.44729651465845,41.79801018290776,13.26546818612854,31.35059399089911,35.62918262128458,72.04818463395986,44.25396031685625,75.579438555998,87.77950016962187,64.78001493169312,73.9379556487289,74.89925170834655,62.29262398013711,49.05395135008985,22.73956784752862,45.45952266987823,26.0,135.0,3.9258666631031502,81.89117988255484,4.811783764035165,5.471898979423233,1.6963490061827382,61.82628391730849,13466.0,65.81626851197757,29.15076208404257,22.767791471913466,31.91588794921465,57.68012150832849,50.25504901500807,50.12520662420707,71.70447989910616,64.64180423147519,82.66898917290291,82.96883031455559,86.08743616481475,63.79141437786387,47.57194005188983,38.54062977105987,41.25085112432834,213.0,147.0,161.0
Malindi,Magarini,2026-02-01 23:22:43.086192,263,51,211,3.1153509902773155,82.78407921782843,1.848964855964546,6.476086192636461,4.5342260303133886,56.35141568474471,12594,66.82616997910011,37.41981133448364,19.78779202273312,33.30632070057655,50.46166451512494,76.5727199953933,56.96079248498225,56.593470941260414,62.64715959907608,81.29899694687447,44.81625161993884,32.796788900172075,61.23677402609648,45.69878175967719,58.19623553882947,55.76824229398967,2,2026,48.0,223.0,1.276456828465391,70.22310280974777,4.5280179924321855,7.530648646598554,5.452025401364084,65.61588532968139,3032.0,74.79475861433635,32.12267849995638,23.46889742739909,11.456147690982522,36.99079992829466,33.30317330578095,75.03225684276416,72.539812590239,85.21717545018438,53.0543595928638,78.56598458288103,77.65356264902911,87.23533049458973,41.455609915595936,45.851164147899766,43.74433864150866,31.0,182.0,1.244036178840103,93.69061457336268,1.0670874962406396,9.135469077133108,4.418964252907837,82.55686577144755,10118.0,87.65597078876792,40.42610886414967,15.361437733730112,23.466796430200024,24.942642810675707,53.907891671579335,83.67621336506181,63.360759640593166,46.7520823070604,88.50815936051015,41.51968974177244,70.76735194275128,67.69960016567806,62.390156073086445,28.35589425013011,44.37503822947506,29.0,118.0,2.625298763518981,83.96772718496707,3.512755820941273,9.165014590495446,5.605646251495678,53.96551937238539,5102.0,38.44729651465845,41.79801018290776,13.26546818612854,31.35059399089911,35.62918262128458,72.04818463395986,44.25396031685625,75.579438555998,87.77950016962187,64.78001493169312,73.9379556487289,74.89925170834655,62.29262398013711,49.05395135008985,22.73956784752862,45.45952266987823,271.0,213.0,147.0
Malindi,Malindi,2025-06-01 23:22:43.086192,270,39,231,3.0974479638379524,84.57744354776919,2.4065771273324943,7.553197643068114,1.654017107243584,76.20821766559703,4780,86.80553710644054,31.113417084883658,7.15017376795487,21.740318678216997,41.42033895934062,61.955905083737655,67.011166322277,63.02659659147791,91.21300792935848,62.57853533846381,27.99770987457189,81.38560610419363,91.29923880305992,52.177424503970975,31.535474146921324,49.10423046058087,6,2025,72.0,271.0,4.255808295088931,71.55057343585992,1.988241068370245,4.474207635618573,7.847490428181065,63.52464243118294,8856.0,68.0593433737615,34.913960038970146,11.563011913472954,11.423103240848068,62.66783018343679,59.00615494415582,43.67097232794053,81.04275773267585,86.44120564494789,79.40722826459879,47.82432858630713,39.743663294978646,74.53783410273871,79.120969365077,22.280652706307784,49.961509623159714,52.0,252.0,3.72205751045812,85.57511773444374,3.343790050787787,5.662830525575759,2.21804007698158,74.3990919377397,14432.0,49.24726250532867,41.70727172888128,24.807462902602644,23.418562046358232,59.56263815096269,57.99359695374139,74.09172763218245,57.98069284442813,59.14801049735915,73.14056324735685,72.88313415671098,38.72144364700989,48.96184459273168,78.86600233402442,23.306731213489883,54.3448118444865,71.0,275.0,3.161253519302514,93.75621864695584,2.380400086383888,9.913886610336457,5.114236507241837,69.52433465187512,4614.0,37.69241295533041,15.782564690793222,19.271463972761964,30.27362044617946,67.3471459544142,59.588817058753406,37.22882612537596,41.27835167856214,77.19518909674238,88.28519386964962,25.182691511013378,81.73237548789845,70.25413129834628,43.69096851016889,63.58113914530328,49.753469311207695,343.0,305.0,347.0
Malindi,Malindi,2025-07-01 23:22:43.086192,186,31,155,2.357540492543853,87.82026855824141,1.5063660455589196,9.439925165827862,1.1004240676774206,71.77414559017717,2777,74.74502635848955,31.927580554243736,16.430342443995023,14.868138363771571,45.53908701817605,49.13576608150596,63.96769848492241,61.23363384441498,81.45789072766632,44.34145020419892,49.71202360242484,48.8049181433266,72.45002612941619,49.16546182363081,17.09873590801049,67.64739965211064,7,2025,39.0,231.0,3.0974479638379524,84.57744354776919,2.4065771273324943,7.553197643068114,1.654017107243584,76.20821766559703,4780.0,86.80553710644054,31.113417084883658,7.15017376795487,21.740318678216997,41.42033895934062,61.955905083737655,67.011166322277,63.02659659147791,91.21300792935848,62.57853533846381,27.99770987457189,81.38560610419363,91.29923880305992,52.177424503970975,31.535474146921324,49.10423046058087,72.0,271.0,4.255808295088931,71.55057343585992,1.988241068370245,4.474207635618573,7.847490428181065,63.52464243118294,8856.0,68.0593433737615,34.913960038970146,11.563011913472954,11.423103240848068,62.66783018343679,59.00615494415582,43.67097232794053,81.04275773267585,86.44120564494789,79.40722826459879,47.82432858630713,39.743663294978646,74.53783410273871,79.120969365077,22.280652706307784,49.961509623159714,52.0,252.0,3.72205751045812,85.57511773444374,3.343790050787787,5.662830525575759,2.21804007698158,74.3990919377397,14432.0,49.24726250532867,41.70727172888128,24.807462902602644,23.418562046358232,59.56263815096269,57.99359695374139,74.09172763218245,57.98069284442813,59.14801049735915,73.14056324735685,72.88313415671098,38.72144364700989,48.96184459273168,78.86600233402442,23.306731213489883,54.3448118444865,270.0,343.0,305.0
Malindi,Malindi,2025-08-01 23:22:43.086192,230,24,206,4.319320463132488,78.29092686006,4.598647957126214,5.1557097549289415,7.144905647008093,73.47501217910298,9918,48.49792778682401,40.52800677469518,5.726144507229396,13.792335269650035,46.38739696133088,58.21520215169644,34.61834401590762,79.67475214766435,41.95990727596975,65.2278502732524,53.637608244728646,72.36286259208566,59.31504856700508,61.02754784333475,28.090675917928596,68.84183102486026,8,2025,31.0,155.0,2.357540492543853,87.82026855824141,1.5063660455589196,9.439925165827862,1.1004240676774206,71.77414559017717,2777.0,74.74502635848955,31.927580554243736,16.430342443995023,14.868138363771571,45.53908701817605,49.13576608150596,63.96769848492241,61.23363384441498,81.45789072766632,44.34145020419892,49.71202360242484,48.8049181433266,72.45002612941619,49.16546182363081,17.09873590801049,67.64739965211064,39.0,231.0,3.0974479638379524,84.57744354776919,2.4065771273324943,7.553197643068114,1.654017107243584,76.20821766559703,4780.0,86.80553710644054,31.113417084883658,7.15017376795487,21.740318678216997,41.42033895934062,61.955905083737655,67.011166322277,63.02659659147791,91.21300792935848,62.57853533846381,27.99770987457189,81.38560610419363,91.29923880305992,52.177424503970975,31.535474146921324,49.10423046058087,72.0,271.0,4.255808295088931,71.55057343585992,1.988241068370245,4.474207635618573,7.847490428181065,63.52464243118294,8856.0,68.0593433737615,34.913960038970146,11.563011913472954,11.423103240848068,62.66783018343679,59.00615494415582,43.67097232794053,81.04275773267585,86.44120564494789,79.40722826459879,47.82432858630713,39.743663294978646,74.53783410273871,79.120969365077,22.280652706307784,49.961509623159714,186.0,270.0,343.0
Malindi,Malindi,2025-09-01 23:22:43.086192,180,31,148,0.9363022739007668,89.07522703901594,2.7210091994958128,8.259780151041756,6.595175148047094,70.58086229844996,7571,68.75033206228481,17.800506214062416,21.07963758294531,31.858086214558494,51.114065208074194,71.12351999641983,69.85236739060369,48.79857553073424,54.92149859161819,46.796627205072205,72.69095399169797,68.23533462804987,48.04374115928205,75.99761559891019,40.23597445087562,32.114414190270736,9,2025,24.0,206.0,4.319320463132488,78.29092686006,4.598647957126214,5.1557097549289415,7.144905647008093,73.47501217910298,9918.0,48.49792778682401,40.52800677469518,5.726144507229396,13.792335269650035,46.38739696133088,58.21520215169644,34.61834401590762,79.67475214766435,41.95990727596975,65.2278502732524,53.637608244728646,72.36286259208566,59.31504856700508,61.02754784333475,28.090675917928596,68.84183102486026,31.0,155.0,2.357540492543853,87.82026855824141,1.5063660455589196,9.439925165827862,1.1004240676774206,71.77414559017717,2777.0,74.74502635848955,31.927580554243736,16.430342443995023,14.868138363771571,45.53908701817605,49.13576608150596,63.96769848492241,61.23363384441498,81.45789072766632,44.34145020419892,49.71202360242484,48.8049181433266,72.45002612941619,49.16546182363081,17.09873590801049,67.64739965211064,39.0,231.0,3.0974479638379524,84.57744354776919,2.4065771273324943,7.553197643068114,1.654017107243584,76.20821766559703,4780.0,86.80553710644054,31.113417084883658,7.15017376795487,21.740318678216997,41.42033895934062,61.955905083737655,67.011166322277,63.02659659147791,91.21300792935848,62.57853533846381,27.99770987457189,81.38560610419363,91.29923880305992,52.177424503970975,31.535474146921324,49.10423046058087,230.0,186.0,270.0
Malindi,Malindi,2025-10-01 23:22:43.086192,165,29,136,1.357166246204026,81.95649639980782,4.169926382731642,9.650972859265313,1.024902733532821,65.87455108577042,7647,58.66112958211697,27.859510096131984,9.165304997461217,27.499625522222384,53.42651839265898,30.65853113473476,32.404620342612084,50.16352351484135,93.73176877356867,85.51629576089714,67.13309710214617,47.427693652292525,46.1593327291101,32.061853679362656,10.96681216169086,30.56628627187592,10,2025,31.0,148.0,0.9363022739007668,89.07522703901594,2.7210091994958128,8.259780151041756,6.595175148047094,70.58086229844996,7571.0,68.75033206228481,17.800506214062416,21.07963758294531,31.858086214558494,51.114065208074194,71.12351999641983,69.85236739060369,48.79857553073424,54.92149859161819,46.796627205072205,72.69095399169797,68.23533462804987,48.04374115928205,75.99761559891019,40.23597445087562,32.114414190270736,24.0,206.0,4.319320463132488,78.29092686006,4.598647957126214,5.1557097549289415,7.144905647008093,73.47501217910298,9918.0,48.49792778682401,40.52800677469518,5.726144507229396,13.792335269650035,46.38739696133088,58.21520215169644,34.61834401590762,79.67475214766435,41.95990727596975,65.2278502732524,53.637608244728646,72.36286259208566,59.31504856700508,61.02754784333475,28.090675917928596,68.84183102486026,31.0,155.0,2.357540492543853,87.82026855824141,1.5063660455589196,9.439925165827862,1.1004240676774206,71.77414559017717,2777.0,74.74502635848955,31.927580554243736,16.430342443995023,14.868138363771571,45.53908701817605,49.13576608150596,63.96769848492241,61.23363384441498,81.45789072766632,44.34145020419892,49.71202360242484,48.8049181433266,72.45002612941619,49.16546182363081,17.09873590801049,67.64739965211064,180.0,230.0,186.0
Malindi,Malindi,2025-11-01 23:22:43.086192,232,44,188,3.14085227225738,76.01827749529654,1.2221098113099609,9.033462468188745,1.0992071333781384,78.38695226861066,10523,42.87719191835304,44.02951968037591,13.91273920580309,26.27095742384145,61.59357213587608,39.73380446692624,63.91403364531816,48.34867273049516,64.76599523281499,36.022840319034344,54.334802008701104,46.25745922839626,71.121089040077,28.26918633559005,48.71559865622007,49.80206725781835,11,2025,29.0,136.0,1.357166246204026,81.95649639980782,4.169926382731642,9.650972859265313,1.024902733532821,65.87455108577042,7647.0,58.66112958211697,27.859510096131984,9.165304997461217,27.499625522222384,53.42651839265898,30.65853113473476,32.404620342612084,50.16352351484135,93.73176877356867,85.51629576089714,67.13309710214617,47.427693652292525,46.1593327291101,32.061853679362656,10.96681216169086,30.56628627187592,31.0,148.0,0.9363022739007668,89.07522703901594,2.7210091994958128,8.259780151041756,6.595175148047094,70.58086229844996,7571.0,68.75033206228481,17.800506214062416,21.07963758294531,31.858086214558494,51.114065208074194,71.12351999641983,69.85236739060369,48.79857553073424,54.92149859161819,46.796627205072205,72.69095399169797,68.23533462804987,48.04374115928205,75.99761559891019,40.23597445087562,32.114414190270736,24.0,206.0,4.319320463132488,78.29092686006,4.598647957126214,5.1557097549289415,7.144905647008093,73.47501217910298,9918.0,48.49792778682401,40.52800677469518,5.726144507229396,13.792335269650035,46.38739696133088,58.21520215169644,34.61834401590762,79.67475214766435,41.95990727596975,65.2278502732524,53.637608244728646,72.36286259208566,59.31504856700508,61.02754784333475,28.090675917928596,68.84183102486026,165.0,180.0,230.0
Malindi,Malindi,2025-12-01 23:22:43.086192,277,40,237,4.818116421452918,89.62037257868393,2.311636286207848,5.9088815817385605,5.732538277236715,62.15304143318431,7985,72.26593517656107,27.430413571822285,18.455648582965352,32.03227293871028,65.46147674640505,75.44968788993704,77.35058101813462,70.08181187263474,46.86917194129378,92.96905479464786,54.78848386032879,52.0535665159282,77.54807530980219,58.22784162795616,55.73090317225986,81.2847407913362,12,2025,44.0,188.0,3.14085227225738,76.01827749529654,1.2221098113099609,9.033462468188745,1.0992071333781384,78.38695226861066,10523.0,42.87719191835304,44.02951968037591,13.91273920580309,26.27095742384145,61.59357213587608,39.73380446692624,63.91403364531816,48.34867273049516,64.76599523281499,36.022840319034344,54.334802008701104,46.25745922839626,71.121089040077,28.26918633559005,48.71559865622007,49.80206725781835,29.0,136.0,1.357166246204026,81.95649639980782,4.169926382731642,9.650972859265313,1.024902733532821,65.87455108577042,7647.0,58.66112958211697,27.859510096131984,9.165304997461217,27.499625522222384,53.42651839265898,30.65853113473476,32.404620342612084,50.16352351484135,93.73176877356867,85.51629576089714,67.13309710214617,47.427693652292525,46.1593327291101,32.061853679362656,10.96681216169086,30.56628627187592,31.0,148.0,0.9363022739007668,89.07522703901594,2.7210091994958128,8.259780151041756,6.595175148047094,70.58086229844996,7571.0,68.75033206228481,17.800506214062416,21.07963758294531,31.858086214558494,51.114065208074194,71.12351999641983,69.85236739060369,48.79857553073424,54.92149859161819,46.796627205072205,72.69095399169797,68.23533462804987,48.04374115928205,75.99761559891019,40.23597445087562,32.114414190270736,232.0,165.0,180.0
Malindi,Malindi,2026-01-01 23:22:43.086192,323,69,254,0.5392876916763214,94.39763417877626,1.1821067607968527,8.08336519418334,1.81297616316266,43.61025507024068,9572,85.91389961631106,44.98992712138556,20.188918321673867,15.530313387280568,22.419792552683514,43.44214102438092,31.293354072834774,46.74506455222086,50.433195092503865,42.74944224713456,75.47648934548104,87.58802337530172,69.18523282238215,66.76092930841968,68.90684982435955,38.10038172170022,1,2026,40.0,237.0,4.818116421452918,89.62037257868393,2.311636286207848,5.9088815817385605,5.732538277236715,62.15304143318431,7985.0,72.26593517656107,27.430413571822285,18.455648582965352,32.03227293871028,65.46147674640505,75.44968788993704,77.35058101813462,70.08181187263474,46.86917194129378,92.96905479464786,54.78848386032879,52.0535665159282,77.54807530980219,58.22784162795616,55.73090317225986,81.2847407913362,44.0,188.0,3.14085227225738,76.01827749529654,1.2221098113099609,9.033462468188745,1.0992071333781384,78.38695226861066,10523.0,42.87719191835304,44.02951968037591,13.91273920580309,26.27095742384145,61.59357213587608,39.73380446692624,63.91403364531816,48.34867273049516,64.76599523281499,36.022840319034344,54.334802008701104,46.25745922839626,71.121089040077,28.26918633559005,48.71559865622007,49.80206725781835,29.0,136.0,1.357166246204026,81.95649639980782,4.169926382731642,9.650972859265313,1.024902733532821,65.87455108577042,7647.0,58.66112958211697,27.859510096131984,9.165304997461217,27.499625522222384,53.42651839265898,30.65853113473476,32.404620342612084,50.16352351484135,93.73176877356867,85.51629576089714,67.13309710214617,47.427693652292525,46.1593327291101,32.061853679362656,10.96681216169086,30.56628627187592,277.0,232.0,165.0
Malindi,Malindi,2026-02-01 23:22:43.086192,354,43,311,1.8528589404110396,83.6751512923122,2.778569325751143,4.650831711397148,7.2814122918632,84.73493995488462,12878,57.37163656899877,44.82312345236947,8.858288000981549,26.0710537325478,67.86921429600798,54.69040674089304,39.55147307360552,60.69385547593328,76.68536204405424,87.78944955037677,83.70385703708064,64.28597588950134,83.36029367075216,58.24762468422541,59.283921936722216,34.85798521692773,2,2026,69.0,254.0,0.5392876916763214,94.39763417877626,1.1821067607968527,8.08336519418334,1.81297616316266,43.61025507024068,9572.0,85.91389961631106,44.98992712138556,20.188918321673867,15.530313387280568,22.419792552683514,43.44214102438092,31.293354072834774,46.74506455222086,50.433195092503865,42.74944224713456,75.47648934548104,87.58802337530172,69.18523282238215,66.76092930841968,68.90684982435955,38.10038172170022,40.0,237.0,4.818116421452918,89.62037257868393,2.311636286207848,5.9088815817385605,5.732538277236715,62.15304143318431,7985.0,72.26593517656107,27.430413571822285,18.455648582965352,32.03227293871028,65.46147674640505,75.44968788993704,77.35058101813462,70.08181187263474,46.86917194129378,92.96905479464786,54.78848386032879,52.0535665159282,77.54807530980219,58.22784162795616,55.73090317225986,81.2847407913362,44.0,188.0,3.14085227225738,76.01827749529654,1.2221098113099609,9.033462468188745,1.0992071333781384,78.38695226861066,10523.0,42.87719191835304,44.02951968037591,13.91273920580309,26.27095742384145,61.59357213587608,39.73380446692624,63.91403364531816,48.34867273049516,64.76599523281499,36.022840319034344,54.334802008701104,46.25745922839626,71.121089040077,28.26918633559005,48.71559865622007,49.80206725781835,323.0,277.0,232.0
Kitale,Matayos,2025-06-01 23:22:43.086192,178,37,141,1.8066383305080211,80.65012106002777,3.969983516294843,6.793262815047251,2.35909592614711,74.35260711179438,5442,66.16762121757009,34.29345474888211,14.173911667912314,25.812829418264315,50.42822312958056,36.341887690801926,83.0380984073385,58.32274061443357,97.20488171956774,46.398400062851806,38.02588233526076,59.45415655162837,83.7777707832405,67.12573935664624,67.105696461298,76.37463358022941,6,2025,21.0,134.0,1.997028293723513,89.56402257636782,2.6306773543092854,8.563333209018701,2.8280123229500385,69.73661704656764,12292.0,64.12125835397543,19.67608038003152,13.778370435751356,25.224837379014748,37.24850600033439,43.58811290749871,58.07764273935621,82.05360016983661,51.07517477693002,60.9991417916628,42.35370022503172,63.29240443241162,46.22132959765355,49.40268177774897,68.73325314566206,80.45893184058194,36.0,155.0,4.768197078417898,82.71149206991939,2.871691316059337,5.898903830429645,4.674228602563711,67.76076818598493,13128.0,35.38652413317335,23.037063290107348,15.481697311710432,33.01697116553487,50.0853194205273,79.03066330914469,38.32500657121591,87.34263704202019,45.79616885482177,46.40358735943471,61.75143120165184,56.43440953600786,95.02577488735,60.038969266042216,27.02326619462728,70.39350007026027,33.0,159.0,1.9655683227967329,86.14864242782502,1.5233957854705418,9.957644025999766,5.064681984984866,51.81803006466532,8590.0,39.549178721586905,36.19702252758916,5.714348178234201,31.375905634299137,60.08336481622442,25.545303349636967,40.646616833201946,89.68480474822985,88.30103349334016,57.61550033858951,27.27540170439451,33.278177578509975,55.86641316458666,32.68626591911402,50.36192550742436,30.466687755626243,155.0,192.0,192.0
Kitale,Matayos,2025-07-01 23:22:43.086192,125,16,109,4.474486708873863,76.4552304174489,1.2752892613648492,5.454278861988051,6.554215085087797,69.56524696824485,11647,79.92785365870505,29.23210793590482,22.3362852509259,33.5711463164817,34.07278325616794,60.58745279741934,36.98759115477345,41.11474334283068,42.74179803680304,63.63984394005137,63.08068035365983,40.10715705370214,65.63734247057712,25.89901212639194,11.660962467102234,80.04065934053332,7,2025,37.0,141.0,1.8066383305080211,80.65012106002777,3.969983516294843,6.793262815047251,2.35909592614711,74.35260711179438,5442.0,66.16762121757009,34.29345474888211,14.173911667912314,25.812829418264315,50.42822312958056,36.341887690801926,83.0380984073385,58.32274061443357,97.20488171956774,46.398400062851806,38.02588233526076,59.45415655162837,83.7777707832405,67.12573935664624,67.105696461298,76.37463358022941,21.0,134.0,1.997028293723513,89.56402257636782,2.6306773543092854,8.563333209018701,2.8280123229500385,69.73661704656764,12292.0,64.12125835397543,19.67608038003152,13.778370435751356,25.224837379014748,37.24850600033439,43.58811290749871,58.07764273935621,82.05360016983661,51.07517477693002,60.9991417916628,42.35370022503172,63.29240443241162,46.22132959765355,49.40268177774897,68.73325314566206,80.45893184058194,36.0,155.0,4.768197078417898,82.71149206991939,2.871691316059337,5.898903830429645,4.674228602563711,67.76076818598493,13128.0,35.38652413317335,23.037063290107348,15.481697311710432,33.01697116553487,50.0853194205273,79.03066330914469,38.32500657121591,87.34263704202019,45.79616885482177,46.40358735943471,61.75143120165184,56.43440953600786,95.02577488735,60.038969266042216,27.02326619462728,70.39350007026027,178.0,155.0,192.0
Kitale,Matayos,2025-08-01 23:22:43.086192,126,25,101,1.1932293482037746,94.986761964232,3.611261995921802,3.4721702332562634,5.235089098326824,44.193108424767765,4829,44.97812254682095,23.92471254847761,22.208674539319247,13.292567246667522,26.956116740355363,41.859206299226926,52.3734552943656,47.24487756517369,85.68281312898671,79.84788485964974,74.0045977569106,64.37699322375131,56.19912256237408,73.56099412716507,54.527899310258064,82.43587723593298,8,2025,16.0,109.0,4.474486708873863,76.4552304174489,1.2752892613648492,5.454278861988051,6.554215085087797,69.56524696824485,11647.0,79.92785365870505,29.23210793590482,22.3362852509259,33.5711463164817,34.07278325616794,60.58745279741934,36.98759115477345,41.11474334283068,42.74179803680304,63.63984394005137,63.08068035365983,40.10715705370214,65.63734247057712,25.89901212639194,11.660962467102234,80.04065934053332,37.0,141.0,1.8066383305080211,80.65012106002777,3.969983516294843,6.793262815047251,2.35909592614711,74.35260711179438,5442.0,66.16762121757009,34.29345474888211,14.173911667912314,25.812829418264315,50.42822312958056,36.341887690801926,83.0380984073385,58.32274061443357,97.20488171956774,46.398400062851806,38.02588233526076,59.45415655162837,83.7777707832405,67.12573935664624,67.105696461298,76.37463358022941,21.0,134.0,1.997028293723513,89.56402257636782,2.6306773543092854,8.563333209018701,2.8280123229500385,69.73661704656764,12292.0,64.12125835397543,19.67608038003152,13.778370435751356,25.224837379014748,37.24850600033439,43.58811290749871,58.07764273935621,82.05360016983661,51.07517477693002,60.9991417916628,42.35370022503172,63.29240443241162,46.22132959765355,49.40268177774897,68.73325314566206,80.45893184058194,125.0,178.0,155.0
Kitale,Matayos,2025-09-01 23:22:43.086192,110,17,93,3.9225574808226034,89.43634503486274,2.238906482524813,3.165892445907871,7.893719617679322,83.71617382393558,13854,34.868046211865455,31.0352895627986,8.635309375995988,31.032212348924844,50.781265423652286,66.24379685735525,57.6593155880974,62.73835795108658,93.73908445388594,72.83147762136295,64.93184064293857,62.574958970987794,69.54043548488885,36.70844363593889,38.67232797381671,55.71743948548925,9,2025,25.0,101.0,1.1932293482037746,94.986761964232,3.611261995921802,3.4721702332562634,5.235089098326824,44.193108424767765,4829.0,44.97812254682095,23.92471254847761,22.208674539319247,13.292567246667522,26.956116740355363,41.859206299226926,52.3734552943656,47.24487756517369,85.68281312898671,79.84788485964974,74.0045977569106,64.37699322375131,56.19912256237408,73.56099412716507,54.527899310258064,82.43587723593298,16.0,109.0,4.474486708873863,76.4552304174489,1.2752892613648492,5.454278861988051,6.554215085087797,69.56524696824485,11647.0,79.92785365870505,29.23210793590482,22.3362852509259,33.5711463164817,34.07278325616794,60.58745279741934,36.98759115477345,41.11474334283068,42.74179803680304,63.63984394005137,63.08068035365983,40.10715705370214,65.63734247057712,25.89901212639194,11.660962467102234,80.04065934053332,37.0,141.0,1.8066383305080211,80.65012106002777,3.969983516294843,6.793262815047251,2.35909592614711,74.35260711179438,5442.0,66.16762121757009,34.29345474888211,14.173911667912314,25.812829418264315,50.42822312958056,36.341887690801926,83.0380984073385,58.32274061443357,97.20488171956774,46.398400062851806,38.02588233526076,59.45415655162837,83.7777707832405,67.12573935664624,67.105696461298,76.37463358022941,126.0,125.0,178.0
Kitale,Matayos,2025-10-01 23:22:43.086192,117,27,90,2.663922329106419,84.43330359611173,2.63657275483981,8.234357330357037,4.792247415169465,76.63197889456575,13639,36.54464013096184,28.59792936799667,13.301910325751576,17.15111476303026,42.39030438146949,36.34102549968876,64.7079870596447,60.70509302890446,55.45279454799808,70.98755915831397,72.9539188886504,32.355645177311004,46.21140218989008,50.75982934450549,26.323758281115907,66.08627003770485,10,2025,17.0,93.0,3.9225574808226034,89.43634503486274,2.238906482524813,3.165892445907871,7.893719617679322,83.71617382393558,13854.0,34.868046211865455,31.0352895627986,8.635309375995988,31.032212348924844,50.781265423652286,66.24379685735525,57.6593155880974,62.73835795108658,93.73908445388594,72.83147762136295,64.93184064293857,62.574958970987794,69.54043548488885,36.70844363593889,38.67232797381671,55.71743948548925,25.0,101.0,1.1932293482037746,94.986761964232,3.611261995921802,3.4721702332562634,5.235089098326824,44.193108424767765,4829.0,44.97812254682095,23.92471254847761,22.208674539319247,13.292567246667522,26.956116740355363,41.859206299226926,52.3734552943656,47.24487756517369,85.68281312898671,79.84788485964974,74.0045977569106,64.37699322375131,56.19912256237408,73.56099412716507,54.527899310258064,82.43587723593298,16.0,109.0,4.474486708873863,76.4552304174489,1.2752892613648492,5.454278861988051,6.554215085087797,69.56524696824485,11647.0,79.92785365870505,29.23210793590482,22.3362852509259,33.5711463164817,34.07278325616794,60.58745279741934,36.98759115477345,41.11474334283068,42.74179803680304,63.63984394005137,63.08068035365983,40.10715705370214,65.63734247057712,25.89901212639194,11.660962467102234,80.04065934053332,110.0,126.0,125.0
Kitale,Matayos,2025-11-01 23:22:43.086192,145,22,122,2.1116438221967653,72.83169916794597,2.171099081668768,4.119017486388417,2.948465614807432,80.23567343150322,9989,61.029911522397896,31.337109959443303,13.951207074055723,31.69184470721802,69.63456995008147,77.42152413157238,66.01440881772831,84.74166622209503,76.68798135410118,57.23889288647425,46.80410630521608,66.58874627411467,51.96600607286952,22.3378317426092,26.77776957878373,60.26960196471963,11,2025,27.0,90.0,2.663922329106419,84.43330359611173,2.63657275483981,8.234357330357037,4.792247415169465,76.63197889456575,13639.0,36.54464013096184,28.59792936799667,13.301910325751576,17.15111476303026,42.39030438146949,36.34102549968876,64.7079870596447,60.70509302890446,55.45279454799808,70.98755915831397,72.9539188886504,32.355645177311004,46.21140218989008,50.75982934450549,26.323758281115907,66.08627003770485,17.0,93.0,3.9225574808226034,89.43634503486274,2.238906482524813,3.165892445907871,7.893719617679322,83.71617382393558,13854.0,34.868046211865455,31.0352895627986,8.635309375995988,31.032212348924844,50.781265423652286,66.24379685735525,57.6593155880974,62.73835795108658,93.73908445388594,72.83147762136295,64.93184064293857,62.574958970987794,69.54043548488885,36.70844363593889,38.67232797381671,55.71743948548925,25.0,101.0,1.1932293482037746,94.986761964232,3.611261995921802,3.4721702332562634,5.235089098326824,44.193108424767765,4829.0,44.97812254682095,23.92471254847761,22.208674539319247,13.292567246667522,26.956116740355363,41.859206299226926,52.3734552943656,47.24487756517369,85.68281312898671,79.84788485964974,74.0045977569106,64.37699322375131,56.19912256237408,73.56099412716507,54.527899310258064,82.43587723593298,117.0,110.0,126.0
Kitale,Matayos,2025-12-01 23:22:43.086192,170,20,150,1.3135968862727283,70.70605156585479,2.4964343967845823,3.467709249474858,2.621617821096142,62.39541426883118,6069,71.5306532037111,35.60561071283814,16.96592538288617,31.708532233220254,60.156418581971,55.512476668416014,33.41773310866553,65.56758763686749,55.561442926577385,63.014591904652185,62.661091739089336,84.47545969375929,85.36548789681173,64.40491868196705,19.970923791930822,43.79435085959129,12,2025,22.0,122.0,2.1116438221967653,72.83169916794597,2.171099081668768,4.119017486388417,2.948465614807432,80.23567343150322,9989.0,61.029911522397896,31.337109959443303,13.951207074055723,31.69184470721802,69.63456995008147,77.42152413157238,66.01440881772831,84.74166622209503,76.68798135410118,57.23889288647425,46.80410630521608,66.58874627411467,51.96600607286952,22.3378317426092,26.77776957878373,60.26960196471963,27.0,90.0,2.663922329106419,84.43330359611173,2.63657275483981,8.234357330357037,4.792247415169465,76.63197889456575,13639.0,36.54464013096184,28.59792936799667,13.301910325751576,17.15111476303026,42.39030438146949,36.34102549968876,64.7079870596447,60.70509302890446,55.45279454799808,70.98755915831397,72.9539188886504,32.355645177311004,46.21140218989008,50.75982934450549,26.323758281115907,66.08627003770485,17.0,93.0,3.9225574808226034,89.43634503486274,2.238906482524813,3.165892445907871,7.893719617679322,83.71617382393558,13854.0,34.868046211865455,31.0352895627986,8.635309375995988,31.032212348924844,50.781265423652286,66.24379685735525,57.6593155880974,62.73835795108658,93.73908445388594,72.83147762136295,64.93184064293857,62.574958970987794,69.54043548488885,36.70844363593889,38.67232797381671,55.71743948548925,145.0,117.0,110.0
Kitale,Matayos,2026-01-01 23:22:43.086192,193,45,147,0.8436400104905305,79.26390026281743,4.496685996792598,7.104149505367101,5.437748512630572,74.44453384814814,14091,37.888758745350806,25.15964063886445,10.2675060945294,20.55921174487852,69.36806028887221,44.84253478327567,74.26467889902494,50.85523724916602,96.4594551891399,94.037535899399,50.74007869733427,68.7538322155827,69.52617921712746,21.856349630896283,49.52661664367625,58.67416673717254,1,2026,20.0,150.0,1.3135968862727283,70.70605156585479,2.4964343967845823,3.467709249474858,2.621617821096142,62.39541426883118,6069.0,71.5306532037111,35.60561071283814,16.96592538288617,31.708532233220254,60.156418581971,55.512476668416014,33.41773310866553,65.56758763686749,55.561442926577385,63.014591904652185,62.661091739089336,84.47545969375929,85.36548789681173,64.40491868196705,19.970923791930822,43.79435085959129,22.0,122.0,2.1116438221967653,72.83169916794597,2.171099081668768,4.119017486388417,2.948465614807432,80.23567343150322,9989.0,61.029911522397896,31.337109959443303,13.951207074055723,31.69184470721802,69.63456995008147,77.42152413157238,66.01440881772831,84.74166622209503,76.68798135410118,57.23889288647425,46.80410630521608,66.58874627411467,51.96600607286952,22.3378317426092,26.77776957878373,60.26960196471963,27.0,90.0,2.663922329106419,84.43330359611173,2.63657275483981,8.234357330357037,4.792247415169465,76.63197889456575,13639.0,36.54464013096184,28.59792936799667,13.301910325751576,17.15111476303026,42.39030438146949,36.34102549968876,64.7079870596447,60.70509302890446,55.45279454799808,70.98755915831397,72.9539188886504,32.355645177311004,46.21140218989008,50.75982934450549,26.323758281115907,66.08627003770485,170.0,145.0,117.0
Kitale,Matayos,2026-02-01 23:22:43.086192,210,44,165,3.765194431515951,94.8242599011546,4.067507152480573,6.39586149416537,6.653216008362816,46.85931484669422,13851,62.74500208204649,37.01636360594858,18.335162504363307,22.337915471550005,59.40533298042121,65.05364665725648,42.85786038876297,70.1530751043505,59.58386029917793,84.20741036902271,52.1633998652956,64.66036832626969,96.4933015565153,66.48003127402781,11.11066434988431,59.00826569390449,2,2026,45.0,147.0,0.8436400104905305,79.26390026281743,4.496685996792598,7.104149505367101,5.437748512630572,74.44453384814814,14091.0,37.888758745350806,25.15964063886445,10.2675060945294,20.55921174487852,69.36806028887221,44.84253478327567,74.26467889902494,50.85523724916602,96.4594551891399,94.037535899399,50.74007869733427,68.7538322155827,69.52617921712746,21.856349630896283,49.52661664367625,58.67416673717254,20.0,150.0,1.3135968862727283,70.70605156585479,2.4964343967845823,3.467709249474858,2.621617821096142,62.39541426883118,6069.0,71.5306532037111,35.60561071283814,16.96592538288617,31.708532233220254,60.156418581971,55.512476668416014,33.41773310866553,65.56758763686749,55.561442926577385,63.014591904652185,62.661091739089336,84.47545969375929,85.36548789681173,64.40491868196705,19.970923791930822,43.79435085959129,22.0,122.0,2.1116438221967653,72.83169916794597,2.171099081668768,4.119017486388417,2.948465614807432,80.23567343150322,9989.0,61.029911522397896,31.337109959443303,13.951207074055723,31.69184470721802,69.63456995008147,77.42152413157238,66.01440881772831,84.74166622209503,76.68798135410118,57.23889288647425,46.80410630521608,66.58874627411467,51.96600607286952,22.3378317426092,26.77776957878373,60.26960196471963,193.0,170.0,145.0
Eldoret,Moiben,2025-06-01 23:22:43.086192,183,34,148,1.989155265225236,85.91713823802817,4.681090849082824,4.591436732254248,3.907422608516712,55.18106276536355,13579,67.41375879480108,36.88308751588329,18.111045884815145,34.73064754581904,60.92250896857064,32.22066299431781,72.27285747895758,66.57132909453958,50.4420116874227,56.57648993656534,35.4351326766044,51.298841477428525,79.95025983275134,43.2091922697884,42.967409918687885,81.90231443357288,6,2025,37.0,163.0,1.2617390153980128,70.20451923140413,4.892825129671101,7.446460628949004,4.484294608144268,68.16225846135877,2752.0,53.12313162732728,16.125407036199285,15.835911615558611,27.906200744336303,32.79619000757572,39.9052192514134,81.3858507567582,77.41426152310495,60.37823089083612,41.581853584172514,28.92427450433676,52.76563450057505,83.61006532855934,28.841121123067985,11.27664914125812,82.459225992417,38.0,175.0,1.8975816091770303,82.45690205673102,2.739103972333905,6.022454844886928,4.774216387225233,56.8669778293077,11148.0,41.7572811531234,29.06059342267128,6.239476377620337,26.70970538861873,31.0395115907644,47.068821426114106,31.288653927813236,55.67334643177418,90.7568546327634,75.51456732300758,30.03512670062211,86.06331228472712,73.33054520146638,35.063468005185,13.569244048239216,54.72893792873941,42.0,150.0,0.688472890440047,92.43289250695322,1.1190518020848388,8.625772783452454,4.527683080134741,71.18859794074054,7403.0,86.36470880164296,25.86880356429335,6.504118195998068,10.046535554130198,49.82270913516402,55.80641327700353,66.33944274336264,47.24265317849194,58.68912838606471,51.59201702167612,43.20744203803186,44.29266152185476,85.02150339871727,61.35897844905572,39.17325303862895,47.6395654853891,200.0,214.0,192.0
Eldoret,Moiben,2025-07-01 23:22:43.086192,144,23,121,4.405963836751117,94.8039816839214,3.634819956087292,6.968713144217934,6.9923894434916845,68.01517256910992,9070,33.894380134279146,38.675575465898106,24.64828565435111,13.356478557831316,68.65756472452333,30.54584493969384,73.97834123680093,66.31549900283002,66.62433928794006,62.30409384172317,59.10626361082523,84.34328900572169,67.32117164726026,72.2034433756971,41.417381085456434,72.33901537361604,7,2025,34.0,148.0,1.989155265225236,85.91713823802817,4.681090849082824,4.591436732254248,3.907422608516712,55.18106276536355,13579.0,67.41375879480108,36.88308751588329,18.111045884815145,34.73064754581904,60.92250896857064,32.22066299431781,72.27285747895758,66.57132909453958,50.4420116874227,56.57648993656534,35.4351326766044,51.298841477428525,79.95025983275134,43.2091922697884,42.967409918687885,81.90231443357288,37.0,163.0,1.2617390153980128,70.20451923140413,4.892825129671101,7.446460628949004,4.484294608144268,68.16225846135877,2752.0,53.12313162732728,16.125407036199285,15.835911615558611,27.906200744336303,32.79619000757572,39.9052192514134,81.3858507567582,77.41426152310495,60.37823089083612,41.581853584172514,28.92427450433676,52.76563450057505,83.61006532855934,28.841121123067985,11.27664914125812,82.459225992417,38.0,175.0,1.8975816091770303,82.45690205673102,2.739103972333905,6.022454844886928,4.774216387225233,56.8669778293077,11148.0,41.7572811531234,29.06059342267128,6.239476377620337,26.70970538861873,31.0395115907644,47.068821426114106,31.288653927813236,55.67334643177418,90.7568546327634,75.51456732300758,30.03512670062211,86.06331228472712,73.33054520146638,35.063468005185,13.569244048239216,54.72893792873941,183.0,200.0,214.0
Eldoret,Moiben,2025-08-01 23:22:43.086192,134,21,113,2.45451488273856,77.75624788323807,2.013421770139872,2.208990895520361,3.215515619899011,54.523560547554425,13645,64.58448877087974,21.507944619167997,19.65891066061155,17.485487724536753,39.186955027634205,43.85547461467935,33.55286427956938,55.65338279976719,91.48975673643938,51.55641675676745,78.53673704566194,84.3615968272802,56.60530786289504,20.52245343615253,25.08412321129039,67.968547528774,8,2025,23.0,121.0,4.405963836751117,94.8039816839214,3.634819956087292,6.968713144217934,6.9923894434916845,68.01517256910992,9070.0,33.894380134279146,38.675575465898106,24.64828565435111,13.356478557831316,68.65756472452333,30.54584493969384,73.97834123680093,66.31549900283002,66.62433928794006,62.30409384172317,59.10626361082523,84.34328900572169,67.32117164726026,72.2034433756971,41.417381085456434,72.33901537361604,34.0,148.0,1.989155265225236,85.91713823802817,4.681090849082824,4.591436732254248,3.907422608516712,55.18106276536355,13579.0,67.41375879480108,36.88308751588329,18.111045884815145,34.73064754581904,60.92250896857064,32.22066299431781,72.27285747895758,66.57132909453958,50.4420116874227,56.57648993656534,35.4351326766044,51.298841477428525,79.95025983275134,43.2091922697884,42.967409918687885,81.90231443357288,37.0,163.0,1.2617390153980128,70.20451923140413,4.892825129671101,7.446460628949004,4.484294608144268,68.16225846135877,2752.0,53.12313162732728,16.125407036199285,15.835911615558611,27.906200744336303,32.79619000757572,39.9052192514134,81.3858507567582,77.41426152310495,60.37823089083612,41.581853584172514,28.92427450433676,52.76563450057505,83.61006532855934,28.841121123067985,11.27664914125812,82.459225992417,144.0,183.0,200.0
Eldoret,Moiben,2025-09-01 23:22:43.086192,125,21,104,4.966249804857118,75.69455521883691,3.093263211722564,3.5337903287498884,4.17372101424165,53.0777455937157,5702,42.61123622576627,44.546883428732045,15.059914486199547,10.996766367980056,69.7681771647951,42.916809254176485,38.99476897314663,86.56496080275464,88.19091846547057,88.52612046923738,76.39142264376666,64.25891841838747,85.38677644567835,54.25057488915158,15.73673490408752,58.22044089821861,9,2025,21.0,113.0,2.45451488273856,77.75624788323807,2.013421770139872,2.208990895520361,3.215515619899011,54.523560547554425,13645.0,64.58448877087974,21.507944619167997,19.65891066061155,17.485487724536753,39.186955027634205,43.85547461467935,33.55286427956938,55.65338279976719,91.48975673643938,51.55641675676745,78.53673704566194,84.3615968272802,56.60530786289504,20.52245343615253,25.08412321129039,67.968547528774,23.0,121.0,4.405963836751117,94.8039816839214,3.634819956087292,6.968713144217934,6.9923894434916845,68.01517256910992,9070.0,33.894380134279146,38.675575465898106,24.64828565435111,13.356478557831316,68.65756472452333,30.54584493969384,73.97834123680093,66.31549900283002,66.62433928794006,62.30409384172317,59.10626361082523,84.34328900572169,67.32117164726026,72.2034433756971,41.417381085456434,72.33901537361604,34.0,148.0,1.989155265225236,85.91713823802817,4.681090849082824,4.591436732254248,3.907422608516712,55.18106276536355,13579.0,67.41375879480108,36.88308751588329,18.111045884815145,34.73064754581904,60.92250896857064,32.22066299431781,72.27285747895758,66.57132909453958,50.4420116874227,56.57648993656534,35.4351326766044,51.298841477428525,79.95025983275134,43.2091922697884,42.967409918687885,81.90231443357288,134.0,144.0,183.0
Eldoret,Moiben,2025-10-01 23:22:43.086192,115,20,94,3.864152685780667,91.15923154026152,2.2856341731893224,7.806258626940346,7.306028135567146,81.58681488292744,13444,36.94868842662174,18.43965222057227,24.81066800269031,21.99756401008896,35.58453796738984,50.95252036419676,80.46102263210996,69.5509249897132,65.1028722757049,65.0610777364307,29.5306215083559,65.36020244034825,76.69579978639993,23.73159742497283,38.94893232548058,49.947274920094365,10,2025,21.0,104.0,4.966249804857118,75.69455521883691,3.093263211722564,3.5337903287498884,4.17372101424165,53.0777455937157,5702.0,42.61123622576627,44.546883428732045,15.059914486199547,10.996766367980056,69.7681771647951,42.916809254176485,38.99476897314663,86.56496080275464,88.19091846547057,88.52612046923738,76.39142264376666,64.25891841838747,85.38677644567835,54.25057488915158,15.73673490408752,58.22044089821861,21.0,113.0,2.45451488273856,77.75624788323807,2.013421770139872,2.208990895520361,3.215515619899011,54.523560547554425,13645.0,64.58448877087974,21.507944619167997,19.65891066061155,17.485487724536753,39.186955027634205,43.85547461467935,33.55286427956938,55.65338279976719,91.48975673643938,51.55641675676745,78.53673704566194,84.3615968272802,56.60530786289504,20.52245343615253,25.08412321129039,67.968547528774,23.0,121.0,4.405963836751117,94.8039816839214,3.634819956087292,6.968713144217934,6.9923894434916845,68.01517256910992,9070.0,33.894380134279146,38.675575465898106,24.64828565435111,13.356478557831316,68.65756472452333,30.54584493969384,73.97834123680093,66.31549900283002,66.62433928794006,62.30409384172317,59.10626361082523,84.34328900572169,67.32117164726026,72.2034433756971,41.417381085456434,72.33901537361604,125.0,134.0,144.0
Eldoret,Moiben,2025-11-01 23:22:43.086192,156,26,129,0.8334648528753309,78.3218795168049,3.543268435453533,8.337375394843754,7.897236609380748,57.67660037331255,6838,84.89105293091342,15.325509143053592,20.47993831745508,31.195505691290144,40.50471059534337,71.14069599966302,60.77723856519739,59.041645498311865,43.2176480991175,85.15929016251879,46.8134254623044,53.17430187821103,90.78535767229523,42.74236091042707,16.53989448676092,73.05408027324428,11,2025,20.0,94.0,3.864152685780667,91.15923154026152,2.2856341731893224,7.806258626940346,7.306028135567146,81.58681488292744,13444.0,36.94868842662174,18.43965222057227,24.81066800269031,21.99756401008896,35.58453796738984,50.95252036419676,80.46102263210996,69.5509249897132,65.1028722757049,65.0610777364307,29.5306215083559,65.36020244034825,76.69579978639993,23.73159742497283,38.94893232548058,49.947274920094365,21.0,104.0,4.966249804857118,75.69455521883691,3.093263211722564,3.5337903287498884,4.17372101424165,53.0777455937157,5702.0,42.61123622576627,44.546883428732045,15.059914486199547,10.996766367980056,69.7681771647951,42.916809254176485,38.99476897314663,86.56496080275464,88.19091846547057,88.52612046923738,76.39142264376666,64.25891841838747,85.38677644567835,54.25057488915158,15.73673490408752,58.22044089821861,21.0,113.0,2.45451488273856,77.75624788323807,2.013421770139872,2.208990895520361,3.215515619899011,54.523560547554425,13645.0,64.58448877087974,21.507944619167997,19.65891066061155,17.485487724536753,39.186955027634205,43.85547461467935,33.55286427956938,55.65338279976719,91.48975673643938,51.55641675676745,78.53673704566194,84.3615968272802,56.60530786289504,20.52245343615253,25.08412321129039,67.968547528774,115.0,125.0,134.0
Eldoret,Moiben,2025-12-01 23:22:43.086192,176,23,153,1.4719990968355112,78.22172436677367,1.3221383714251465,2.8761748822537303,2.0676657378444325,50.84474193752105,10829,83.78405367576218,27.3011351331834,17.044277918064296,33.728292420516965,30.16911901124997,70.20962564051663,81.32332265771413,72.57482216132252,87.68210330073029,76.24343407846035,38.86574351157877,43.51115934812105,59.565789663198856,51.18201637405525,10.19592603748899,71.3762801047481,12,2025,26.0,129.0,0.8334648528753309,78.3218795168049,3.543268435453533,8.337375394843754,7.897236609380748,57.67660037331255,6838.0,84.89105293091342,15.325509143053592,20.47993831745508,31.195505691290144,40.50471059534337,71.14069599966302,60.77723856519739,59.041645498311865,43.2176480991175,85.15929016251879,46.8134254623044,53.17430187821103,90.78535767229523,42.74236091042707,16.53989448676092,73.05408027324428,20.0,94.0,3.864152685780667,91.15923154026152,2.2856341731893224,7.806258626940346,7.306028135567146,81.58681488292744,13444.0,36.94868842662174,18.43965222057227,24.81066800269031,21.99756401008896,35.58453796738984,50.95252036419676,80.46102263210996,69.5509249897132,65.1028722757049,65.0610777364307,29.5306215083559,65.36020244034825,76.69579978639993,23.73159742497283,38.94893232548058,49.947274920094365,21.0,104.0,4.966249804857118,75.69455521883691,3.093263211722564,3.5337903287498884,4.17372101424165,53.0777455937157,5702.0,42.61123622576627,44.546883428732045,15.059914486199547,10.996766367980056,69.7681771647951,42.916809254176485,38.99476897314663,86.56496080275464,88.19091846547057,88.52612046923738,76.39142264376666,64.25891841838747,85.38677644567835,54.25057488915158,15.73673490408752,58.22044089821861,156.0,115.0,125.0
Eldoret,Moiben,2026-01-01 23:22:43.086192,177,33,144,1.0139952573875113,92.81527422318273,4.271968363569016,4.44237111097084,4.2711998365636274,58.146003784839294,8821,43.90291615593392,34.90938852827102,23.13888416570887,13.195274104067463,55.32176085809968,62.776504306132026,71.78081862853966,89.22499896483359,61.19300696190579,44.5245647846669,37.06991981915991,32.440770534658974,68.67711747131084,74.51526352238794,40.505104358105285,66.37668180356678,1,2026,23.0,153.0,1.4719990968355112,78.22172436677367,1.3221383714251465,2.8761748822537303,2.0676657378444325,50.84474193752105,10829.0,83.78405367576218,27.3011351331834,17.044277918064296,33.728292420516965,30.16911901124997,70.20962564051663,81.32332265771413,72.57482216132252,87.68210330073029,76.24343407846035,38.86574351157877,43.51115934812105,59.565789663198856,51.18201637405525,10.19592603748899,71.3762801047481,26.0,129.0,0.8334648528753309,78.3218795168049,3.543268435453533,8.337375394843754,7.897236609380748,57.67660037331255,6838.0,84.89105293091342,15.325509143053592,20.47993831745508,31.195505691290144,40.50471059534337,71.14069599966302,60.77723856519739,59.041645498311865,43.2176480991175,85.15929016251879,46.8134254623044,53.17430187821103,90.78535767229523,42.74236091042707,16.53989448676092,73.05408027324428,20.0,94.0,3.864152685780667,91.15923154026152,2.2856341731893224,7.806258626940346,7.306028135567146,81.58681488292744,13444.0,36.94868842662174,18.43965222057227,24.81066800269031,21.99756401008896,35.58453796738984,50.95252036419676,80.46102263210996,69.5509249897132,65.1028722757049,65.0610777364307,29.5306215083559,65.36020244034825,76.69579978639993,23.73159742497283,38.94893232548058,49.947274920094365,176.0,156.0,115.0
Eldoret,Moiben,2026-02-01 23:22:43.086192,215,29,186,4.817835385614391,78.25967174073261,4.76220065321907,2.9839287925458367,4.038924193044288,46.65049295458672,6021,41.1436186388756,22.31582333152117,9.735424293793002,11.011232239374008,69.5296845203327,54.30516855892302,61.75255790345044,63.91016233416919,67.23361429510896,51.48962838136834,58.43942178119855,41.84458558841693,50.720244525457446,44.37556452337665,38.15913912048107,78.68427445659412,2,2026,33.0,144.0,1.0139952573875113,92.81527422318273,4.271968363569016,4.44237111097084,4.2711998365636274,58.146003784839294,8821.0,43.90291615593392,34.90938852827102,23.13888416570887,13.195274104067463,55.32176085809968,62.776504306132026,71.78081862853966,89.22499896483359,61.19300696190579,44.5245647846669,37.06991981915991,32.440770534658974,68.67711747131084,74.51526352238794,40.505104358105285,66.37668180356678,23.0,153.0,1.4719990968355112,78.22172436677367,1.3221383714251465,2.8761748822537303,2.0676657378444325,50.84474193752105,10829.0,83.78405367576218,27.3011351331834,17.044277918064296,33.728292420516965,30.16911901124997,70.20962564051663,81.32332265771413,72.57482216132252,87.68210330073029,76.24343407846035,38.86574351157877,43.51115934812105,59.565789663198856,51.18201637405525,10.19592603748899,71.3762801047481,26.0,129.0,0.8334648528753309,78.3218795168049,3.543268435453533,8.337375394843754,7.897236609380748,57.67660037331255,6838.0,84.89105293091342,15.325509143053592,20.47993831745508,31.195505691290144,40.50471059534337,71.14069599966302,60.77723856519739,59.041645498311865,43.2176480991175,85.15929016251879,46.8134254623044,53.17430187821103,90.78535767229523,42.74236091042707,16.53989448676092,73.05408027324428,177.0,176.0,156.0
Nakuru,Nakuru Town East,2025-06-01 23:22:43.086192,101,10,90,3.453901227313008,84.41732598114916,2.0449520594643493,9.448280768428566,4.925768874271762,55.40228986372519,7258,84.99276649510004,26.44596890889257,15.533609630198857,23.23466238038495,28.944232349851347,32.75466577042017,67.35669576294191,74.69282386499937,84.47669183477788,87.5312014096786,82.2997019774371,78.76064551795118,69.16230350391785,79.47450705122078,64.86467098525685,60.12235908660196,6,2025,18.0,71.0,0.8558372282407034,81.18465405158203,4.487920229084048,2.39961254496615,4.894265694237214,63.572767261953445,14758.0,30.84928891744273,21.60006405081709,19.35038198183609,16.72312636613313,26.46550014467324,46.58780679077415,58.30684762691073,83.0355331832106,60.74632276369788,94.71835246851056,34.323585151916696,76.43252042074536,55.21813701714367,53.96487896962266,36.96121849636816,37.147723639616366,18.0,77.0,1.661535841330385,90.98643114326268,4.499665739973191,8.689153461303825,4.103565002890277,84.45993003525162,3839.0,49.57927126058648,33.48944754663569,16.006216302167644,29.888474039718236,32.939297645999865,68.84299833133596,60.83371537743349,55.73437604575505,85.24697650361713,45.08879169364099,57.66769189212588,85.66115919710319,89.0199303174314,56.10837190315824,26.85978303021849,49.96285346375504,28.0,94.0,0.9531952298622616,74.26105955464045,4.52965628667297,2.8221665466107373,3.861053308622742,76.89284981062814,9286.0,30.610108251581817,37.646002013400775,15.222486385874824,22.548248975749907,69.68957537196519,45.73366723221152,40.95618601487824,77.20110806918223,45.23912358214392,91.93473008923186,80.59384460638383,61.21428806196318,81.22225148064379,60.16597566618641,46.820111241859145,67.6726015243558,90.0,95.0,122.0
Nakuru,Nakuru Town East,2025-07-01 23:22:43.086192,67,16,51,3.373063567826006,75.88619600978514,1.9178398906704135,7.7166033629053405,1.54685106337249,51.90037943263668,4475,58.6778082352616,29.2823369358823,12.068388489204512,27.396275701085777,56.37881351102797,66.77809142912838,54.184079601327454,80.13061167755296,82.56502537811159,47.6489411511552,81.66172701897938,72.75944863806964,65.01909597034154,28.887073146165516,51.66864859634715,56.61384892514205,7,2025,10.0,90.0,3.453901227313008,84.41732598114916,2.0449520594643493,9.448280768428566,4.925768874271762,55.40228986372519,7258.0,84.99276649510004,26.44596890889257,15.533609630198857,23.23466238038495,28.944232349851347,32.75466577042017,67.35669576294191,74.69282386499937,84.47669183477788,87.5312014096786,82.2997019774371,78.76064551795118,69.16230350391785,79.47450705122078,64.86467098525685,60.12235908660196,18.0,71.0,0.8558372282407034,81.18465405158203,4.487920229084048,2.39961254496615,4.894265694237214,63.572767261953445,14758.0,30.84928891744273,21.60006405081709,19.35038198183609,16.72312636613313,26.46550014467324,46.58780679077415,58.30684762691073,83.0355331832106,60.74632276369788,94.71835246851056,34.323585151916696,76.43252042074536,55.21813701714367,53.96487896962266,36.96121849636816,37.147723639616366,18.0,77.0,1.661535841330385,90.98643114326268,4.499665739973191,8.689153461303825,4.103565002890277,84.45993003525162,3839.0,49.57927126058648,33.48944754663569,16.006216302167644,29.888474039718236,32.939297645999865,68.84299833133596,60.83371537743349,55.73437604575505,85.24697650361713,45.08879169364099,57.66769189212588,85.66115919710319,89.0199303174314,56.10837190315824,26.85978303021849,49.96285346375504,101.0,90.0,95.0
Nakuru,Nakuru Town East,2025-08-01 23:22:43.086192,61,12,49,4.941824140328441,76.36994334893177,2.6043864577996327,5.330920180240599,1.0958676185184837,83.17590402102188,14931,51.70434812435534,44.48992001906767,15.891967730328169,20.533727087545984,46.55629200865023,72.90616249747686,78.81291039889238,87.87560316874357,84.37074574691951,39.68735141227468,79.11031916386955,89.54480791741099,48.5827528834155,70.39274228138453,68.91360043562682,44.37749373821017,8,2025,16.0,51.0,3.373063567826006,75.88619600978514,1.9178398906704135,7.7166033629053405,1.54685106337249,51.90037943263668,4475.0,58.6778082352616,29.2823369358823,12.068388489204512,27.396275701085777,56.37881351102797,66.77809142912838,54.184079601327454,80.13061167755296,82.56502537811159,47.6489411511552,81.66172701897938,72.75944863806964,65.01909597034154,28.887073146165516,51.66864859634715,56.61384892514205,10.0,90.0,3.453901227313008,84.41732598114916,2.0449520594643493,9.448280768428566,4.925768874271762,55.40228986372519,7258.0,84.99276649510004,26.44596890889257,15.533609630198857,23.23466238038495,28.944232349851347,32.75466577042017,67.35669576294191,74.69282386499937,84.47669183477788,87.5312014096786,82.2997019774371,78.76064551795118,69.16230350391785,79.47450705122078,64.86467098525685,60.12235908660196,18.0,71.0,0.8558372282407034,81.18465405158203,4.487920229084048,2.39961254496615,4.894265694237214,63.572767261953445,14758.0,30.84928891744273,21.60006405081709,19.35038198183609,16.72312636613313,26.46550014467324,46.58780679077415,58.30684762691073,83.0355331832106,60.74632276369788,94.71835246851056,34.323585151916696,76.43252042074536,55.21813701714367,53.96487896962266,36.96121849636816,37.147723639616366,67.0,101.0,90.0
Nakuru,Nakuru Town East,2025-09-01 23:22:43.086192,66,15,50,1.9743019875972416,71.27312388164331,1.658659472614414,9.280222205578774,3.1786508668062536,49.25644419887589,14129,36.13021824752356,27.381294546994337,13.561702312811274,12.626299036708382,20.912168104874777,59.73791845144118,55.774566096446506,41.42933419969753,44.74275220624149,79.6192045565146,45.50652648664024,69.32224457426648,81.63434213728611,63.15102833533819,53.005846548282285,69.47157835355023,9,2025,12.0,49.0,4.941824140328441,76.36994334893177,2.6043864577996327,5.330920180240599,1.0958676185184837,83.17590402102188,14931.0,51.70434812435534,44.48992001906767,15.891967730328169,20.533727087545984,46.55629200865023,72.90616249747686,78.81291039889238,87.87560316874357,84.37074574691951,39.68735141227468,79.11031916386955,89.54480791741099,48.5827528834155,70.39274228138453,68.91360043562682,44.37749373821017,16.0,51.0,3.373063567826006,75.88619600978514,1.9178398906704135,7.7166033629053405,1.54685106337249,51.90037943263668,4475.0,58.6778082352616,29.2823369358823,12.068388489204512,27.396275701085777,56.37881351102797,66.77809142912838,54.184079601327454,80.13061167755296,82.56502537811159,47.6489411511552,81.66172701897938,72.75944863806964,65.01909597034154,28.887073146165516,51.66864859634715,56.61384892514205,10.0,90.0,3.453901227313008,84.41732598114916,2.0449520594643493,9.448280768428566,4.925768874271762,55.40228986372519,7258.0,84.99276649510004,26.44596890889257,15.533609630198857,23.23466238038495,28.944232349851347,32.75466577042017,67.35669576294191,74.69282386499937,84.47669183477788,87.5312014096786,82.2997019774371,78.76064551795118,69.16230350391785,79.47450705122078,64.86467098525685,60.12235908660196,61.0,67.0,101.0
Nakuru,Nakuru Town East,2025-10-01 23:22:43.086192,59,13,45,1.3963065601243638,74.45457032045422,3.079743166420445,6.468206629253821,5.833586058778938,67.98095671697384,6500,61.34284495702231,41.98804609961326,20.852899886066943,27.508589540722216,29.2827931147977,49.614279486525625,46.62672217290749,49.87500849661495,61.07755069390056,67.82320287679559,51.62356215486325,69.40023542837358,93.0850678831622,68.1520158107573,54.03170572951172,59.20478786598246,10,2025,15.0,50.0,1.9743019875972416,71.27312388164331,1.658659472614414,9.280222205578774,3.1786508668062536,49.25644419887589,14129.0,36.13021824752356,27.381294546994337,13.561702312811274,12.626299036708382,20.912168104874777,59.73791845144118,55.774566096446506,41.42933419969753,44.74275220624149,79.6192045565146,45.50652648664024,69.32224457426648,81.63434213728611,63.15102833533819,53.005846548282285,69.47157835355023,12.0,49.0,4.941824140328441,76.36994334893177,2.6043864577996327,5.330920180240599,1.0958676185184837,83.17590402102188,14931.0,51.70434812435534,44.48992001906767,15.891967730328169,20.533727087545984,46.55629200865023,72.90616249747686,78.81291039889238,87.87560316874357,84.37074574691951,39.68735141227468,79.11031916386955,89.54480791741099,48.5827528834155,70.39274228138453,68.91360043562682,44.37749373821017,16.0,51.0,3.373063567826006,75.88619600978514,1.9178398906704135,7.7166033629053405,1.54685106337249,51.90037943263668,4475.0,58.6778082352616,29.2823369358823,12.068388489204512,27.396275701085777,56.37881351102797,66.77809142912838,54.184079601327454,80.13061167755296,82.56502537811159,47.6489411511552,81.66172701897938,72.75944863806964,65.01909597034154,28.887073146165516,51.66864859634715,56.61384892514205,66.0,61.0,67.0
Nakuru,Nakuru Town East,2025-11-01 23:22:43.086192,78,14,64,1.5907399779395894,88.16486699191663,1.9577641288899983,4.248458785397835,4.493505152158827,61.23409067749296,11781,55.24062380138028,38.35975838417532,18.13581065345377,10.270778645522329,37.59893899236808,52.784563402644,71.32622314793113,41.2317717994713,65.6285222787196,56.727690934266775,51.81437743334557,79.62284673764555,84.90063978491455,39.52103361316618,27.530580761477395,34.51380366808748,11,2025,13.0,45.0,1.3963065601243638,74.45457032045422,3.079743166420445,6.468206629253821,5.833586058778938,67.98095671697384,6500.0,61.34284495702231,41.98804609961326,20.852899886066943,27.508589540722216,29.2827931147977,49.614279486525625,46.62672217290749,49.87500849661495,61.07755069390056,67.82320287679559,51.62356215486325,69.40023542837358,93.0850678831622,68.1520158107573,54.03170572951172,59.20478786598246,15.0,50.0,1.9743019875972416,71.27312388164331,1.658659472614414,9.280222205578774,3.1786508668062536,49.25644419887589,14129.0,36.13021824752356,27.381294546994337,13.561702312811274,12.626299036708382,20.912168104874777,59.73791845144118,55.774566096446506,41.42933419969753,44.74275220624149,79.6192045565146,45.50652648664024,69.32224457426648,81.63434213728611,63.15102833533819,53.005846548282285,69.47157835355023,12.0,49.0,4.941824140328441,76.36994334893177,2.6043864577996327,5.330920180240599,1.0958676185184837,83.17590402102188,14931.0,51.70434812435534,44.48992001906767,15.891967730328169,20.533727087545984,46.55629200865023,72.90616249747686,78.81291039889238,87.87560316874357,84.37074574691951,39.68735141227468,79.11031916386955,89.54480791741099,48.5827528834155,70.39274228138453,68.91360043562682,44.37749373821017,59.0,66.0,61.0
Nakuru,Nakuru Town East,2025-12-01 23:22:43.086192,92,17,74,0.6250690712704112,93.98228669787623,4.405080018837982,9.904641201489902,6.641427239918095,68.33685778267552,10212,70.00613582103992,34.57938811336166,15.027215492602238,27.809792540588496,49.85556640068714,68.30635784665145,45.15489149178374,41.66339689990514,77.54446123819685,86.5276078343629,48.65184095067413,65.04539154838491,51.598771745141406,34.87781532504718,58.9492323787311,72.27100206294085,12,2025,14.0,64.0,1.5907399779395894,88.16486699191663,1.9577641288899983,4.248458785397835,4.493505152158827,61.23409067749296,11781.0,55.24062380138028,38.35975838417532,18.13581065345377,10.270778645522329,37.59893899236808,52.784563402644,71.32622314793113,41.2317717994713,65.6285222787196,56.727690934266775,51.81437743334557,79.62284673764555,84.90063978491455,39.52103361316618,27.530580761477395,34.51380366808748,13.0,45.0,1.3963065601243638,74.45457032045422,3.079743166420445,6.468206629253821,5.833586058778938,67.98095671697384,6500.0,61.34284495702231,41.98804609961326,20.852899886066943,27.508589540722216,29.2827931147977,49.614279486525625,46.62672217290749,49.87500849661495,61.07755069390056,67.82320287679559,51.62356215486325,69.40023542837358,93.0850678831622,68.1520158107573,54.03170572951172,59.20478786598246,15.0,50.0,1.9743019875972416,71.27312388164331,1.658659472614414,9.280222205578774,3.1786508668062536,49.25644419887589,14129.0,36.13021824752356,27.381294546994337,13.561702312811274,12.626299036708382,20.912168104874777,59.73791845144118,55.774566096446506,41.42933419969753,44.74275220624149,79.6192045565146,45.50652648664024,69.32224457426648,81.63434213728611,63.15102833533819,53.005846548282285,69.47157835355023,78.0,59.0,66.0
Nakuru,Nakuru Town East,2026-01-01 23:22:43.086192,96,12,84,2.001231286914717,94.769529930512,3.617202349143856,4.573649354346972,1.4163609515649962,84.59765100244515,2529,36.609547274666056,16.91968957262324,12.316648586713864,10.674072040389229,37.971078501356736,73.22211893162152,34.29098411954394,83.9623200160899,64.85611105460512,77.90819016972898,75.29807451606857,73.31615463557692,51.2436005487741,61.3854422071673,13.429965251269325,72.72618731092307,1,2026,17.0,74.0,0.6250690712704112,93.98228669787623,4.405080018837982,9.904641201489902,6.641427239918095,68.33685778267552,10212.0,70.00613582103992,34.57938811336166,15.027215492602238,27.809792540588496,49.85556640068714,68.30635784665145,45.15489149178374,41.66339689990514,77.54446123819685,86.5276078343629,48.65184095067413,65.04539154838491,51.598771745141406,34.87781532504718,58.9492323787311,72.27100206294085,14.0,64.0,1.5907399779395894,88.16486699191663,1.9577641288899983,4.248458785397835,4.493505152158827,61.23409067749296,11781.0,55.24062380138028,38.35975838417532,18.13581065345377,10.270778645522329,37.59893899236808,52.784563402644,71.32622314793113,41.2317717994713,65.6285222787196,56.727690934266775,51.81437743334557,79.62284673764555,84.90063978491455,39.52103361316618,27.530580761477395,34.51380366808748,13.0,45.0,1.3963065601243638,74.45457032045422,3.079743166420445,6.468206629253821,5.833586058778938,67.98095671697384,6500.0,61.34284495702231,41.98804609961326,20.852899886066943,27.508589540722216,29.2827931147977,49.614279486525625,46.62672217290749,49.87500849661495,61.07755069390056,67.82320287679559,51.62356215486325,69.40023542837358,93.0850678831622,68.1520158107573,54.03170572951172,59.20478786598246,92.0,78.0,59.0
Nakuru,Nakuru Town East,2026-02-01 23:22:43.086192,118,25,92,2.203589704299304,82.00580801454814,2.0829927002913267,3.695202542435816,1.4981957749898718,65.03353212434388,12517,55.01970338485288,36.27107478727,8.719365157577572,27.13161458980681,67.3357841726856,51.59806508667155,57.91742943544057,55.061178697038976,55.715432665550935,40.641139809067866,48.78037690387226,69.86856360248808,52.48919256520031,38.04034535614035,40.37455507651716,34.330273526253755,2,2026,12.0,84.0,2.001231286914717,94.769529930512,3.617202349143856,4.573649354346972,1.4163609515649962,84.59765100244515,2529.0,36.609547274666056,16.91968957262324,12.316648586713864,10.674072040389229,37.971078501356736,73.22211893162152,34.29098411954394,83.9623200160899,64.85611105460512,77.90819016972898,75.29807451606857,73.31615463557692,51.2436005487741,61.3854422071673,13.429965251269325,72.72618731092307,17.0,74.0,0.6250690712704112,93.98228669787623,4.405080018837982,9.904641201489902,6.641427239918095,68.33685778267552,10212.0,70.00613582103992,34.57938811336166,15.027215492602238,27.809792540588496,49.85556640068714,68.30635784665145,45.15489149178374,41.66339689990514,77.54446123819685,86.5276078343629,48.65184095067413,65.04539154838491,51.598771745141406,34.87781532504718,58.9492323787311,72.27100206294085,14.0,64.0,1.5907399779395894,88.16486699191663,1.9577641288899983,4.248458785397835,4.493505152158827,61.23409067749296,11781.0,55.24062380138028,38.35975838417532,18.13581065345377,10.270778645522329,37.59893899236808,52.784563402644,71.32622314793113,41.2317717994713,65.6285222787196,56.727690934266775,51.81437743334557,79.62284673764555,84.90063978491455,39.52103361316618,27.530580761477395,34.51380366808748,96.0,92.0,78.0
Nakuru,Nakuru Town West,2025-06-01 23:22:43.086192,292,52,240,2.503693093798546,79.49456111001398,3.213001019272741,9.762871784338827,1.1522186365515856,65.16626035262742,10838,94.76914866125804,34.05237177943678,9.888642993984124,19.97994290000248,45.1440379060069,43.77146068923153,80.16983616857468,65.15615228754801,67.19730438915107,38.23447739128669,82.67915257135995,89.0827323976678,76.61221714847947,37.94068259835871,68.33211597696419,60.39719033685947,6,2025,30.0,232.0,2.252549313446957,88.09025458776844,2.358138404287989,9.491203097202842,3.973020237181204,53.436193850112666,5921.0,93.82915700264266,39.9562837496066,15.743413070706506,28.019513305072454,54.66442097712063,61.5514259746025,48.558961187727846,79.1255715683402,60.36548172593578,39.554508310360376,26.84703537041977,56.28077631663848,85.68896200025242,65.38930862935564,58.44186909051448,55.20922709447973,51.0,254.0,4.412164582611402,76.43075532638585,3.0532232952212075,2.754996381798093,4.746042857424369,40.49740052691269,3509.0,72.35036769961242,39.5261969686142,12.356012797578204,17.926689774425018,69.23471636837462,53.56805977588986,59.24149231639957,71.11729736406122,69.6826899565861,48.11735142492599,29.62424634198845,52.334123522264505,81.46226330756454,28.40182347140204,63.72736341994554,63.81481451185462,36.0,242.0,4.883613666551956,85.7983325553688,2.5656673288928817,8.45694567130576,1.500362710438929,52.22074515881777,11851.0,67.31540973258757,28.86024933895056,18.757986776593505,29.455128973446303,27.58861001555361,55.38589179222776,60.782948020684586,79.47180343313488,55.20614809525032,54.92654911458884,39.8945450367385,86.45470283591452,87.51804595938859,56.74770051016148,62.54090744389261,48.06519278162878,262.0,305.0,279.0
Nakuru,Nakuru Town West,2025-07-01 23:22:43.086192,235,50,185,4.1590082977140055,77.20421670961582,4.369515894237948,4.979876696131067,1.8669480072011817,70.0392868817961,12916,38.01220844894644,43.21323592131581,5.043093851713188,31.144621790066232,60.75697897468362,73.41486705318995,53.118924209119896,58.52158482388848,89.87096739181263,43.71841035675135,66.07521705920246,76.15017211756711,50.23955604832582,71.03192921752364,65.49075739262658,54.79095338120912,7,2025,52.0,240.0,2.503693093798546,79.49456111001398,3.213001019272741,9.762871784338827,1.1522186365515856,65.16626035262742,10838.0,94.76914866125804,34.05237177943678,9.888642993984124,19.97994290000248,45.1440379060069,43.77146068923153,80.16983616857468,65.15615228754801,67.19730438915107,38.23447739128669,82.67915257135995,89.0827323976678,76.61221714847947,37.94068259835871,68.33211597696419,60.39719033685947,30.0,232.0,2.252549313446957,88.09025458776844,2.358138404287989,9.491203097202842,3.973020237181204,53.436193850112666,5921.0,93.82915700264266,39.9562837496066,15.743413070706506,28.019513305072454,54.66442097712063,61.5514259746025,48.558961187727846,79.1255715683402,60.36548172593578,39.554508310360376,26.84703537041977,56.28077631663848,85.68896200025242,65.38930862935564,58.44186909051448,55.20922709447973,51.0,254.0,4.412164582611402,76.43075532638585,3.0532232952212075,2.754996381798093,4.746042857424369,40.49740052691269,3509.0,72.35036769961242,39.5261969686142,12.356012797578204,17.926689774425018,69.23471636837462,53.56805977588986,59.24149231639957,71.11729736406122,69.6826899565861,48.11735142492599,29.62424634198845,52.334123522264505,81.46226330756454,28.40182347140204,63.72736341994554,63.81481451185462,292.0,262.0,305.0
Nakuru,Nakuru Town West,2025-08-01 23:22:43.086192,225,48,176,2.1095315656540787,89.61117677877361,1.3668023195211552,3.632152600191038,5.427670923459522,42.4445330387139,4953,79.03383415885324,39.80821523270328,16.714255451249986,19.40823681674923,28.82540489317725,65.39579449170878,59.796365460674,76.2453593679295,70.87659970311836,85.91071197602923,42.21359952996764,80.72008085463906,91.70528376201352,48.63029550164174,58.50516568839857,53.63305350367428,8,2025,50.0,185.0,4.1590082977140055,77.20421670961582,4.369515894237948,4.979876696131067,1.8669480072011817,70.0392868817961,12916.0,38.01220844894644,43.21323592131581,5.043093851713188,31.144621790066232,60.75697897468362,73.41486705318995,53.118924209119896,58.52158482388848,89.87096739181263,43.71841035675135,66.07521705920246,76.15017211756711,50.23955604832582,71.03192921752364,65.49075739262658,54.79095338120912,52.0,240.0,2.503693093798546,79.49456111001398,3.213001019272741,9.762871784338827,1.1522186365515856,65.16626035262742,10838.0,94.76914866125804,34.05237177943678,9.888642993984124,19.97994290000248,45.1440379060069,43.77146068923153,80.16983616857468,65.15615228754801,67.19730438915107,38.23447739128669,82.67915257135995,89.0827323976678,76.61221714847947,37.94068259835871,68.33211597696419,60.39719033685947,30.0,232.0,2.252549313446957,88.09025458776844,2.358138404287989,9.491203097202842,3.973020237181204,53.436193850112666,5921.0,93.82915700264266,39.9562837496066,15.743413070706506,28.019513305072454,54.66442097712063,61.5514259746025,48.558961187727846,79.1255715683402,60.36548172593578,39.554508310360376,26.84703537041977,56.28077631663848,85.68896200025242,65.38930862935564,58.44186909051448,55.20922709447973,235.0,292.0,262.0
Nakuru,Nakuru Town West,2025-09-01 23:22:43.086192,169,39,130,4.827222424984725,70.24960679740231,1.1513654029509026,7.991629136842202,5.08587344260777,41.69411615485313,6255,40.30580218204527,24.97471985719943,20.791906705689648,34.179682187957866,36.45434326770207,60.78767212211625,68.41897807907296,58.461376274047325,68.28785219022824,64.32523174068541,49.93718686168256,54.86852251582295,80.48829258412417,58.25887683198347,68.56416850231881,35.1017692665431,9,2025,48.0,176.0,2.1095315656540787,89.61117677877361,1.3668023195211552,3.632152600191038,5.427670923459522,42.4445330387139,4953.0,79.03383415885324,39.80821523270328,16.714255451249986,19.40823681674923,28.82540489317725,65.39579449170878,59.796365460674,76.2453593679295,70.87659970311836,85.91071197602923,42.21359952996764,80.72008085463906,91.70528376201352,48.63029550164174,58.50516568839857,53.63305350367428,50.0,185.0,4.1590082977140055,77.20421670961582,4.369515894237948,4.979876696131067,1.8669480072011817,70.0392868817961,12916.0,38.01220844894644,43.21323592131581,5.043093851713188,31.144621790066232,60.75697897468362,73.41486705318995,53.118924209119896,58.52158482388848,89.87096739181263,43.71841035675135,66.07521705920246,76.15017211756711,50.23955604832582,71.03192921752364,65.49075739262658,54.79095338120912,52.0,240.0,2.503693093798546,79.49456111001398,3.213001019272741,9.762871784338827,1.1522186365515856,65.16626035262742,10838.0,94.76914866125804,34.05237177943678,9.888642993984124,19.97994290000248,45.1440379060069,43.77146068923153,80.16983616857468,65.15615228754801,67.19730438915107,38.23447739128669,82.67915257135995,89.0827323976678,76.61221714847947,37.94068259835871,68.33211597696419,60.39719033685947,225.0,235.0,292.0
Nakuru,Nakuru Town West,2025-10-01 23:22:43.086192,178,38,139,3.96796105884417,87.16340986862747,4.731129035028342,9.620412336791324,1.6684941702065543,69.14543219107553,11530,74.63182652001906,38.00717541625247,8.649174427198872,23.01434242767236,40.49333783366909,59.68176986188631,83.79260300801083,84.10638985128372,76.10733431232396,50.35516389743224,52.40103331610276,47.41115347748308,83.16180768851495,45.356985724850674,33.20480793205607,48.76308385330569,10,2025,39.0,130.0,4.827222424984725,70.24960679740231,1.1513654029509026,7.991629136842202,5.08587344260777,41.69411615485313,6255.0,40.30580218204527,24.97471985719943,20.791906705689648,34.179682187957866,36.45434326770207,60.78767212211625,68.41897807907296,58.461376274047325,68.28785219022824,64.32523174068541,49.93718686168256,54.86852251582295,80.48829258412417,58.25887683198347,68.56416850231881,35.1017692665431,48.0,176.0,2.1095315656540787,89.61117677877361,1.3668023195211552,3.632152600191038,5.427670923459522,42.4445330387139,4953.0,79.03383415885324,39.80821523270328,16.714255451249986,19.40823681674923,28.82540489317725,65.39579449170878,59.796365460674,76.2453593679295,70.87659970311836,85.91071197602923,42.21359952996764,80.72008085463906,91.70528376201352,48.63029550164174,58.50516568839857,53.63305350367428,50.0,185.0,4.1590082977140055,77.20421670961582,4.369515894237948,4.979876696131067,1.8669480072011817,70.0392868817961,12916.0,38.01220844894644,43.21323592131581,5.043093851713188,31.144621790066232,60.75697897468362,73.41486705318995,53.118924209119896,58.52158482388848,89.87096739181263,43.71841035675135,66.07521705920246,76.15017211756711,50.23955604832582,71.03192921752364,65.49075739262658,54.79095338120912,169.0,225.0,235.0
Nakuru,Nakuru Town West,2025-11-01 23:22:43.086192,218,32,185,2.6569652893831908,70.99243166300414,4.6128029681253935,6.090426745577601,3.4279382267055167,54.56580703313611,5581,69.82822102145781,31.005930469644145,12.62467102290102,23.971249660239483,63.39631533482325,44.19990774646509,69.36026701253707,46.86545616881556,81.68758472647731,56.10423085992775,44.10488265078239,50.39690342749706,56.8869179808721,60.81981748286764,34.63803202748652,56.65876117944377,11,2025,38.0,139.0,3.96796105884417,87.16340986862747,4.731129035028342,9.620412336791324,1.6684941702065543,69.14543219107553,11530.0,74.63182652001906,38.00717541625247,8.649174427198872,23.01434242767236,40.49333783366909,59.68176986188631,83.79260300801083,84.10638985128372,76.10733431232396,50.35516389743224,52.40103331610276,47.41115347748308,83.16180768851495,45.356985724850674,33.20480793205607,48.76308385330569,39.0,130.0,4.827222424984725,70.24960679740231,1.1513654029509026,7.991629136842202,5.08587344260777,41.69411615485313,6255.0,40.30580218204527,24.97471985719943,20.791906705689648,34.179682187957866,36.45434326770207,60.78767212211625,68.41897807907296,58.461376274047325,68.28785219022824,64.32523174068541,49.93718686168256,54.86852251582295,80.48829258412417,58.25887683198347,68.56416850231881,35.1017692665431,48.0,176.0,2.1095315656540787,89.61117677877361,1.3668023195211552,3.632152600191038,5.427670923459522,42.4445330387139,4953.0,79.03383415885324,39.80821523270328,16.714255451249986,19.40823681674923,28.82540489317725,65.39579449170878,59.796365460674,76.2453593679295,70.87659970311836,85.91071197602923,42.21359952996764,80.72008085463906,91.70528376201352,48.63029550164174,58.50516568839857,53.63305350367428,178.0,169.0,225.0
Nakuru,Nakuru Town West,2025-12-01 23:22:43.086192,290,47,243,1.8431873171472075,83.04161283484903,3.842072801191936,2.822647233991914,6.541881535593535,60.275688125581325,7319,58.0935265943735,34.85239619687172,16.62828327429253,21.285046896857217,25.696757597561096,78.51716705608459,40.39190908817399,52.73273067697157,78.44851346708742,91.29300701967252,39.12723080397445,57.75506424257621,87.62156752921746,77.79933088822851,20.334910522870995,70.75348081351484,12,2025,32.0,185.0,2.6569652893831908,70.99243166300414,4.6128029681253935,6.090426745577601,3.4279382267055167,54.56580703313611,5581.0,69.82822102145781,31.005930469644145,12.62467102290102,23.971249660239483,63.39631533482325,44.19990774646509,69.36026701253707,46.86545616881556,81.68758472647731,56.10423085992775,44.10488265078239,50.39690342749706,56.8869179808721,60.81981748286764,34.63803202748652,56.65876117944377,38.0,139.0,3.96796105884417,87.16340986862747,4.731129035028342,9.620412336791324,1.6684941702065543,69.14543219107553,11530.0,74.63182652001906,38.00717541625247,8.649174427198872,23.01434242767236,40.49333783366909,59.68176986188631,83.79260300801083,84.10638985128372,76.10733431232396,50.35516389743224,52.40103331610276,47.41115347748308,83.16180768851495,45.356985724850674,33.20480793205607,48.76308385330569,39.0,130.0,4.827222424984725,70.24960679740231,1.1513654029509026,7.991629136842202,5.08587344260777,41.69411615485313,6255.0,40.30580218204527,24.97471985719943,20.791906705689648,34.179682187957866,36.45434326770207,60.78767212211625,68.41897807907296,58.461376274047325,68.28785219022824,64.32523174068541,49.93718686168256,54.86852251582295,80.48829258412417,58.25887683198347,68.56416850231881,35.1017692665431,218.0,178.0,169.0
Nakuru,Nakuru Town West,2026-01-01 23:22:43.086192,300,61,238,3.690863372556632,70.37003384421313,3.287752222368437,2.355713048198762,5.672858451631415,83.78312274703961,4313,58.3712338910712,44.4280244492436,5.480527527269676,29.32081124689829,34.81712920792645,44.72185438630128,80.93390957006406,48.664383321687765,66.63976879345998,89.45789730384143,35.82293009283832,55.266320856667306,68.41215899821759,60.32808345435102,50.16193152041159,80.38400220490864,1,2026,47.0,243.0,1.8431873171472075,83.04161283484903,3.842072801191936,2.822647233991914,6.541881535593535,60.275688125581325,7319.0,58.0935265943735,34.85239619687172,16.62828327429253,21.285046896857217,25.696757597561096,78.51716705608459,40.39190908817399,52.73273067697157,78.44851346708742,91.29300701967252,39.12723080397445,57.75506424257621,87.62156752921746,77.79933088822851,20.334910522870995,70.75348081351484,32.0,185.0,2.6569652893831908,70.99243166300414,4.6128029681253935,6.090426745577601,3.4279382267055167,54.56580703313611,5581.0,69.82822102145781,31.005930469644145,12.62467102290102,23.971249660239483,63.39631533482325,44.19990774646509,69.36026701253707,46.86545616881556,81.68758472647731,56.10423085992775,44.10488265078239,50.39690342749706,56.8869179808721,60.81981748286764,34.63803202748652,56.65876117944377,38.0,139.0,3.96796105884417,87.16340986862747,4.731129035028342,9.620412336791324,1.6684941702065543,69.14543219107553,11530.0,74.63182652001906,38.00717541625247,8.649174427198872,23.01434242767236,40.49333783366909,59.68176986188631,83.79260300801083,84.10638985128372,76.10733431232396,50.35516389743224,52.40103331610276,47.41115347748308,83.16180768851495,45.356985724850674,33.20480793205607,48.76308385330569,290.0,218.0,178.0
Nakuru,Nakuru Town West,2026-02-01 23:22:43.086192,335,54,281,1.1005154310330094,81.27853636025208,2.0194546608668245,4.561324547189979,3.870251615990041,45.84406005764737,6302,31.95927782458465,35.86947253364933,8.36274747847485,31.64297189651573,21.743957960908727,47.639385386277695,59.16859605529737,86.7619278682221,75.61583589481899,42.05329891929958,40.595929316088096,49.39737494272687,50.8677247328522,65.72962232785358,12.618409649694453,52.39115742805477,2,2026,61.0,238.0,3.690863372556632,70.37003384421313,3.287752222368437,2.355713048198762,5.672858451631415,83.78312274703961,4313.0,58.3712338910712,44.4280244492436,5.480527527269676,29.32081124689829,34.81712920792645,44.72185438630128,80.93390957006406,48.664383321687765,66.63976879345998,89.45789730384143,35.82293009283832,55.266320856667306,68.41215899821759,60.32808345435102,50.16193152041159,80.38400220490864,47.0,243.0,1.8431873171472075,83.04161283484903,3.842072801191936,2.822647233991914,6.541881535593535,60.275688125581325,7319.0,58.0935265943735,34.85239619687172,16.62828327429253,21.285046896857217,25.696757597561096,78.51716705608459,40.39190908817399,52.73273067697157,78.44851346708742,91.29300701967252,39.12723080397445,57.75506424257621,87.62156752921746,77.79933088822851,20.334910522870995,70.75348081351484,32.0,185.0,2.6569652893831908,70.99243166300414,4.6128029681253935,6.090426745577601,3.4279382267055167,54.56580703313611,5581.0,69.82822102145781,31.005930469644145,12.62467102290102,23.971249660239483,63.39631533482325,44.19990774646509,69.36026701253707,46.86545616881556,81.68758472647731,56.10423085992775,44.10488265078239,50.39690342749706,56.8869179808721,60.81981748286764,34.63803202748652,56.65876117944377,300.0,290.0,218.0
Kitale,Nambale,2025-06-01 23:22:43.086192,80,13,67,2.8911564746009724,80.78096857852691,2.6840508555906157,3.543044382868203,5.108806872698198,65.34714989878415,14410,55.45258984827058,35.95595549851093,18.222009603218872,10.71162883057687,36.50605608625781,65.25274616107924,39.99077559297705,75.86517094808511,52.569997942033424,80.34642247707146,68.99007381177127,44.906687092298576,68.86538435908551,35.45145005616631,41.30407510154224,73.49969239056762,6,2025,13.0,80.0,2.251812767676486,73.98029644046804,1.5747278306524408,6.046946780714527,1.473242653771652,64.99815229274563,2356.0,73.57349566139342,43.879970263469104,12.607698245503045,34.24705639057619,24.188863784983845,61.61372075861011,32.791116637945294,88.82831326457038,48.28732111531875,61.9497329065368,76.46225678734405,89.31550569190676,70.94058760085477,38.95947048047998,23.914379687107505,66.84152005375647,13.0,93.0,2.3175511524763066,87.6178551656252,2.000964972043514,9.955327745215037,3.0219799829321743,62.23937945156454,6959.0,54.569103525412096,33.79041112079558,10.990683485804055,14.47585461367379,54.7628837899517,48.768214688934606,62.30764302269927,62.14500224868044,82.65738471507353,86.05106352242257,68.44062400293087,59.2275522488402,56.87609601091076,58.83675006842495,16.935146174661124,45.29806524060314,19.0,82.0,4.155850835095954,89.7588573747522,4.270227854658973,8.588074360638206,2.655748039118212,41.536537081341386,4736.0,86.5465124384388,22.38483507224281,9.05788985637944,18.423225360263476,61.01616445192054,61.16672777991244,45.17957313971532,47.74385610004554,65.97319895623558,83.62331819055859,34.32183500321622,69.48569395789514,77.30841096819458,72.92218782150118,28.060085169582155,57.39223996250331,94.0,106.0,101.0
Kitale,Nambale,2025-07-01 23:22:43.086192,68,8,60,1.9562018835650696,78.36350880116191,2.8948643903809668,5.44904071306092,3.568569270630276,58.03603716682344,3547,80.13561751848431,28.43751148143204,5.298191094663263,22.624257058202875,61.08126729302437,44.999378542347074,66.91730123418186,89.31208835150566,69.22376189676717,93.34056900454134,27.358429067010213,64.53938884482741,93.48363815074596,77.74166170267915,14.753053153584544,44.753499024494666,7,2025,13.0,67.0,2.8911564746009724,80.78096857852691,2.6840508555906157,3.543044382868203,5.108806872698198,65.34714989878415,14410.0,55.45258984827058,35.95595549851093,18.222009603218872,10.71162883057687,36.50605608625781,65.25274616107924,39.99077559297705,75.86517094808511,52.569997942033424,80.34642247707146,68.99007381177127,44.906687092298576,68.86538435908551,35.45145005616631,41.30407510154224,73.49969239056762,13.0,80.0,2.251812767676486,73.98029644046804,1.5747278306524408,6.046946780714527,1.473242653771652,64.99815229274563,2356.0,73.57349566139342,43.879970263469104,12.607698245503045,34.24705639057619,24.188863784983845,61.61372075861011,32.791116637945294,88.82831326457038,48.28732111531875,61.9497329065368,76.46225678734405,89.31550569190676,70.94058760085477,38.95947048047998,23.914379687107505,66.84152005375647,13.0,93.0,2.3175511524763066,87.6178551656252,2.000964972043514,9.955327745215037,3.0219799829321743,62.23937945156454,6959.0,54.569103525412096,33.79041112079558,10.990683485804055,14.47585461367379,54.7628837899517,48.768214688934606,62.30764302269927,62.14500224868044,82.65738471507353,86.05106352242257,68.44062400293087,59.2275522488402,56.87609601091076,58.83675006842495,16.935146174661124,45.29806524060314,80.0,94.0,106.0
Kitale,Nambale,2025-08-01 23:22:43.086192,67,15,52,3.828311136595373,76.63214856499239,4.117776201421279,5.129156808292316,3.9733324355435418,52.96085027718517,3487,30.69042944723565,28.324329488203567,14.411952735517538,16.895038607460837,29.779838182677707,59.6564273996212,33.89549593391352,50.82101145252434,81.43524173935009,69.67295552182011,42.13276453894558,59.78350209043165,74.64713058061098,21.70878132384154,17.176351449412536,53.37977888206804,8,2025,8.0,60.0,1.9562018835650696,78.36350880116191,2.8948643903809668,5.44904071306092,3.568569270630276,58.03603716682344,3547.0,80.13561751848431,28.43751148143204,5.298191094663263,22.624257058202875,61.08126729302437,44.999378542347074,66.91730123418186,89.31208835150566,69.22376189676717,93.34056900454134,27.358429067010213,64.53938884482741,93.48363815074596,77.74166170267915,14.753053153584544,44.753499024494666,13.0,67.0,2.8911564746009724,80.78096857852691,2.6840508555906157,3.543044382868203,5.108806872698198,65.34714989878415,14410.0,55.45258984827058,35.95595549851093,18.222009603218872,10.71162883057687,36.50605608625781,65.25274616107924,39.99077559297705,75.86517094808511,52.569997942033424,80.34642247707146,68.99007381177127,44.906687092298576,68.86538435908551,35.45145005616631,41.30407510154224,73.49969239056762,13.0,80.0,2.251812767676486,73.98029644046804,1.5747278306524408,6.046946780714527,1.473242653771652,64.99815229274563,2356.0,73.57349566139342,43.879970263469104,12.607698245503045,34.24705639057619,24.188863784983845,61.61372075861011,32.791116637945294,88.82831326457038,48.28732111531875,61.9497329065368,76.46225678734405,89.31550569190676,70.94058760085477,38.95947048047998,23.914379687107505,66.84152005375647,68.0,80.0,94.0
Kitale,Nambale,2025-09-01 23:22:43.086192,63,14,49,3.2861702204124894,79.83760355312087,1.845706618428784,4.702728116370988,6.168727658447243,84.85227408417589,5628,86.71230104938294,16.834142412944487,14.813948830725652,20.593537986216127,25.30816002807724,72.65484696075958,73.69033926739888,64.63775210496449,63.4705085667832,81.14264181554634,81.19141212177155,53.79351853645674,52.96894169022789,63.5319448920219,27.46793803058189,77.68709299672112,9,2025,15.0,52.0,3.828311136595373,76.63214856499239,4.117776201421279,5.129156808292316,3.9733324355435418,52.96085027718517,3487.0,30.69042944723565,28.324329488203567,14.411952735517538,16.895038607460837,29.779838182677707,59.6564273996212,33.89549593391352,50.82101145252434,81.43524173935009,69.67295552182011,42.13276453894558,59.78350209043165,74.64713058061098,21.70878132384154,17.176351449412536,53.37977888206804,8.0,60.0,1.9562018835650696,78.36350880116191,2.8948643903809668,5.44904071306092,3.568569270630276,58.03603716682344,3547.0,80.13561751848431,28.43751148143204,5.298191094663263,22.624257058202875,61.08126729302437,44.999378542347074,66.91730123418186,89.31208835150566,69.22376189676717,93.34056900454134,27.358429067010213,64.53938884482741,93.48363815074596,77.74166170267915,14.753053153584544,44.753499024494666,13.0,67.0,2.8911564746009724,80.78096857852691,2.6840508555906157,3.543044382868203,5.108806872698198,65.34714989878415,14410.0,55.45258984827058,35.95595549851093,18.222009603218872,10.71162883057687,36.50605608625781,65.25274616107924,39.99077559297705,75.86517094808511,52.569997942033424,80.34642247707146,68.99007381177127,44.906687092298576,68.86538435908551,35.45145005616631,41.30407510154224,73.49969239056762,67.0,68.0,80.0
Kitale,Nambale,2025-10-01 23:22:43.086192,62,12,50,0.5896738605203649,78.39774105938699,1.396064722183167,6.260569117358608,3.3256189943335634,73.91253633370026,2441,91.39901120286004,26.60652001953844,23.43141423727196,10.288712530676571,24.548039923419225,78.65969772154973,83.13569548679752,82.91760913013348,48.68125448396288,69.55220310974043,45.01250742841852,56.73307482784029,47.73993593182012,59.20923133486666,46.743722548403056,75.14245763952172,10,2025,14.0,49.0,3.2861702204124894,79.83760355312087,1.845706618428784,4.702728116370988,6.168727658447243,84.85227408417589,5628.0,86.71230104938294,16.834142412944487,14.813948830725652,20.593537986216127,25.30816002807724,72.65484696075958,73.69033926739888,64.63775210496449,63.4705085667832,81.14264181554634,81.19141212177155,53.79351853645674,52.96894169022789,63.5319448920219,27.46793803058189,77.68709299672112,15.0,52.0,3.828311136595373,76.63214856499239,4.117776201421279,5.129156808292316,3.9733324355435418,52.96085027718517,3487.0,30.69042944723565,28.324329488203567,14.411952735517538,16.895038607460837,29.779838182677707,59.6564273996212,33.89549593391352,50.82101145252434,81.43524173935009,69.67295552182011,42.13276453894558,59.78350209043165,74.64713058061098,21.70878132384154,17.176351449412536,53.37977888206804,8.0,60.0,1.9562018835650696,78.36350880116191,2.8948643903809668,5.44904071306092,3.568569270630276,58.03603716682344,3547.0,80.13561751848431,28.43751148143204,5.298191094663263,22.624257058202875,61.08126729302437,44.999378542347074,66.91730123418186,89.31208835150566,69.22376189676717,93.34056900454134,27.358429067010213,64.53938884482741,93.48363815074596,77.74166170267915,14.753053153584544,44.753499024494666,63.0,67.0,68.0
Kitale,Nambale,2025-11-01 23:22:43.086192,69,16,52,3.917447262768606,70.66593298031954,1.6673564747600196,7.053654475054414,4.51345199082048,80.41261117382862,14228,49.9583085942812,41.14915195395079,7.171905255452485,25.19927939273093,28.05863650417254,27.70550280664641,49.43635677211929,48.85472031828612,96.39684617700853,45.916314259442416,67.70151344085149,70.98588885770019,61.62707930106778,64.32348812534268,21.60695653860426,38.64518716769415,11,2025,12.0,50.0,0.5896738605203649,78.39774105938699,1.396064722183167,6.260569117358608,3.3256189943335634,73.91253633370026,2441.0,91.39901120286004,26.60652001953844,23.43141423727196,10.288712530676571,24.548039923419225,78.65969772154973,83.13569548679752,82.91760913013348,48.68125448396288,69.55220310974043,45.01250742841852,56.73307482784029,47.73993593182012,59.20923133486666,46.743722548403056,75.14245763952172,14.0,49.0,3.2861702204124894,79.83760355312087,1.845706618428784,4.702728116370988,6.168727658447243,84.85227408417589,5628.0,86.71230104938294,16.834142412944487,14.813948830725652,20.593537986216127,25.30816002807724,72.65484696075958,73.69033926739888,64.63775210496449,63.4705085667832,81.14264181554634,81.19141212177155,53.79351853645674,52.96894169022789,63.5319448920219,27.46793803058189,77.68709299672112,15.0,52.0,3.828311136595373,76.63214856499239,4.117776201421279,5.129156808292316,3.9733324355435418,52.96085027718517,3487.0,30.69042944723565,28.324329488203567,14.411952735517538,16.895038607460837,29.779838182677707,59.6564273996212,33.89549593391352,50.82101145252434,81.43524173935009,69.67295552182011,42.13276453894558,59.78350209043165,74.64713058061098,21.70878132384154,17.176351449412536,53.37977888206804,62.0,63.0,67.0
Kitale,Nambale,2025-12-01 23:22:43.086192,97,12,84,2.709386305996307,73.28722540623151,3.1944543167195425,8.700720508155445,3.7922306109732338,49.47355254733117,4205,60.88977108222525,19.95198276546499,8.968834071867908,12.152192182564436,20.455272053055296,49.419232353233625,62.77085050036264,82.89457933833168,62.46878350238234,50.58349390516568,52.164587849620766,59.52631215860213,68.23543657385434,37.75194294873273,12.004261854610768,69.66617811126942,12,2025,16.0,52.0,3.917447262768606,70.66593298031954,1.6673564747600196,7.053654475054414,4.51345199082048,80.41261117382862,14228.0,49.9583085942812,41.14915195395079,7.171905255452485,25.19927939273093,28.05863650417254,27.70550280664641,49.43635677211929,48.85472031828612,96.39684617700853,45.916314259442416,67.70151344085149,70.98588885770019,61.62707930106778,64.32348812534268,21.60695653860426,38.64518716769415,12.0,50.0,0.5896738605203649,78.39774105938699,1.396064722183167,6.260569117358608,3.3256189943335634,73.91253633370026,2441.0,91.39901120286004,26.60652001953844,23.43141423727196,10.288712530676571,24.548039923419225,78.65969772154973,83.13569548679752,82.91760913013348,48.68125448396288,69.55220310974043,45.01250742841852,56.73307482784029,47.73993593182012,59.20923133486666,46.743722548403056,75.14245763952172,14.0,49.0,3.2861702204124894,79.83760355312087,1.845706618428784,4.702728116370988,6.168727658447243,84.85227408417589,5628.0,86.71230104938294,16.834142412944487,14.813948830725652,20.593537986216127,25.30816002807724,72.65484696075958,73.69033926739888,64.63775210496449,63.4705085667832,81.14264181554634,81.19141212177155,53.79351853645674,52.96894169022789,63.5319448920219,27.46793803058189,77.68709299672112,69.0,62.0,63.0
Kitale,Nambale,2026-01-01 23:22:43.086192,100,15,84,4.80593169242249,88.63285777329006,2.8506346158778886,5.182002107993742,1.1928266581061548,75.04738403056561,12138,30.029005353235146,37.55343769182248,9.482585207988564,33.7199649102323,63.11236291499678,71.87430650740946,60.60449564264886,59.00510094131293,64.16082418805357,91.93736991862708,44.00106682022199,66.85297565210966,48.6562760031967,73.68022552798894,35.69934060394014,45.53041915276666,1,2026,12.0,84.0,2.709386305996307,73.28722540623151,3.1944543167195425,8.700720508155445,3.7922306109732338,49.47355254733117,4205.0,60.88977108222525,19.95198276546499,8.968834071867908,12.152192182564436,20.455272053055296,49.419232353233625,62.77085050036264,82.89457933833168,62.46878350238234,50.58349390516568,52.164587849620766,59.52631215860213,68.23543657385434,37.75194294873273,12.004261854610768,69.66617811126942,16.0,52.0,3.917447262768606,70.66593298031954,1.6673564747600196,7.053654475054414,4.51345199082048,80.41261117382862,14228.0,49.9583085942812,41.14915195395079,7.171905255452485,25.19927939273093,28.05863650417254,27.70550280664641,49.43635677211929,48.85472031828612,96.39684617700853,45.916314259442416,67.70151344085149,70.98588885770019,61.62707930106778,64.32348812534268,21.60695653860426,38.64518716769415,12.0,50.0,0.5896738605203649,78.39774105938699,1.396064722183167,6.260569117358608,3.3256189943335634,73.91253633370026,2441.0,91.39901120286004,26.60652001953844,23.43141423727196,10.288712530676571,24.548039923419225,78.65969772154973,83.13569548679752,82.91760913013348,48.68125448396288,69.55220310974043,45.01250742841852,56.73307482784029,47.73993593182012,59.20923133486666,46.743722548403056,75.14245763952172,97.0,69.0,62.0
Kitale,Nambale,2026-02-01 23:22:43.086192,106,12,93,4.320908537786247,82.34106509709147,4.688594617856684,4.49173826866748,7.805284604556718,61.08309482238462,14513,79.16342703474426,32.228450255995014,21.507334239034147,16.08112348522933,37.93559133663448,41.42767176527269,65.98979154737943,65.5346412125181,64.017493993812,71.81410539603883,75.56256799295,64.17192459044446,85.54747082911007,38.12303933538663,42.58502822112402,41.144153315532655,2,2026,15.0,84.0,4.80593169242249,88.63285777329006,2.8506346158778886,5.182002107993742,1.1928266581061548,75.04738403056561,12138.0,30.029005353235146,37.55343769182248,9.482585207988564,33.7199649102323,63.11236291499678,71.87430650740946,60.60449564264886,59.00510094131293,64.16082418805357,91.93736991862708,44.00106682022199,66.85297565210966,48.6562760031967,73.68022552798894,35.69934060394014,45.53041915276666,12.0,84.0,2.709386305996307,73.28722540623151,3.1944543167195425,8.700720508155445,3.7922306109732338,49.47355254733117,4205.0,60.88977108222525,19.95198276546499,8.968834071867908,12.152192182564436,20.455272053055296,49.419232353233625,62.77085050036264,82.89457933833168,62.46878350238234,50.58349390516568,52.164587849620766,59.52631215860213,68.23543657385434,37.75194294873273,12.004261854610768,69.66617811126942,16.0,52.0,3.917447262768606,70.66593298031954,1.6673564747600196,7.053654475054414,4.51345199082048,80.41261117382862,14228.0,49.9583085942812,41.14915195395079,7.171905255452485,25.19927939273093,28.05863650417254,27.70550280664641,49.43635677211929,48.85472031828612,96.39684617700853,45.916314259442416,67.70151344085149,70.98588885770019,61.62707930106778,64.32348812534268,21.60695653860426,38.64518716769415,100.0,97.0,69.0
Mombasa,Nyali,2025-06-01 23:22:43.086192,298,52,246,4.739677919946637,82.39359608525,3.6017329335656267,9.31130954241378,5.459260266502215,66.02373426896153,11403,41.73654462926576,19.47092004802281,22.08575506714316,17.94363699415318,33.46445246232135,60.506858929657206,57.65403461049525,87.11908181516532,63.62525953539264,55.10741133838472,57.42681246496086,60.68225683569205,53.95917489395884,71.82022704650218,23.3894692654406,55.44133163935784,6,2025,46.0,287.0,1.94213635631692,78.1433198677056,1.691351957214477,9.334610107545156,4.99593926612679,71.72006262746115,12436.0,47.58181053193432,29.75658382889951,8.994098820923268,20.594215789051184,61.20083533329738,42.64997661123499,44.78514836358329,52.40782934957943,62.78762586465098,51.32999099660304,79.2235644409874,80.40602350061098,56.820898438630806,54.9076640371712,55.77170901046705,70.51865340501618,46.0,292.0,3.042939256758223,91.96497654539974,1.1811230271691198,7.331895134278477,6.976855753513695,58.18562859353123,12555.0,35.301819442697074,19.085745921886563,10.14535792339106,10.273593039339213,48.322180807289726,45.36509653160039,36.59425726780668,78.24489237259161,90.28855561681638,56.5158288973084,69.84293159994331,79.98210325366455,62.19830882074653,55.78392820943654,16.506467292954696,74.37407486336548,35.0,273.0,0.9975277597017128,87.91005196187855,1.4894744272119411,3.559456263844077,7.106377838153003,46.10453640666848,2201.0,50.74658773493886,17.118651889225625,10.032433745267973,30.27085887537961,69.08682022695243,31.59473482434641,31.73829591057083,78.5972285461784,63.90405218934788,89.01730358466997,28.200994997061912,76.45781815835898,95.25717024647004,78.83557188311497,62.4159721472749,80.54687256066586,333.0,339.0,308.0
Mombasa,Nyali,2025-07-01 23:22:43.086192,262,42,219,0.8006635277269338,82.39518329452994,3.257529481423934,3.389948460398045,7.165996209903973,62.884112071732105,9714,86.76485389485894,31.174022983853057,20.201915511545664,12.974732298998903,44.13807172240339,36.20944945342814,58.03690027464996,61.61703207920911,43.26916915910456,71.3467607383464,31.841949478016275,37.05689456196927,96.8830207205276,58.31708252554981,24.96571546998142,62.69508372164485,7,2025,52.0,246.0,4.739677919946637,82.39359608525,3.6017329335656267,9.31130954241378,5.459260266502215,66.02373426896153,11403.0,41.73654462926576,19.47092004802281,22.08575506714316,17.94363699415318,33.46445246232135,60.506858929657206,57.65403461049525,87.11908181516532,63.62525953539264,55.10741133838472,57.42681246496086,60.68225683569205,53.95917489395884,71.82022704650218,23.3894692654406,55.44133163935784,46.0,287.0,1.94213635631692,78.1433198677056,1.691351957214477,9.334610107545156,4.99593926612679,71.72006262746115,12436.0,47.58181053193432,29.75658382889951,8.994098820923268,20.594215789051184,61.20083533329738,42.64997661123499,44.78514836358329,52.40782934957943,62.78762586465098,51.32999099660304,79.2235644409874,80.40602350061098,56.820898438630806,54.9076640371712,55.77170901046705,70.51865340501618,46.0,292.0,3.042939256758223,91.96497654539974,1.1811230271691198,7.331895134278477,6.976855753513695,58.18562859353123,12555.0,35.301819442697074,19.085745921886563,10.14535792339106,10.273593039339213,48.322180807289726,45.36509653160039,36.59425726780668,78.24489237259161,90.28855561681638,56.5158288973084,69.84293159994331,79.98210325366455,62.19830882074653,55.78392820943654,16.506467292954696,74.37407486336548,298.0,333.0,339.0
Mombasa,Nyali,2025-08-01 23:22:43.086192,202,36,165,3.146083992114592,86.99225391135074,1.1719172066510937,2.3051194587337376,4.734893776143857,60.77733463971663,8583,81.65308217113159,20.6769145906515,18.205041881341963,33.336015856507586,48.4191171069417,74.10830016111416,41.87539795773062,72.02721033586587,70.94023800524562,38.87145887493898,72.97057892443749,48.30465401729978,65.03929917386712,67.23554315115322,60.92497451685501,46.90998205569923,8,2025,42.0,219.0,0.8006635277269338,82.39518329452994,3.257529481423934,3.389948460398045,7.165996209903973,62.884112071732105,9714.0,86.76485389485894,31.174022983853057,20.201915511545664,12.974732298998903,44.13807172240339,36.20944945342814,58.03690027464996,61.61703207920911,43.26916915910456,71.3467607383464,31.841949478016275,37.05689456196927,96.8830207205276,58.31708252554981,24.96571546998142,62.69508372164485,52.0,246.0,4.739677919946637,82.39359608525,3.6017329335656267,9.31130954241378,5.459260266502215,66.02373426896153,11403.0,41.73654462926576,19.47092004802281,22.08575506714316,17.94363699415318,33.46445246232135,60.506858929657206,57.65403461049525,87.11908181516532,63.62525953539264,55.10741133838472,57.42681246496086,60.68225683569205,53.95917489395884,71.82022704650218,23.3894692654406,55.44133163935784,46.0,287.0,1.94213635631692,78.1433198677056,1.691351957214477,9.334610107545156,4.99593926612679,71.72006262746115,12436.0,47.58181053193432,29.75658382889951,8.994098820923268,20.594215789051184,61.20083533329738,42.64997661123499,44.78514836358329,52.40782934957943,62.78762586465098,51.32999099660304,79.2235644409874,80.40602350061098,56.820898438630806,54.9076640371712,55.77170901046705,70.51865340501618,262.0,298.0,333.0
Mombasa,Nyali,2025-09-01 23:22:43.086192,163,24,138,4.004722872793536,92.55430446975905,3.066424815392228,6.953285032282344,7.84977526844354,42.35664958100439,9489,61.381232486230616,29.061491342691355,19.90440664199691,25.27318133855827,39.48461087039267,28.905458057333774,62.92998749168618,51.70462039306307,67.46415153246535,86.43717686585424,65.27984315210304,73.99669065177525,95.46891951915993,63.586623825914295,65.11370151274542,40.90420002439304,9,2025,36.0,165.0,3.146083992114592,86.99225391135074,1.1719172066510937,2.3051194587337376,4.734893776143857,60.77733463971663,8583.0,81.65308217113159,20.6769145906515,18.205041881341963,33.336015856507586,48.4191171069417,74.10830016111416,41.87539795773062,72.02721033586587,70.94023800524562,38.87145887493898,72.97057892443749,48.30465401729978,65.03929917386712,67.23554315115322,60.92497451685501,46.90998205569923,42.0,219.0,0.8006635277269338,82.39518329452994,3.257529481423934,3.389948460398045,7.165996209903973,62.884112071732105,9714.0,86.76485389485894,31.174022983853057,20.201915511545664,12.974732298998903,44.13807172240339,36.20944945342814,58.03690027464996,61.61703207920911,43.26916915910456,71.3467607383464,31.841949478016275,37.05689456196927,96.8830207205276,58.31708252554981,24.96571546998142,62.69508372164485,52.0,246.0,4.739677919946637,82.39359608525,3.6017329335656267,9.31130954241378,5.459260266502215,66.02373426896153,11403.0,41.73654462926576,19.47092004802281,22.08575506714316,17.94363699415318,33.46445246232135,60.506858929657206,57.65403461049525,87.11908181516532,63.62525953539264,55.10741133838472,57.42681246496086,60.68225683569205,53.95917489395884,71.82022704650218,23.3894692654406,55.44133163935784,202.0,262.0,298.0
Mombasa,Nyali,2025-10-01 23:22:43.086192,245,60,185,0.5410568878592221,72.40774056789469,4.522438864253711,6.439320312607146,7.8999592396128016,77.42921966255462,2040,88.39842484272666,40.83467923213559,8.849670580917845,21.66641751547297,58.50568544700887,49.07229176764584,77.16427415884766,67.16767324234864,88.35159624632172,57.54464611491113,79.6092954239803,87.13953408487575,65.64473033271155,57.74803856924281,13.540104879188515,72.96161610984561,10,2025,24.0,138.0,4.004722872793536,92.55430446975905,3.066424815392228,6.953285032282344,7.84977526844354,42.35664958100439,9489.0,61.381232486230616,29.061491342691355,19.90440664199691,25.27318133855827,39.48461087039267,28.905458057333774,62.92998749168618,51.70462039306307,67.46415153246535,86.43717686585424,65.27984315210304,73.99669065177525,95.46891951915993,63.586623825914295,65.11370151274542,40.90420002439304,36.0,165.0,3.146083992114592,86.99225391135074,1.1719172066510937,2.3051194587337376,4.734893776143857,60.77733463971663,8583.0,81.65308217113159,20.6769145906515,18.205041881341963,33.336015856507586,48.4191171069417,74.10830016111416,41.87539795773062,72.02721033586587,70.94023800524562,38.87145887493898,72.97057892443749,48.30465401729978,65.03929917386712,67.23554315115322,60.92497451685501,46.90998205569923,42.0,219.0,0.8006635277269338,82.39518329452994,3.257529481423934,3.389948460398045,7.165996209903973,62.884112071732105,9714.0,86.76485389485894,31.174022983853057,20.201915511545664,12.974732298998903,44.13807172240339,36.20944945342814,58.03690027464996,61.61703207920911,43.26916915910456,71.3467607383464,31.841949478016275,37.05689456196927,96.8830207205276,58.31708252554981,24.96571546998142,62.69508372164485,163.0,202.0,262.0
Mombasa,Nyali,2025-11-01 23:22:43.086192,204,29,174,1.5978448118625548,87.92796078205295,2.5410193844174573,9.396093072088462,6.787029905362042,76.59407889205735,12100,57.65075623732322,30.01399185699017,16.59108453399091,21.86528820942725,39.49411650676031,33.927373934059915,41.71587622477952,67.9588766742225,70.61266553432635,78.26255260148383,78.12147767206534,56.4935055884644,94.51065536181662,46.9411566617339,17.001483847078052,75.88533895263465,11,2025,60.0,185.0,0.5410568878592221,72.40774056789469,4.522438864253711,6.439320312607146,7.8999592396128016,77.42921966255462,2040.0,88.39842484272666,40.83467923213559,8.849670580917845,21.66641751547297,58.50568544700887,49.07229176764584,77.16427415884766,67.16767324234864,88.35159624632172,57.54464611491113,79.6092954239803,87.13953408487575,65.64473033271155,57.74803856924281,13.540104879188515,72.96161610984561,24.0,138.0,4.004722872793536,92.55430446975905,3.066424815392228,6.953285032282344,7.84977526844354,42.35664958100439,9489.0,61.381232486230616,29.061491342691355,19.90440664199691,25.27318133855827,39.48461087039267,28.905458057333774,62.92998749168618,51.70462039306307,67.46415153246535,86.43717686585424,65.27984315210304,73.99669065177525,95.46891951915993,63.586623825914295,65.11370151274542,40.90420002439304,36.0,165.0,3.146083992114592,86.99225391135074,1.1719172066510937,2.3051194587337376,4.734893776143857,60.77733463971663,8583.0,81.65308217113159,20.6769145906515,18.205041881341963,33.336015856507586,48.4191171069417,74.10830016111416,41.87539795773062,72.02721033586587,70.94023800524562,38.87145887493898,72.97057892443749,48.30465401729978,65.03929917386712,67.23554315115322,60.92497451685501,46.90998205569923,245.0,163.0,202.0
Mombasa,Nyali,2025-12-01 23:22:43.086192,214,32,181,4.472997097328673,78.97276203339099,3.132096520614273,5.268029780725902,1.3330857681082322,70.98362756873493,7352,37.61083177707443,18.996709792138237,22.11930916112424,34.38477719647811,65.21951085066448,56.212941288066126,34.150275099834765,66.31236323495577,73.87523064232198,73.91585907433564,65.77482316290204,74.5357818153957,81.37524842032957,38.73681173895759,45.389348252168766,43.7345147805032,12,2025,29.0,174.0,1.5978448118625548,87.92796078205295,2.5410193844174573,9.396093072088462,6.787029905362042,76.59407889205735,12100.0,57.65075623732322,30.01399185699017,16.59108453399091,21.86528820942725,39.49411650676031,33.927373934059915,41.71587622477952,67.9588766742225,70.61266553432635,78.26255260148383,78.12147767206534,56.4935055884644,94.51065536181662,46.9411566617339,17.001483847078052,75.88533895263465,60.0,185.0,0.5410568878592221,72.40774056789469,4.522438864253711,6.439320312607146,7.8999592396128016,77.42921966255462,2040.0,88.39842484272666,40.83467923213559,8.849670580917845,21.66641751547297,58.50568544700887,49.07229176764584,77.16427415884766,67.16767324234864,88.35159624632172,57.54464611491113,79.6092954239803,87.13953408487575,65.64473033271155,57.74803856924281,13.540104879188515,72.96161610984561,24.0,138.0,4.004722872793536,92.55430446975905,3.066424815392228,6.953285032282344,7.84977526844354,42.35664958100439,9489.0,61.381232486230616,29.061491342691355,19.90440664199691,25.27318133855827,39.48461087039267,28.905458057333774,62.92998749168618,51.70462039306307,67.46415153246535,86.43717686585424,65.27984315210304,73.99669065177525,95.46891951915993,63.586623825914295,65.11370151274542,40.90420002439304,204.0,245.0,163.0
Mombasa,Nyali,2026-01-01 23:22:43.086192,339,39,300,4.244031448673731,84.20273699628628,4.38988316806242,5.69194498211565,4.139779540612541,80.94909917939754,8696,30.27033900473403,29.80689627149392,7.837926107276248,27.9639994027987,33.654782372514994,46.19236538968211,57.66336801213616,76.47209026732497,54.96294571535852,78.07731465228557,61.80363936765696,48.7737817909711,49.76001104146847,67.88871967677844,18.871626677710413,40.688106973396486,1,2026,32.0,181.0,4.472997097328673,78.97276203339099,3.132096520614273,5.268029780725902,1.3330857681082322,70.98362756873493,7352.0,37.61083177707443,18.996709792138237,22.11930916112424,34.38477719647811,65.21951085066448,56.212941288066126,34.150275099834765,66.31236323495577,73.87523064232198,73.91585907433564,65.77482316290204,74.5357818153957,81.37524842032957,38.73681173895759,45.389348252168766,43.7345147805032,29.0,174.0,1.5978448118625548,87.92796078205295,2.5410193844174573,9.396093072088462,6.787029905362042,76.59407889205735,12100.0,57.65075623732322,30.01399185699017,16.59108453399091,21.86528820942725,39.49411650676031,33.927373934059915,41.71587622477952,67.9588766742225,70.61266553432635,78.26255260148383,78.12147767206534,56.4935055884644,94.51065536181662,46.9411566617339,17.001483847078052,75.88533895263465,60.0,185.0,0.5410568878592221,72.40774056789469,4.522438864253711,6.439320312607146,7.8999592396128016,77.42921966255462,2040.0,88.39842484272666,40.83467923213559,8.849670580917845,21.66641751547297,58.50568544700887,49.07229176764584,77.16427415884766,67.16767324234864,88.35159624632172,57.54464611491113,79.6092954239803,87.13953408487575,65.64473033271155,57.74803856924281,13.540104879188515,72.96161610984561,214.0,204.0,245.0
Mombasa,Nyali,2026-02-01 23:22:43.086192,353,70,283,4.569484124193737,71.83464651677049,4.704728968201343,3.8634290339259074,7.829922979290249,81.30015440838139,13782,65.46086866710392,19.659138707130975,15.059299406968478,10.339545001326538,48.062775598414106,41.00656008151415,63.77131910295209,66.71472727898635,42.15793336753086,90.82658010682532,66.22965350915749,39.10977942563464,85.88968356108899,48.11741206025634,16.47586532039895,31.186244467343528,2,2026,39.0,300.0,4.244031448673731,84.20273699628628,4.38988316806242,5.69194498211565,4.139779540612541,80.94909917939754,8696.0,30.27033900473403,29.80689627149392,7.837926107276248,27.9639994027987,33.654782372514994,46.19236538968211,57.66336801213616,76.47209026732497,54.96294571535852,78.07731465228557,61.80363936765696,48.7737817909711,49.76001104146847,67.88871967677844,18.871626677710413,40.688106973396486,32.0,181.0,4.472997097328673,78.97276203339099,3.132096520614273,5.268029780725902,1.3330857681082322,70.98362756873493,7352.0,37.61083177707443,18.996709792138237,22.11930916112424,34.38477719647811,65.21951085066448,56.212941288066126,34.150275099834765,66.31236323495577,73.87523064232198,73.91585907433564,65.77482316290204,74.5357818153957,81.37524842032957,38.73681173895759,45.389348252168766,43.7345147805032,29.0,174.0,1.5978448118625548,87.92796078205295,2.5410193844174573,9.396093072088462,6.787029905362042,76.59407889205735,12100.0,57.65075623732322,30.01399185699017,16.59108453399091,21.86528820942725,39.49411650676031,33.927373934059915,41.71587622477952,67.9588766742225,70.61266553432635,78.26255260148383,78.12147767206534,56.4935055884644,94.51065536181662,46.9411566617339,17.001483847078052,75.88533895263465,339.0,214.0,204.0
Kisumu,Nyando,2025-06-01 23:22:43.086192,94,17,76,2.1459792000840583,73.3111427042747,1.528647629137776,5.037375666240613,7.510520973050872,45.472614039432266,5846,89.635395971126,25.07741237359532,17.014794042980164,27.667882182165503,48.59096144376121,64.5655061942476,61.9541733295935,49.46796321806607,49.227453079185125,82.90556728597267,49.06866853066954,35.05941347383281,51.821547678995074,28.50315455872348,65.12829419074836,48.42877212141475,6,2025,19.0,91.0,4.891290427439169,70.42051541956938,1.904442175178922,7.46532037353865,2.824857761808373,75.32379991463273,3638.0,35.36464570594339,42.27153533870044,24.043778481943587,11.739862861587929,36.58437653129194,52.01858733897545,81.56773401642948,85.04796359464319,45.853230623112765,69.63416171180418,37.16572962497187,45.85523100123631,63.03046441239528,46.97679427207154,52.01039034443557,55.53908013463027,16.0,124.0,3.242938368499376,90.01469799629577,3.702191781924878,9.49655046830992,2.4675053495328383,46.560057532693655,3474.0,35.997815248835394,15.802504917717998,11.192186430346618,19.38760318067096,24.094586414073063,58.424927691390224,61.33256168517552,77.86096204513217,93.00293792408658,92.6405655524588,36.61851948237803,57.894027864199074,71.8609656528935,31.310575379115814,34.81165615017453,66.12791487774271,28.0,118.0,4.830232026032807,84.10226747519586,2.667668149425809,2.5500859681411727,4.3800667959491415,44.4372274885486,2905.0,36.36737115600496,43.542846712060616,11.87412753549686,32.730005622764395,53.88615105962487,52.08673720351648,31.13333355372431,76.47241933469792,50.92064695527262,50.01371284006887,46.82063723274681,77.94795738006738,87.04897748538284,30.836764578792543,23.935327236303426,46.630206958979606,110.0,141.0,146.0
Kisumu,Nyando,2025-07-01 23:22:43.086192,92,14,77,4.572064167068183,92.9486262679401,3.857218612049399,6.065925995092343,3.43695480256107,57.69039452162751,12523,72.76155026505305,16.009669956173433,11.325795982060816,29.1535374784428,25.302998077665062,62.93193719052396,62.09553609433589,59.31654469841634,78.93587022431086,38.496450440902365,58.67970959609448,70.19274438648571,56.59585381560511,35.54562754942903,62.4121172830785,33.17404176323979,7,2025,17.0,76.0,2.1459792000840583,73.3111427042747,1.528647629137776,5.037375666240613,7.510520973050872,45.472614039432266,5846.0,89.635395971126,25.07741237359532,17.014794042980164,27.667882182165503,48.59096144376121,64.5655061942476,61.9541733295935,49.46796321806607,49.227453079185125,82.90556728597267,49.06866853066954,35.05941347383281,51.821547678995074,28.50315455872348,65.12829419074836,48.42877212141475,19.0,91.0,4.891290427439169,70.42051541956938,1.904442175178922,7.46532037353865,2.824857761808373,75.32379991463273,3638.0,35.36464570594339,42.27153533870044,24.043778481943587,11.739862861587929,36.58437653129194,52.01858733897545,81.56773401642948,85.04796359464319,45.853230623112765,69.63416171180418,37.16572962497187,45.85523100123631,63.03046441239528,46.97679427207154,52.01039034443557,55.53908013463027,16.0,124.0,3.242938368499376,90.01469799629577,3.702191781924878,9.49655046830992,2.4675053495328383,46.560057532693655,3474.0,35.997815248835394,15.802504917717998,11.192186430346618,19.38760318067096,24.094586414073063,58.424927691390224,61.33256168517552,77.86096204513217,93.00293792408658,92.6405655524588,36.61851948237803,57.894027864199074,71.8609656528935,31.310575379115814,34.81165615017453,66.12791487774271,94.0,110.0,141.0
Kisumu,Nyando,2025-08-01 23:22:43.086192,89,11,78,0.8680414573897084,84.3031244640324,3.349529861613972,4.998248138149944,6.294611110963853,51.67704742900865,7424,64.01321796323333,33.73457797051153,14.326472190792218,16.473586046534898,27.479206386616404,75.0013177474744,31.33341548725885,58.37462118950808,87.71725495783926,63.984546607687584,70.62154431581754,39.569635152244814,93.93239920568836,31.88833197679197,44.40062307282136,64.89698664528825,8,2025,14.0,77.0,4.572064167068183,92.9486262679401,3.857218612049399,6.065925995092343,3.43695480256107,57.69039452162751,12523.0,72.76155026505305,16.009669956173433,11.325795982060816,29.1535374784428,25.302998077665062,62.93193719052396,62.09553609433589,59.31654469841634,78.93587022431086,38.496450440902365,58.67970959609448,70.19274438648571,56.59585381560511,35.54562754942903,62.4121172830785,33.17404176323979,17.0,76.0,2.1459792000840583,73.3111427042747,1.528647629137776,5.037375666240613,7.510520973050872,45.472614039432266,5846.0,89.635395971126,25.07741237359532,17.014794042980164,27.667882182165503,48.59096144376121,64.5655061942476,61.9541733295935,49.46796321806607,49.227453079185125,82.90556728597267,49.06866853066954,35.05941347383281,51.821547678995074,28.50315455872348,65.12829419074836,48.42877212141475,19.0,91.0,4.891290427439169,70.42051541956938,1.904442175178922,7.46532037353865,2.824857761808373,75.32379991463273,3638.0,35.36464570594339,42.27153533870044,24.043778481943587,11.739862861587929,36.58437653129194,52.01858733897545,81.56773401642948,85.04796359464319,45.853230623112765,69.63416171180418,37.16572962497187,45.85523100123631,63.03046441239528,46.97679427207154,52.01039034443557,55.53908013463027,92.0,94.0,110.0
Kisumu,Nyando,2025-09-01 23:22:43.086192,66,13,52,4.6555728419483104,86.56717961913407,4.132274183395518,8.738802004132317,3.8144243323083815,84.40190562671329,4965,70.67760834641611,21.13842545791699,24.83162090906706,29.74287281409876,62.190257572853625,52.379413353767376,65.36481616747794,53.590450314444695,70.51597158430734,78.38543558454427,28.74037050153546,71.71314879265591,71.53146532030748,63.67645607756146,42.78074069652301,36.12641305708354,9,2025,11.0,78.0,0.8680414573897084,84.3031244640324,3.349529861613972,4.998248138149944,6.294611110963853,51.67704742900865,7424.0,64.01321796323333,33.73457797051153,14.326472190792218,16.473586046534898,27.479206386616404,75.0013177474744,31.33341548725885,58.37462118950808,87.71725495783926,63.984546607687584,70.62154431581754,39.569635152244814,93.93239920568836,31.88833197679197,44.40062307282136,64.89698664528825,14.0,77.0,4.572064167068183,92.9486262679401,3.857218612049399,6.065925995092343,3.43695480256107,57.69039452162751,12523.0,72.76155026505305,16.009669956173433,11.325795982060816,29.1535374784428,25.302998077665062,62.93193719052396,62.09553609433589,59.31654469841634,78.93587022431086,38.496450440902365,58.67970959609448,70.19274438648571,56.59585381560511,35.54562754942903,62.4121172830785,33.17404176323979,17.0,76.0,2.1459792000840583,73.3111427042747,1.528647629137776,5.037375666240613,7.510520973050872,45.472614039432266,5846.0,89.635395971126,25.07741237359532,17.014794042980164,27.667882182165503,48.59096144376121,64.5655061942476,61.9541733295935,49.46796321806607,49.227453079185125,82.90556728597267,49.06866853066954,35.05941347383281,51.821547678995074,28.50315455872348,65.12829419074836,48.42877212141475,89.0,92.0,94.0
Kisumu,Nyando,2025-10-01 23:22:43.086192,68,9,58,3.666730821957788,91.2732960670959,1.001796992652337,8.970354243798353,2.8500764801916176,68.13146041490276,5488,42.635829503038,20.23767090162963,16.709600270717207,15.227452773882248,58.22039178660195,31.505146859581277,35.35145381234056,64.11613056505502,70.9425083739956,66.7940273626594,30.416408487860167,88.98572716932802,57.930775496209854,33.87391231862401,26.511667164430516,81.97079724432112,10,2025,13.0,52.0,4.6555728419483104,86.56717961913407,4.132274183395518,8.738802004132317,3.8144243323083815,84.40190562671329,4965.0,70.67760834641611,21.13842545791699,24.83162090906706,29.74287281409876,62.190257572853625,52.379413353767376,65.36481616747794,53.590450314444695,70.51597158430734,78.38543558454427,28.74037050153546,71.71314879265591,71.53146532030748,63.67645607756146,42.78074069652301,36.12641305708354,11.0,78.0,0.8680414573897084,84.3031244640324,3.349529861613972,4.998248138149944,6.294611110963853,51.67704742900865,7424.0,64.01321796323333,33.73457797051153,14.326472190792218,16.473586046534898,27.479206386616404,75.0013177474744,31.33341548725885,58.37462118950808,87.71725495783926,63.984546607687584,70.62154431581754,39.569635152244814,93.93239920568836,31.88833197679197,44.40062307282136,64.89698664528825,14.0,77.0,4.572064167068183,92.9486262679401,3.857218612049399,6.065925995092343,3.43695480256107,57.69039452162751,12523.0,72.76155026505305,16.009669956173433,11.325795982060816,29.1535374784428,25.302998077665062,62.93193719052396,62.09553609433589,59.31654469841634,78.93587022431086,38.496450440902365,58.67970959609448,70.19274438648571,56.59585381560511,35.54562754942903,62.4121172830785,33.17404176323979,66.0,89.0,92.0
Kisumu,Nyando,2025-11-01 23:22:43.086192,90,20,69,2.7875531580908666,88.3527710268978,2.724565078732389,5.817385583801116,1.6149149204077595,64.75977630445043,10143,61.47455088075338,26.756436507166107,5.351761296467778,25.595416844909217,61.59537370987923,78.87530571274428,68.24913134125956,42.49127434209209,96.8023101723997,53.89459554317166,72.55629990491684,48.60616771565762,86.3007629490347,31.32706867147259,63.40065296155974,61.01787546869321,11,2025,9.0,58.0,3.666730821957788,91.2732960670959,1.001796992652337,8.970354243798353,2.8500764801916176,68.13146041490276,5488.0,42.635829503038,20.23767090162963,16.709600270717207,15.227452773882248,58.22039178660195,31.505146859581277,35.35145381234056,64.11613056505502,70.9425083739956,66.7940273626594,30.416408487860167,88.98572716932802,57.930775496209854,33.87391231862401,26.511667164430516,81.97079724432112,13.0,52.0,4.6555728419483104,86.56717961913407,4.132274183395518,8.738802004132317,3.8144243323083815,84.40190562671329,4965.0,70.67760834641611,21.13842545791699,24.83162090906706,29.74287281409876,62.190257572853625,52.379413353767376,65.36481616747794,53.590450314444695,70.51597158430734,78.38543558454427,28.74037050153546,71.71314879265591,71.53146532030748,63.67645607756146,42.78074069652301,36.12641305708354,11.0,78.0,0.8680414573897084,84.3031244640324,3.349529861613972,4.998248138149944,6.294611110963853,51.67704742900865,7424.0,64.01321796323333,33.73457797051153,14.326472190792218,16.473586046534898,27.479206386616404,75.0013177474744,31.33341548725885,58.37462118950808,87.71725495783926,63.984546607687584,70.62154431581754,39.569635152244814,93.93239920568836,31.88833197679197,44.40062307282136,64.89698664528825,68.0,66.0,89.0
Kisumu,Nyando,2025-12-01 23:22:43.086192,101,10,91,1.6696845700497285,75.23388622880915,3.787134110031329,2.729562977027004,2.6137719035733538,40.28917944136533,4465,66.75794614222558,25.557822372066333,13.752131984291294,20.18976104675132,58.759110946750575,51.63982946652103,60.814606786570806,79.45136532702924,59.98242857810841,54.03406961972874,40.55258760048327,41.09139650118496,84.85533501039416,38.727657475517965,52.23500258452184,44.495506172147095,12,2025,20.0,69.0,2.7875531580908666,88.3527710268978,2.724565078732389,5.817385583801116,1.6149149204077595,64.75977630445043,10143.0,61.47455088075338,26.756436507166107,5.351761296467778,25.595416844909217,61.59537370987923,78.87530571274428,68.24913134125956,42.49127434209209,96.8023101723997,53.89459554317166,72.55629990491684,48.60616771565762,86.3007629490347,31.32706867147259,63.40065296155974,61.01787546869321,9.0,58.0,3.666730821957788,91.2732960670959,1.001796992652337,8.970354243798353,2.8500764801916176,68.13146041490276,5488.0,42.635829503038,20.23767090162963,16.709600270717207,15.227452773882248,58.22039178660195,31.505146859581277,35.35145381234056,64.11613056505502,70.9425083739956,66.7940273626594,30.416408487860167,88.98572716932802,57.930775496209854,33.87391231862401,26.511667164430516,81.97079724432112,13.0,52.0,4.6555728419483104,86.56717961913407,4.132274183395518,8.738802004132317,3.8144243323083815,84.40190562671329,4965.0,70.67760834641611,21.13842545791699,24.83162090906706,29.74287281409876,62.190257572853625,52.379413353767376,65.36481616747794,53.590450314444695,70.51597158430734,78.38543558454427,28.74037050153546,71.71314879265591,71.53146532030748,63.67645607756146,42.78074069652301,36.12641305708354,90.0,68.0,66.0
Kisumu,Nyando,2026-01-01 23:22:43.086192,125,27,98,3.862840120682559,85.93413476712777,3.451737367574077,6.682473192110366,1.2191088374523664,68.42192221349522,7491,55.41533367476424,34.0606611575836,22.02554811051809,21.68338368011401,53.381374330091866,46.044205716782216,61.12039190071365,53.35718776406297,45.869494663608535,52.64695730274619,33.756741356572405,63.12779972426094,51.19506145708704,54.8936788774901,49.738731181522326,76.48573993888479,1,2026,10.0,91.0,1.6696845700497285,75.23388622880915,3.787134110031329,2.729562977027004,2.6137719035733538,40.28917944136533,4465.0,66.75794614222558,25.557822372066333,13.752131984291294,20.18976104675132,58.759110946750575,51.63982946652103,60.814606786570806,79.45136532702924,59.98242857810841,54.03406961972874,40.55258760048327,41.09139650118496,84.85533501039416,38.727657475517965,52.23500258452184,44.495506172147095,20.0,69.0,2.7875531580908666,88.3527710268978,2.724565078732389,5.817385583801116,1.6149149204077595,64.75977630445043,10143.0,61.47455088075338,26.756436507166107,5.351761296467778,25.595416844909217,61.59537370987923,78.87530571274428,68.24913134125956,42.49127434209209,96.8023101723997,53.89459554317166,72.55629990491684,48.60616771565762,86.3007629490347,31.32706867147259,63.40065296155974,61.01787546869321,9.0,58.0,3.666730821957788,91.2732960670959,1.001796992652337,8.970354243798353,2.8500764801916176,68.13146041490276,5488.0,42.635829503038,20.23767090162963,16.709600270717207,15.227452773882248,58.22039178660195,31.505146859581277,35.35145381234056,64.11613056505502,70.9425083739956,66.7940273626594,30.416408487860167,88.98572716932802,57.930775496209854,33.87391231862401,26.511667164430516,81.97079724432112,101.0,90.0,68.0
Kisumu,Nyando,2026-02-01 23:22:43.086192,123,16,106,0.5420278076688969,85.0893692633753,1.94206511274621,8.028800167304766,1.394617467936007,71.70296475887727,6571,59.45224360480303,30.10770323817725,14.07864304468962,29.02653541529386,21.954844622653347,61.19604316850954,68.45100090003308,56.137754683978656,58.08006084989469,93.58495085777648,71.06561391618433,76.06595098400489,80.57676380675724,59.478109967174944,49.12995705234035,30.13867945632261,2,2026,27.0,98.0,3.862840120682559,85.93413476712777,3.451737367574077,6.682473192110366,1.2191088374523664,68.42192221349522,7491.0,55.41533367476424,34.0606611575836,22.02554811051809,21.68338368011401,53.381374330091866,46.044205716782216,61.12039190071365,53.35718776406297,45.869494663608535,52.64695730274619,33.756741356572405,63.12779972426094,51.19506145708704,54.8936788774901,49.738731181522326,76.48573993888479,10.0,91.0,1.6696845700497285,75.23388622880915,3.787134110031329,2.729562977027004,2.6137719035733538,40.28917944136533,4465.0,66.75794614222558,25.557822372066333,13.752131984291294,20.18976104675132,58.759110946750575,51.63982946652103,60.814606786570806,79.45136532702924,59.98242857810841,54.03406961972874,40.55258760048327,41.09139650118496,84.85533501039416,38.727657475517965,52.23500258452184,44.495506172147095,20.0,69.0,2.7875531580908666,88.3527710268978,2.724565078732389,5.817385583801116,1.6149149204077595,64.75977630445043,10143.0,61.47455088075338,26.756436507166107,5.351761296467778,25.595416844909217,61.59537370987923,78.87530571274428,68.24913134125956,42.49127434209209,96.8023101723997,53.89459554317166,72.55629990491684,48.60616771565762,86.3007629490347,31.32706867147259,63.40065296155974,61.01787546869321,125.0,101.0,90.0
Malindi,Rabai,2025-06-01 23:22:43.086192,248,39,208,2.848228627783455,79.88084318537287,3.2261322738392697,9.202051077103263,1.978528351576467,52.27470275228637,7971,44.94767730412222,29.722931759447427,6.634715687682626,27.999136104575623,49.92869644069742,36.40229133690452,43.86469753617645,77.69334713324068,83.35430306884399,53.15350616163265,36.856384449272,34.83038654489397,81.08478956605398,43.19363955552227,41.8403767493274,72.06385891601066,6,2025,41.0,218.0,4.455780484239489,75.81790629750174,1.8507252513901449,2.35433637559977,4.817441500708114,65.61165891789675,11374.0,92.1529958379747,22.219321548643293,11.388179939750728,30.76651895774569,26.2396662141982,31.84190879437722,68.87251151118707,75.59274250801458,54.03311285895638,37.43779205204605,65.58409670854074,46.10433134012746,81.53925364207278,41.803465694009326,68.31921086614261,73.33849231120925,34.0,299.0,2.215591710417858,91.4726900079202,3.911297289316071,6.802022718114013,6.4900158084377,44.68979096058088,7412.0,85.91791614079301,16.64193391704469,11.230064088661749,11.975721468883144,59.032594107569246,78.43187830298449,64.13549112069833,57.657147044402464,66.07574755726561,84.1847079849885,56.19823310584685,76.74176849379313,82.12266002222474,49.237536261368255,53.16686452337882,33.53203856428175,67.0,271.0,0.7854334056036035,83.68217711175699,4.009067364773825,2.955798451089993,2.3531497171723994,41.04846389518514,10900.0,57.91541702365832,44.373491358027,11.924845727635716,23.369631600861545,58.30752029992827,38.81444329783351,70.32509764988824,75.65809620013155,71.23849073181047,45.88257822844662,53.28944806990247,42.9724871649492,85.7727345878993,76.50169503483914,13.707690265971904,37.16107092966977,259.0,333.0,339.0
Malindi,Rabai,2025-07-01 23:22:43.086192,204,47,156,3.4733272276790865,92.65561717256018,3.82798105314056,6.639107985101038,6.416645811516581,51.75549863901932,7608,47.371100762702426,40.38043986246518,24.0734979798112,16.570058218004757,41.78767431846086,37.457812721781735,57.27571418060131,47.443210496790726,91.96240509787636,37.8898340867181,54.88748032550251,67.87095243378813,61.64849992734293,73.3662321007968,37.67155298414095,65.62826857869214,7,2025,39.0,208.0,2.848228627783455,79.88084318537287,3.2261322738392697,9.202051077103263,1.978528351576467,52.27470275228637,7971.0,44.94767730412222,29.722931759447427,6.634715687682626,27.999136104575623,49.92869644069742,36.40229133690452,43.86469753617645,77.69334713324068,83.35430306884399,53.15350616163265,36.856384449272,34.83038654489397,81.08478956605398,43.19363955552227,41.8403767493274,72.06385891601066,41.0,218.0,4.455780484239489,75.81790629750174,1.8507252513901449,2.35433637559977,4.817441500708114,65.61165891789675,11374.0,92.1529958379747,22.219321548643293,11.388179939750728,30.76651895774569,26.2396662141982,31.84190879437722,68.87251151118707,75.59274250801458,54.03311285895638,37.43779205204605,65.58409670854074,46.10433134012746,81.53925364207278,41.803465694009326,68.31921086614261,73.33849231120925,34.0,299.0,2.215591710417858,91.4726900079202,3.911297289316071,6.802022718114013,6.4900158084377,44.68979096058088,7412.0,85.91791614079301,16.64193391704469,11.230064088661749,11.975721468883144,59.032594107569246,78.43187830298449,64.13549112069833,57.657147044402464,66.07574755726561,84.1847079849885,56.19823310584685,76.74176849379313,82.12266002222474,49.237536261368255,53.16686452337882,33.53203856428175,248.0,259.0,333.0
Malindi,Rabai,2025-08-01 23:22:43.086192,193,30,162,0.8251411607772177,84.9132087315003,2.976021502369013,4.328235794783034,5.199759042571597,79.64224105186769,4520,51.853129927435134,41.13483827053688,14.18513047807768,15.762807257578904,45.84616169126841,37.385668020777445,84.57948619227933,41.24297919294128,71.08953802407923,68.3532874077979,41.11466395939166,75.42287671104401,89.5870894363197,42.56776374097812,64.01984531488473,45.39960750828959,8,2025,47.0,156.0,3.4733272276790865,92.65561717256018,3.82798105314056,6.639107985101038,6.416645811516581,51.75549863901932,7608.0,47.371100762702426,40.38043986246518,24.0734979798112,16.570058218004757,41.78767431846086,37.457812721781735,57.27571418060131,47.443210496790726,91.96240509787636,37.8898340867181,54.88748032550251,67.87095243378813,61.64849992734293,73.3662321007968,37.67155298414095,65.62826857869214,39.0,208.0,2.848228627783455,79.88084318537287,3.2261322738392697,9.202051077103263,1.978528351576467,52.27470275228637,7971.0,44.94767730412222,29.722931759447427,6.634715687682626,27.999136104575623,49.92869644069742,36.40229133690452,43.86469753617645,77.69334713324068,83.35430306884399,53.15350616163265,36.856384449272,34.83038654489397,81.08478956605398,43.19363955552227,41.8403767493274,72.06385891601066,41.0,218.0,4.455780484239489,75.81790629750174,1.8507252513901449,2.35433637559977,4.817441500708114,65.61165891789675,11374.0,92.1529958379747,22.219321548643293,11.388179939750728,30.76651895774569,26.2396662141982,31.84190879437722,68.87251151118707,75.59274250801458,54.03311285895638,37.43779205204605,65.58409670854074,46.10433134012746,81.53925364207278,41.803465694009326,68.31921086614261,73.33849231120925,204.0,248.0,259.0
Malindi,Rabai,2025-09-01 23:22:43.086192,163,34,128,0.8094341300911163,94.46259458711565,1.9715215710052911,2.439132492722562,5.0437442095157206,44.12971867714284,12119,42.255703560120594,42.755947134765165,21.77617458431328,16.99838241409748,39.40538676348965,57.13551782522133,69.49957616935792,83.64570684343806,78.05149145535714,43.83491642197508,64.3864056511988,57.216268530615736,66.08440358616932,32.98450808053248,32.523495636372594,80.34801933635137,9,2025,30.0,162.0,0.8251411607772177,84.9132087315003,2.976021502369013,4.328235794783034,5.199759042571597,79.64224105186769,4520.0,51.853129927435134,41.13483827053688,14.18513047807768,15.762807257578904,45.84616169126841,37.385668020777445,84.57948619227933,41.24297919294128,71.08953802407923,68.3532874077979,41.11466395939166,75.42287671104401,89.5870894363197,42.56776374097812,64.01984531488473,45.39960750828959,47.0,156.0,3.4733272276790865,92.65561717256018,3.82798105314056,6.639107985101038,6.416645811516581,51.75549863901932,7608.0,47.371100762702426,40.38043986246518,24.0734979798112,16.570058218004757,41.78767431846086,37.457812721781735,57.27571418060131,47.443210496790726,91.96240509787636,37.8898340867181,54.88748032550251,67.87095243378813,61.64849992734293,73.3662321007968,37.67155298414095,65.62826857869214,39.0,208.0,2.848228627783455,79.88084318537287,3.2261322738392697,9.202051077103263,1.978528351576467,52.27470275228637,7971.0,44.94767730412222,29.722931759447427,6.634715687682626,27.999136104575623,49.92869644069742,36.40229133690452,43.86469753617645,77.69334713324068,83.35430306884399,53.15350616163265,36.856384449272,34.83038654489397,81.08478956605398,43.19363955552227,41.8403767493274,72.06385891601066,193.0,204.0,248.0
Malindi,Rabai,2025-10-01 23:22:43.086192,158,25,132,1.0143952115395316,90.21315981466108,4.845283113232919,9.604602304317044,7.994303111893286,71.74901392355827,7424,47.0223936986537,16.3701465032558,19.752372788839008,24.68853946857623,39.68504989135894,34.56532881838125,62.088607393962185,66.07942173667686,67.5150967501457,69.78833480089834,62.35773925769461,32.897551532394864,56.78321973748891,41.58167450826343,16.179385575773487,61.06906040095221,10,2025,34.0,128.0,0.8094341300911163,94.46259458711565,1.9715215710052911,2.439132492722562,5.0437442095157206,44.12971867714284,12119.0,42.255703560120594,42.755947134765165,21.77617458431328,16.99838241409748,39.40538676348965,57.13551782522133,69.49957616935792,83.64570684343806,78.05149145535714,43.83491642197508,64.3864056511988,57.216268530615736,66.08440358616932,32.98450808053248,32.523495636372594,80.34801933635137,30.0,162.0,0.8251411607772177,84.9132087315003,2.976021502369013,4.328235794783034,5.199759042571597,79.64224105186769,4520.0,51.853129927435134,41.13483827053688,14.18513047807768,15.762807257578904,45.84616169126841,37.385668020777445,84.57948619227933,41.24297919294128,71.08953802407923,68.3532874077979,41.11466395939166,75.42287671104401,89.5870894363197,42.56776374097812,64.01984531488473,45.39960750828959,47.0,156.0,3.4733272276790865,92.65561717256018,3.82798105314056,6.639107985101038,6.416645811516581,51.75549863901932,7608.0,47.371100762702426,40.38043986246518,24.0734979798112,16.570058218004757,41.78767431846086,37.457812721781735,57.27571418060131,47.443210496790726,91.96240509787636,37.8898340867181,54.88748032550251,67.87095243378813,61.64849992734293,73.3662321007968,37.67155298414095,65.62826857869214,163.0,193.0,204.0
Malindi,Rabai,2025-11-01 23:22:43.086192,244,38,205,1.504674208252575,73.68758482427673,3.4541947164975992,9.900957971019889,5.446083438412423,54.8256634961515,7078,49.37418396457145,32.29779509293661,11.571670970368956,31.427607449245738,29.124425384916183,55.21841290448285,63.4857045445632,69.00559261785268,83.07717144110251,92.56633488888568,81.49594899017063,65.80600039449203,59.17411042986467,44.64116958533154,19.262734932402267,40.5089096573655,11,2025,25.0,132.0,1.0143952115395316,90.21315981466108,4.845283113232919,9.604602304317044,7.994303111893286,71.74901392355827,7424.0,47.0223936986537,16.3701465032558,19.752372788839008,24.68853946857623,39.68504989135894,34.56532881838125,62.088607393962185,66.07942173667686,67.5150967501457,69.78833480089834,62.35773925769461,32.897551532394864,56.78321973748891,41.58167450826343,16.179385575773487,61.06906040095221,34.0,128.0,0.8094341300911163,94.46259458711565,1.9715215710052911,2.439132492722562,5.0437442095157206,44.12971867714284,12119.0,42.255703560120594,42.755947134765165,21.77617458431328,16.99838241409748,39.40538676348965,57.13551782522133,69.49957616935792,83.64570684343806,78.05149145535714,43.83491642197508,64.3864056511988,57.216268530615736,66.08440358616932,32.98450808053248,32.523495636372594,80.34801933635137,30.0,162.0,0.8251411607772177,84.9132087315003,2.976021502369013,4.328235794783034,5.199759042571597,79.64224105186769,4520.0,51.853129927435134,41.13483827053688,14.18513047807768,15.762807257578904,45.84616169126841,37.385668020777445,84.57948619227933,41.24297919294128,71.08953802407923,68.3532874077979,41.11466395939166,75.42287671104401,89.5870894363197,42.56776374097812,64.01984531488473,45.39960750828959,158.0,163.0,193.0
Malindi,Rabai,2025-12-01 23:22:43.086192,283,44,239,0.9351138607488194,85.68774243404839,4.492667743445828,7.9589071463125025,7.701047588046528,70.1453037335819,9735,91.8944837749173,15.519141666962389,8.58792125499763,27.91101228451474,48.2553012952214,37.19473114992289,79.3922792656356,77.56723219260644,46.39388364161052,67.3049962212124,57.02082840330326,75.315930477857,92.4258706228861,52.93384115500938,46.57894415068655,46.63331683234593,12,2025,38.0,205.0,1.504674208252575,73.68758482427673,3.4541947164975992,9.900957971019889,5.446083438412423,54.8256634961515,7078.0,49.37418396457145,32.29779509293661,11.571670970368956,31.427607449245738,29.124425384916183,55.21841290448285,63.4857045445632,69.00559261785268,83.07717144110251,92.56633488888568,81.49594899017063,65.80600039449203,59.17411042986467,44.64116958533154,19.262734932402267,40.5089096573655,25.0,132.0,1.0143952115395316,90.21315981466108,4.845283113232919,9.604602304317044,7.994303111893286,71.74901392355827,7424.0,47.0223936986537,16.3701465032558,19.752372788839008,24.68853946857623,39.68504989135894,34.56532881838125,62.088607393962185,66.07942173667686,67.5150967501457,69.78833480089834,62.35773925769461,32.897551532394864,56.78321973748891,41.58167450826343,16.179385575773487,61.06906040095221,34.0,128.0,0.8094341300911163,94.46259458711565,1.9715215710052911,2.439132492722562,5.0437442095157206,44.12971867714284,12119.0,42.255703560120594,42.755947134765165,21.77617458431328,16.99838241409748,39.40538676348965,57.13551782522133,69.49957616935792,83.64570684343806,78.05149145535714,43.83491642197508,64.3864056511988,57.216268530615736,66.08440358616932,32.98450808053248,32.523495636372594,80.34801933635137,244.0,158.0,163.0
Malindi,Rabai,2026-01-01 23:22:43.086192,322,63,258,4.249373812588368,91.85535782442552,2.0741152611303764,7.474218303526311,2.01151615139939,84.73308458179424,6005,34.51736185963487,24.891242567308968,22.132063257358613,22.280128833872094,57.87752028041108,50.14272977680821,75.70785705335828,82.18065479016053,57.38768405452947,91.49745769874444,27.152090905015125,56.99798601058108,47.15808170798884,69.58126945242759,35.17685693481865,34.02162805264291,1,2026,44.0,239.0,0.9351138607488194,85.68774243404839,4.492667743445828,7.9589071463125025,7.701047588046528,70.1453037335819,9735.0,91.8944837749173,15.519141666962389,8.58792125499763,27.91101228451474,48.2553012952214,37.19473114992289,79.3922792656356,77.56723219260644,46.39388364161052,67.3049962212124,57.02082840330326,75.315930477857,92.4258706228861,52.93384115500938,46.57894415068655,46.63331683234593,38.0,205.0,1.504674208252575,73.68758482427673,3.4541947164975992,9.900957971019889,5.446083438412423,54.8256634961515,7078.0,49.37418396457145,32.29779509293661,11.571670970368956,31.427607449245738,29.124425384916183,55.21841290448285,63.4857045445632,69.00559261785268,83.07717144110251,92.56633488888568,81.49594899017063,65.80600039449203,59.17411042986467,44.64116958533154,19.262734932402267,40.5089096573655,25.0,132.0,1.0143952115395316,90.21315981466108,4.845283113232919,9.604602304317044,7.994303111893286,71.74901392355827,7424.0,47.0223936986537,16.3701465032558,19.752372788839008,24.68853946857623,39.68504989135894,34.56532881838125,62.088607393962185,66.07942173667686,67.5150967501457,69.78833480089834,62.35773925769461,32.897551532394864,56.78321973748891,41.58167450826343,16.179385575773487,61.06906040095221,283.0,244.0,158.0
Malindi,Rabai,2026-02-01 23:22:43.086192,301,62,238,2.9801091634655683,88.02723322000811,4.582083004987286,8.491481949656798,2.541916244662344,64.38042779363809,13748,78.52220892527126,31.977379928611946,7.128814241311254,31.37857780943625,60.31048378317127,46.62699100874672,81.373857463633,49.33123878735349,84.45374874495735,42.1055698158588,59.40417965963323,33.856576124371706,90.05799908418982,79.10623795860357,19.572790487948133,81.40666781656931,2,2026,63.0,258.0,4.249373812588368,91.85535782442552,2.0741152611303764,7.474218303526311,2.01151615139939,84.73308458179424,6005.0,34.51736185963487,24.891242567308968,22.132063257358613,22.280128833872094,57.87752028041108,50.14272977680821,75.70785705335828,82.18065479016053,57.38768405452947,91.49745769874444,27.152090905015125,56.99798601058108,47.15808170798884,69.58126945242759,35.17685693481865,34.02162805264291,44.0,239.0,0.9351138607488194,85.68774243404839,4.492667743445828,7.9589071463125025,7.701047588046528,70.1453037335819,9735.0,91.8944837749173,15.519141666962389,8.58792125499763,27.91101228451474,48.2553012952214,37.19473114992289,79.3922792656356,77.56723219260644,46.39388364161052,67.3049962212124,57.02082840330326,75.315930477857,92.4258706228861,52.93384115500938,46.57894415068655,46.63331683234593,38.0,205.0,1.504674208252575,73.68758482427673,3.4541947164975992,9.900957971019889,5.446083438412423,54.8256634961515,7078.0,49.37418396457145,32.29779509293661,11.571670970368956,31.427607449245738,29.124425384916183,55.21841290448285,63.4857045445632,69.00559261785268,83.07717144110251,92.56633488888568,81.49594899017063,65.80600039449203,59.17411042986467,44.64116958533154,19.262734932402267,40.5089096573655,322.0,283.0,244.0
Thika,Ruiru,2025-06-01 23:22:43.086192,184,31,152,1.5145638355072686,79.70515162755598,4.570875290043752,3.243256108509997,1.4058961665285326,83.29662238736725,4831,67.28233178464356,24.43086255106762,24.1080908304274,28.475370664159744,66.07805823090965,54.708101750951016,71.33237652803584,78.57026856576448,54.256231612221285,57.59068930528142,84.28002714362592,65.6111134787576,59.50319810230203,59.72615170089935,31.72086758357578,41.930547588414726,6,2025,52.0,160.0,4.206011603301354,74.8098116332143,3.402865480840145,4.5856720752755455,4.373698477801994,83.43880357729896,4406.0,34.96165027093567,29.271352644359183,21.267314403454133,11.730691540068536,68.27446649987547,40.54778059459275,34.23299733750845,41.07752934396997,59.469007817583794,36.25838269825531,48.48040412959772,60.849761874112616,72.23962165369394,70.41900998933168,53.441684748689546,79.25064903202795,52.0,203.0,1.3363457368156677,90.7173953169923,1.0837601079844603,7.6096482488586386,4.959086390306911,76.64869388328451,3382.0,50.51441828286661,39.979486714084686,14.480029298871743,28.90478133294837,24.106414121650364,78.32139536700865,32.08872517424388,76.77496574409571,68.37804381718337,39.88458468568928,83.42130288274343,45.771253907452746,65.84077677875823,21.673114250054677,69.099525846268,63.99239470250593,63.0,220.0,3.7112422062042794,74.72042320896595,2.9564988850240086,3.860970898810137,3.3437761679758364,68.89253054993505,10863.0,48.324119134299934,20.499509080453628,15.975225315153168,17.665360824801898,58.76890185911078,55.20325418038108,48.586525464538674,64.9973228209358,78.11189587588859,94.0810229295289,41.39420977651518,56.31431586987624,93.97335867306003,65.6380443125746,58.74098858336713,82.04543143963197,213.0,256.0,284.0
Thika,Ruiru,2025-07-01 23:22:43.086192,148,20,127,4.527685921860386,86.10585184776593,2.638066227272024,6.511805317988719,4.074712428911256,64.66551033520363,14471,82.0213045216502,21.94087292884473,21.0942398771035,34.13505639027845,62.2700409334187,32.598040628172114,69.87306780667156,62.682816782475626,43.6734420404124,70.07618930318247,83.84422082723188,74.39211937622818,69.81272606711124,29.195793565942992,21.53285878634997,66.81977426364725,7,2025,31.0,152.0,1.5145638355072686,79.70515162755598,4.570875290043752,3.243256108509997,1.4058961665285326,83.29662238736725,4831.0,67.28233178464356,24.43086255106762,24.1080908304274,28.475370664159744,66.07805823090965,54.708101750951016,71.33237652803584,78.57026856576448,54.256231612221285,57.59068930528142,84.28002714362592,65.6111134787576,59.50319810230203,59.72615170089935,31.72086758357578,41.930547588414726,52.0,160.0,4.206011603301354,74.8098116332143,3.402865480840145,4.5856720752755455,4.373698477801994,83.43880357729896,4406.0,34.96165027093567,29.271352644359183,21.267314403454133,11.730691540068536,68.27446649987547,40.54778059459275,34.23299733750845,41.07752934396997,59.469007817583794,36.25838269825531,48.48040412959772,60.849761874112616,72.23962165369394,70.41900998933168,53.441684748689546,79.25064903202795,52.0,203.0,1.3363457368156677,90.7173953169923,1.0837601079844603,7.6096482488586386,4.959086390306911,76.64869388328451,3382.0,50.51441828286661,39.979486714084686,14.480029298871743,28.90478133294837,24.106414121650364,78.32139536700865,32.08872517424388,76.77496574409571,68.37804381718337,39.88458468568928,83.42130288274343,45.771253907452746,65.84077677875823,21.673114250054677,69.099525846268,63.99239470250593,184.0,213.0,256.0
Thika,Ruiru,2025-08-01 23:22:43.086192,154,21,132,2.6019843156136724,86.66100332384923,2.004705132424785,9.031202023525362,7.197524442669793,79.93955488865754,5175,37.32133380503208,20.23294729003019,16.447365761310063,33.67801852767684,64.95467066147773,29.62946060582714,61.09573217781349,88.69342253729945,59.72305515038067,51.83272025493808,58.36320541924022,71.35182120302511,75.67213009311126,21.023774191253107,13.740598016208214,62.98608782405326,8,2025,20.0,127.0,4.527685921860386,86.10585184776593,2.638066227272024,6.511805317988719,4.074712428911256,64.66551033520363,14471.0,82.0213045216502,21.94087292884473,21.0942398771035,34.13505639027845,62.2700409334187,32.598040628172114,69.87306780667156,62.682816782475626,43.6734420404124,70.07618930318247,83.84422082723188,74.39211937622818,69.81272606711124,29.195793565942992,21.53285878634997,66.81977426364725,31.0,152.0,1.5145638355072686,79.70515162755598,4.570875290043752,3.243256108509997,1.4058961665285326,83.29662238736725,4831.0,67.28233178464356,24.43086255106762,24.1080908304274,28.475370664159744,66.07805823090965,54.708101750951016,71.33237652803584,78.57026856576448,54.256231612221285,57.59068930528142,84.28002714362592,65.6111134787576,59.50319810230203,59.72615170089935,31.72086758357578,41.930547588414726,52.0,160.0,4.206011603301354,74.8098116332143,3.402865480840145,4.5856720752755455,4.373698477801994,83.43880357729896,4406.0,34.96165027093567,29.271352644359183,21.267314403454133,11.730691540068536,68.27446649987547,40.54778059459275,34.23299733750845,41.07752934396997,59.469007817583794,36.25838269825531,48.48040412959772,60.849761874112616,72.23962165369394,70.41900998933168,53.441684748689546,79.25064903202795,148.0,184.0,213.0
Thika,Ruiru,2025-09-01 23:22:43.086192,130,27,103,2.972672118071794,84.67639905879952,1.6557347810684608,4.539912377544207,7.626202221719963,75.92307802257945,7462,52.607470133781135,29.53389114543797,19.078364436088275,14.36477613950181,22.25460677602518,33.46480858512344,71.95340598631432,42.32540918971892,49.88342999990039,68.01586516670795,68.74761585844188,80.13627657353987,45.25766573714544,47.947448371479965,67.53310074049827,30.515910030644488,9,2025,21.0,132.0,2.6019843156136724,86.66100332384923,2.004705132424785,9.031202023525362,7.197524442669793,79.93955488865754,5175.0,37.32133380503208,20.23294729003019,16.447365761310063,33.67801852767684,64.95467066147773,29.62946060582714,61.09573217781349,88.69342253729945,59.72305515038067,51.83272025493808,58.36320541924022,71.35182120302511,75.67213009311126,21.023774191253107,13.740598016208214,62.98608782405326,20.0,127.0,4.527685921860386,86.10585184776593,2.638066227272024,6.511805317988719,4.074712428911256,64.66551033520363,14471.0,82.0213045216502,21.94087292884473,21.0942398771035,34.13505639027845,62.2700409334187,32.598040628172114,69.87306780667156,62.682816782475626,43.6734420404124,70.07618930318247,83.84422082723188,74.39211937622818,69.81272606711124,29.195793565942992,21.53285878634997,66.81977426364725,31.0,152.0,1.5145638355072686,79.70515162755598,4.570875290043752,3.243256108509997,1.4058961665285326,83.29662238736725,4831.0,67.28233178464356,24.43086255106762,24.1080908304274,28.475370664159744,66.07805823090965,54.708101750951016,71.33237652803584,78.57026856576448,54.256231612221285,57.59068930528142,84.28002714362592,65.6111134787576,59.50319810230203,59.72615170089935,31.72086758357578,41.930547588414726,154.0,148.0,184.0
Thika,Ruiru,2025-10-01 23:22:43.086192,138,15,122,2.857551099020052,89.51622505349093,3.969996636306507,9.564511034217968,3.112201273765847,43.9903704483806,8669,49.50813259627885,37.16811886532264,11.31899665128464,25.26091300833214,35.67586388890722,45.7642909717887,38.77430688286882,66.48209434422965,88.4232620350954,89.21042522085445,46.48648691143554,56.76710120207119,45.57684091418081,30.899308763685134,52.98807248232846,79.89296365318526,10,2025,27.0,103.0,2.972672118071794,84.67639905879952,1.6557347810684608,4.539912377544207,7.626202221719963,75.92307802257945,7462.0,52.607470133781135,29.53389114543797,19.078364436088275,14.36477613950181,22.25460677602518,33.46480858512344,71.95340598631432,42.32540918971892,49.88342999990039,68.01586516670795,68.74761585844188,80.13627657353987,45.25766573714544,47.947448371479965,67.53310074049827,30.515910030644488,21.0,132.0,2.6019843156136724,86.66100332384923,2.004705132424785,9.031202023525362,7.197524442669793,79.93955488865754,5175.0,37.32133380503208,20.23294729003019,16.447365761310063,33.67801852767684,64.95467066147773,29.62946060582714,61.09573217781349,88.69342253729945,59.72305515038067,51.83272025493808,58.36320541924022,71.35182120302511,75.67213009311126,21.023774191253107,13.740598016208214,62.98608782405326,20.0,127.0,4.527685921860386,86.10585184776593,2.638066227272024,6.511805317988719,4.074712428911256,64.66551033520363,14471.0,82.0213045216502,21.94087292884473,21.0942398771035,34.13505639027845,62.2700409334187,32.598040628172114,69.87306780667156,62.682816782475626,43.6734420404124,70.07618930318247,83.84422082723188,74.39211937622818,69.81272606711124,29.195793565942992,21.53285878634997,66.81977426364725,130.0,154.0,148.0
Thika,Ruiru,2025-11-01 23:22:43.086192,185,22,163,1.0987079579604364,74.77326273158188,4.433007035888961,6.886488041352742,7.437119992536331,70.59280983779371,7629,76.84674202841342,22.845480405940734,17.750595459839875,32.2128013655415,67.55308519972957,68.21438223176929,61.22234481141943,53.9667736966073,53.48924775907245,90.67885101930658,37.576664118166725,54.09389304427998,56.158812642851714,59.211346960755534,64.48381287169086,31.198076799762585,11,2025,15.0,122.0,2.857551099020052,89.51622505349093,3.969996636306507,9.564511034217968,3.112201273765847,43.9903704483806,8669.0,49.50813259627885,37.16811886532264,11.31899665128464,25.26091300833214,35.67586388890722,45.7642909717887,38.77430688286882,66.48209434422965,88.4232620350954,89.21042522085445,46.48648691143554,56.76710120207119,45.57684091418081,30.899308763685134,52.98807248232846,79.89296365318526,27.0,103.0,2.972672118071794,84.67639905879952,1.6557347810684608,4.539912377544207,7.626202221719963,75.92307802257945,7462.0,52.607470133781135,29.53389114543797,19.078364436088275,14.36477613950181,22.25460677602518,33.46480858512344,71.95340598631432,42.32540918971892,49.88342999990039,68.01586516670795,68.74761585844188,80.13627657353987,45.25766573714544,47.947448371479965,67.53310074049827,30.515910030644488,21.0,132.0,2.6019843156136724,86.66100332384923,2.004705132424785,9.031202023525362,7.197524442669793,79.93955488865754,5175.0,37.32133380503208,20.23294729003019,16.447365761310063,33.67801852767684,64.95467066147773,29.62946060582714,61.09573217781349,88.69342253729945,59.72305515038067,51.83272025493808,58.36320541924022,71.35182120302511,75.67213009311126,21.023774191253107,13.740598016208214,62.98608782405326,138.0,130.0,154.0
Thika,Ruiru,2025-12-01 23:22:43.086192,212,50,161,2.6578344829609826,72.65980796621437,1.8040825360334027,9.055599395798671,7.389745865206227,48.78194798186014,2317,79.69212463487008,19.22142871894317,19.134422899007117,27.10921678384233,64.42673786961112,67.49007971480079,68.64282462048664,41.69697362700307,88.89026861145098,66.77504816549867,25.29777765030556,70.41262168140175,56.79701226284855,21.35666336895544,11.413362171658395,80.83595827912144,12,2025,22.0,163.0,1.0987079579604364,74.77326273158188,4.433007035888961,6.886488041352742,7.437119992536331,70.59280983779371,7629.0,76.84674202841342,22.845480405940734,17.750595459839875,32.2128013655415,67.55308519972957,68.21438223176929,61.22234481141943,53.9667736966073,53.48924775907245,90.67885101930658,37.576664118166725,54.09389304427998,56.158812642851714,59.211346960755534,64.48381287169086,31.198076799762585,15.0,122.0,2.857551099020052,89.51622505349093,3.969996636306507,9.564511034217968,3.112201273765847,43.9903704483806,8669.0,49.50813259627885,37.16811886532264,11.31899665128464,25.26091300833214,35.67586388890722,45.7642909717887,38.77430688286882,66.48209434422965,88.4232620350954,89.21042522085445,46.48648691143554,56.76710120207119,45.57684091418081,30.899308763685134,52.98807248232846,79.89296365318526,27.0,103.0,2.972672118071794,84.67639905879952,1.6557347810684608,4.539912377544207,7.626202221719963,75.92307802257945,7462.0,52.607470133781135,29.53389114543797,19.078364436088275,14.36477613950181,22.25460677602518,33.46480858512344,71.95340598631432,42.32540918971892,49.88342999990039,68.01586516670795,68.74761585844188,80.13627657353987,45.25766573714544,47.947448371479965,67.53310074049827,30.515910030644488,185.0,138.0,130.0
Thika,Ruiru,2026-01-01 23:22:43.086192,179,34,145,4.644872237219966,81.50810389028341,2.4790892010085925,5.581078183210712,4.533422622441057,64.55926770322054,9125,91.6843420629508,37.07081547441621,17.5144341633396,18.477620833442923,61.11763227703098,29.47658903897496,60.3766085380297,49.352968725665065,66.55715579721375,54.10121469738729,73.61533251527484,33.438289393421606,86.23144704988508,23.677553638768536,24.33877350989178,50.55456452020468,1,2026,50.0,161.0,2.6578344829609826,72.65980796621437,1.8040825360334027,9.055599395798671,7.389745865206227,48.78194798186014,2317.0,79.69212463487008,19.22142871894317,19.134422899007117,27.10921678384233,64.42673786961112,67.49007971480079,68.64282462048664,41.69697362700307,88.89026861145098,66.77504816549867,25.29777765030556,70.41262168140175,56.79701226284855,21.35666336895544,11.413362171658395,80.83595827912144,22.0,163.0,1.0987079579604364,74.77326273158188,4.433007035888961,6.886488041352742,7.437119992536331,70.59280983779371,7629.0,76.84674202841342,22.845480405940734,17.750595459839875,32.2128013655415,67.55308519972957,68.21438223176929,61.22234481141943,53.9667736966073,53.48924775907245,90.67885101930658,37.576664118166725,54.09389304427998,56.158812642851714,59.211346960755534,64.48381287169086,31.198076799762585,15.0,122.0,2.857551099020052,89.51622505349093,3.969996636306507,9.564511034217968,3.112201273765847,43.9903704483806,8669.0,49.50813259627885,37.16811886532264,11.31899665128464,25.26091300833214,35.67586388890722,45.7642909717887,38.77430688286882,66.48209434422965,88.4232620350954,89.21042522085445,46.48648691143554,56.76710120207119,45.57684091418081,30.899308763685134,52.98807248232846,79.89296365318526,212.0,185.0,138.0
Thika,Ruiru,2026-02-01 23:22:43.086192,209,47,162,2.767681847268376,82.71610373242918,4.331965666689989,7.302094257332384,7.171770307545085,84.42374347779023,10433,54.48518578325951,23.52041082834932,12.495939326948609,26.80388721746739,58.649547082383286,33.975173041691704,63.12912319560592,73.48058532492581,73.82916633683445,41.49106717556998,76.22467991189939,65.65734661315243,68.80107751511969,26.59965806652499,57.44990319491702,35.78045536007446,2,2026,34.0,145.0,4.644872237219966,81.50810389028341,2.4790892010085925,5.581078183210712,4.533422622441057,64.55926770322054,9125.0,91.6843420629508,37.07081547441621,17.5144341633396,18.477620833442923,61.11763227703098,29.47658903897496,60.3766085380297,49.352968725665065,66.55715579721375,54.10121469738729,73.61533251527484,33.438289393421606,86.23144704988508,23.677553638768536,24.33877350989178,50.55456452020468,50.0,161.0,2.6578344829609826,72.65980796621437,1.8040825360334027,9.055599395798671,7.389745865206227,48.78194798186014,2317.0,79.69212463487008,19.22142871894317,19.134422899007117,27.10921678384233,64.42673786961112,67.49007971480079,68.64282462048664,41.69697362700307,88.89026861145098,66.77504816549867,25.29777765030556,70.41262168140175,56.79701226284855,21.35666336895544,11.413362171658395,80.83595827912144,22.0,163.0,1.0987079579604364,74.77326273158188,4.433007035888961,6.886488041352742,7.437119992536331,70.59280983779371,7629.0,76.84674202841342,22.845480405940734,17.750595459839875,32.2128013655415,67.55308519972957,68.21438223176929,61.22234481141943,53.9667736966073,53.48924775907245,90.67885101930658,37.576664118166725,54.09389304427998,56.158812642851714,59.211346960755534,64.48381287169086,31.198076799762585,179.0,212.0,185.0
Kisumu,Seme,2025-06-01 23:22:43.086192,263,42,221,4.736623419259885,84.1245507565284,1.3382346651947592,8.054446976759138,5.494856622215089,80.9599250571473,12455,30.663155817570885,39.897731606814986,6.451577564705408,33.83045888634685,25.290793545119183,26.58664059937293,74.84043144020498,89.66014308918285,75.90492507174227,78.53270340410202,71.7763705050136,69.69725779351506,90.329648746872,27.93190354790176,68.66046512200796,82.72872909600319,6,2025,35.0,209.0,3.984166470747399,77.1974423877173,2.048609206816052,5.247165435204808,3.820622226866353,62.23538691738131,10581.0,50.45664288502597,43.26751710416241,17.781856422134965,21.233447327608957,66.74530015677342,59.2568589816609,51.8154172494138,83.51176889683595,78.86067320005995,59.46989283338968,36.61046775837576,41.48809767778429,69.17131795303544,57.91041944049175,29.88863141740833,66.60300948056965,42.0,230.0,3.649262279419542,72.94248024887337,3.56186313332738,6.439039825156147,7.63724788926732,71.07273838417059,3576.0,53.92984314556487,19.860420457087372,9.703732464379032,24.176931981888952,32.758792340847414,61.300808036836,51.82265082862579,74.2831582411251,63.37918761843485,75.95771202664903,42.35807642800839,47.36199625194088,88.88994568335852,53.19269138299656,33.41244182942775,36.35116051365704,56.0,170.0,1.4558476347079283,76.34155756547615,1.3117855147651971,4.822819827638422,2.1261053264959062,50.92565248186552,14639.0,33.39597272643334,34.485801301288014,5.512821432356116,30.22718014882028,61.87731327844045,74.9673915376716,47.63317996149173,64.3795577344776,94.25403590610952,70.65483948680532,82.77112949185235,79.49418161648452,74.91712212152478,55.45886346047395,13.856971078608254,40.55385245815981,244.0,273.0,226.0
Kisumu,Seme,2025-07-01 23:22:43.086192,176,27,149,4.094276890274227,84.61794671438291,3.311646453017667,2.2473187497815044,2.202232806396491,76.87739598653175,2199,71.82659413850882,39.59556757931534,11.002702364770665,10.832521701813436,61.57856662753789,79.43995758806994,71.36271473721051,75.15249967219226,44.19083169083457,79.47004882396857,74.85776645923957,68.65509856207544,77.7283792924207,35.478424493574536,13.723927528613917,33.92444149960539,7,2025,42.0,221.0,4.736623419259885,84.1245507565284,1.3382346651947592,8.054446976759138,5.494856622215089,80.9599250571473,12455.0,30.663155817570885,39.897731606814986,6.451577564705408,33.83045888634685,25.290793545119183,26.58664059937293,74.84043144020498,89.66014308918285,75.90492507174227,78.53270340410202,71.7763705050136,69.69725779351506,90.329648746872,27.93190354790176,68.66046512200796,82.72872909600319,35.0,209.0,3.984166470747399,77.1974423877173,2.048609206816052,5.247165435204808,3.820622226866353,62.23538691738131,10581.0,50.45664288502597,43.26751710416241,17.781856422134965,21.233447327608957,66.74530015677342,59.2568589816609,51.8154172494138,83.51176889683595,78.86067320005995,59.46989283338968,36.61046775837576,41.48809767778429,69.17131795303544,57.91041944049175,29.88863141740833,66.60300948056965,42.0,230.0,3.649262279419542,72.94248024887337,3.56186313332738,6.439039825156147,7.63724788926732,71.07273838417059,3576.0,53.92984314556487,19.860420457087372,9.703732464379032,24.176931981888952,32.758792340847414,61.300808036836,51.82265082862579,74.2831582411251,63.37918761843485,75.95771202664903,42.35807642800839,47.36199625194088,88.88994568335852,53.19269138299656,33.41244182942775,36.35116051365704,263.0,244.0,273.0
Kisumu,Seme,2025-08-01 23:22:43.086192,146,26,119,4.994311420785674,80.8829507381729,1.6548406681047898,7.533069478723322,2.9479119328550687,56.38772640758026,9024,60.9811119019228,23.733818615677407,11.858019274926235,21.770130989577183,42.64605671391144,28.72451205977974,67.55207386611781,70.69841784411693,42.18274361138208,44.68235952718058,28.62659759684529,85.45133428947565,78.06976843852792,55.68830127931952,60.61563157481381,34.924315652158654,8,2025,27.0,149.0,4.094276890274227,84.61794671438291,3.311646453017667,2.2473187497815044,2.202232806396491,76.87739598653175,2199.0,71.82659413850882,39.59556757931534,11.002702364770665,10.832521701813436,61.57856662753789,79.43995758806994,71.36271473721051,75.15249967219226,44.19083169083457,79.47004882396857,74.85776645923957,68.65509856207544,77.7283792924207,35.478424493574536,13.723927528613917,33.92444149960539,42.0,221.0,4.736623419259885,84.1245507565284,1.3382346651947592,8.054446976759138,5.494856622215089,80.9599250571473,12455.0,30.663155817570885,39.897731606814986,6.451577564705408,33.83045888634685,25.290793545119183,26.58664059937293,74.84043144020498,89.66014308918285,75.90492507174227,78.53270340410202,71.7763705050136,69.69725779351506,90.329648746872,27.93190354790176,68.66046512200796,82.72872909600319,35.0,209.0,3.984166470747399,77.1974423877173,2.048609206816052,5.247165435204808,3.820622226866353,62.23538691738131,10581.0,50.45664288502597,43.26751710416241,17.781856422134965,21.233447327608957,66.74530015677342,59.2568589816609,51.8154172494138,83.51176889683595,78.86067320005995,59.46989283338968,36.61046775837576,41.48809767778429,69.17131795303544,57.91041944049175,29.88863141740833,66.60300948056965,176.0,263.0,244.0
Kisumu,Seme,2025-09-01 23:22:43.086192,140,33,107,1.6652256602531788,85.8982248602465,2.248318371859249,4.442583963934997,4.96378540064671,71.5852112123419,10236,40.05091716227228,40.092244840028606,17.852569521929087,25.12322117377648,55.67385298105699,40.19927207587221,53.68158954804109,83.48898346729534,64.14545979794391,88.73094939529351,45.50388994103889,49.88009287681213,53.68434602874095,44.96823408265367,66.68391127424292,84.43817058962898,9,2025,26.0,119.0,4.994311420785674,80.8829507381729,1.6548406681047898,7.533069478723322,2.9479119328550687,56.38772640758026,9024.0,60.9811119019228,23.733818615677407,11.858019274926235,21.770130989577183,42.64605671391144,28.72451205977974,67.55207386611781,70.69841784411693,42.18274361138208,44.68235952718058,28.62659759684529,85.45133428947565,78.06976843852792,55.68830127931952,60.61563157481381,34.924315652158654,27.0,149.0,4.094276890274227,84.61794671438291,3.311646453017667,2.2473187497815044,2.202232806396491,76.87739598653175,2199.0,71.82659413850882,39.59556757931534,11.002702364770665,10.832521701813436,61.57856662753789,79.43995758806994,71.36271473721051,75.15249967219226,44.19083169083457,79.47004882396857,74.85776645923957,68.65509856207544,77.7283792924207,35.478424493574536,13.723927528613917,33.92444149960539,42.0,221.0,4.736623419259885,84.1245507565284,1.3382346651947592,8.054446976759138,5.494856622215089,80.9599250571473,12455.0,30.663155817570885,39.897731606814986,6.451577564705408,33.83045888634685,25.290793545119183,26.58664059937293,74.84043144020498,89.66014308918285,75.90492507174227,78.53270340410202,71.7763705050136,69.69725779351506,90.329648746872,27.93190354790176,68.66046512200796,82.72872909600319,146.0,176.0,263.0
Kisumu,Seme,2025-10-01 23:22:43.086192,152,27,124,0.8901025442949984,93.81431118906004,1.6581799944452804,7.616121345395469,3.563825824477192,73.43508568261028,8481,68.52289782735458,37.76924654377244,21.09894704346045,30.07476688250734,40.6493516475772,31.663457493850625,38.37389354624251,88.32001633618269,95.19417540418928,65.06666591137298,53.37671117843877,57.11265270384417,90.7026553725087,29.909867159028387,37.04000052404076,79.48470615699438,10,2025,33.0,107.0,1.6652256602531788,85.8982248602465,2.248318371859249,4.442583963934997,4.96378540064671,71.5852112123419,10236.0,40.05091716227228,40.092244840028606,17.852569521929087,25.12322117377648,55.67385298105699,40.19927207587221,53.68158954804109,83.48898346729534,64.14545979794391,88.73094939529351,45.50388994103889,49.88009287681213,53.68434602874095,44.96823408265367,66.68391127424292,84.43817058962898,26.0,119.0,4.994311420785674,80.8829507381729,1.6548406681047898,7.533069478723322,2.9479119328550687,56.38772640758026,9024.0,60.9811119019228,23.733818615677407,11.858019274926235,21.770130989577183,42.64605671391144,28.72451205977974,67.55207386611781,70.69841784411693,42.18274361138208,44.68235952718058,28.62659759684529,85.45133428947565,78.06976843852792,55.68830127931952,60.61563157481381,34.924315652158654,27.0,149.0,4.094276890274227,84.61794671438291,3.311646453017667,2.2473187497815044,2.202232806396491,76.87739598653175,2199.0,71.82659413850882,39.59556757931534,11.002702364770665,10.832521701813436,61.57856662753789,79.43995758806994,71.36271473721051,75.15249967219226,44.19083169083457,79.47004882396857,74.85776645923957,68.65509856207544,77.7283792924207,35.478424493574536,13.723927528613917,33.92444149960539,140.0,146.0,176.0
Kisumu,Seme,2025-11-01 23:22:43.086192,186,41,145,2.1252940384519965,88.7585494263288,4.703835510850225,2.993735365556476,2.820082761226073,77.8287869872345,3163,90.89796320890956,31.92795849383929,12.778571090277849,24.615019835657712,43.94703177258128,40.76976812955382,48.06949879338517,68.82127019749693,91.67211939992004,35.45678301993761,58.81323972799591,39.306689289061,79.95631007405939,45.93183528121212,30.694679987565355,56.29408621954931,11,2025,27.0,124.0,0.8901025442949984,93.81431118906004,1.6581799944452804,7.616121345395469,3.563825824477192,73.43508568261028,8481.0,68.52289782735458,37.76924654377244,21.09894704346045,30.07476688250734,40.6493516475772,31.663457493850625,38.37389354624251,88.32001633618269,95.19417540418928,65.06666591137298,53.37671117843877,57.11265270384417,90.7026553725087,29.909867159028387,37.04000052404076,79.48470615699438,33.0,107.0,1.6652256602531788,85.8982248602465,2.248318371859249,4.442583963934997,4.96378540064671,71.5852112123419,10236.0,40.05091716227228,40.092244840028606,17.852569521929087,25.12322117377648,55.67385298105699,40.19927207587221,53.68158954804109,83.48898346729534,64.14545979794391,88.73094939529351,45.50388994103889,49.88009287681213,53.68434602874095,44.96823408265367,66.68391127424292,84.43817058962898,26.0,119.0,4.994311420785674,80.8829507381729,1.6548406681047898,7.533069478723322,2.9479119328550687,56.38772640758026,9024.0,60.9811119019228,23.733818615677407,11.858019274926235,21.770130989577183,42.64605671391144,28.72451205977974,67.55207386611781,70.69841784411693,42.18274361138208,44.68235952718058,28.62659759684529,85.45133428947565,78.06976843852792,55.68830127931952,60.61563157481381,34.924315652158654,152.0,140.0,146.0
Kisumu,Seme,2025-12-01 23:22:43.086192,218,24,193,1.8127204150953935,89.4113677879446,2.1965067424246976,8.721606848770207,7.245278575382697,81.59329292592483,8885,55.49920855295888,30.386953799864028,15.341661718290895,27.19507650603929,28.410421441156977,37.8279247574708,49.274412215266096,73.16153501127755,48.45235298144536,86.88497140687454,31.03750236494272,64.48260263257798,60.10071846194213,47.93086531983023,25.32762047769458,54.78005967197825,12,2025,41.0,145.0,2.1252940384519965,88.7585494263288,4.703835510850225,2.993735365556476,2.820082761226073,77.8287869872345,3163.0,90.89796320890956,31.92795849383929,12.778571090277849,24.615019835657712,43.94703177258128,40.76976812955382,48.06949879338517,68.82127019749693,91.67211939992004,35.45678301993761,58.81323972799591,39.306689289061,79.95631007405939,45.93183528121212,30.694679987565355,56.29408621954931,27.0,124.0,0.8901025442949984,93.81431118906004,1.6581799944452804,7.616121345395469,3.563825824477192,73.43508568261028,8481.0,68.52289782735458,37.76924654377244,21.09894704346045,30.07476688250734,40.6493516475772,31.663457493850625,38.37389354624251,88.32001633618269,95.19417540418928,65.06666591137298,53.37671117843877,57.11265270384417,90.7026553725087,29.909867159028387,37.04000052404076,79.48470615699438,33.0,107.0,1.6652256602531788,85.8982248602465,2.248318371859249,4.442583963934997,4.96378540064671,71.5852112123419,10236.0,40.05091716227228,40.092244840028606,17.852569521929087,25.12322117377648,55.67385298105699,40.19927207587221,53.68158954804109,83.48898346729534,64.14545979794391,88.73094939529351,45.50388994103889,49.88009287681213,53.68434602874095,44.96823408265367,66.68391127424292,84.43817058962898,186.0,152.0,140.0
Kisumu,Seme,2026-01-01 23:22:43.086192,297,71,225,1.852771183081503,84.49346308546548,1.618801149646775,9.240556416830849,1.3525773101378071,70.67734717736553,7595,66.5762673531286,28.74671546622969,22.13843117073951,30.941555860385886,55.59069197845489,46.46852015689761,77.90569159186174,71.43347495211813,51.831587010551296,81.94350236702947,64.14306840879169,36.171037119494805,89.65610548168534,52.92671665863039,23.006201161943643,74.43179534795169,1,2026,24.0,193.0,1.8127204150953935,89.4113677879446,2.1965067424246976,8.721606848770207,7.245278575382697,81.59329292592483,8885.0,55.49920855295888,30.386953799864028,15.341661718290895,27.19507650603929,28.410421441156977,37.8279247574708,49.274412215266096,73.16153501127755,48.45235298144536,86.88497140687454,31.03750236494272,64.48260263257798,60.10071846194213,47.93086531983023,25.32762047769458,54.78005967197825,41.0,145.0,2.1252940384519965,88.7585494263288,4.703835510850225,2.993735365556476,2.820082761226073,77.8287869872345,3163.0,90.89796320890956,31.92795849383929,12.778571090277849,24.615019835657712,43.94703177258128,40.76976812955382,48.06949879338517,68.82127019749693,91.67211939992004,35.45678301993761,58.81323972799591,39.306689289061,79.95631007405939,45.93183528121212,30.694679987565355,56.29408621954931,27.0,124.0,0.8901025442949984,93.81431118906004,1.6581799944452804,7.616121345395469,3.563825824477192,73.43508568261028,8481.0,68.52289782735458,37.76924654377244,21.09894704346045,30.07476688250734,40.6493516475772,31.663457493850625,38.37389354624251,88.32001633618269,95.19417540418928,65.06666591137298,53.37671117843877,57.11265270384417,90.7026553725087,29.909867159028387,37.04000052404076,79.48470615699438,218.0,186.0,152.0
Kisumu,Seme,2026-02-01 23:22:43.086192,308,39,268,4.107754074360451,81.03760303390517,2.811460136270471,9.957614888773229,1.1517731561012194,65.62229398825644,3120,76.96899462095057,42.95534593491908,17.417321782579926,19.941960165116868,27.96888896186652,75.90185253899773,64.12833192137447,80.10714007137156,46.20587486408194,55.98077849225864,32.38261065426269,36.70712291030885,65.5692062130124,31.137996982870938,24.353849018338813,73.42067185175242,2,2026,71.0,225.0,1.852771183081503,84.49346308546548,1.618801149646775,9.240556416830849,1.3525773101378071,70.67734717736553,7595.0,66.5762673531286,28.74671546622969,22.13843117073951,30.941555860385886,55.59069197845489,46.46852015689761,77.90569159186174,71.43347495211813,51.831587010551296,81.94350236702947,64.14306840879169,36.171037119494805,89.65610548168534,52.92671665863039,23.006201161943643,74.43179534795169,24.0,193.0,1.8127204150953935,89.4113677879446,2.1965067424246976,8.721606848770207,7.245278575382697,81.59329292592483,8885.0,55.49920855295888,30.386953799864028,15.341661718290895,27.19507650603929,28.410421441156977,37.8279247574708,49.274412215266096,73.16153501127755,48.45235298144536,86.88497140687454,31.03750236494272,64.48260263257798,60.10071846194213,47.93086531983023,25.32762047769458,54.78005967197825,41.0,145.0,2.1252940384519965,88.7585494263288,4.703835510850225,2.993735365556476,2.820082761226073,77.8287869872345,3163.0,90.89796320890956,31.92795849383929,12.778571090277849,24.615019835657712,43.94703177258128,40.76976812955382,48.06949879338517,68.82127019749693,91.67211939992004,35.45678301993761,58.81323972799591,39.306689289061,79.95631007405939,45.93183528121212,30.694679987565355,56.29408621954931,297.0,218.0,186.0
Kitale,Teso North,2025-06-01 23:22:43.086192,286,45,240,4.506678893418769,71.39986632774648,1.2010640771943124,5.71434383043877,5.035114888880397,67.24514282110255,2650,78.71505774365411,29.56191058815297,20.75175653934229,18.536977336831768,57.60243275672865,73.89173370525661,37.25001076991873,66.61973518771376,78.25918636438806,64.87750411106254,81.33917486627331,73.1217896513979,82.7893505779883,71.61700608227126,31.5735623153559,57.00047277889607,6,2025,49.0,274.0,2.3895562037009856,77.54242067785533,4.530883791865303,4.611759693899035,7.912808762982803,70.14410546314612,5815.0,49.16633455577279,27.75491990529767,24.748529510460703,14.985949872732814,34.291255414831724,37.1162033534428,83.11762510913486,71.91564592094262,56.47069068835334,69.05473491521293,30.35447068419868,88.15777055586886,51.91132673469089,51.19693674945929,60.03681675469372,66.33627990140249,81.0,282.0,2.186432018840364,73.56141901281104,3.5542422683272044,4.546205131680503,3.5773764558426584,75.9639514357236,3168.0,77.55015620117325,23.369812736630458,22.377292417877182,19.97910305078509,64.72386843142198,36.40908736372435,48.4851782836416,89.63724304821287,42.588655487806506,92.70458031381158,54.87901448466103,56.06000898206089,82.15716966423486,59.21105991062259,63.53171145663766,50.179611242440416,54.0,351.0,1.6115553838302077,82.27329745562633,1.231389259080748,9.928622932642728,6.214120778287199,51.746524096230914,10580.0,88.41615976237517,23.803196268595745,6.608207749644215,21.44768715248465,46.38612455908449,37.90402022992812,84.15297947783603,51.38337709542024,59.8320871833906,70.00569613116473,31.50392297372193,82.86445570025148,47.77362711942644,43.38836141788377,57.90568391956408,33.83434084065863,324.0,363.0,406.0
Kitale,Teso North,2025-07-01 23:22:43.086192,254,27,227,1.6860451208411962,89.4239640997165,1.178131802894455,2.171773687252664,7.322310709309194,42.071402783341966,9021,59.6303844643244,34.38261434038344,18.476828971516348,32.598488054925085,45.59909381207963,58.820102238099146,32.903235280209444,79.1237755998344,78.03581673220283,64.1641632880288,52.245882570053794,74.99947835908246,47.69178182149086,21.868737385847417,59.69575919499223,49.18759310147281,7,2025,45.0,240.0,4.506678893418769,71.39986632774648,1.2010640771943124,5.71434383043877,5.035114888880397,67.24514282110255,2650.0,78.71505774365411,29.56191058815297,20.75175653934229,18.536977336831768,57.60243275672865,73.89173370525661,37.25001076991873,66.61973518771376,78.25918636438806,64.87750411106254,81.33917486627331,73.1217896513979,82.7893505779883,71.61700608227126,31.5735623153559,57.00047277889607,49.0,274.0,2.3895562037009856,77.54242067785533,4.530883791865303,4.611759693899035,7.912808762982803,70.14410546314612,5815.0,49.16633455577279,27.75491990529767,24.748529510460703,14.985949872732814,34.291255414831724,37.1162033534428,83.11762510913486,71.91564592094262,56.47069068835334,69.05473491521293,30.35447068419868,88.15777055586886,51.91132673469089,51.19693674945929,60.03681675469372,66.33627990140249,81.0,282.0,2.186432018840364,73.56141901281104,3.5542422683272044,4.546205131680503,3.5773764558426584,75.9639514357236,3168.0,77.55015620117325,23.369812736630458,22.377292417877182,19.97910305078509,64.72386843142198,36.40908736372435,48.4851782836416,89.63724304821287,42.588655487806506,92.70458031381158,54.87901448466103,56.06000898206089,82.15716966423486,59.21105991062259,63.53171145663766,50.179611242440416,286.0,324.0,363.0
Kitale,Teso North,2025-08-01 23:22:43.086192,187,20,166,1.2739789417970644,77.1914808245891,4.744281703083165,2.1952904251336447,2.0940382538388382,74.99106005129968,5966,79.4610688089803,26.84154156162008,12.601492215158103,27.41598768057645,44.43124477062002,47.65752117347027,64.69834979729833,82.84105355396714,68.12708442032303,36.37573050509058,37.03321461876578,69.50083924817187,87.07585907230711,52.20695641709883,51.49749946373165,62.87859900162503,8,2025,27.0,227.0,1.6860451208411962,89.4239640997165,1.178131802894455,2.171773687252664,7.322310709309194,42.071402783341966,9021.0,59.6303844643244,34.38261434038344,18.476828971516348,32.598488054925085,45.59909381207963,58.820102238099146,32.903235280209444,79.1237755998344,78.03581673220283,64.1641632880288,52.245882570053794,74.99947835908246,47.69178182149086,21.868737385847417,59.69575919499223,49.18759310147281,45.0,240.0,4.506678893418769,71.39986632774648,1.2010640771943124,5.71434383043877,5.035114888880397,67.24514282110255,2650.0,78.71505774365411,29.56191058815297,20.75175653934229,18.536977336831768,57.60243275672865,73.89173370525661,37.25001076991873,66.61973518771376,78.25918636438806,64.87750411106254,81.33917486627331,73.1217896513979,82.7893505779883,71.61700608227126,31.5735623153559,57.00047277889607,49.0,274.0,2.3895562037009856,77.54242067785533,4.530883791865303,4.611759693899035,7.912808762982803,70.14410546314612,5815.0,49.16633455577279,27.75491990529767,24.748529510460703,14.985949872732814,34.291255414831724,37.1162033534428,83.11762510913486,71.91564592094262,56.47069068835334,69.05473491521293,30.35447068419868,88.15777055586886,51.91132673469089,51.19693674945929,60.03681675469372,66.33627990140249,254.0,286.0,324.0
Kitale,Teso North,2025-09-01 23:22:43.086192,177,38,139,4.776290899850749,74.00748264050796,3.667404172458307,8.41019131310604,4.2603157509235015,50.030271483608914,9819,35.53810446934771,20.46950106164398,19.33073937546106,13.935075110551695,33.306745770281374,56.57038964313344,59.71020075320556,69.96341697859621,64.51562762045145,63.40934524951358,31.414120118352344,66.81571127873744,76.71371005604178,33.88364540891131,40.80015826073721,77.7871814951663,9,2025,20.0,166.0,1.2739789417970644,77.1914808245891,4.744281703083165,2.1952904251336447,2.0940382538388382,74.99106005129968,5966.0,79.4610688089803,26.84154156162008,12.601492215158103,27.41598768057645,44.43124477062002,47.65752117347027,64.69834979729833,82.84105355396714,68.12708442032303,36.37573050509058,37.03321461876578,69.50083924817187,87.07585907230711,52.20695641709883,51.49749946373165,62.87859900162503,27.0,227.0,1.6860451208411962,89.4239640997165,1.178131802894455,2.171773687252664,7.322310709309194,42.071402783341966,9021.0,59.6303844643244,34.38261434038344,18.476828971516348,32.598488054925085,45.59909381207963,58.820102238099146,32.903235280209444,79.1237755998344,78.03581673220283,64.1641632880288,52.245882570053794,74.99947835908246,47.69178182149086,21.868737385847417,59.69575919499223,49.18759310147281,45.0,240.0,4.506678893418769,71.39986632774648,1.2010640771943124,5.71434383043877,5.035114888880397,67.24514282110255,2650.0,78.71505774365411,29.56191058815297,20.75175653934229,18.536977336831768,57.60243275672865,73.89173370525661,37.25001076991873,66.61973518771376,78.25918636438806,64.87750411106254,81.33917486627331,73.1217896513979,82.7893505779883,71.61700608227126,31.5735623153559,57.00047277889607,187.0,254.0,286.0
Kitale,Teso North,2025-10-01 23:22:43.086192,204,35,169,1.8632463719069483,70.42285256132241,3.1235052162934447,7.289448341970509,2.403780591375928,47.51182678232859,9006,78.89067028259052,29.966752082229704,10.511957280480493,10.14966460672216,42.12845103315707,73.79762547208676,32.74603278345734,76.23546891319099,40.76563884752097,55.110542543557415,39.36222149469806,70.07836425401702,64.869362381893,64.35050756837009,15.342763206669868,49.3956254858736,10,2025,38.0,139.0,4.776290899850749,74.00748264050796,3.667404172458307,8.41019131310604,4.2603157509235015,50.030271483608914,9819.0,35.53810446934771,20.46950106164398,19.33073937546106,13.935075110551695,33.306745770281374,56.57038964313344,59.71020075320556,69.96341697859621,64.51562762045145,63.40934524951358,31.414120118352344,66.81571127873744,76.71371005604178,33.88364540891131,40.80015826073721,77.7871814951663,20.0,166.0,1.2739789417970644,77.1914808245891,4.744281703083165,2.1952904251336447,2.0940382538388382,74.99106005129968,5966.0,79.4610688089803,26.84154156162008,12.601492215158103,27.41598768057645,44.43124477062002,47.65752117347027,64.69834979729833,82.84105355396714,68.12708442032303,36.37573050509058,37.03321461876578,69.50083924817187,87.07585907230711,52.20695641709883,51.49749946373165,62.87859900162503,27.0,227.0,1.6860451208411962,89.4239640997165,1.178131802894455,2.171773687252664,7.322310709309194,42.071402783341966,9021.0,59.6303844643244,34.38261434038344,18.476828971516348,32.598488054925085,45.59909381207963,58.820102238099146,32.903235280209444,79.1237755998344,78.03581673220283,64.1641632880288,52.245882570053794,74.99947835908246,47.69178182149086,21.868737385847417,59.69575919499223,49.18759310147281,177.0,187.0,254.0
Kitale,Teso North,2025-11-01 23:22:43.086192,256,34,222,4.208700701799601,78.6770241734869,1.244296728857381,8.286290619120624,3.4899964554445626,81.53166560304375,5105,79.05324685635873,22.335808902321567,6.375286961848827,23.975543698150656,46.77547683346246,67.79083915296275,56.18824449434611,68.91964107587303,94.37448705997132,74.36311044602911,54.88351631101392,52.476751646986095,90.68990773258857,57.687717921849504,67.55361503812499,49.2038283352636,11,2025,35.0,169.0,1.8632463719069483,70.42285256132241,3.1235052162934447,7.289448341970509,2.403780591375928,47.51182678232859,9006.0,78.89067028259052,29.966752082229704,10.511957280480493,10.14966460672216,42.12845103315707,73.79762547208676,32.74603278345734,76.23546891319099,40.76563884752097,55.110542543557415,39.36222149469806,70.07836425401702,64.869362381893,64.35050756837009,15.342763206669868,49.3956254858736,38.0,139.0,4.776290899850749,74.00748264050796,3.667404172458307,8.41019131310604,4.2603157509235015,50.030271483608914,9819.0,35.53810446934771,20.46950106164398,19.33073937546106,13.935075110551695,33.306745770281374,56.57038964313344,59.71020075320556,69.96341697859621,64.51562762045145,63.40934524951358,31.414120118352344,66.81571127873744,76.71371005604178,33.88364540891131,40.80015826073721,77.7871814951663,20.0,166.0,1.2739789417970644,77.1914808245891,4.744281703083165,2.1952904251336447,2.0940382538388382,74.99106005129968,5966.0,79.4610688089803,26.84154156162008,12.601492215158103,27.41598768057645,44.43124477062002,47.65752117347027,64.69834979729833,82.84105355396714,68.12708442032303,36.37573050509058,37.03321461876578,69.50083924817187,87.07585907230711,52.20695641709883,51.49749946373165,62.87859900162503,204.0,177.0,187.0
Kitale,Teso North,2025-12-01 23:22:43.086192,327,53,273,2.137853003348269,86.18046807559625,4.502013434392174,7.400105623702396,6.797859327631821,80.77390152577485,4373,60.45957158669098,39.95473551027503,11.43359613130458,22.245108672394977,68.7574572360205,40.5595267907872,52.30150083309284,72.98745035220747,87.4559355330932,84.41345915551197,53.19250903990288,37.22434831448335,83.44416417061743,47.17461959185462,46.970963670150574,74.44570286524021,12,2025,34.0,222.0,4.208700701799601,78.6770241734869,1.244296728857381,8.286290619120624,3.4899964554445626,81.53166560304375,5105.0,79.05324685635873,22.335808902321567,6.375286961848827,23.975543698150656,46.77547683346246,67.79083915296275,56.18824449434611,68.91964107587303,94.37448705997132,74.36311044602911,54.88351631101392,52.476751646986095,90.68990773258857,57.687717921849504,67.55361503812499,49.2038283352636,35.0,169.0,1.8632463719069483,70.42285256132241,3.1235052162934447,7.289448341970509,2.403780591375928,47.51182678232859,9006.0,78.89067028259052,29.966752082229704,10.511957280480493,10.14966460672216,42.12845103315707,73.79762547208676,32.74603278345734,76.23546891319099,40.76563884752097,55.110542543557415,39.36222149469806,70.07836425401702,64.869362381893,64.35050756837009,15.342763206669868,49.3956254858736,38.0,139.0,4.776290899850749,74.00748264050796,3.667404172458307,8.41019131310604,4.2603157509235015,50.030271483608914,9819.0,35.53810446934771,20.46950106164398,19.33073937546106,13.935075110551695,33.306745770281374,56.57038964313344,59.71020075320556,69.96341697859621,64.51562762045145,63.40934524951358,31.414120118352344,66.81571127873744,76.71371005604178,33.88364540891131,40.80015826073721,77.7871814951663,256.0,204.0,177.0
Kitale,Teso North,2026-01-01 23:22:43.086192,320,35,285,2.315375833008249,85.0813076411766,4.644493673563376,2.594702601179656,1.5956807320746254,66.93879872673801,10828,59.54493213790408,33.04648479222686,6.336952309683436,28.916879707550105,67.28873225776937,49.75540076187745,58.1814283607127,84.91879650401748,93.287149878563,62.35619225468291,63.99692550107412,42.032140646570646,62.39497299118837,33.395602639156486,64.93716300991326,45.980291039883525,1,2026,53.0,273.0,2.137853003348269,86.18046807559625,4.502013434392174,7.400105623702396,6.797859327631821,80.77390152577485,4373.0,60.45957158669098,39.95473551027503,11.43359613130458,22.245108672394977,68.7574572360205,40.5595267907872,52.30150083309284,72.98745035220747,87.4559355330932,84.41345915551197,53.19250903990288,37.22434831448335,83.44416417061743,47.17461959185462,46.970963670150574,74.44570286524021,34.0,222.0,4.208700701799601,78.6770241734869,1.244296728857381,8.286290619120624,3.4899964554445626,81.53166560304375,5105.0,79.05324685635873,22.335808902321567,6.375286961848827,23.975543698150656,46.77547683346246,67.79083915296275,56.18824449434611,68.91964107587303,94.37448705997132,74.36311044602911,54.88351631101392,52.476751646986095,90.68990773258857,57.687717921849504,67.55361503812499,49.2038283352636,35.0,169.0,1.8632463719069483,70.42285256132241,3.1235052162934447,7.289448341970509,2.403780591375928,47.51182678232859,9006.0,78.89067028259052,29.966752082229704,10.511957280480493,10.14966460672216,42.12845103315707,73.79762547208676,32.74603278345734,76.23546891319099,40.76563884752097,55.110542543557415,39.36222149469806,70.07836425401702,64.869362381893,64.35050756837009,15.342763206669868,49.3956254858736,327.0,256.0,204.0
Kitale,Teso North,2026-02-01 23:22:43.086192,351,68,282,2.126813471862479,92.87370088596222,2.0984435892333373,5.218862281085404,6.697909424648661,75.85964197479974,8658,66.03874969528977,34.131630040257825,12.720791408471374,12.212877097848274,67.44433204661446,67.75296554267607,49.18452264992662,78.14943372583309,95.47608471506108,41.41747568152895,34.57514126254294,36.02786771356445,71.0168124364381,50.627036510411486,65.2203874122296,83.42690385336698,2,2026,35.0,285.0,2.315375833008249,85.0813076411766,4.644493673563376,2.594702601179656,1.5956807320746254,66.93879872673801,10828.0,59.54493213790408,33.04648479222686,6.336952309683436,28.916879707550105,67.28873225776937,49.75540076187745,58.1814283607127,84.91879650401748,93.287149878563,62.35619225468291,63.99692550107412,42.032140646570646,62.39497299118837,33.395602639156486,64.93716300991326,45.980291039883525,53.0,273.0,2.137853003348269,86.18046807559625,4.502013434392174,7.400105623702396,6.797859327631821,80.77390152577485,4373.0,60.45957158669098,39.95473551027503,11.43359613130458,22.245108672394977,68.7574572360205,40.5595267907872,52.30150083309284,72.98745035220747,87.4559355330932,84.41345915551197,53.19250903990288,37.22434831448335,83.44416417061743,47.17461959185462,46.970963670150574,74.44570286524021,34.0,222.0,4.208700701799601,78.6770241734869,1.244296728857381,8.286290619120624,3.4899964554445626,81.53166560304375,5105.0,79.05324685635873,22.335808902321567,6.375286961848827,23.975543698150656,46.77547683346246,67.79083915296275,56.18824449434611,68.91964107587303,94.37448705997132,74.36311044602911,54.88351631101392,52.476751646986095,90.68990773258857,57.687717921849504,67.55361503812499,49.2038283352636,320.0,327.0,256.0
Kitale,Teso South,2025-06-01 23:22:43.086192,193,21,172,2.5355887653571703,72.17263602294916,2.682798598979455,2.55143376466246,3.125077826083531,55.03547751442748,13072,77.33060060021953,35.58555847449601,8.932843657146536,14.30336026316438,61.1468598957161,51.50521236331837,81.71961642440111,57.50271151907944,72.8751974972377,67.70713975670137,57.33364094008746,58.606256352255656,91.31974364690018,63.21574911368865,42.55868413852078,41.24767944453264,6,2025,38.0,197.0,1.8700103887440285,92.1740776520319,4.038004716937069,6.561615400946785,3.0766834932333453,44.98989113478135,10403.0,91.4068280789957,37.92798259122985,9.495646117092145,22.06629550348606,43.56637681098154,33.38330730467332,58.81191526693944,89.6254532570448,46.63261983013932,83.16811287352272,52.744210196063634,47.57596013170591,92.57046371253624,42.75280129218624,20.67454235170566,72.99081903180748,48.0,184.0,1.7274400982712323,89.83116902396671,4.820477392174364,6.870512917556463,5.117432714717168,52.91604523745055,13929.0,81.6976062322289,32.77675003449059,17.959789090690144,25.806371432901315,65.6637316231179,79.29702111396398,51.52297659888001,51.02443008300446,44.72500388162277,58.14397789014704,82.10562219638186,59.66775923784954,63.80988481993113,74.93072615002707,36.543858654395,80.20562164915398,50.0,245.0,4.389350642040684,78.11515690065033,1.5957920812103952,5.925235584904209,1.1123442051373238,53.23888009010106,11995.0,64.8625364703,42.69801408844059,17.619566878407277,19.704971040441976,37.58931093204844,49.32758107842017,71.05876912492812,66.68584809793336,61.834808306545625,82.55883612686489,44.575076723732906,37.27804523825204,87.83673180735889,43.823116728691744,13.52160385080487,34.97881564368653,235.0,233.0,296.0
Kitale,Teso South,2025-07-01 23:22:43.086192,206,41,165,2.3393056075802274,83.04026614741224,1.790983523372104,7.825918771748668,7.820143085728393,55.69643960283224,11621,86.16403476901333,27.482933229588102,8.928520999889118,25.521493274746117,55.366179347712944,51.05565907945113,81.79183393418246,60.10740861110929,61.98669481368096,50.93520097047614,80.0157508742625,40.06110915480556,65.0605217862895,36.85424663204557,13.423129824010026,57.2025690805903,7,2025,21.0,172.0,2.5355887653571703,72.17263602294916,2.682798598979455,2.55143376466246,3.125077826083531,55.03547751442748,13072.0,77.33060060021953,35.58555847449601,8.932843657146536,14.30336026316438,61.1468598957161,51.50521236331837,81.71961642440111,57.50271151907944,72.8751974972377,67.70713975670137,57.33364094008746,58.606256352255656,91.31974364690018,63.21574911368865,42.55868413852078,41.24767944453264,38.0,197.0,1.8700103887440285,92.1740776520319,4.038004716937069,6.561615400946785,3.0766834932333453,44.98989113478135,10403.0,91.4068280789957,37.92798259122985,9.495646117092145,22.06629550348606,43.56637681098154,33.38330730467332,58.81191526693944,89.6254532570448,46.63261983013932,83.16811287352272,52.744210196063634,47.57596013170591,92.57046371253624,42.75280129218624,20.67454235170566,72.99081903180748,48.0,184.0,1.7274400982712323,89.83116902396671,4.820477392174364,6.870512917556463,5.117432714717168,52.91604523745055,13929.0,81.6976062322289,32.77675003449059,17.959789090690144,25.806371432901315,65.6637316231179,79.29702111396398,51.52297659888001,51.02443008300446,44.72500388162277,58.14397789014704,82.10562219638186,59.66775923784954,63.80988481993113,74.93072615002707,36.543858654395,80.20562164915398,193.0,235.0,233.0
Kitale,Teso South,2025-08-01 23:22:43.086192,149,25,124,4.892053060181691,73.58657414991413,1.6008222079076964,8.594659225673682,1.2820186968955691,50.31396759753085,5516,67.91852261058526,27.240772860105505,10.047284133911688,10.036804709404723,45.57404761620353,43.29688369080142,41.00345285655783,70.19718983607018,97.31914176946324,74.5798251508532,29.552608090556067,87.92380054253377,88.78162812157098,20.55619795039213,12.445322888616914,38.63934820780844,8,2025,41.0,165.0,2.3393056075802274,83.04026614741224,1.790983523372104,7.825918771748668,7.820143085728393,55.69643960283224,11621.0,86.16403476901333,27.482933229588102,8.928520999889118,25.521493274746117,55.366179347712944,51.05565907945113,81.79183393418246,60.10740861110929,61.98669481368096,50.93520097047614,80.0157508742625,40.06110915480556,65.0605217862895,36.85424663204557,13.423129824010026,57.2025690805903,21.0,172.0,2.5355887653571703,72.17263602294916,2.682798598979455,2.55143376466246,3.125077826083531,55.03547751442748,13072.0,77.33060060021953,35.58555847449601,8.932843657146536,14.30336026316438,61.1468598957161,51.50521236331837,81.71961642440111,57.50271151907944,72.8751974972377,67.70713975670137,57.33364094008746,58.606256352255656,91.31974364690018,63.21574911368865,42.55868413852078,41.24767944453264,38.0,197.0,1.8700103887440285,92.1740776520319,4.038004716937069,6.561615400946785,3.0766834932333453,44.98989113478135,10403.0,91.4068280789957,37.92798259122985,9.495646117092145,22.06629550348606,43.56637681098154,33.38330730467332,58.81191526693944,89.6254532570448,46.63261983013932,83.16811287352272,52.744210196063634,47.57596013170591,92.57046371253624,42.75280129218624,20.67454235170566,72.99081903180748,206.0,193.0,235.0
Kitale,Teso South,2025-09-01 23:22:43.086192,179,20,158,0.6726682747560968,74.00620276479006,3.461841729253176,2.728439798851067,7.872736744263417,41.09048075429371,6296,34.03537614447886,25.768139455353747,20.914211588221548,16.313528704023398,39.88532415752381,61.22577696169045,72.63491805488471,89.12443739249922,96.40662080938291,66.72646148629461,68.67743981243183,87.50233547931886,55.71916063879764,47.99585619196512,51.966335053566574,33.500816641462016,9,2025,25.0,124.0,4.892053060181691,73.58657414991413,1.6008222079076964,8.594659225673682,1.2820186968955691,50.31396759753085,5516.0,67.91852261058526,27.240772860105505,10.047284133911688,10.036804709404723,45.57404761620353,43.29688369080142,41.00345285655783,70.19718983607018,97.31914176946324,74.5798251508532,29.552608090556067,87.92380054253377,88.78162812157098,20.55619795039213,12.445322888616914,38.63934820780844,41.0,165.0,2.3393056075802274,83.04026614741224,1.790983523372104,7.825918771748668,7.820143085728393,55.69643960283224,11621.0,86.16403476901333,27.482933229588102,8.928520999889118,25.521493274746117,55.366179347712944,51.05565907945113,81.79183393418246,60.10740861110929,61.98669481368096,50.93520097047614,80.0157508742625,40.06110915480556,65.0605217862895,36.85424663204557,13.423129824010026,57.2025690805903,21.0,172.0,2.5355887653571703,72.17263602294916,2.682798598979455,2.55143376466246,3.125077826083531,55.03547751442748,13072.0,77.33060060021953,35.58555847449601,8.932843657146536,14.30336026316438,61.1468598957161,51.50521236331837,81.71961642440111,57.50271151907944,72.8751974972377,67.70713975670137,57.33364094008746,58.606256352255656,91.31974364690018,63.21574911368865,42.55868413852078,41.24767944453264,149.0,206.0,193.0
Kitale,Teso South,2025-10-01 23:22:43.086192,152,30,122,1.3343132923537149,84.38316274275437,2.114043553813254,2.994293069614362,5.714171547819886,44.8111369999294,12990,64.77781843713737,26.768366157488764,21.285273062065425,30.46663854339875,41.28156655434557,53.29649150724412,76.5873017812556,48.20008943119085,55.29277291390646,45.03864657979384,36.41365886283928,67.34476860152279,77.86462863273665,79.40828084699513,37.18104945928858,34.07637265417433,10,2025,20.0,158.0,0.6726682747560968,74.00620276479006,3.461841729253176,2.728439798851067,7.872736744263417,41.09048075429371,6296.0,34.03537614447886,25.768139455353747,20.914211588221548,16.313528704023398,39.88532415752381,61.22577696169045,72.63491805488471,89.12443739249922,96.40662080938291,66.72646148629461,68.67743981243183,87.50233547931886,55.71916063879764,47.99585619196512,51.966335053566574,33.500816641462016,25.0,124.0,4.892053060181691,73.58657414991413,1.6008222079076964,8.594659225673682,1.2820186968955691,50.31396759753085,5516.0,67.91852261058526,27.240772860105505,10.047284133911688,10.036804709404723,45.57404761620353,43.29688369080142,41.00345285655783,70.19718983607018,97.31914176946324,74.5798251508532,29.552608090556067,87.92380054253377,88.78162812157098,20.55619795039213,12.445322888616914,38.63934820780844,41.0,165.0,2.3393056075802274,83.04026614741224,1.790983523372104,7.825918771748668,7.820143085728393,55.69643960283224,11621.0,86.16403476901333,27.482933229588102,8.928520999889118,25.521493274746117,55.366179347712944,51.05565907945113,81.79183393418246,60.10740861110929,61.98669481368096,50.93520097047614,80.0157508742625,40.06110915480556,65.0605217862895,36.85424663204557,13.423129824010026,57.2025690805903,179.0,149.0,206.0
Kitale,Teso South,2025-11-01 23:22:43.086192,166,35,130,1.476562996616885,91.69308554471314,3.057004480199089,8.765064717815203,2.42172516423864,79.61516163406853,5681,33.70816567891249,41.045972120537655,15.977038784108366,33.49665153076748,59.26012664786776,47.278099519985055,44.13362654131158,74.13968648710555,71.23315421358565,35.21602337570301,27.500088197109516,55.0954939367569,85.2894076484595,49.05330453461777,15.002733658359514,55.09935056265097,11,2025,30.0,122.0,1.3343132923537149,84.38316274275437,2.114043553813254,2.994293069614362,5.714171547819886,44.8111369999294,12990.0,64.77781843713737,26.768366157488764,21.285273062065425,30.46663854339875,41.28156655434557,53.29649150724412,76.5873017812556,48.20008943119085,55.29277291390646,45.03864657979384,36.41365886283928,67.34476860152279,77.86462863273665,79.40828084699513,37.18104945928858,34.07637265417433,20.0,158.0,0.6726682747560968,74.00620276479006,3.461841729253176,2.728439798851067,7.872736744263417,41.09048075429371,6296.0,34.03537614447886,25.768139455353747,20.914211588221548,16.313528704023398,39.88532415752381,61.22577696169045,72.63491805488471,89.12443739249922,96.40662080938291,66.72646148629461,68.67743981243183,87.50233547931886,55.71916063879764,47.99585619196512,51.966335053566574,33.500816641462016,25.0,124.0,4.892053060181691,73.58657414991413,1.6008222079076964,8.594659225673682,1.2820186968955691,50.31396759753085,5516.0,67.91852261058526,27.240772860105505,10.047284133911688,10.036804709404723,45.57404761620353,43.29688369080142,41.00345285655783,70.19718983607018,97.31914176946324,74.5798251508532,29.552608090556067,87.92380054253377,88.78162812157098,20.55619795039213,12.445322888616914,38.63934820780844,152.0,179.0,149.0
Kitale,Teso South,2025-12-01 23:22:43.086192,209,50,159,2.1233657364281355,74.48772462876424,3.5001918743728897,3.962888537373008,5.21922169251632,78.1645854589328,14565,67.40819071249868,29.203844164143632,18.385532321236887,11.196741167005722,48.275032855503,43.71347031416332,57.4700457840082,75.75089146456352,95.073995648951,55.927392848557474,60.91217635538822,43.74414793697431,82.30687903820252,57.329108149994745,44.35139841504197,47.713395695826776,12,2025,35.0,130.0,1.476562996616885,91.69308554471314,3.057004480199089,8.765064717815203,2.42172516423864,79.61516163406853,5681.0,33.70816567891249,41.045972120537655,15.977038784108366,33.49665153076748,59.26012664786776,47.278099519985055,44.13362654131158,74.13968648710555,71.23315421358565,35.21602337570301,27.500088197109516,55.0954939367569,85.2894076484595,49.05330453461777,15.002733658359514,55.09935056265097,30.0,122.0,1.3343132923537149,84.38316274275437,2.114043553813254,2.994293069614362,5.714171547819886,44.8111369999294,12990.0,64.77781843713737,26.768366157488764,21.285273062065425,30.46663854339875,41.28156655434557,53.29649150724412,76.5873017812556,48.20008943119085,55.29277291390646,45.03864657979384,36.41365886283928,67.34476860152279,77.86462863273665,79.40828084699513,37.18104945928858,34.07637265417433,20.0,158.0,0.6726682747560968,74.00620276479006,3.461841729253176,2.728439798851067,7.872736744263417,41.09048075429371,6296.0,34.03537614447886,25.768139455353747,20.914211588221548,16.313528704023398,39.88532415752381,61.22577696169045,72.63491805488471,89.12443739249922,96.40662080938291,66.72646148629461,68.67743981243183,87.50233547931886,55.71916063879764,47.99585619196512,51.966335053566574,33.500816641462016,166.0,152.0,179.0
Kitale,Teso South,2026-01-01 23:22:43.086192,215,52,163,3.3066595160405976,76.22232850494734,2.237430074621189,2.560272842199097,1.8896196893319248,59.808311321766176,3700,44.57476321011508,42.222467223650106,8.76065096523326,32.53143160741343,50.70379102450218,70.35279633209309,55.98090987887977,84.5207388094189,68.49267502223267,62.62534781344743,27.92369723408776,39.14511128790271,86.14105890469041,50.173222187749374,45.50474483212943,71.39465852537836,1,2026,50.0,159.0,2.1233657364281355,74.48772462876424,3.5001918743728897,3.962888537373008,5.21922169251632,78.1645854589328,14565.0,67.40819071249868,29.203844164143632,18.385532321236887,11.196741167005722,48.275032855503,43.71347031416332,57.4700457840082,75.75089146456352,95.073995648951,55.927392848557474,60.91217635538822,43.74414793697431,82.30687903820252,57.329108149994745,44.35139841504197,47.713395695826776,35.0,130.0,1.476562996616885,91.69308554471314,3.057004480199089,8.765064717815203,2.42172516423864,79.61516163406853,5681.0,33.70816567891249,41.045972120537655,15.977038784108366,33.49665153076748,59.26012664786776,47.278099519985055,44.13362654131158,74.13968648710555,71.23315421358565,35.21602337570301,27.500088197109516,55.0954939367569,85.2894076484595,49.05330453461777,15.002733658359514,55.09935056265097,30.0,122.0,1.3343132923537149,84.38316274275437,2.114043553813254,2.994293069614362,5.714171547819886,44.8111369999294,12990.0,64.77781843713737,26.768366157488764,21.285273062065425,30.46663854339875,41.28156655434557,53.29649150724412,76.5873017812556,48.20008943119085,55.29277291390646,45.03864657979384,36.41365886283928,67.34476860152279,77.86462863273665,79.40828084699513,37.18104945928858,34.07637265417433,209.0,166.0,152.0
Kitale,Teso South,2026-02-01 23:22:43.086192,219,43,175,1.7650515990892013,73.09899218673763,1.8475225763586065,6.698848242732515,4.291806318252524,75.7358420178453,3733,51.80455541275173,17.64270098213775,16.11821328351906,32.81169008179572,44.89707178691485,48.703532927543904,69.23224525322495,51.06246229118548,83.91276381657767,45.42107111557769,52.46373410120371,73.82350103767448,55.563133003575125,50.96455911893559,33.02825350488908,57.56835048215176,2,2026,52.0,163.0,3.3066595160405976,76.22232850494734,2.237430074621189,2.560272842199097,1.8896196893319248,59.808311321766176,3700.0,44.57476321011508,42.222467223650106,8.76065096523326,32.53143160741343,50.70379102450218,70.35279633209309,55.98090987887977,84.5207388094189,68.49267502223267,62.62534781344743,27.92369723408776,39.14511128790271,86.14105890469041,50.173222187749374,45.50474483212943,71.39465852537836,50.0,159.0,2.1233657364281355,74.48772462876424,3.5001918743728897,3.962888537373008,5.21922169251632,78.1645854589328,14565.0,67.40819071249868,29.203844164143632,18.385532321236887,11.196741167005722,48.275032855503,43.71347031416332,57.4700457840082,75.75089146456352,95.073995648951,55.927392848557474,60.91217635538822,43.74414793697431,82.30687903820252,57.329108149994745,44.35139841504197,47.713395695826776,35.0,130.0,1.476562996616885,91.69308554471314,3.057004480199089,8.765064717815203,2.42172516423864,79.61516163406853,5681.0,33.70816567891249,41.045972120537655,15.977038784108366,33.49665153076748,59.26012664786776,47.278099519985055,44.13362654131158,74.13968648710555,71.23315421358565,35.21602337570301,27.500088197109516,55.0954939367569,85.2894076484595,49.05330453461777,15.002733658359514,55.09935056265097,215.0,209.0,166.0
Thika,Thika Town,2025-06-01 23:22:43.086192,245,42,203,4.201746133807473,82.19059637270415,4.723991603243924,9.049726492211398,1.4594875034967334,82.34077345665594,5882,33.15149352544862,21.439282364573398,16.039699124496817,14.823774601565525,22.234873137603103,25.97248477196584,71.76483425276832,68.21164679156388,72.44565672712993,66.38321513091834,77.20226838058053,42.26947908952189,92.71827199532,79.04343175780811,48.7415203764537,69.53313436243508,6,2025,36.0,198.0,3.5020708508649747,84.38313993622239,4.230809434153425,5.434460377514181,4.394259950517809,63.62848281438357,2589.0,55.63527934416382,40.69882886161079,17.785305584744194,12.811293519074043,52.91479111971192,45.15201613920247,76.46853193234593,74.53557518966488,95.69514016861864,83.62555394423171,80.52035045831491,85.77613799688804,65.80877410363723,30.21214229304669,12.344856073767982,33.38795348881254,34.0,217.0,4.095323875336021,87.27636428118655,1.810526127164608,9.841277987345856,5.070112501366996,40.51154133999939,4638.0,85.46139913411992,18.648970659953346,15.97310767792662,33.89207852562991,65.00566377018518,59.30861974174319,43.77143501472791,62.72440095944229,93.3009043105592,68.08675976392351,45.26150737552779,64.54624475086932,96.24333814341836,68.62905406047238,21.97010110308632,30.77813986698336,72.0,222.0,1.792134889457658,91.01563073860176,4.060926792834145,7.837513689161168,4.54787240906711,47.4475300761346,14708.0,79.44606902504461,22.457955825649933,18.57762900121269,21.196049510758183,46.21513377306843,66.6851223271036,64.74322856808755,70.7038811550114,49.49549017062948,37.24126604655086,42.52113583168956,76.5453429555121,66.67476490719835,28.90005929673885,24.588580238451744,45.5714397275153,234.0,252.0,295.0
Thika,Thika Town,2025-07-01 23:22:43.086192,189,31,157,0.7819768706123778,88.71617403212524,4.312883720257183,4.131175433169309,2.028660187936356,73.59746618877756,5872,41.79722319116561,35.77748302442454,5.625667427766281,26.093543732819843,40.9445888936468,28.765423182683577,43.94540633109972,45.26857436342623,81.82835417691912,68.62427801178004,81.45816913600113,54.84748905198856,51.324385457749095,57.78058383631618,62.45756521330834,56.2271417622005,7,2025,42.0,203.0,4.201746133807473,82.19059637270415,4.723991603243924,9.049726492211398,1.4594875034967334,82.34077345665594,5882.0,33.15149352544862,21.439282364573398,16.039699124496817,14.823774601565525,22.234873137603103,25.97248477196584,71.76483425276832,68.21164679156388,72.44565672712993,66.38321513091834,77.20226838058053,42.26947908952189,92.71827199532,79.04343175780811,48.7415203764537,69.53313436243508,36.0,198.0,3.5020708508649747,84.38313993622239,4.230809434153425,5.434460377514181,4.394259950517809,63.62848281438357,2589.0,55.63527934416382,40.69882886161079,17.785305584744194,12.811293519074043,52.91479111971192,45.15201613920247,76.46853193234593,74.53557518966488,95.69514016861864,83.62555394423171,80.52035045831491,85.77613799688804,65.80877410363723,30.21214229304669,12.344856073767982,33.38795348881254,34.0,217.0,4.095323875336021,87.27636428118655,1.810526127164608,9.841277987345856,5.070112501366996,40.51154133999939,4638.0,85.46139913411992,18.648970659953346,15.97310767792662,33.89207852562991,65.00566377018518,59.30861974174319,43.77143501472791,62.72440095944229,93.3009043105592,68.08675976392351,45.26150737552779,64.54624475086932,96.24333814341836,68.62905406047238,21.97010110308632,30.77813986698336,245.0,234.0,252.0
Thika,Thika Town,2025-08-01 23:22:43.086192,141,25,116,3.5355303693092863,70.51341790857308,4.507218116415697,6.4487396380716095,3.022118190548416,40.679689027381535,6636,82.56674281625129,18.89016287292172,18.464315521458943,26.7637233064276,30.78614247516353,36.927732130962106,33.07053387727334,71.19725122441393,54.70915526223823,85.50619285060509,37.575216835020974,35.22522754608836,53.16405903099096,55.38726050364762,29.44623693361329,38.82358484982546,8,2025,31.0,157.0,0.7819768706123778,88.71617403212524,4.312883720257183,4.131175433169309,2.028660187936356,73.59746618877756,5872.0,41.79722319116561,35.77748302442454,5.625667427766281,26.093543732819843,40.9445888936468,28.765423182683577,43.94540633109972,45.26857436342623,81.82835417691912,68.62427801178004,81.45816913600113,54.84748905198856,51.324385457749095,57.78058383631618,62.45756521330834,56.2271417622005,42.0,203.0,4.201746133807473,82.19059637270415,4.723991603243924,9.049726492211398,1.4594875034967334,82.34077345665594,5882.0,33.15149352544862,21.439282364573398,16.039699124496817,14.823774601565525,22.234873137603103,25.97248477196584,71.76483425276832,68.21164679156388,72.44565672712993,66.38321513091834,77.20226838058053,42.26947908952189,92.71827199532,79.04343175780811,48.7415203764537,69.53313436243508,36.0,198.0,3.5020708508649747,84.38313993622239,4.230809434153425,5.434460377514181,4.394259950517809,63.62848281438357,2589.0,55.63527934416382,40.69882886161079,17.785305584744194,12.811293519074043,52.91479111971192,45.15201613920247,76.46853193234593,74.53557518966488,95.69514016861864,83.62555394423171,80.52035045831491,85.77613799688804,65.80877410363723,30.21214229304669,12.344856073767982,33.38795348881254,189.0,245.0,234.0
Thika,Thika Town,2025-09-01 23:22:43.086192,155,20,134,2.453302795775352,89.85520341099937,4.743639482147177,5.424338655834423,6.552981924406719,58.64890446751505,4212,90.37282806313056,37.91728221754719,6.603696877607128,33.23133118389317,33.70107803065043,49.24861716521608,40.604279382713486,50.45425427644528,54.78202942630486,47.59222210943972,71.73163283521595,32.94959329152268,65.58426648256982,32.39770539087777,10.73245618457225,40.2580203031682,9,2025,25.0,116.0,3.5355303693092863,70.51341790857308,4.507218116415697,6.4487396380716095,3.022118190548416,40.679689027381535,6636.0,82.56674281625129,18.89016287292172,18.464315521458943,26.7637233064276,30.78614247516353,36.927732130962106,33.07053387727334,71.19725122441393,54.70915526223823,85.50619285060509,37.575216835020974,35.22522754608836,53.16405903099096,55.38726050364762,29.44623693361329,38.82358484982546,31.0,157.0,0.7819768706123778,88.71617403212524,4.312883720257183,4.131175433169309,2.028660187936356,73.59746618877756,5872.0,41.79722319116561,35.77748302442454,5.625667427766281,26.093543732819843,40.9445888936468,28.765423182683577,43.94540633109972,45.26857436342623,81.82835417691912,68.62427801178004,81.45816913600113,54.84748905198856,51.324385457749095,57.78058383631618,62.45756521330834,56.2271417622005,42.0,203.0,4.201746133807473,82.19059637270415,4.723991603243924,9.049726492211398,1.4594875034967334,82.34077345665594,5882.0,33.15149352544862,21.439282364573398,16.039699124496817,14.823774601565525,22.234873137603103,25.97248477196584,71.76483425276832,68.21164679156388,72.44565672712993,66.38321513091834,77.20226838058053,42.26947908952189,92.71827199532,79.04343175780811,48.7415203764537,69.53313436243508,141.0,189.0,245.0
Thika,Thika Town,2025-10-01 23:22:43.086192,181,26,154,0.7403248824616696,88.27349814628856,1.1464759568036795,4.748294023644264,1.058791678219436,68.00343424209684,5041,68.41576326462943,36.7411649413844,19.6291256361192,33.92496580325779,54.49521210326964,27.005831904788792,49.99566130792766,59.48396719513808,84.89154656523588,77.31752819606912,40.91849947931395,71.89365513447564,59.0172778516777,60.7946908206293,20.62100524819476,84.45743633540752,10,2025,20.0,134.0,2.453302795775352,89.85520341099937,4.743639482147177,5.424338655834423,6.552981924406719,58.64890446751505,4212.0,90.37282806313056,37.91728221754719,6.603696877607128,33.23133118389317,33.70107803065043,49.24861716521608,40.604279382713486,50.45425427644528,54.78202942630486,47.59222210943972,71.73163283521595,32.94959329152268,65.58426648256982,32.39770539087777,10.73245618457225,40.2580203031682,25.0,116.0,3.5355303693092863,70.51341790857308,4.507218116415697,6.4487396380716095,3.022118190548416,40.679689027381535,6636.0,82.56674281625129,18.89016287292172,18.464315521458943,26.7637233064276,30.78614247516353,36.927732130962106,33.07053387727334,71.19725122441393,54.70915526223823,85.50619285060509,37.575216835020974,35.22522754608836,53.16405903099096,55.38726050364762,29.44623693361329,38.82358484982546,31.0,157.0,0.7819768706123778,88.71617403212524,4.312883720257183,4.131175433169309,2.028660187936356,73.59746618877756,5872.0,41.79722319116561,35.77748302442454,5.625667427766281,26.093543732819843,40.9445888936468,28.765423182683577,43.94540633109972,45.26857436342623,81.82835417691912,68.62427801178004,81.45816913600113,54.84748905198856,51.324385457749095,57.78058383631618,62.45756521330834,56.2271417622005,155.0,141.0,189.0
Thika,Thika Town,2025-11-01 23:22:43.086192,182,35,146,1.5520068462332488,86.87721577989893,3.881686791373005,4.914451282014071,7.35247253013882,74.53166061625828,7976,74.3135104730578,39.281629602833846,9.577650320794342,12.263013477843796,48.41886796452216,64.95184445858521,69.41575059363855,83.39994998434031,61.95534299665056,46.02959706486278,33.46786464691176,47.42924291393294,83.78068601168984,46.79676095937384,68.80818881958591,51.51419727329197,11,2025,26.0,154.0,0.7403248824616696,88.27349814628856,1.1464759568036795,4.748294023644264,1.058791678219436,68.00343424209684,5041.0,68.41576326462943,36.7411649413844,19.6291256361192,33.92496580325779,54.49521210326964,27.005831904788792,49.99566130792766,59.48396719513808,84.89154656523588,77.31752819606912,40.91849947931395,71.89365513447564,59.0172778516777,60.7946908206293,20.62100524819476,84.45743633540752,20.0,134.0,2.453302795775352,89.85520341099937,4.743639482147177,5.424338655834423,6.552981924406719,58.64890446751505,4212.0,90.37282806313056,37.91728221754719,6.603696877607128,33.23133118389317,33.70107803065043,49.24861716521608,40.604279382713486,50.45425427644528,54.78202942630486,47.59222210943972,71.73163283521595,32.94959329152268,65.58426648256982,32.39770539087777,10.73245618457225,40.2580203031682,25.0,116.0,3.5355303693092863,70.51341790857308,4.507218116415697,6.4487396380716095,3.022118190548416,40.679689027381535,6636.0,82.56674281625129,18.89016287292172,18.464315521458943,26.7637233064276,30.78614247516353,36.927732130962106,33.07053387727334,71.19725122441393,54.70915526223823,85.50619285060509,37.575216835020974,35.22522754608836,53.16405903099096,55.38726050364762,29.44623693361329,38.82358484982546,181.0,155.0,141.0
Thika,Thika Town,2025-12-01 23:22:43.086192,224,48,175,3.3686373994900918,73.23980459181061,4.4131125587342,3.077912089079166,2.617117581488803,83.1843786504387,14788,36.3891764350334,19.060848856755754,21.310339499421907,34.26670180390114,23.59364757616993,48.85561757741862,72.61154834209987,55.596976302298366,69.5408383917939,75.86781465147934,29.29027444243372,84.65975735343005,80.34444020939029,47.3131799007156,62.56738441444277,32.09516763210111,12,2025,35.0,146.0,1.5520068462332488,86.87721577989893,3.881686791373005,4.914451282014071,7.35247253013882,74.53166061625828,7976.0,74.3135104730578,39.281629602833846,9.577650320794342,12.263013477843796,48.41886796452216,64.95184445858521,69.41575059363855,83.39994998434031,61.95534299665056,46.02959706486278,33.46786464691176,47.42924291393294,83.78068601168984,46.79676095937384,68.80818881958591,51.51419727329197,26.0,154.0,0.7403248824616696,88.27349814628856,1.1464759568036795,4.748294023644264,1.058791678219436,68.00343424209684,5041.0,68.41576326462943,36.7411649413844,19.6291256361192,33.92496580325779,54.49521210326964,27.005831904788792,49.99566130792766,59.48396719513808,84.89154656523588,77.31752819606912,40.91849947931395,71.89365513447564,59.0172778516777,60.7946908206293,20.62100524819476,84.45743633540752,20.0,134.0,2.453302795775352,89.85520341099937,4.743639482147177,5.424338655834423,6.552981924406719,58.64890446751505,4212.0,90.37282806313056,37.91728221754719,6.603696877607128,33.23133118389317,33.70107803065043,49.24861716521608,40.604279382713486,50.45425427644528,54.78202942630486,47.59222210943972,71.73163283521595,32.94959329152268,65.58426648256982,32.39770539087777,10.73245618457225,40.2580203031682,182.0,181.0,155.0
Thika,Thika Town,2026-01-01 23:22:43.086192,264,41,222,3.435049188439558,80.55702390067421,1.1959292272095063,4.892530212177129,7.287398172293233,46.00057734174696,2069,33.10891219899583,24.79227923013307,19.94450810248628,17.319114409193027,56.16065773872933,46.12031911254388,57.46249499649835,42.123621824088914,74.7779658266495,71.92937165418894,38.20049798478389,87.11448965647415,56.8454008031115,72.6740839583185,14.279860566818034,50.06429741684177,1,2026,48.0,175.0,3.3686373994900918,73.23980459181061,4.4131125587342,3.077912089079166,2.617117581488803,83.1843786504387,14788.0,36.3891764350334,19.060848856755754,21.310339499421907,34.26670180390114,23.59364757616993,48.85561757741862,72.61154834209987,55.596976302298366,69.5408383917939,75.86781465147934,29.29027444243372,84.65975735343005,80.34444020939029,47.3131799007156,62.56738441444277,32.09516763210111,35.0,146.0,1.5520068462332488,86.87721577989893,3.881686791373005,4.914451282014071,7.35247253013882,74.53166061625828,7976.0,74.3135104730578,39.281629602833846,9.577650320794342,12.263013477843796,48.41886796452216,64.95184445858521,69.41575059363855,83.39994998434031,61.95534299665056,46.02959706486278,33.46786464691176,47.42924291393294,83.78068601168984,46.79676095937384,68.80818881958591,51.51419727329197,26.0,154.0,0.7403248824616696,88.27349814628856,1.1464759568036795,4.748294023644264,1.058791678219436,68.00343424209684,5041.0,68.41576326462943,36.7411649413844,19.6291256361192,33.92496580325779,54.49521210326964,27.005831904788792,49.99566130792766,59.48396719513808,84.89154656523588,77.31752819606912,40.91849947931395,71.89365513447564,59.0172778516777,60.7946908206293,20.62100524819476,84.45743633540752,224.0,182.0,181.0
Thika,Thika Town,2026-02-01 23:22:43.086192,287,33,254,3.95294512355146,76.96836958790543,2.791100096111046,9.92787883844797,3.868334262531328,78.75448343793414,10279,90.37846986594904,23.32621516613046,24.735639099452868,24.256788185326364,54.71053824902295,73.84331941476569,70.5599591511465,56.69488257326168,81.29450079645599,80.05510272340956,47.047882740768685,89.6320462781211,79.066677430066,38.54982423932948,61.4064517428796,59.34484643897146,2,2026,41.0,222.0,3.435049188439558,80.55702390067421,1.1959292272095063,4.892530212177129,7.287398172293233,46.00057734174696,2069.0,33.10891219899583,24.79227923013307,19.94450810248628,17.319114409193027,56.16065773872933,46.12031911254388,57.46249499649835,42.123621824088914,74.7779658266495,71.92937165418894,38.20049798478389,87.11448965647415,56.8454008031115,72.6740839583185,14.279860566818034,50.06429741684177,48.0,175.0,3.3686373994900918,73.23980459181061,4.4131125587342,3.077912089079166,2.617117581488803,83.1843786504387,14788.0,36.3891764350334,19.060848856755754,21.310339499421907,34.26670180390114,23.59364757616993,48.85561757741862,72.61154834209987,55.596976302298366,69.5408383917939,75.86781465147934,29.29027444243372,84.65975735343005,80.34444020939029,47.3131799007156,62.56738441444277,32.09516763210111,35.0,146.0,1.5520068462332488,86.87721577989893,3.881686791373005,4.914451282014071,7.35247253013882,74.53166061625828,7976.0,74.3135104730578,39.281629602833846,9.577650320794342,12.263013477843796,48.41886796452216,64.95184445858521,69.41575059363855,83.39994998434031,61.95534299665056,46.02959706486278,33.46786464691176,47.42924291393294,83.78068601168984,46.79676095937384,68.80818881958591,51.51419727329197,264.0,224.0,182.0
Eldoret,Turbo,2025-06-01 23:22:43.086192,272,33,239,4.735301292799985,85.92885507085512,4.088891482637537,8.111547140166389,4.323234629046223,66.99615008357804,3731,30.393471793709743,42.97039327814028,14.35801005735212,12.476994818446263,42.60240979466522,44.40809238310828,60.79377821753126,40.077055205286754,92.7663063382001,85.95108259948447,31.8410954409016,35.44172220114033,83.70599497201681,68.06906726276868,16.29205862792667,76.70696628926439,6,2025,62.0,201.0,0.5189903360333127,78.15720230743555,4.322519678213433,9.284570995432327,3.513047967452662,64.1799747952583,3351.0,60.22584545574961,21.09069582183659,8.111687523813993,30.112184811472588,68.58353036059344,32.9579804689793,33.31740676370693,55.01781753298524,61.33150016549672,72.13712894866889,29.584171106945693,79.88877201368074,64.5652453823705,32.87106944298206,55.12356678568245,40.97161443826724,51.0,269.0,3.002727513280413,72.4653426357743,2.663258599114137,9.047207149027582,5.679723573124785,68.71892269880225,5163.0,75.1553144723895,42.97545503494607,5.990547309447125,13.853872804653816,31.96975688346117,51.365915256714736,62.23972372288255,40.07963682560276,88.07182713855279,65.5142172207004,63.73444087674976,71.55114830644693,57.69064896153798,37.882750803577096,32.18404276013694,77.39787080615643,44.0,291.0,1.320196611051861,86.47098844305603,1.212486286608927,2.454168367360267,7.924372739873155,84.04900655973789,12308.0,67.08441157184322,23.94904060612263,16.803718322093673,21.969667550506173,43.29213899614725,69.29132428739247,32.07434078860043,69.3738820570448,52.51675147719594,76.58185965709885,72.96149406908526,85.43312999194116,86.32874180139902,30.657070908296674,45.0043125467548,35.92377990453127,263.0,320.0,336.0
Eldoret,Turbo,2025-07-01 23:22:43.086192,226,28,197,2.230915604566604,83.00266477505473,1.650638615250827,4.622423270057817,3.2905300816348912,73.14912430456184,13656,61.30533256588554,25.112363442831388,21.51550991102326,10.485334128046215,26.35773302272588,42.69741885990915,48.52295800675009,58.91147126625364,54.98413093499696,49.35306683892783,70.35683616053635,74.57934074902545,50.17439684838173,60.5822155687458,58.4547960586347,67.91626081853039,7,2025,33.0,239.0,4.735301292799985,85.92885507085512,4.088891482637537,8.111547140166389,4.323234629046223,66.99615008357804,3731.0,30.393471793709743,42.97039327814028,14.35801005735212,12.476994818446263,42.60240979466522,44.40809238310828,60.79377821753126,40.077055205286754,92.7663063382001,85.95108259948447,31.8410954409016,35.44172220114033,83.70599497201681,68.06906726276868,16.29205862792667,76.70696628926439,62.0,201.0,0.5189903360333127,78.15720230743555,4.322519678213433,9.284570995432327,3.513047967452662,64.1799747952583,3351.0,60.22584545574961,21.09069582183659,8.111687523813993,30.112184811472588,68.58353036059344,32.9579804689793,33.31740676370693,55.01781753298524,61.33150016549672,72.13712894866889,29.584171106945693,79.88877201368074,64.5652453823705,32.87106944298206,55.12356678568245,40.97161443826724,51.0,269.0,3.002727513280413,72.4653426357743,2.663258599114137,9.047207149027582,5.679723573124785,68.71892269880225,5163.0,75.1553144723895,42.97545503494607,5.990547309447125,13.853872804653816,31.96975688346117,51.365915256714736,62.23972372288255,40.07963682560276,88.07182713855279,65.5142172207004,63.73444087674976,71.55114830644693,57.69064896153798,37.882750803577096,32.18404276013694,77.39787080615643,272.0,263.0,320.0
Eldoret,Turbo,2025-08-01 23:22:43.086192,211,26,185,4.796706059767367,88.97381906082593,2.4335747513444312,4.573082251122512,2.669288875980902,78.52238280444351,4983,30.213042775389425,24.97259159651477,10.604121749516066,17.549885410525892,55.13152911149327,75.01792080668415,74.82909243687229,81.340963752399,92.73696386183968,92.71026810323308,84.65054991874594,79.30255974787968,84.66250950687567,58.486387945421534,38.29169704393905,50.37574779800493,8,2025,28.0,197.0,2.230915604566604,83.00266477505473,1.650638615250827,4.622423270057817,3.2905300816348912,73.14912430456184,13656.0,61.30533256588554,25.112363442831388,21.51550991102326,10.485334128046215,26.35773302272588,42.69741885990915,48.52295800675009,58.91147126625364,54.98413093499696,49.35306683892783,70.35683616053635,74.57934074902545,50.17439684838173,60.5822155687458,58.4547960586347,67.91626081853039,33.0,239.0,4.735301292799985,85.92885507085512,4.088891482637537,8.111547140166389,4.323234629046223,66.99615008357804,3731.0,30.393471793709743,42.97039327814028,14.35801005735212,12.476994818446263,42.60240979466522,44.40809238310828,60.79377821753126,40.077055205286754,92.7663063382001,85.95108259948447,31.8410954409016,35.44172220114033,83.70599497201681,68.06906726276868,16.29205862792667,76.70696628926439,62.0,201.0,0.5189903360333127,78.15720230743555,4.322519678213433,9.284570995432327,3.513047967452662,64.1799747952583,3351.0,60.22584545574961,21.09069582183659,8.111687523813993,30.112184811472588,68.58353036059344,32.9579804689793,33.31740676370693,55.01781753298524,61.33150016549672,72.13712894866889,29.584171106945693,79.88877201368074,64.5652453823705,32.87106944298206,55.12356678568245,40.97161443826724,226.0,272.0,263.0
Eldoret,Turbo,2025-09-01 23:22:43.086192,168,34,133,2.115739170681323,85.33161609772418,1.2159318753482942,7.620186296097248,3.525716718971826,67.02186527630232,12856,81.76821353091522,25.034754589270285,7.507950017092249,19.15065572083437,31.445431556987323,67.88764306624748,50.31532683645448,41.58191904134669,59.74882975287275,39.42769550082835,69.63271445382736,88.28203701596972,78.75304242554662,36.63968223540621,48.17029660818502,51.2442243719124,9,2025,26.0,185.0,4.796706059767367,88.97381906082593,2.4335747513444312,4.573082251122512,2.669288875980902,78.52238280444351,4983.0,30.213042775389425,24.97259159651477,10.604121749516066,17.549885410525892,55.13152911149327,75.01792080668415,74.82909243687229,81.340963752399,92.73696386183968,92.71026810323308,84.65054991874594,79.30255974787968,84.66250950687567,58.486387945421534,38.29169704393905,50.37574779800493,28.0,197.0,2.230915604566604,83.00266477505473,1.650638615250827,4.622423270057817,3.2905300816348912,73.14912430456184,13656.0,61.30533256588554,25.112363442831388,21.51550991102326,10.485334128046215,26.35773302272588,42.69741885990915,48.52295800675009,58.91147126625364,54.98413093499696,49.35306683892783,70.35683616053635,74.57934074902545,50.17439684838173,60.5822155687458,58.4547960586347,67.91626081853039,33.0,239.0,4.735301292799985,85.92885507085512,4.088891482637537,8.111547140166389,4.323234629046223,66.99615008357804,3731.0,30.393471793709743,42.97039327814028,14.35801005735212,12.476994818446263,42.60240979466522,44.40809238310828,60.79377821753126,40.077055205286754,92.7663063382001,85.95108259948447,31.8410954409016,35.44172220114033,83.70599497201681,68.06906726276868,16.29205862792667,76.70696628926439,211.0,226.0,272.0
Eldoret,Turbo,2025-10-01 23:22:43.086192,203,41,162,3.847221945266248,81.21086815546715,4.000227483720243,8.890484914823084,3.420572942979697,60.73635003423096,4291,30.782635320139786,26.123120760301,19.33016712750348,18.00175837354929,43.38192660803038,72.71102435653233,46.757475605652544,69.82761700387134,96.48808895637536,36.963088262891176,83.53164295914773,84.77778182140361,49.91962149078224,47.77988888495221,28.29508686381138,80.18694801976636,10,2025,34.0,133.0,2.115739170681323,85.33161609772418,1.2159318753482942,7.620186296097248,3.525716718971826,67.02186527630232,12856.0,81.76821353091522,25.034754589270285,7.507950017092249,19.15065572083437,31.445431556987323,67.88764306624748,50.31532683645448,41.58191904134669,59.74882975287275,39.42769550082835,69.63271445382736,88.28203701596972,78.75304242554662,36.63968223540621,48.17029660818502,51.2442243719124,26.0,185.0,4.796706059767367,88.97381906082593,2.4335747513444312,4.573082251122512,2.669288875980902,78.52238280444351,4983.0,30.213042775389425,24.97259159651477,10.604121749516066,17.549885410525892,55.13152911149327,75.01792080668415,74.82909243687229,81.340963752399,92.73696386183968,92.71026810323308,84.65054991874594,79.30255974787968,84.66250950687567,58.486387945421534,38.29169704393905,50.37574779800493,28.0,197.0,2.230915604566604,83.00266477505473,1.650638615250827,4.622423270057817,3.2905300816348912,73.14912430456184,13656.0,61.30533256588554,25.112363442831388,21.51550991102326,10.485334128046215,26.35773302272588,42.69741885990915,48.52295800675009,58.91147126625364,54.98413093499696,49.35306683892783,70.35683616053635,74.57934074902545,50.17439684838173,60.5822155687458,58.4547960586347,67.91626081853039,168.0,211.0,226.0
Eldoret,Turbo,2025-11-01 23:22:43.086192,279,36,242,1.2519097623832292,86.8421591193283,4.25315715037206,8.827566267663496,3.985456082958593,71.37780493592582,2492,83.55084329386297,21.38029124094557,11.06232082553987,18.820448005817937,53.01358821103989,78.45303729800449,43.219550600483686,41.52454995540881,93.15857360403687,76.9780513474627,50.279546534014365,63.662257817789246,59.03495381009149,44.12290610972779,25.273206390494945,32.77136191029128,11,2025,41.0,162.0,3.847221945266248,81.21086815546715,4.000227483720243,8.890484914823084,3.420572942979697,60.73635003423096,4291.0,30.782635320139786,26.123120760301,19.33016712750348,18.00175837354929,43.38192660803038,72.71102435653233,46.757475605652544,69.82761700387134,96.48808895637536,36.963088262891176,83.53164295914773,84.77778182140361,49.91962149078224,47.77988888495221,28.29508686381138,80.18694801976636,34.0,133.0,2.115739170681323,85.33161609772418,1.2159318753482942,7.620186296097248,3.525716718971826,67.02186527630232,12856.0,81.76821353091522,25.034754589270285,7.507950017092249,19.15065572083437,31.445431556987323,67.88764306624748,50.31532683645448,41.58191904134669,59.74882975287275,39.42769550082835,69.63271445382736,88.28203701596972,78.75304242554662,36.63968223540621,48.17029660818502,51.2442243719124,26.0,185.0,4.796706059767367,88.97381906082593,2.4335747513444312,4.573082251122512,2.669288875980902,78.52238280444351,4983.0,30.213042775389425,24.97259159651477,10.604121749516066,17.549885410525892,55.13152911149327,75.01792080668415,74.82909243687229,81.340963752399,92.73696386183968,92.71026810323308,84.65054991874594,79.30255974787968,84.66250950687567,58.486387945421534,38.29169704393905,50.37574779800493,203.0,168.0,211.0
Eldoret,Turbo,2025-12-01 23:22:43.086192,245,56,189,3.646489538730443,89.97101322951181,1.5569633358184491,2.1598493044871026,1.2269249049801991,56.26746168175792,4579,41.157654525476346,34.933726577753106,16.813403388337637,32.85746013580133,20.70626075468207,49.069411165692784,83.95747996390801,84.36860725701487,90.48420496649078,70.86607711664915,75.51895888104926,34.4972542429714,80.53462066428776,54.31838750696125,14.553996271660107,79.6808191540835,12,2025,36.0,242.0,1.2519097623832292,86.8421591193283,4.25315715037206,8.827566267663496,3.985456082958593,71.37780493592582,2492.0,83.55084329386297,21.38029124094557,11.06232082553987,18.820448005817937,53.01358821103989,78.45303729800449,43.219550600483686,41.52454995540881,93.15857360403687,76.9780513474627,50.279546534014365,63.662257817789246,59.03495381009149,44.12290610972779,25.273206390494945,32.77136191029128,41.0,162.0,3.847221945266248,81.21086815546715,4.000227483720243,8.890484914823084,3.420572942979697,60.73635003423096,4291.0,30.782635320139786,26.123120760301,19.33016712750348,18.00175837354929,43.38192660803038,72.71102435653233,46.757475605652544,69.82761700387134,96.48808895637536,36.963088262891176,83.53164295914773,84.77778182140361,49.91962149078224,47.77988888495221,28.29508686381138,80.18694801976636,34.0,133.0,2.115739170681323,85.33161609772418,1.2159318753482942,7.620186296097248,3.525716718971826,67.02186527630232,12856.0,81.76821353091522,25.034754589270285,7.507950017092249,19.15065572083437,31.445431556987323,67.88764306624748,50.31532683645448,41.58191904134669,59.74882975287275,39.42769550082835,69.63271445382736,88.28203701596972,78.75304242554662,36.63968223540621,48.17029660818502,51.2442243719124,279.0,203.0,168.0
Eldoret,Turbo,2026-01-01 23:22:43.086192,344,64,280,3.327774707911588,72.83381508836155,1.5342340706371504,6.868439867424924,2.6588753839692063,65.14764551578921,12004,50.05189014208111,27.07159082391039,15.038216163607531,29.128873462601305,23.597229088114982,46.72037150658193,38.74477691716402,72.49385701650581,95.90905298193738,38.94623139603674,46.57465159037143,32.79480574183044,82.69481388271502,20.18642060489499,50.918714427583474,75.53312397137682,1,2026,56.0,189.0,3.646489538730443,89.97101322951181,1.5569633358184491,2.1598493044871026,1.2269249049801991,56.26746168175792,4579.0,41.157654525476346,34.933726577753106,16.813403388337637,32.85746013580133,20.70626075468207,49.069411165692784,83.95747996390801,84.36860725701487,90.48420496649078,70.86607711664915,75.51895888104926,34.4972542429714,80.53462066428776,54.31838750696125,14.553996271660107,79.6808191540835,36.0,242.0,1.2519097623832292,86.8421591193283,4.25315715037206,8.827566267663496,3.985456082958593,71.37780493592582,2492.0,83.55084329386297,21.38029124094557,11.06232082553987,18.820448005817937,53.01358821103989,78.45303729800449,43.219550600483686,41.52454995540881,93.15857360403687,76.9780513474627,50.279546534014365,63.662257817789246,59.03495381009149,44.12290610972779,25.273206390494945,32.77136191029128,41.0,162.0,3.847221945266248,81.21086815546715,4.000227483720243,8.890484914823084,3.420572942979697,60.73635003423096,4291.0,30.782635320139786,26.123120760301,19.33016712750348,18.00175837354929,43.38192660803038,72.71102435653233,46.757475605652544,69.82761700387134,96.48808895637536,36.963088262891176,83.53164295914773,84.77778182140361,49.91962149078224,47.77988888495221,28.29508686381138,80.18694801976636,245.0,279.0,203.0
Eldoret,Turbo,2026-02-01 23:22:43.086192,400,97,302,1.1828360601350956,80.34661471272868,2.471562332360625,7.928807436179421,7.990734883482748,58.363564957403646,10258,57.37052415742716,16.24874841686861,22.076456785933782,15.052700405913496,23.139307653044803,27.72640640338717,84.65745718250687,54.12907193119112,83.05041058238858,78.08874105787416,55.62184337985389,53.34835267798368,55.5275704162629,59.51316305890214,61.823526742148445,64.70094155259467,2,2026,64.0,280.0,3.327774707911588,72.83381508836155,1.5342340706371504,6.868439867424924,2.6588753839692063,65.14764551578921,12004.0,50.05189014208111,27.07159082391039,15.038216163607531,29.128873462601305,23.597229088114982,46.72037150658193,38.74477691716402,72.49385701650581,95.90905298193738,38.94623139603674,46.57465159037143,32.79480574183044,82.69481388271502,20.18642060489499,50.918714427583474,75.53312397137682,56.0,189.0,3.646489538730443,89.97101322951181,1.5569633358184491,2.1598493044871026,1.2269249049801991,56.26746168175792,4579.0,41.157654525476346,34.933726577753106,16.813403388337637,32.85746013580133,20.70626075468207,49.069411165692784,83.95747996390801,84.36860725701487,90.48420496649078,70.86607711664915,75.51895888104926,34.4972542429714,80.53462066428776,54.31838750696125,14.553996271660107,79.6808191540835,36.0,242.0,1.2519097623832292,86.8421591193283,4.25315715037206,8.827566267663496,3.985456082958593,71.37780493592582,2492.0,83.55084329386297,21.38029124094557,11.06232082553987,18.820448005817937,53.01358821103989,78.45303729800449,43.219550600483686,41.52454995540881,93.15857360403687,76.9780513474627,50.279546534014365,63.662257817789246,59.03495381009149,44.12290610972779,25.273206390494945,32.77136191029128,344.0,245.0,279.0
Eldoret,Uasin Gishu,2025-06-01 23:22:43.086192,255,60,194,2.4992475725432337,78.06454480298439,1.0372435685101418,9.664163000527566,1.4410043167777389,49.50092886476165,5756,35.97557751374836,31.437229960850686,8.923870429511751,21.92068908987509,67.64635597291459,76.5689716947046,77.31445372885779,84.95797302923299,79.2411685681229,54.5212090951856,69.06469338050502,59.12257261679976,81.39284907709681,64.35890146879899,39.482000004977984,60.45372978369882,6,2025,61.0,194.0,2.605962539147608,81.89230208028088,1.657558728155588,8.183986232114052,1.6074013167516532,46.23228057722708,5622.0,65.3109302309979,19.47761980890738,15.289237141266575,28.739644160462163,57.12870374123734,35.781256014356586,32.40544058136229,58.89123004334567,48.32787866724218,54.33094034159885,41.809823716841024,68.50355838193131,77.48076160171951,57.92386608270398,48.82441441274606,62.08069638484723,85.0,260.0,1.0452738698794124,93.57549755131204,1.517902746760638,9.097692752388852,1.0014548072797804,74.72540051645532,9473.0,43.49710985598039,24.852200312531828,15.428085498071283,20.219557208107368,39.14837397090053,29.629506941357704,32.08746797870627,66.07053959624619,51.40215761169092,77.85501465265052,81.42582421913102,54.995615338160974,55.50675129100968,78.66112250787455,67.1247426089185,33.16492248114395,61.0,308.0,3.592652288519968,85.56327871747285,1.3785781685288212,7.742291261714072,3.519383263760281,78.02718529560312,13763.0,86.2965270025746,43.52286278473586,23.0306884749312,20.538891939297383,20.164539886699515,74.95808115394911,42.85644984174921,48.46797032451076,53.02449884322549,43.63649674905279,84.87308272262798,70.2808341693485,48.33367808953863,47.47846678664748,56.25856014765424,43.087909595713,255.0,346.0,370.0
Eldoret,Uasin Gishu,2025-07-01 23:22:43.086192,272,47,225,1.2024971332145258,74.56658187866833,1.8954012405895584,8.814480722245897,4.646797996693551,64.70613450642333,6725,45.65515035221303,22.654195085966723,5.615908429712093,29.14715778733592,62.21719667608188,70.80966617597409,42.46028438611037,40.36077831631981,80.47839994293363,66.52523457909774,64.69356186038786,63.3362471659882,95.91734775675371,42.53842585169828,24.982688145302216,81.54318725818402,7,2025,60.0,194.0,2.4992475725432337,78.06454480298439,1.0372435685101418,9.664163000527566,1.4410043167777389,49.50092886476165,5756.0,35.97557751374836,31.437229960850686,8.923870429511751,21.92068908987509,67.64635597291459,76.5689716947046,77.31445372885779,84.95797302923299,79.2411685681229,54.5212090951856,69.06469338050502,59.12257261679976,81.39284907709681,64.35890146879899,39.482000004977984,60.45372978369882,61.0,194.0,2.605962539147608,81.89230208028088,1.657558728155588,8.183986232114052,1.6074013167516532,46.23228057722708,5622.0,65.3109302309979,19.47761980890738,15.289237141266575,28.739644160462163,57.12870374123734,35.781256014356586,32.40544058136229,58.89123004334567,48.32787866724218,54.33094034159885,41.809823716841024,68.50355838193131,77.48076160171951,57.92386608270398,48.82441441274606,62.08069638484723,85.0,260.0,1.0452738698794124,93.57549755131204,1.517902746760638,9.097692752388852,1.0014548072797804,74.72540051645532,9473.0,43.49710985598039,24.852200312531828,15.428085498071283,20.219557208107368,39.14837397090053,29.629506941357704,32.08746797870627,66.07053959624619,51.40215761169092,77.85501465265052,81.42582421913102,54.995615338160974,55.50675129100968,78.66112250787455,67.1247426089185,33.16492248114395,255.0,255.0,346.0
Eldoret,Uasin Gishu,2025-08-01 23:22:43.086192,185,19,165,2.7992257169846937,92.14913311258114,3.3265954302063645,6.926316370988663,6.782476754549826,73.78051532071356,14407,49.12009860511442,33.90588738486213,10.167300680109774,13.349142485556529,65.63775358717417,25.25038118445257,76.4865652163652,66.05391500354446,65.79469714087848,53.85931126440868,66.29569755035342,56.54585913711283,51.275868823267245,40.71529272063479,14.752052805852491,82.79228355339586,8,2025,47.0,225.0,1.2024971332145258,74.56658187866833,1.8954012405895584,8.814480722245897,4.646797996693551,64.70613450642333,6725.0,45.65515035221303,22.654195085966723,5.615908429712093,29.14715778733592,62.21719667608188,70.80966617597409,42.46028438611037,40.36077831631981,80.47839994293363,66.52523457909774,64.69356186038786,63.3362471659882,95.91734775675371,42.53842585169828,24.982688145302216,81.54318725818402,60.0,194.0,2.4992475725432337,78.06454480298439,1.0372435685101418,9.664163000527566,1.4410043167777389,49.50092886476165,5756.0,35.97557751374836,31.437229960850686,8.923870429511751,21.92068908987509,67.64635597291459,76.5689716947046,77.31445372885779,84.95797302923299,79.2411685681229,54.5212090951856,69.06469338050502,59.12257261679976,81.39284907709681,64.35890146879899,39.482000004977984,60.45372978369882,61.0,194.0,2.605962539147608,81.89230208028088,1.657558728155588,8.183986232114052,1.6074013167516532,46.23228057722708,5622.0,65.3109302309979,19.47761980890738,15.289237141266575,28.739644160462163,57.12870374123734,35.781256014356586,32.40544058136229,58.89123004334567,48.32787866724218,54.33094034159885,41.809823716841024,68.50355838193131,77.48076160171951,57.92386608270398,48.82441441274606,62.08069638484723,272.0,255.0,255.0
Eldoret,Uasin Gishu,2025-09-01 23:22:43.086192,189,27,162,1.9058113924850013,88.989166016586,2.4077292697938755,9.518223376150738,3.0211168217774973,51.00686578002659,14861,45.3945648564748,24.43350713688864,14.14822209517088,28.620494363990563,33.329242465944006,28.445949546098745,55.65252504527184,69.16118549476684,77.11923949179453,89.2470227989019,82.56281865078024,57.03781793506488,89.5571794881099,28.95952269749348,48.9933369776105,66.78160409508585,9,2025,19.0,165.0,2.7992257169846937,92.14913311258114,3.3265954302063645,6.926316370988663,6.782476754549826,73.78051532071356,14407.0,49.12009860511442,33.90588738486213,10.167300680109774,13.349142485556529,65.63775358717417,25.25038118445257,76.4865652163652,66.05391500354446,65.79469714087848,53.85931126440868,66.29569755035342,56.54585913711283,51.275868823267245,40.71529272063479,14.752052805852491,82.79228355339586,47.0,225.0,1.2024971332145258,74.56658187866833,1.8954012405895584,8.814480722245897,4.646797996693551,64.70613450642333,6725.0,45.65515035221303,22.654195085966723,5.615908429712093,29.14715778733592,62.21719667608188,70.80966617597409,42.46028438611037,40.36077831631981,80.47839994293363,66.52523457909774,64.69356186038786,63.3362471659882,95.91734775675371,42.53842585169828,24.982688145302216,81.54318725818402,60.0,194.0,2.4992475725432337,78.06454480298439,1.0372435685101418,9.664163000527566,1.4410043167777389,49.50092886476165,5756.0,35.97557751374836,31.437229960850686,8.923870429511751,21.92068908987509,67.64635597291459,76.5689716947046,77.31445372885779,84.95797302923299,79.2411685681229,54.5212090951856,69.06469338050502,59.12257261679976,81.39284907709681,64.35890146879899,39.482000004977984,60.45372978369882,185.0,272.0,255.0
Eldoret,Uasin Gishu,2025-10-01 23:22:43.086192,229,36,192,3.0450434629186227,80.84183478728612,1.2995213447949006,6.183837315294183,6.065208899786918,42.97139300864303,7286,94.12533295693336,39.70463230017867,11.09402283170243,34.36665400765747,69.2203812667716,65.82876199501823,62.08234274015678,81.24599273307868,83.40974921008689,72.78515225519737,69.68095849383607,44.97586731761937,50.14426747951592,69.79777261809059,38.289183290004296,53.82087393789487,10,2025,27.0,162.0,1.9058113924850013,88.989166016586,2.4077292697938755,9.518223376150738,3.0211168217774973,51.00686578002659,14861.0,45.3945648564748,24.43350713688864,14.14822209517088,28.620494363990563,33.329242465944006,28.445949546098745,55.65252504527184,69.16118549476684,77.11923949179453,89.2470227989019,82.56281865078024,57.03781793506488,89.5571794881099,28.95952269749348,48.9933369776105,66.78160409508585,19.0,165.0,2.7992257169846937,92.14913311258114,3.3265954302063645,6.926316370988663,6.782476754549826,73.78051532071356,14407.0,49.12009860511442,33.90588738486213,10.167300680109774,13.349142485556529,65.63775358717417,25.25038118445257,76.4865652163652,66.05391500354446,65.79469714087848,53.85931126440868,66.29569755035342,56.54585913711283,51.275868823267245,40.71529272063479,14.752052805852491,82.79228355339586,47.0,225.0,1.2024971332145258,74.56658187866833,1.8954012405895584,8.814480722245897,4.646797996693551,64.70613450642333,6725.0,45.65515035221303,22.654195085966723,5.615908429712093,29.14715778733592,62.21719667608188,70.80966617597409,42.46028438611037,40.36077831631981,80.47839994293363,66.52523457909774,64.69356186038786,63.3362471659882,95.91734775675371,42.53842585169828,24.982688145302216,81.54318725818402,189.0,185.0,272.0
Eldoret,Uasin Gishu,2025-11-01 23:22:43.086192,237,32,205,0.745592746997017,85.61743374852695,1.9952448366424769,4.474049994903635,4.953014579629752,74.20041605179395,5446,52.634368083058845,20.25541101224093,6.153113641327055,19.852375128361764,39.50241536640681,56.40988246531472,66.54106977122606,89.02015147081835,87.03498182073051,86.09833823128645,75.96273865761933,79.74154675020236,91.572502589671,52.79299800535517,27.349605660270782,33.03488951232106,11,2025,36.0,192.0,3.0450434629186227,80.84183478728612,1.2995213447949006,6.183837315294183,6.065208899786918,42.97139300864303,7286.0,94.12533295693336,39.70463230017867,11.09402283170243,34.36665400765747,69.2203812667716,65.82876199501823,62.08234274015678,81.24599273307868,83.40974921008689,72.78515225519737,69.68095849383607,44.97586731761937,50.14426747951592,69.79777261809059,38.289183290004296,53.82087393789487,27.0,162.0,1.9058113924850013,88.989166016586,2.4077292697938755,9.518223376150738,3.0211168217774973,51.00686578002659,14861.0,45.3945648564748,24.43350713688864,14.14822209517088,28.620494363990563,33.329242465944006,28.445949546098745,55.65252504527184,69.16118549476684,77.11923949179453,89.2470227989019,82.56281865078024,57.03781793506488,89.5571794881099,28.95952269749348,48.9933369776105,66.78160409508585,19.0,165.0,2.7992257169846937,92.14913311258114,3.3265954302063645,6.926316370988663,6.782476754549826,73.78051532071356,14407.0,49.12009860511442,33.90588738486213,10.167300680109774,13.349142485556529,65.63775358717417,25.25038118445257,76.4865652163652,66.05391500354446,65.79469714087848,53.85931126440868,66.29569755035342,56.54585913711283,51.275868823267245,40.71529272063479,14.752052805852491,82.79228355339586,229.0,189.0,185.0
Eldoret,Uasin Gishu,2025-12-01 23:22:43.086192,251,25,226,1.690046824277602,72.14511036443174,3.579201474784885,5.593019095117563,6.613578220092198,73.00826959042413,5202,45.86835864460638,35.17727928989811,5.252730924741207,18.200546294481832,45.044260817561614,73.46189877217307,40.96564217393853,71.66731787247336,57.100554704287575,68.40548590035164,61.349058445646286,49.295951979235575,60.624133295439215,37.36836645399855,48.96355336245623,53.6823537430292,12,2025,32.0,205.0,0.745592746997017,85.61743374852695,1.9952448366424769,4.474049994903635,4.953014579629752,74.20041605179395,5446.0,52.634368083058845,20.25541101224093,6.153113641327055,19.852375128361764,39.50241536640681,56.40988246531472,66.54106977122606,89.02015147081835,87.03498182073051,86.09833823128645,75.96273865761933,79.74154675020236,91.572502589671,52.79299800535517,27.349605660270782,33.03488951232106,36.0,192.0,3.0450434629186227,80.84183478728612,1.2995213447949006,6.183837315294183,6.065208899786918,42.97139300864303,7286.0,94.12533295693336,39.70463230017867,11.09402283170243,34.36665400765747,69.2203812667716,65.82876199501823,62.08234274015678,81.24599273307868,83.40974921008689,72.78515225519737,69.68095849383607,44.97586731761937,50.14426747951592,69.79777261809059,38.289183290004296,53.82087393789487,27.0,162.0,1.9058113924850013,88.989166016586,2.4077292697938755,9.518223376150738,3.0211168217774973,51.00686578002659,14861.0,45.3945648564748,24.43350713688864,14.14822209517088,28.620494363990563,33.329242465944006,28.445949546098745,55.65252504527184,69.16118549476684,77.11923949179453,89.2470227989019,82.56281865078024,57.03781793506488,89.5571794881099,28.95952269749348,48.9933369776105,66.78160409508585,237.0,229.0,189.0
Eldoret,Uasin Gishu,2026-01-01 23:22:43.086192,300,73,226,1.9582619978293363,84.18466164385092,4.376606184027724,6.399118177395734,3.4440765200180485,60.13089641142194,7591,59.928401260156,18.82795816830132,15.88966031618722,18.09771813889462,36.96398438450758,28.46732089011625,36.36933247522914,62.15863203678537,97.61459368692532,81.04685717163251,54.782240483292114,86.01856142616158,65.44190487499336,50.37934185934779,62.28074351132909,66.23438562740279,1,2026,25.0,226.0,1.690046824277602,72.14511036443174,3.579201474784885,5.593019095117563,6.613578220092198,73.00826959042413,5202.0,45.86835864460638,35.17727928989811,5.252730924741207,18.200546294481832,45.044260817561614,73.46189877217307,40.96564217393853,71.66731787247336,57.100554704287575,68.40548590035164,61.349058445646286,49.295951979235575,60.624133295439215,37.36836645399855,48.96355336245623,53.6823537430292,32.0,205.0,0.745592746997017,85.61743374852695,1.9952448366424769,4.474049994903635,4.953014579629752,74.20041605179395,5446.0,52.634368083058845,20.25541101224093,6.153113641327055,19.852375128361764,39.50241536640681,56.40988246531472,66.54106977122606,89.02015147081835,87.03498182073051,86.09833823128645,75.96273865761933,79.74154675020236,91.572502589671,52.79299800535517,27.349605660270782,33.03488951232106,36.0,192.0,3.0450434629186227,80.84183478728612,1.2995213447949006,6.183837315294183,6.065208899786918,42.97139300864303,7286.0,94.12533295693336,39.70463230017867,11.09402283170243,34.36665400765747,69.2203812667716,65.82876199501823,62.08234274015678,81.24599273307868,83.40974921008689,72.78515225519737,69.68095849383607,44.97586731761937,50.14426747951592,69.79777261809059,38.289183290004296,53.82087393789487,251.0,237.0,229.0
Eldoret,Uasin Gishu,2026-02-01 23:22:43.086192,342,37,304,1.315685846371747,91.47295903371004,2.367614584421645,2.2132531084334097,6.832829613374767,69.88644576238048,8141,69.8038645954098,29.339291292118467,8.495598738358133,32.69902157857382,27.219783966865517,63.10066737137132,50.05927528596637,71.9503593865115,85.13358893483812,65.78863539317724,29.07384954727397,83.59533869373217,46.91194960248738,72.0990961381901,11.816317068663883,33.76695388953099,2,2026,73.0,226.0,1.9582619978293363,84.18466164385092,4.376606184027724,6.399118177395734,3.4440765200180485,60.13089641142194,7591.0,59.928401260156,18.82795816830132,15.88966031618722,18.09771813889462,36.96398438450758,28.46732089011625,36.36933247522914,62.15863203678537,97.61459368692532,81.04685717163251,54.782240483292114,86.01856142616158,65.44190487499336,50.37934185934779,62.28074351132909,66.23438562740279,25.0,226.0,1.690046824277602,72.14511036443174,3.579201474784885,5.593019095117563,6.613578220092198,73.00826959042413,5202.0,45.86835864460638,35.17727928989811,5.252730924741207,18.200546294481832,45.044260817561614,73.46189877217307,40.96564217393853,71.66731787247336,57.100554704287575,68.40548590035164,61.349058445646286,49.295951979235575,60.624133295439215,37.36836645399855,48.96355336245623,53.6823537430292,32.0,205.0,0.745592746997017,85.61743374852695,1.9952448366424769,4.474049994903635,4.953014579629752,74.20041605179395,5446.0,52.634368083058845,20.25541101224093,6.153113641327055,19.852375128361764,39.50241536640681,56.40988246531472,66.54106977122606,89.02015147081835,87.03498182073051,86.09833823128645,75.96273865761933,79.74154675020236,91.572502589671,52.79299800535517,27.349605660270782,33.03488951232106,300.0,251.0,237.0
Nairobi,Westlands,2025-06-01 23:22:43.086192,284,52,232,0.7974035884152013,93.4406340991219,2.5683663060303514,5.022313892692266,3.826486671775285,55.11025618836096,10313,39.31267484069086,35.10191530804164,18.491725157605963,16.68381969699609,34.466016449358456,35.929997706713166,35.22496152700174,89.70118130932116,88.18872752322571,53.05592516348808,28.58343100466336,48.60584468274426,55.305284460018456,63.98331886518869,48.02170487001737,48.92888141164293,6,2025,46.0,329.0,4.278368494191199,71.48869138788218,1.7594491496138556,5.038291866815743,7.110559723888056,84.02064610803262,13093.0,30.878970878863687,19.809265984658737,13.104294250445385,15.103378381997182,24.862842310882154,29.033168033304182,59.74405528268542,46.83638682633087,63.34718687967099,90.94655325590416,52.37460525133956,72.06625208850085,57.422634478501166,79.73684927861451,24.235149966364272,45.39047326549051,59.0,351.0,3.2464947307745287,87.68175606386605,1.4788646435411614,8.577744674241332,2.26388384240801,55.94698371136767,6588.0,70.99857968053402,15.61819741086155,17.3236129976687,20.82123767683672,30.31569487485698,40.935888941734746,84.43671478298076,47.8181132858748,49.35484553858565,84.99850186541485,72.34234063574557,37.39117982131251,46.29404988451492,69.15550801868318,50.76296701474329,73.86590065142693,89.0,281.0,3.784046221908109,87.96870900849927,2.6055734176694454,3.988037441198824,1.4243384882564376,68.93636261741169,4337.0,82.24657467290959,22.129642580146182,9.626238790167124,27.65256625067809,41.60199025736155,73.85739628832509,39.80121201080394,66.20159226670509,60.80789599257019,49.93718954426548,42.7773223486299,80.52457046738593,47.86785926148955,56.282092524682106,54.62367293051119,38.40491803450071,375.0,410.0,370.0
Nairobi,Westlands,2025-07-01 23:22:43.086192,217,41,175,3.7918536670772687,87.38041547753419,1.8413621007064245,6.387848356692342,6.702242165870832,80.7295222782001,2549,31.014974490101764,24.30412203368032,12.366891702159217,34.819280704742084,44.52236951048823,69.22886640521367,49.33116041840879,83.53565257011212,64.3257921331552,84.70696706664677,65.55570077598964,66.67846260902839,86.38811503800906,49.63990627834272,56.80742074105302,41.65967028326805,7,2025,52.0,232.0,0.7974035884152013,93.4406340991219,2.5683663060303514,5.022313892692266,3.826486671775285,55.11025618836096,10313.0,39.31267484069086,35.10191530804164,18.491725157605963,16.68381969699609,34.466016449358456,35.929997706713166,35.22496152700174,89.70118130932116,88.18872752322571,53.05592516348808,28.58343100466336,48.60584468274426,55.305284460018456,63.98331886518869,48.02170487001737,48.92888141164293,46.0,329.0,4.278368494191199,71.48869138788218,1.7594491496138556,5.038291866815743,7.110559723888056,84.02064610803262,13093.0,30.878970878863687,19.809265984658737,13.104294250445385,15.103378381997182,24.862842310882154,29.033168033304182,59.74405528268542,46.83638682633087,63.34718687967099,90.94655325590416,52.37460525133956,72.06625208850085,57.422634478501166,79.73684927861451,24.235149966364272,45.39047326549051,59.0,351.0,3.2464947307745287,87.68175606386605,1.4788646435411614,8.577744674241332,2.26388384240801,55.94698371136767,6588.0,70.99857968053402,15.61819741086155,17.3236129976687,20.82123767683672,30.31569487485698,40.935888941734746,84.43671478298076,47.8181132858748,49.35484553858565,84.99850186541485,72.34234063574557,37.39117982131251,46.29404988451492,69.15550801868318,50.76296701474329,73.86590065142693,284.0,375.0,410.0
Nairobi,Westlands,2025-08-01 23:22:43.086192,187,33,153,1.46195292940308,74.80591411485277,3.7705536629994487,3.929605325887228,6.18013365605059,62.53118890302174,11040,68.96456164831466,41.142973130501375,11.934511714014794,17.75479164751696,60.18765007577873,46.67423956970073,52.84993665389371,50.270361117998746,46.51885008266177,90.41125923257842,76.57453607294387,42.05324665067624,68.12289892835497,33.21968572980612,46.41623203781605,41.72870991538375,8,2025,41.0,175.0,3.7918536670772687,87.38041547753419,1.8413621007064245,6.387848356692342,6.702242165870832,80.7295222782001,2549.0,31.014974490101764,24.30412203368032,12.366891702159217,34.819280704742084,44.52236951048823,69.22886640521367,49.33116041840879,83.53565257011212,64.3257921331552,84.70696706664677,65.55570077598964,66.67846260902839,86.38811503800906,49.63990627834272,56.80742074105302,41.65967028326805,52.0,232.0,0.7974035884152013,93.4406340991219,2.5683663060303514,5.022313892692266,3.826486671775285,55.11025618836096,10313.0,39.31267484069086,35.10191530804164,18.491725157605963,16.68381969699609,34.466016449358456,35.929997706713166,35.22496152700174,89.70118130932116,88.18872752322571,53.05592516348808,28.58343100466336,48.60584468274426,55.305284460018456,63.98331886518869,48.02170487001737,48.92888141164293,46.0,329.0,4.278368494191199,71.48869138788218,1.7594491496138556,5.038291866815743,7.110559723888056,84.02064610803262,13093.0,30.878970878863687,19.809265984658737,13.104294250445385,15.103378381997182,24.862842310882154,29.033168033304182,59.74405528268542,46.83638682633087,63.34718687967099,90.94655325590416,52.37460525133956,72.06625208850085,57.422634478501166,79.73684927861451,24.235149966364272,45.39047326549051,217.0,284.0,375.0
Nairobi,Westlands,2025-09-01 23:22:43.086192,210,29,181,1.4205614088147716,93.429950313138,2.021155384520975,6.267098183826878,6.865822765437214,58.31566786361266,13280,44.69570430963313,42.18562766635084,5.368556421885675,14.639671229761008,65.07088177758783,57.26736308628473,77.73727383794682,48.77404869423859,90.2711522594936,81.28494515283086,57.381870890966425,60.9086819157647,51.43888512755027,48.162512740359226,53.07416267842738,37.33140092061861,9,2025,33.0,153.0,1.46195292940308,74.80591411485277,3.7705536629994487,3.929605325887228,6.18013365605059,62.53118890302174,11040.0,68.96456164831466,41.142973130501375,11.934511714014794,17.75479164751696,60.18765007577873,46.67423956970073,52.84993665389371,50.270361117998746,46.51885008266177,90.41125923257842,76.57453607294387,42.05324665067624,68.12289892835497,33.21968572980612,46.41623203781605,41.72870991538375,41.0,175.0,3.7918536670772687,87.38041547753419,1.8413621007064245,6.387848356692342,6.702242165870832,80.7295222782001,2549.0,31.014974490101764,24.30412203368032,12.366891702159217,34.819280704742084,44.52236951048823,69.22886640521367,49.33116041840879,83.53565257011212,64.3257921331552,84.70696706664677,65.55570077598964,66.67846260902839,86.38811503800906,49.63990627834272,56.80742074105302,41.65967028326805,52.0,232.0,0.7974035884152013,93.4406340991219,2.5683663060303514,5.022313892692266,3.826486671775285,55.11025618836096,10313.0,39.31267484069086,35.10191530804164,18.491725157605963,16.68381969699609,34.466016449358456,35.929997706713166,35.22496152700174,89.70118130932116,88.18872752322571,53.05592516348808,28.58343100466336,48.60584468274426,55.305284460018456,63.98331886518869,48.02170487001737,48.92888141164293,187.0,217.0,284.0
Nairobi,Westlands,2025-10-01 23:22:43.086192,210,25,184,4.284245115760294,77.59878505912955,4.688990528352488,4.979784632483647,2.536441690745208,52.54104520763005,7262,87.89544518679367,29.37647553583215,10.411064987544998,27.73992991868826,42.62710541035384,49.1769814102184,71.07210402529114,53.61686532668213,79.69238402856124,60.30536108961227,59.542532707605446,38.46752445824765,49.04606460023263,44.14536446023249,52.64710255196326,44.967313661864935,10,2025,29.0,181.0,1.4205614088147716,93.429950313138,2.021155384520975,6.267098183826878,6.865822765437214,58.31566786361266,13280.0,44.69570430963313,42.18562766635084,5.368556421885675,14.639671229761008,65.07088177758783,57.26736308628473,77.73727383794682,48.77404869423859,90.2711522594936,81.28494515283086,57.381870890966425,60.9086819157647,51.43888512755027,48.162512740359226,53.07416267842738,37.33140092061861,33.0,153.0,1.46195292940308,74.80591411485277,3.7705536629994487,3.929605325887228,6.18013365605059,62.53118890302174,11040.0,68.96456164831466,41.142973130501375,11.934511714014794,17.75479164751696,60.18765007577873,46.67423956970073,52.84993665389371,50.270361117998746,46.51885008266177,90.41125923257842,76.57453607294387,42.05324665067624,68.12289892835497,33.21968572980612,46.41623203781605,41.72870991538375,41.0,175.0,3.7918536670772687,87.38041547753419,1.8413621007064245,6.387848356692342,6.702242165870832,80.7295222782001,2549.0,31.014974490101764,24.30412203368032,12.366891702159217,34.819280704742084,44.52236951048823,69.22886640521367,49.33116041840879,83.53565257011212,64.3257921331552,84.70696706664677,65.55570077598964,66.67846260902839,86.38811503800906,49.63990627834272,56.80742074105302,41.65967028326805,210.0,187.0,217.0
Nairobi,Westlands,2025-11-01 23:22:43.086192,235,40,195,4.926423337202431,78.26003994676702,1.07190064710524,5.426322403465194,6.442051218426231,50.94434915947405,3929,79.61528393569043,29.53113603283037,10.367801702027112,15.862360857976748,43.37593137482281,42.80302834429845,37.14762320085804,50.31543638546584,42.14802985491672,53.99289167221156,64.12993307720237,69.03463777431003,45.3827832218018,74.18190745442385,56.60367539108171,43.58412099942435,11,2025,25.0,184.0,4.284245115760294,77.59878505912955,4.688990528352488,4.979784632483647,2.536441690745208,52.54104520763005,7262.0,87.89544518679367,29.37647553583215,10.411064987544998,27.73992991868826,42.62710541035384,49.1769814102184,71.07210402529114,53.61686532668213,79.69238402856124,60.30536108961227,59.542532707605446,38.46752445824765,49.04606460023263,44.14536446023249,52.64710255196326,44.967313661864935,29.0,181.0,1.4205614088147716,93.429950313138,2.021155384520975,6.267098183826878,6.865822765437214,58.31566786361266,13280.0,44.69570430963313,42.18562766635084,5.368556421885675,14.639671229761008,65.07088177758783,57.26736308628473,77.73727383794682,48.77404869423859,90.2711522594936,81.28494515283086,57.381870890966425,60.9086819157647,51.43888512755027,48.162512740359226,53.07416267842738,37.33140092061861,33.0,153.0,1.46195292940308,74.80591411485277,3.7705536629994487,3.929605325887228,6.18013365605059,62.53118890302174,11040.0,68.96456164831466,41.142973130501375,11.934511714014794,17.75479164751696,60.18765007577873,46.67423956970073,52.84993665389371,50.270361117998746,46.51885008266177,90.41125923257842,76.57453607294387,42.05324665067624,68.12289892835497,33.21968572980612,46.41623203781605,41.72870991538375,210.0,210.0,187.0
Nairobi,Westlands,2025-12-01 23:22:43.086192,271,44,227,1.42591886285692,71.16109797813286,1.131899415396762,8.553196978678791,2.502466110793584,43.61479040904986,7779,46.34876458735457,32.2477282727435,14.516413420674745,28.246200898372397,49.29154790724299,44.66248389384072,64.0474553384929,85.42523969443891,94.5929974839212,54.34427721358479,42.59589835582072,82.73585807992896,89.73952653343572,75.44750008443236,10.975130974442743,47.81436008164224,12,2025,40.0,195.0,4.926423337202431,78.26003994676702,1.07190064710524,5.426322403465194,6.442051218426231,50.94434915947405,3929.0,79.61528393569043,29.53113603283037,10.367801702027112,15.862360857976748,43.37593137482281,42.80302834429845,37.14762320085804,50.31543638546584,42.14802985491672,53.99289167221156,64.12993307720237,69.03463777431003,45.3827832218018,74.18190745442385,56.60367539108171,43.58412099942435,25.0,184.0,4.284245115760294,77.59878505912955,4.688990528352488,4.979784632483647,2.536441690745208,52.54104520763005,7262.0,87.89544518679367,29.37647553583215,10.411064987544998,27.73992991868826,42.62710541035384,49.1769814102184,71.07210402529114,53.61686532668213,79.69238402856124,60.30536108961227,59.542532707605446,38.46752445824765,49.04606460023263,44.14536446023249,52.64710255196326,44.967313661864935,29.0,181.0,1.4205614088147716,93.429950313138,2.021155384520975,6.267098183826878,6.865822765437214,58.31566786361266,13280.0,44.69570430963313,42.18562766635084,5.368556421885675,14.639671229761008,65.07088177758783,57.26736308628473,77.73727383794682,48.77404869423859,90.2711522594936,81.28494515283086,57.381870890966425,60.9086819157647,51.43888512755027,48.162512740359226,53.07416267842738,37.33140092061861,235.0,210.0,210.0
Nairobi,Westlands,2026-01-01 23:22:43.086192,345,54,290,2.096671448324476,76.85577423811169,3.4759670574718284,4.531133369494536,7.860081028146951,41.02998013667092,14851,55.552072222918014,28.925696533716888,21.14356013389976,12.049158320473236,59.35439319337738,40.45019536091221,60.06776534813284,70.21482111581179,92.10363028653428,37.73474262481286,79.61419714182287,41.71269759855605,48.88472683319178,39.13788485974416,24.07476215529219,42.57235862088347,1,2026,44.0,227.0,1.42591886285692,71.16109797813286,1.131899415396762,8.553196978678791,2.502466110793584,43.61479040904986,7779.0,46.34876458735457,32.2477282727435,14.516413420674745,28.246200898372397,49.29154790724299,44.66248389384072,64.0474553384929,85.42523969443891,94.5929974839212,54.34427721358479,42.59589835582072,82.73585807992896,89.73952653343572,75.44750008443236,10.975130974442743,47.81436008164224,40.0,195.0,4.926423337202431,78.26003994676702,1.07190064710524,5.426322403465194,6.442051218426231,50.94434915947405,3929.0,79.61528393569043,29.53113603283037,10.367801702027112,15.862360857976748,43.37593137482281,42.80302834429845,37.14762320085804,50.31543638546584,42.14802985491672,53.99289167221156,64.12993307720237,69.03463777431003,45.3827832218018,74.18190745442385,56.60367539108171,43.58412099942435,25.0,184.0,4.284245115760294,77.59878505912955,4.688990528352488,4.979784632483647,2.536441690745208,52.54104520763005,7262.0,87.89544518679367,29.37647553583215,10.411064987544998,27.73992991868826,42.62710541035384,49.1769814102184,71.07210402529114,53.61686532668213,79.69238402856124,60.30536108961227,59.542532707605446,38.46752445824765,49.04606460023263,44.14536446023249,52.64710255196326,44.967313661864935,271.0,235.0,210.0
Nairobi,Westlands,2026-02-01 23:22:43.086192,374,81,292,3.755221345478876,77.42560778182556,1.7051213991407477,4.406678321357594,1.9213383280960004,45.75221870244587,2828,80.87432500089099,38.98647329347115,19.374950769293413,24.611200482154352,29.312932806775603,29.89603751875604,63.75438191617742,74.91883093670215,79.93587887202432,62.57361092462279,59.268232992285846,33.73137077684062,86.94129110860437,73.48131045882539,50.0388605436056,79.55401272929473,2,2026,54.0,290.0,2.096671448324476,76.85577423811169,3.4759670574718284,4.531133369494536,7.860081028146951,41.02998013667092,14851.0,55.552072222918014,28.925696533716888,21.14356013389976,12.049158320473236,59.35439319337738,40.45019536091221,60.06776534813284,70.21482111581179,92.10363028653428,37.73474262481286,79.61419714182287,41.71269759855605,48.88472683319178,39.13788485974416,24.07476215529219,42.57235862088347,44.0,227.0,1.42591886285692,71.16109797813286,1.131899415396762,8.553196978678791,2.502466110793584,43.61479040904986,7779.0,46.34876458735457,32.2477282727435,14.516413420674745,28.246200898372397,49.29154790724299,44.66248389384072,64.0474553384929,85.42523969443891,94.5929974839212,54.34427721358479,42.59589835582072,82.73585807992896,89.73952653343572,75.44750008443236,10.975130974442743,47.81436008164224,40.0,195.0,4.926423337202431,78.26003994676702,1.07190064710524,5.426322403465194,6.442051218426231,50.94434915947405,3929.0,79.61528393569043,29.53113603283037,10.367801702027112,15.862360857976748,43.37593137482281,42.80302834429845,37.14762320085804,50.31543638546584,42.14802985491672,53.99289167221156,64.12993307720237,69.03463777431003,45.3827832218018,74.18190745442385,56.60367539108171,43.58412099942435,345.0,271.0,235.0
