county,sub_county,date,acute_malnutrition_cases,severe_acute_malnutrition_cases,moderate_acute_malnutrition_cases,admission_rate,cure_rate,death_rate,default_rate,non_cured_rate,coverage_rate
Nairobi,Westlands,2024-03-01 23:18:21.952240,243,43,200,2.5657975438155836,76.48501800449195,2.3594492886959375,7.188384081947506,3.8416568604482477,43.08556828593519
Nairobi,Westlands,2024-04-01 23:18:21.952240,283,28,254,4.8250878201153915,79.25857926537546,4.759955949885086,9.437545165851795,3.745804369284494,83.17111365847262
Nairobi,Westlands,2024-05-01 23:18:21.952240,232,36,195,2.448829275348018,78.76666334308896,3.2201554207678864,3.325483189207275,2.139334845801347,69.2989372139086
Nairobi,Westlands,2024-06-01 23:18:21.952240,210,41,168,2.364862612029903,94.62484645386694,3.972027833778927,4.501009245527281,3.1005363056244626,61.05093220835642
Nairobi,Westlands,2024-07-01 23:18:21.952240,187,40,146,4.150227262960228,92.60360358072208,2.272193464074413,5.729755781662814,4.765268420864829,77.20837137452429
Nairobi,Westlands,2024-08-01 23:18:21.952240,172,31,140,2.0374307380261696,72.5462493761311,2.883892360652045,7.135305880363232,6.162769526758218,63.51325956666634
Nairobi,Westlands,2024-09-01 23:18:21.952240,155,18,136,1.6174863578294016,72.59676173164327,2.561006999794818,5.150525661448887,7.43473577785751,62.227975977966594
Nairobi,Westlands,2024-10-01 23:18:21.952240,154,24,129,0.7944026996402885,86.91151048481642,3.5561706806783606,3.825077949826264,4.660960545846699,77.3246317002891
Nairobi,Westlands,2024-11-01 23:18:21.952240,197,27,170,2.3196542610054127,76.76160627855324,4.380584171088206,7.44111681113256,1.1323003899255761,60.97830931273967
Nairobi,Westlands,2024-12-01 23:18:21.952240,213,47,165,2.5878451152719357,85.08708792991652,1.1063585933374633,4.611325544074904,7.880572027779367,66.93801434801185
Nairobi,Westlands,2025-01-01 23:18:21.952240,212,41,170,4.337299504127905,85.38771641179656,2.6992211626043106,3.0413047131793105,4.068031007517616,50.06024115036144
Nairobi,Westlands,2025-02-01 23:18:21.952240,265,60,204,3.4665901207313703,77.57962599681697,4.828829776661047,5.273280059911234,4.287391193467896,66.33290333084754
Nairobi,Westlands,2025-03-01 23:18:21.952240,283,45,238,4.4597923299143485,79.77030608926414,4.655437649537342,9.748556769677474,3.7009813555401507,68.54514521851993
Nairobi,Westlands,2025-04-01 23:18:21.952240,266,45,221,4.090335521557604,74.4486200619012,1.335144561794742,3.559073019998795,3.9743713667911402,59.588163550752
Nairobi,Westlands,2025-05-01 23:18:21.952240,226,45,181,1.6940934265552905,91.5394245314564,2.8674912571898483,2.203553916325035,3.204354988867534,56.14775593520727
Nairobi,Westlands,2025-06-01 23:18:21.952240,237,40,196,3.0889762503138765,85.12372815322291,1.0975992909333288,7.666335381367046,6.61985502521474,47.79891779924599
Nairobi,Westlands,2025-07-01 23:18:21.952240,166,30,135,3.270654582435148,77.56953059279681,4.29854804008305,3.7589401306329044,1.912372767698853,57.40533391080563
Nairobi,Westlands,2025-08-01 23:18:21.952240,150,24,126,4.22754011314531,90.27467626178561,2.0992414532038595,8.147492411871522,1.4331365109973477,77.6171970576801
Nairobi,Westlands,2025-09-01 23:18:21.952240,162,40,122,4.798216121153642,70.5125510321004,3.377408842174079,2.393217400461368,6.392071559649619,46.602683482864066
Nairobi,Westlands,2025-10-01 23:18:21.952240,160,20,139,4.457400049411295,88.03594388373872,1.5531880613075773,3.402260780694373,1.6863342424262764,57.16935966553654
Nairobi,Westlands,2025-11-01 23:18:21.952240,196,46,149,2.494006151977076,73.56412525373439,2.2396256005779387,6.425740136553394,5.790172471182116,47.72416513770707
Nairobi,Westlands,2025-12-01 23:18:21.952240,207,42,165,2.0681729742839634,75.70003037191807,1.0724180723785972,4.756652138920038,2.561314508390342,79.80494862908505
Nairobi,Westlands,2026-01-01 23:18:21.952240,220,22,197,4.026262304787003,81.42121256562905,3.3266803809072782,9.862558140667982,7.181291090554351,62.72447387109803
Nairobi,Westlands,2026-02-01 23:18:21.952240,285,57,227,2.5685349055804116,73.98244960881141,2.7850443022410767,8.292674212899488,4.44652040175108,66.75306988863069
Nairobi,Dagoretti,2024-03-01 23:18:21.952240,230,54,175,1.7348071901354545,93.76779120596606,4.242802258639979,8.144680917002981,7.392668847328114,83.57901502269469
Nairobi,Dagoretti,2024-04-01 23:18:21.952240,249,56,192,2.537054396379398,88.71458995698725,3.7447860128897306,8.891127117638598,4.241089975534607,70.48432932348811
Nairobi,Dagoretti,2024-05-01 23:18:21.952240,236,44,191,2.774322255382624,72.69847008045942,2.895748812100216,4.506452458117431,4.9891588640999025,51.59765827556389
Nairobi,Dagoretti,2024-06-01 23:18:21.952240,223,30,193,3.160333073956715,72.32425997065691,1.7530328588777766,7.333897279458145,7.283827267058122,43.64917344104803
Nairobi,Dagoretti,2024-07-01 23:18:21.952240,140,34,106,4.637644440113348,87.2601964710366,1.640180123893645,9.176692204233841,1.5162891293816991,61.5020475505989
Nairobi,Dagoretti,2024-08-01 23:18:21.952240,140,32,107,2.1961224030507314,79.59278245970083,1.2511002999622765,8.001124374771631,1.7919183387844788,70.01189866632842
Nairobi,Dagoretti,2024-09-01 23:18:21.952240,134,26,107,4.918804869797102,87.07487039268207,2.006967434786544,9.00481264767274,6.805761154663022,83.89906638557375
Nairobi,Dagoretti,2024-10-01 23:18:21.952240,104,22,81,1.726515263532415,74.10758169985573,1.5199202807767116,3.0694274389401484,3.050553765272772,47.42976591126729
Nairobi,Dagoretti,2024-11-01 23:18:21.952240,162,18,144,2.106797351282609,91.4813972766953,2.8717009514549225,3.8533181501537044,3.6227885187210798,46.337533885093436
Nairobi,Dagoretti,2024-12-01 23:18:21.952240,201,44,156,0.758288614817177,88.15942647113019,3.5978246199612465,9.540872658462401,5.822417672962374,71.26726222213294
Nairobi,Dagoretti,2025-01-01 23:18:21.952240,234,53,181,3.0955846512436214,91.41443440312486,2.1215636188703852,9.141096097688893,5.37695135159482,73.0250667228939
Nairobi,Dagoretti,2025-02-01 23:18:21.952240,299,58,240,0.7978112694494537,86.76829810100705,3.861245807765259,9.089287865033992,1.8231111788048704,57.00348026955676
Nairobi,Dagoretti,2025-03-01 23:18:21.952240,282,29,252,1.1497484175170722,71.7340098142907,4.518289077668175,6.776847277613396,7.50232266651741,56.12706957543496
Nairobi,Dagoretti,2025-04-01 23:18:21.952240,280,40,239,3.74490142014449,79.17649913903011,3.8103074541931172,9.936424183716191,4.4488061269449695,63.027374356499344
Nairobi,Dagoretti,2025-05-01 23:18:21.952240,222,29,193,3.699988073730138,84.15342692058528,3.907189814863044,5.939376711141059,6.225656696458616,43.83657261905234
Nairobi,Dagoretti,2025-06-01 23:18:21.952240,198,25,172,2.8322732577365777,73.16671758779938,1.4346706198972758,8.22392312705507,3.774055238637096,49.39841562783217
Nairobi,Dagoretti,2025-07-01 23:18:21.952240,161,26,135,3.3542201146033346,71.6628221454557,2.691349752772124,5.198877533182955,6.953234765236725,53.30229087449898
Nairobi,Dagoretti,2025-08-01 23:18:21.952240,140,33,107,3.098250282750338,81.49364998065134,2.2191607482920315,8.283912051898529,2.4116061680577263,60.610934044059874
Nairobi,Dagoretti,2025-09-01 23:18:21.952240,137,14,122,2.0887934385084286,74.43467660207445,1.5326986847104016,9.672135828173385,5.136984774628828,63.244120238733856
Nairobi,Dagoretti,2025-10-01 23:18:21.952240,178,31,146,3.319580811795725,75.51693436283719,4.982002068742004,4.638565413643575,4.336220836943953,72.85442710047084
Nairobi,Dagoretti,2025-11-01 23:18:21.952240,161,18,143,3.575967618282483,71.23233852204415,2.152847201043478,8.38026200608372,3.3562835458643794,76.23337158858544
Nairobi,Dagoretti,2025-12-01 23:18:21.952240,219,30,188,3.8984253319692903,93.7903076721996,2.393823734994354,4.473435292698789,5.07405370507184,81.17180677958348
Nairobi,Dagoretti,2026-01-01 23:18:21.952240,189,24,165,3.7595173286683514,93.51806213098371,2.5727041952656764,4.54076134497337,4.474170345817187,63.57461538310814
Nairobi,Dagoretti,2026-02-01 23:18:21.952240,187,24,163,3.3403523282671723,82.60260654019783,1.3524529423659404,3.3511400101035056,5.705541138354522,76.31059154804468
Nairobi,Kamukunji,2024-03-01 23:18:21.952240,291,39,251,3.9555261982651304,94.99118462279756,2.2857488438193476,3.0461540753085092,4.2837268146839484,68.29544591710777
Nairobi,Kamukunji,2024-04-01 23:18:21.952240,322,61,260,1.9881280749965717,77.39046430237659,4.0374870637563385,3.9537744255744443,4.998385024065312,66.71708848838418
Nairobi,Kamukunji,2024-05-01 23:18:21.952240,259,64,194,1.08829197574333,85.84115499333012,2.189948824791226,9.638402813757665,4.592097881194814,69.45488817378788
Nairobi,Kamukunji,2024-06-01 23:18:21.952240,213,22,190,2.003939431283922,71.26112914253771,1.234435857932644,4.262735975086785,6.831390343609306,55.29317435308192
Nairobi,Kamukunji,2024-07-01 23:18:21.952240,201,30,171,1.9479382527285387,90.46660577090536,3.499282086756477,9.15822642895422,4.0269597931549495,53.39234437154725
Nairobi,Kamukunji,2024-08-01 23:18:21.952240,197,30,167,4.18244558072278,73.80637241050856,4.054806133480525,4.939228562412414,2.8534772152237293,81.14479889904281
Nairobi,Kamukunji,2024-09-01 23:18:21.952240,171,42,128,1.115129007421357,77.02773112598456,4.9126030781979235,3.276423454655429,3.5174962229909386,70.07242006125759
Nairobi,Kamukunji,2024-10-01 23:18:21.952240,157,33,123,1.4245547032903334,83.60466136520368,4.790603717334873,8.649587078950226,5.607972008209698,59.34828916706148
Nairobi,Kamukunji,2024-11-01 23:18:21.952240,164,37,127,4.711830143608627,94.04055464575153,2.571724271341536,8.711691830739772,5.165644069476714,60.26031958775759
Nairobi,Kamukunji,2024-12-01 23:18:21.952240,208,38,169,2.9638109654426024,83.17358785869277,3.4557583521172632,5.764285470812304,6.754035403383771,41.19074915454366
Nairobi,Kamukunji,2025-01-01 23:18:21.952240,283,31,251,3.2393723167554307,74.05844634577485,3.2080474122296008,6.602650877304396,3.960221853104575,61.98872297194723
Nairobi,Kamukunji,2025-02-01 23:18:21.952240,261,61,200,3.113734912427936,86.86966436658948,4.159914238949281,3.5517417350319684,7.054519984710782,64.95729742397103
Nairobi,Kamukunji,2025-03-01 23:18:21.952240,325,79,245,2.834574150821112,76.52787872460655,4.610251077913091,8.696079121789486,5.204952595448826,68.14252961098452
Nairobi,Kamukunji,2025-04-01 23:18:21.952240,348,80,267,4.052625654705167,79.04359243242529,2.289613785850473,4.5269678458289,1.1958334263515664,57.67129693480848
Nairobi,Kamukunji,2025-05-01 23:18:21.952240,263,64,198,0.9098434178500705,82.58840020775989,3.6701623534536436,8.686320007506545,4.9102375857620615,66.74916889123352
Nairobi,Kamukunji,2025-06-01 23:18:21.952240,269,39,229,4.501372771972294,85.81182303200026,2.656064070286183,8.925697887184398,4.09715452063722,59.87379935494834
Nairobi,Kamukunji,2025-07-01 23:18:21.952240,251,53,197,0.9325680807381962,79.25153996865455,1.5833052938308496,3.120424127372483,2.2382660695750882,65.98330582622123
Nairobi,Kamukunji,2025-08-01 23:18:21.952240,187,24,163,4.06450299269288,76.09631653287771,2.947993596138019,2.873261114637673,5.503209379988586,42.9623419059065
Nairobi,Kamukunji,2025-09-01 23:18:21.952240,207,34,172,3.1961251759241387,88.25518789606133,3.304364584984091,7.0728160086047405,6.976644242482879,81.70835274540494
Nairobi,Kamukunji,2025-10-01 23:18:21.952240,188,31,157,1.1360951024445383,92.8906795057807,2.0999624876987117,6.488520786146013,6.333333362508855,47.706784724958915
Nairobi,Kamukunji,2025-11-01 23:18:21.952240,210,26,183,0.9804964934374051,79.82743659834048,3.4539064813323193,5.282431691567174,4.682444408669242,45.767287115098135
Nairobi,Kamukunji,2025-12-01 23:18:21.952240,230,41,188,4.159095186716361,76.67248933580538,1.8257400228729517,2.8875719999469522,5.6808691478938425,55.881106604964884
Nairobi,Kamukunji,2026-01-01 23:18:21.952240,284,68,216,4.191359654719584,87.50268119605686,3.3786540128242164,2.917806525053159,7.52359766761401,75.89720092500168
Nairobi,Kamukunji,2026-02-01 23:18:21.952240,369,91,278,0.9185793725081983,76.04455893134913,2.636804414800103,6.260426768483626,3.494564460919925,49.924944219521166
Nairobi,Embakasi,2024-03-01 23:18:21.952240,320,48,272,2.674671650827195,86.63182701886645,4.60709291487577,2.9700415146357138,1.6684530297292417,72.44960116554333
Nairobi,Embakasi,2024-04-01 23:18:21.952240,358,44,313,2.798645034643101,79.37273217916615,2.9362282094854337,8.120550801862798,4.822629610723749,72.07979730956951
Nairobi,Embakasi,2024-05-01 23:18:21.952240,307,70,236,4.488029448125184,72.79538410567005,2.845743679774243,3.280068369299398,2.2535995488027054,48.43513413364439
Nairobi,Embakasi,2024-06-01 23:18:21.952240,260,42,217,3.458787903710177,78.3845438413056,4.302429244992423,3.0974549691206574,7.397040996632437,53.392336330540225
Nairobi,Embakasi,2024-07-01 23:18:21.952240,180,23,156,0.8565116634716039,72.2111111276122,1.655444681064517,3.007102230406524,5.119481147004372,48.95634332726378
Nairobi,Embakasi,2024-08-01 23:18:21.952240,169,38,130,1.8977475192851276,82.90879791003007,3.7485255051723954,5.462732853691842,3.9801715593706586,50.41154844278414
Nairobi,Embakasi,2024-09-01 23:18:21.952240,211,40,170,0.8610163119468002,79.66082412749853,4.294883694236772,7.246939743531631,2.8815142840135595,80.6144611355727
Nairobi,Embakasi,2024-10-01 23:18:21.952240,156,36,119,4.50635881189354,83.48282362953877,2.3509870572726017,9.645274581167282,6.52634223608197,62.69065698156122
Nairobi,Embakasi,2024-11-01 23:18:21.952240,222,24,198,3.930431551653064,92.27287626072405,1.499339121383147,9.054964113859123,4.828626704264188,77.2020054622613
Nairobi,Embakasi,2024-12-01 23:18:21.952240,277,55,222,3.7720873398234573,77.2933103900015,3.186971485531667,4.753458912078571,5.384650100147735,59.13154217536922
Nairobi,Embakasi,2025-01-01 23:18:21.952240,340,61,278,1.1569483919119774,88.05376330464878,3.6015003159184715,3.9020275588492437,2.593674097815964,78.1138273942505
Nairobi,Embakasi,2025-02-01 23:18:21.952240,337,58,279,3.3559665677598196,71.17187149978125,1.124891459088332,3.1274421996487076,3.4119263050524453,53.00036437392087
Nairobi,Embakasi,2025-03-01 23:18:21.952240,349,80,268,1.9370587416236908,81.61941563748178,4.2743739375772325,6.250923982005825,1.485897168339239,57.277312752249486
Nairobi,Embakasi,2025-04-01 23:18:21.952240,325,74,251,4.052498727263818,81.43744940700067,2.110330112070431,3.913016183813948,4.598984240897403,40.21855954369469
Nairobi,Embakasi,2025-05-01 23:18:21.952240,304,63,240,2.7947352152352103,82.59590149085037,3.3570233553662163,6.579725177899397,5.9659728133368475,61.03692063432952
Nairobi,Embakasi,2025-06-01 23:18:21.952240,286,48,238,2.13515073830572,86.7663562964943,4.256708671465708,5.367392062742626,3.2950215734330977,56.27228399196808
Nairobi,Embakasi,2025-07-01 23:18:21.952240,230,51,178,1.592173122796808,78.13437401150826,2.9374334759624996,2.1866355028061193,2.3710040886125787,61.072047322450416
Nairobi,Embakasi,2025-08-01 23:18:21.952240,226,48,177,1.5714306924064945,77.33974308281064,4.217795950560873,4.5711961064355755,3.0387916677562417,76.62341651832871
Nairobi,Embakasi,2025-09-01 23:18:21.952240,223,43,180,1.3154206478000858,88.12155569848125,3.974093575672576,3.732027343385245,6.594315205515124,47.42948276641348
Nairobi,Embakasi,2025-10-01 23:18:21.952240,200,43,157,1.3406722292044593,73.32883577477298,1.059709168232895,7.744003739824021,5.829019286043236,77.08231385826511
Nairobi,Embakasi,2025-11-01 23:18:21.952240,248,37,211,2.5494438326077935,70.09633256961375,1.7012616983231652,9.81878996150156,6.318469236501341,55.132978068599485
Nairobi,Embakasi,2025-12-01 23:18:21.952240,271,31,240,1.3590251284118762,76.23100501238201,3.940162199639414,4.059325773940959,2.750474350345449,40.7562467996223
Nairobi,Embakasi,2026-01-01 23:18:21.952240,334,42,292,2.271391003010681,78.34889363637461,4.218323183248821,4.395183913189502,2.666635440476456,64.04289502162557
Nairobi,Embakasi,2026-02-01 23:18:21.952240,375,74,301,1.2282777520170296,86.27764893541061,2.6954945236776524,2.5060695335100753,4.889289028000944,78.58626702846894
Nairobi,Kibra,2024-03-01 23:18:21.952240,168,28,139,1.053923466379043,83.69291035145658,2.3577237024213034,7.657136688582233,2.2716636941678643,52.04626605221626
Nairobi,Kibra,2024-04-01 23:18:21.952240,180,41,138,1.540226430772033,89.21730647003437,3.7600132596459117,5.186255819324726,2.6324064701358716,55.02273222172799
Nairobi,Kibra,2024-05-01 23:18:21.952240,160,22,138,0.9143333171091315,70.65920766362167,4.976395960135239,5.069059016872632,2.1150430241467633,54.98779512385846
Nairobi,Kibra,2024-06-01 23:18:21.952240,145,19,126,1.6916372044069008,85.83231692638725,3.116823231677801,2.892643191182569,5.959925382497809,45.34236621592035
Nairobi,Kibra,2024-07-01 23:18:21.952240,114,17,97,0.530732184244743,71.5033341954275,3.787340834221366,9.381918552959638,3.9857977450018587,58.820301536082496
Nairobi,Kibra,2024-08-01 23:18:21.952240,116,25,91,4.742041850859879,83.31756816728739,3.9888578207994287,5.718589306606013,6.976983757336295,63.65172675572241
Nairobi,Kibra,2024-09-01 23:18:21.952240,91,10,81,3.632815912062649,76.48529898757012,4.2934993545376,8.120499146773039,7.361493141665684,57.1305538981222
Nairobi,Kibra,2024-10-01 23:18:21.952240,102,18,83,3.599138353057782,78.05916576392133,4.210466572791097,4.293419666528511,6.059095186789179,54.82580374132763
Nairobi,Kibra,2024-11-01 23:18:21.952240,103,24,79,1.4476481550199236,78.78307069992205,4.848804433622808,2.181136879493109,1.6621610920505638,63.14668832098492
Nairobi,Kibra,2024-12-01 23:18:21.952240,154,20,134,3.3763436997022254,94.74687887455886,1.1596650185733028,6.195882486288413,4.366827455103913,64.58287485161799
Nairobi,Kibra,2025-01-01 23:18:21.952240,169,40,128,4.134582423418229,94.54193437223489,4.336318165206924,5.639017069623465,6.62038450284804,58.32554152624631
Nairobi,Kibra,2025-02-01 23:18:21.952240,160,32,127,0.7702641851889178,78.42169182883437,2.6156926564010234,7.220515685955039,5.445475683232803,77.49267263935695
Nairobi,Kibra,2025-03-01 23:18:21.952240,191,22,169,1.8603365370899418,77.7468547623773,1.085030811752755,8.681629446530518,7.715854669667998,69.82899793885778
Nairobi,Kibra,2025-04-01 23:18:21.952240,183,30,153,0.9216889208654386,90.57762866602037,4.010282709337132,4.269431136606811,6.995669201988355,41.608864019107266
Nairobi,Kibra,2025-05-01 23:18:21.952240,168,34,134,1.7905635814467946,84.69389027947096,4.9995348806170625,8.426345231340653,6.078996304799884,43.677489433562684
Nairobi,Kibra,2025-06-01 23:18:21.952240,122,29,92,4.118483974544899,86.12095437798256,4.90488372280399,4.243390719491572,3.276123937043151,47.97907575213166
Nairobi,Kibra,2025-07-01 23:18:21.952240,100,14,86,2.189458901427736,74.47166343644965,3.1532439146789977,5.019410131956772,1.9925631759433244,41.96597770314956
Nairobi,Kibra,2025-08-01 23:18:21.952240,102,13,89,2.595791541543989,89.13383195777955,1.4751945732463425,6.058632709908721,1.7332005333173734,61.77972827839638
Nairobi,Kibra,2025-09-01 23:18:21.952240,86,18,68,3.823355656616957,82.9160420823079,1.2931261912933762,2.025164755334804,4.576687605837645,78.55911964132427
Nairobi,Kibra,2025-10-01 23:18:21.952240,101,15,86,2.499314715607235,74.83208041855687,3.8909601178032416,3.7354034300480654,4.412475313092356,70.78576615979726
Nairobi,Kibra,2025-11-01 23:18:21.952240,133,27,106,0.6173290126675859,92.19044587585925,3.9014418643259163,9.492581680651998,2.0271197484422063,84.57765542156992
Nairobi,Kibra,2025-12-01 23:18:21.952240,130,16,113,2.3843745211299816,94.33268437480618,2.7673208384715617,2.28608293809471,7.941308544110639,53.007676013378564
Nairobi,Kibra,2026-01-01 23:18:21.952240,172,19,153,4.984549454675884,77.25725144442714,4.165454560778864,5.0284596333345375,7.828895309896069,46.93734292216687
Nairobi,Kibra,2026-02-01 23:18:21.952240,194,22,171,0.7967810132031052,88.09302338071724,2.7015773856648364,3.1037959386132314,5.870307605359784,53.77510848242365
Mombasa,Changamwe,2024-03-01 23:18:21.952240,200,48,152,4.521418090482252,78.82477481426601,2.8408778071214256,8.835986371845951,5.535302888955703,75.22597683199575
Mombasa,Changamwe,2024-04-01 23:18:21.952240,211,39,172,2.7373145066469013,86.74132181439502,2.115044206306993,9.957529536387561,6.511994678080379,73.43692874084115
Mombasa,Changamwe,2024-05-01 23:18:21.952240,192,30,162,2.605063619630876,90.97683817101615,2.5538681202166815,2.444757160542993,3.866412576375548,45.021626004529146
Mombasa,Changamwe,2024-06-01 23:18:21.952240,119,20,99,0.5061913857890341,85.09196607361883,3.397475486167118,8.012386232479173,2.5080482630559575,81.31145775035321
Mombasa,Changamwe,2024-07-01 23:18:21.952240,119,28,91,1.3147169586411793,86.21344748832986,3.595441114057814,3.351128460005966,6.222698163516111,80.8488938967291
Mombasa,Changamwe,2024-08-01 23:18:21.952240,100,12,87,2.6703182566318118,78.53140256359218,3.9981994067657936,2.436045666067143,6.609313740706973,40.43288242531698
Mombasa,Changamwe,2024-09-01 23:18:21.952240,120,21,98,3.1701480544271625,78.32015662104018,3.6246407988132714,5.334582337906154,5.873153213945369,65.58346540729151
Mombasa,Changamwe,2024-10-01 23:18:21.952240,119,29,89,4.516540715554045,89.31352865725684,1.867649164736187,8.778487528592667,6.377630309107733,66.13306148146691
Mombasa,Changamwe,2024-11-01 23:18:21.952240,137,31,105,4.278548585428984,93.41293916124401,2.321777016232626,7.60490243069054,5.700024826450997,50.95440914035859
Mombasa,Changamwe,2024-12-01 23:18:21.952240,142,24,118,2.6405984111967777,89.70314658485262,1.0197790192509295,6.425183876595721,3.585233930099796,42.55544087237669
Mombasa,Changamwe,2025-01-01 23:18:21.952240,153,25,128,3.485977043068063,91.78954274825702,3.729820421573025,2.497451876631457,1.0086182335340867,42.74318682643918
Mombasa,Changamwe,2025-02-01 23:18:21.952240,189,36,152,4.624980910689959,88.63762635688906,3.222625663527817,5.711345798702354,1.0273845312611538,52.06953278723999
Mombasa,Changamwe,2025-03-01 23:18:21.952240,213,43,169,0.8056878384967439,88.23799206078968,1.3031514964445443,7.2991610525130985,2.0925393388761786,48.15866099745275
Mombasa,Changamwe,2025-04-01 23:18:21.952240,212,34,178,2.064385985680475,81.41601285869831,1.738453340822518,8.422533771241547,2.9098770076144325,57.84506729900616
Mombasa,Changamwe,2025-05-01 23:18:21.952240,170,33,137,2.4679401259624627,82.71667992498114,4.980035284553475,7.589752718786631,5.399451639718901,70.276611121961
Mombasa,Changamwe,2025-06-01 23:18:21.952240,154,36,117,3.633249356354385,85.59818103441195,3.9704631907848174,2.914172985878368,7.127403041347322,53.84625392633998
Mombasa,Changamwe,2025-07-01 23:18:21.952240,106,11,95,2.8576234927964426,76.03793191366726,4.646677861725916,2.763072495907058,4.199968453884038,80.48905211654747
Mombasa,Changamwe,2025-08-01 23:18:21.952240,118,20,97,1.1080000454948342,93.97788728911738,3.06200113179769,3.099352208879864,5.581901664900766,57.59165554066678
Mombasa,Changamwe,2025-09-01 23:18:21.952240,98,13,85,0.7613399538123038,89.41435484106765,1.4896195342695306,5.861818690452785,2.802097662770902,42.75459570407114
Mombasa,Changamwe,2025-10-01 23:18:21.952240,113,26,86,4.474416956708964,94.45561425859697,3.6345974361324087,6.583411311608717,2.6227158526856287,42.56644209862433
Mombasa,Changamwe,2025-11-01 23:18:21.952240,139,30,108,1.514392599157442,74.3459486732727,2.9414354984867472,3.163812688114132,6.350304002173587,46.5592348511597
Mombasa,Changamwe,2025-12-01 23:18:21.952240,138,29,108,4.1372200517327915,85.21527160128073,4.945171879244865,9.279608875707385,3.529662042899787,54.570503948256096
Mombasa,Changamwe,2026-01-01 23:18:21.952240,152,26,125,2.6342028101378068,82.03655772239418,3.5208079895310442,7.099425434616191,6.281142388235241,46.95011691699749
Mombasa,Changamwe,2026-02-01 23:18:21.952240,186,43,143,1.8651027265618274,81.10465537530457,1.5778336265623931,4.616416372283426,1.6847437128346567,48.63056163985806
Mombasa,Jomvu,2024-03-01 23:18:21.952240,244,43,201,1.2625291142035058,77.52290547088826,4.911343265279806,9.334830506157546,2.7722919582538856,79.6628226167079
Mombasa,Jomvu,2024-04-01 23:18:21.952240,198,28,169,0.8361022677830545,80.95741421885315,3.6230583581072726,7.203491409319575,6.0110632235515,62.50606703755764
Mombasa,Jomvu,2024-05-01 23:18:21.952240,188,39,149,3.5786057555869193,89.3806959495343,2.405438380715217,8.94321466209711,5.13791369569104,42.73000553318637
Mombasa,Jomvu,2024-06-01 23:18:21.952240,159,28,131,4.956403305915761,71.13744247938816,3.3204564402671632,9.386301010697064,6.513205862810411,84.21951833621313
Mombasa,Jomvu,2024-07-01 23:18:21.952240,159,16,143,0.5065608216274671,80.02224314390074,4.844932700438469,5.286892986968361,1.188937009755179,74.40685206245959
Mombasa,Jomvu,2024-08-01 23:18:21.952240,145,19,125,2.721633490984172,82.94213437356909,2.661073906103186,6.1906189272538965,1.4476017555180833,83.72263429806594
Mombasa,Jomvu,2024-09-01 23:18:21.952240,109,23,86,2.3631615516562072,76.68928240752429,4.791513518169662,7.446364670370707,4.304455668973081,68.59825483903478
Mombasa,Jomvu,2024-10-01 23:18:21.952240,131,19,112,4.846055728553,88.24200186626115,4.191877004056064,2.7904841094352815,4.719321625897956,58.136700021357385
Mombasa,Jomvu,2024-11-01 23:18:21.952240,142,33,108,2.011699469788376,92.50174431268817,4.20158428519465,5.792958080679555,1.454245814978985,41.62546083237412
Mombasa,Jomvu,2024-12-01 23:18:21.952240,177,33,144,4.5968228692454165,72.9702159194891,1.546432318636279,6.195905089135147,4.9947156400981605,83.54890648530562
Mombasa,Jomvu,2025-01-01 23:18:21.952240,201,28,172,3.5132049230076787,83.8078869519143,1.0263946729081748,4.205909915074242,7.0759704523595595,55.59816801169479
Mombasa,Jomvu,2025-02-01 23:18:21.952240,218,34,183,2.308016232565218,80.36429372256688,2.7602362936089944,6.560187650850666,1.6369862748077515,52.899998333164746
Mombasa,Jomvu,2025-03-01 23:18:21.952240,220,31,189,1.094886160281843,72.07788577360739,1.2857473070803453,5.386674979999001,4.724372657359698,63.805880309316954
Mombasa,Jomvu,2025-04-01 23:18:21.952240,222,27,194,2.913767882249498,91.3545996036287,4.973018235271521,6.590854962889105,1.1191972128387313,84.53052385770515
Mombasa,Jomvu,2025-05-01 23:18:21.952240,195,45,149,1.5326108417073765,94.10611721779182,4.391676728406823,9.145120038518721,3.2431034165593937,55.22201126096
Mombasa,Jomvu,2025-06-01 23:18:21.952240,169,20,149,4.593512570694363,73.98453557284594,1.776148605132755,3.219841928331392,1.0683405235540135,49.553021809803255
Mombasa,Jomvu,2025-07-01 23:18:21.952240,154,34,119,1.276539794871175,78.90469347345275,4.894372322740308,3.1172857390682047,6.467936554803187,54.37300387258506
Mombasa,Jomvu,2025-08-01 23:18:21.952240,122,14,107,3.453307622432934,74.91608359082204,4.513179677060431,2.3799126399714936,2.8597273246662693,48.04619493002235
Mombasa,Jomvu,2025-09-01 23:18:21.952240,150,20,129,2.0148315797715703,76.93318727410437,1.0766095880937048,3.059131757973602,2.284327993238255,58.1762219751477
Mombasa,Jomvu,2025-10-01 23:18:21.952240,119,12,106,3.988749265483629,81.85768065713535,1.5312354978520353,3.3152837841243814,4.313586027659983,40.53171413605547
Mombasa,Jomvu,2025-11-01 23:18:21.952240,155,30,124,4.059779168893275,93.84462074393781,1.9151681798476958,3.3953061799669175,4.719714021536152,67.03934194123059
Mombasa,Jomvu,2025-12-01 23:18:21.952240,205,34,170,3.897591002506717,93.88676458193854,3.318929178901336,7.497700478984316,3.729908248105507,70.92974664479055
Mombasa,Jomvu,2026-01-01 23:18:21.952240,203,49,154,3.9479528308665794,70.41709111443559,1.1112449066939138,3.3242362261907346,3.3555934046500333,51.203897975961404
Mombasa,Jomvu,2026-02-01 23:18:21.952240,253,63,189,1.0885099195433492,85.12605944942456,2.442475293956369,4.4977239942923894,7.233283934709785,69.96574247034329
Mombasa,Kisauni,2024-03-01 23:18:21.952240,400,72,327,2.2705562716296446,74.8949628743061,4.660905618069274,4.586823931921699,1.6377717745457763,43.53584820261639
Mombasa,Kisauni,2024-04-01 23:18:21.952240,309,39,269,1.3255959699601692,85.84517309339239,4.524052331406415,6.08900217365588,2.6091166952576272,63.75578102975321
Mombasa,Kisauni,2024-05-01 23:18:21.952240,312,62,250,1.5407236231364747,71.69752047646311,2.1877961277405187,6.301162595819274,4.493695845834881,49.799757443006115
Mombasa,Kisauni,2024-06-01 23:18:21.952240,286,53,232,4.537148643602272,88.4174075900948,4.431405820407092,3.2388657156006273,7.271833420579953,54.33100017606215
Mombasa,Kisauni,2024-07-01 23:18:21.952240,236,53,183,4.543538463346103,78.6416083891895,3.491853832008913,6.819682136308311,4.409099359633374,59.43716938600775
Mombasa,Kisauni,2024-08-01 23:18:21.952240,237,32,205,3.652226739961256,88.31705981275933,1.0213284422134707,7.038309317264755,4.836301617203036,57.41867405968176
Mombasa,Kisauni,2024-09-01 23:18:21.952240,209,45,163,1.6906318799227278,90.79213992689544,1.8477232353325368,7.104379913535858,7.594326545667732,83.72866514762113
Mombasa,Kisauni,2024-10-01 23:18:21.952240,234,36,197,1.049815499343726,76.2962919137216,4.813969304465987,2.435186645784352,2.134623029502852,46.25452903485161
Mombasa,Kisauni,2024-11-01 23:18:21.952240,259,61,197,3.299581863646355,75.54242099833199,2.330800509073852,9.636701565105719,3.148642297808445,40.086849130431105
Mombasa,Kisauni,2024-12-01 23:18:21.952240,371,42,329,4.865387980213109,79.58349455960041,3.758614571179331,6.920699377542034,7.718232840373378,54.95168132628111
Mombasa,Kisauni,2025-01-01 23:18:21.952240,387,57,330,1.0878727365545582,80.41019951756725,3.9667582288900345,2.285728156320353,7.264735016147407,74.11917037161228
Mombasa,Kisauni,2025-02-01 23:18:21.952240,362,37,325,3.6628135061714056,70.66254566790539,3.757553259811146,4.951960064980911,3.5277507233375096,67.91184283711817
Mombasa,Kisauni,2025-03-01 23:18:21.952240,403,63,340,3.409098472775491,92.85145089028836,3.510696827965551,9.80858680155863,5.693741596454363,45.02895267111528
Mombasa,Kisauni,2025-04-01 23:18:21.952240,399,99,300,3.295613337037919,81.54087164570834,2.53442155038002,2.919598664291682,7.007404325139138,63.56926332319604
Mombasa,Kisauni,2025-05-01 23:18:21.952240,400,71,328,4.819229302701036,74.51388403317588,3.9329279333102494,3.226724883486689,1.7867415480209958,79.71425624286839
Mombasa,Kisauni,2025-06-01 23:18:21.952240,341,70,271,4.511275266074625,81.8438292223274,1.5427946848874239,5.771364253727268,5.129208757347031,40.45316944381734
Mombasa,Kisauni,2025-07-01 23:18:21.952240,248,35,212,0.5781385157925074,77.7028325119198,2.733929718880214,9.574414053921169,3.58756659244402,80.94751184644912
Mombasa,Kisauni,2025-08-01 23:18:21.952240,219,47,172,3.3919918377640754,71.39070752816176,2.3449050933658313,3.8961697486656615,3.725272389522795,59.108683690484845
Mombasa,Kisauni,2025-09-01 23:18:21.952240,245,53,192,4.70555147486952,72.32626557013202,3.9813296038697628,6.18332864629976,5.598389143753619,62.31714726769955
Mombasa,Kisauni,2025-10-01 23:18:21.952240,267,52,215,0.8871563239767801,78.65321937401656,3.0738918740313252,8.260647615090049,6.309502192602655,78.76735527668964
Mombasa,Kisauni,2025-11-01 23:18:21.952240,267,41,225,4.749171792083923,70.8131497958916,4.682133795461596,5.019989427101867,5.822815983568612,58.51594975580329
Mombasa,Kisauni,2025-12-01 23:18:21.952240,302,58,243,2.093166532179807,84.85060105440354,2.5461505813952527,3.196622006155528,7.608981510760644,82.4577808035482
Mombasa,Kisauni,2026-01-01 23:18:21.952240,386,44,341,3.4653444695367934,94.22870263206973,2.6518786916050803,7.964625606051342,5.860729830660484,49.50690871276477
Mombasa,Kisauni,2026-02-01 23:18:21.952240,395,57,338,3.7347553621892526,76.67027167287655,3.241914845489245,9.453675537529024,5.012042052582486,62.04717867952593
Mombasa,Nyali,2024-03-01 23:18:21.952240,63,11,52,3.0135036373877635,72.47297170583829,3.6911417736493704,5.080231541976702,7.57794740723128,66.31804995302933
Mombasa,Nyali,2024-04-01 23:18:21.952240,66,15,50,4.164524953370734,71.94567834215735,1.1281820178573723,4.479550797757372,5.01324862779245,60.12317399291256
Mombasa,Nyali,2024-05-01 23:18:21.952240,56,8,48,1.5476277417935589,88.14784796851627,3.651264468787361,2.5867110215769067,3.7375837995988364,40.878846033788676
Mombasa,Nyali,2024-06-01 23:18:21.952240,60,11,48,2.3237390514942096,87.28452070584757,1.2896040598885206,3.4866176851471344,3.2722930718064043,71.91052146699651
Mombasa,Nyali,2024-07-01 23:18:21.952240,52,8,44,2.501653225883121,92.6062373054352,2.1822488522212558,2.516054129511682,3.596628060344011,60.33286225683439
Mombasa,Nyali,2024-08-01 23:18:21.952240,49,10,38,4.592725752773908,94.68091659365524,3.108579091905313,5.6870827237938295,6.619683542734025,83.19338818866318
Mombasa,Nyali,2024-09-01 23:18:21.952240,53,12,40,4.997250434686684,87.64972933183844,3.5062176654815747,4.00920359202819,7.419128724353891,49.47813774338904
Mombasa,Nyali,2024-10-01 23:18:21.952240,38,8,30,3.049514025306921,88.78206365644323,3.0332225521383123,7.733455766861509,3.058295523347617,67.65825324169474
Mombasa,Nyali,2024-11-01 23:18:21.952240,63,12,51,1.8353078936032294,77.10355404793164,3.7881089476503047,5.212173173881508,7.802339683818306,74.32662088746447
Mombasa,Nyali,2024-12-01 23:18:21.952240,60,11,49,4.223328558575014,91.05866644117447,4.457005328821776,9.453466245132674,1.8835144973753537,73.94903892549212
Mombasa,Nyali,2025-01-01 23:18:21.952240,67,14,52,1.8078191302360427,75.84877628251522,4.473893979505965,9.124758318717621,4.772934731723641,48.21072398896402
Mombasa,Nyali,2025-02-01 23:18:21.952240,84,20,63,1.5514797479128732,88.73436260727507,1.6226907533851262,9.39323496601363,4.652304866410413,43.033823595279415
Mombasa,Nyali,2025-03-01 23:18:21.952240,74,8,66,0.9162328976633947,74.9100517402509,3.5788260773914216,7.128695707461544,5.8316247823898975,71.24935570840982
Mombasa,Nyali,2025-04-01 23:18:21.952240,64,12,52,3.5513691167694104,81.93089277042021,2.350810267911159,4.769423627564603,3.3676448574583495,83.98573054515181
Mombasa,Nyali,2025-05-01 23:18:21.952240,70,13,56,4.112974005276513,75.7395749721048,2.0049206923222163,8.066085299207813,5.933358567611591,60.745716503626575
Mombasa,Nyali,2025-06-01 23:18:21.952240,57,12,45,0.8934848011574155,91.16367666873374,1.8506482457527689,9.967083415601401,3.9577382081011288,48.72400169776145
Mombasa,Nyali,2025-07-01 23:18:21.952240,47,6,41,1.3857982491814835,89.33378309105524,2.4707808008363723,7.194278458102091,4.762632179265943,69.44078623567626
Mombasa,Nyali,2025-08-01 23:18:21.952240,49,5,44,0.6689328004980221,83.56372708600846,4.206135991113669,7.37606719130665,7.445818119229476,72.24882818978102
Mombasa,Nyali,2025-09-01 23:18:21.952240,53,6,46,1.9336058808977192,71.45807754941835,4.841360440892945,2.5221451091613325,5.702453439857873,76.36687176858402
Mombasa,Nyali,2025-10-01 23:18:21.952240,43,8,34,4.923052511485924,74.92726110631749,3.386052029076216,8.374600663384967,2.1105632635846985,42.891414478229265
Mombasa,Nyali,2025-11-01 23:18:21.952240,47,10,36,0.5992184572978525,90.34943626556685,2.7251516043799415,3.353156790167657,6.381535092616729,47.38546086401061
Mombasa,Nyali,2025-12-01 23:18:21.952240,62,12,49,3.943365126209121,87.63098353522005,4.819885588190959,6.848449802724386,1.9016535681449418,42.34626990446417
Mombasa,Nyali,2026-01-01 23:18:21.952240,69,17,52,3.2612458960356565,89.64078250887869,1.7481605859279776,6.6057012889508995,1.1447493399280513,74.68865063194124
Mombasa,Nyali,2026-02-01 23:18:21.952240,79,17,62,3.947905082347342,71.52781351750765,4.757096463540622,8.941734307454006,3.300354555589041,52.847673653256365
Mombasa,Likoni,2024-03-01 23:18:21.952240,317,47,269,4.345139040411672,75.45216697838121,2.0166064588003136,6.270739179732533,4.003496971654311,43.98792518939697
Mombasa,Likoni,2024-04-01 23:18:21.952240,284,33,251,4.511283956674708,76.93988485284422,3.421865050523648,2.460389595389101,7.585421464384082,58.98654193655438
Mombasa,Likoni,2024-05-01 23:18:21.952240,268,35,232,2.7754800359784784,89.24112282298114,1.1289169264982202,4.353852738193172,7.8235289072477245,51.14157798952489
Mombasa,Likoni,2024-06-01 23:18:21.952240,231,41,189,4.1827025597015695,71.1142701644318,4.829762926680359,5.976217585665914,3.350743345015924,67.44713688716139
Mombasa,Likoni,2024-07-01 23:18:21.952240,204,43,161,1.4744776265979782,85.78587962192549,4.338455709779653,8.539280392573435,2.1529232319383924,68.93449294746955
Mombasa,Likoni,2024-08-01 23:18:21.952240,194,26,168,4.677955569891783,84.83912885564881,2.610322172422306,9.418579364666703,7.386444481494114,74.51962071008026
Mombasa,Likoni,2024-09-01 23:18:21.952240,176,30,145,1.381209987996369,83.15836941464565,2.6111023216574307,5.381612763441356,6.200063290309074,75.63848723426973
Mombasa,Likoni,2024-10-01 23:18:21.952240,187,32,154,3.13151168809514,89.32117533163174,3.147715291047552,9.642748320914388,5.797551940912693,71.2693915611128
Mombasa,Likoni,2024-11-01 23:18:21.952240,192,36,156,2.648949726139037,85.53013665564393,3.696426963562929,7.369036402736767,5.286650194667065,61.9089063640074
Mombasa,Likoni,2024-12-01 23:18:21.952240,228,27,200,2.9415464147033576,73.925836798885,4.153825397551261,5.448934325157562,4.35070609308917,53.2707274406988
Mombasa,Likoni,2025-01-01 23:18:21.952240,254,63,191,3.2032443810372153,78.09689931104258,3.3514119194453813,2.022261860616063,2.373674743188179,73.07653487324174
Mombasa,Likoni,2025-02-01 23:18:21.952240,339,46,292,2.8324366367780813,90.23056230188439,3.3404155977525374,8.45326247105617,5.2703278129822095,58.92085449488314
Mombasa,Likoni,2025-03-01 23:18:21.952240,337,56,280,2.035178182360379,93.51316592294992,1.1064971034707596,4.80374986616678,4.432617277621139,68.97128348050077
Mombasa,Likoni,2025-04-01 23:18:21.952240,373,72,300,3.173998219335152,74.41468336409581,2.1857730141389884,3.2142041938268795,1.1482111881915213,67.1059331705647
Mombasa,Likoni,2025-05-01 23:18:21.952240,237,56,180,2.0336472921985305,88.08413230634294,4.43735838349722,3.39345971493705,6.494755142049798,57.717559365309846
Mombasa,Likoni,2025-06-01 23:18:21.952240,287,38,249,4.839610367139178,75.63599839330493,4.6643981985589775,3.17031131877304,6.166179770075806,61.50165913711429
Mombasa,Likoni,2025-07-01 23:18:21.952240,197,44,153,0.9123713978881519,73.38935659777647,4.178882337302572,9.945385493561002,2.6266203445389813,40.34844364975376
Mombasa,Likoni,2025-08-01 23:18:21.952240,181,27,154,1.4804785303004728,82.73571119648184,2.865568905078933,8.780391743703033,7.570962826946048,46.73858836820256
Mombasa,Likoni,2025-09-01 23:18:21.952240,180,23,157,2.880522072348387,76.50578722998038,1.144919471908655,5.587001285723506,6.212895392580386,58.24735552337023
Mombasa,Likoni,2025-10-01 23:18:21.952240,214,32,181,0.9768417031552608,80.58788291438137,1.9117741118791085,8.19938210775185,2.02341293696185,79.11027603339387
Mombasa,Likoni,2025-11-01 23:18:21.952240,194,39,155,1.0392795921496378,92.22894676892827,1.461525040623283,3.196321101403834,6.0655366525238295,59.91400673221325
Mombasa,Likoni,2025-12-01 23:18:21.952240,260,28,232,2.1038724347173345,85.9279392098788,3.976949733734649,2.707172197332219,4.083296795892156,69.73886083287395
Mombasa,Likoni,2026-01-01 23:18:21.952240,322,79,243,3.8842284419481836,77.81527162918321,3.2184228905445367,4.01827793795798,4.644461345432047,70.5207032958497
Mombasa,Likoni,2026-02-01 23:18:21.952240,361,53,308,4.166488135475106,73.51162747118595,2.7032395536142304,3.018522748054253,1.4035226188981702,43.66748181350106
Kisumu,Kisumu East,2024-03-01 23:18:21.952240,204,41,162,1.856478715014853,93.90676574032042,4.696242052437427,3.6016487563325814,2.689054929059671,44.225812827274666
Kisumu,Kisumu East,2024-04-01 23:18:21.952240,189,37,152,3.3308235557583865,72.93228403542007,4.741394126283231,8.31803048185186,5.463875364767413,59.19958514981279
Kisumu,Kisumu East,2024-05-01 23:18:21.952240,154,37,117,1.111580217504185,79.3408838563942,1.2800508627568252,6.096871878849395,7.266036343187787,71.09216961948718
Kisumu,Kisumu East,2024-06-01 23:18:21.952240,150,26,123,3.4050877779812287,71.98028604066961,2.0711969551608576,6.136508594253051,2.8397155525924997,82.4849677640206
Kisumu,Kisumu East,2024-07-01 23:18:21.952240,147,16,130,1.906035940456247,78.7291227675349,1.8874325752495822,3.1806048988626676,5.488554245635189,53.90379248819626
Kisumu,Kisumu East,2024-08-01 23:18:21.952240,136,21,115,3.8812375189709885,71.12051906917705,4.440071176457792,7.068378266814607,2.236925752189186,79.74464649383955
Kisumu,Kisumu East,2024-09-01 23:18:21.952240,107,11,96,0.7200816218979993,72.28684059459238,4.717011190919972,2.3325212537909126,2.5104161384037575,46.79544350017594
Kisumu,Kisumu East,2024-10-01 23:18:21.952240,113,25,88,2.9202148616503387,87.07093451603798,4.448725320445692,2.6337561116883927,1.3871110357577678,81.79923463829262
Kisumu,Kisumu East,2024-11-01 23:18:21.952240,134,32,102,4.197170958202577,85.5298279520062,2.330635190121317,5.191078020961595,2.0436870122270103,73.62516236590338
Kisumu,Kisumu East,2024-12-01 23:18:21.952240,179,31,148,2.494006765370961,70.09540080964628,1.8131330981156775,8.34012083442728,1.862832372746878,41.8381892530096
Kisumu,Kisumu East,2025-01-01 23:18:21.952240,210,39,171,0.674400933032158,90.89242333601081,1.072882822491128,2.9526171485821626,3.103505710255619,63.10633519652128
Kisumu,Kisumu East,2025-02-01 23:18:21.952240,228,32,195,1.0043855803328727,80.61489136359282,3.87641755849248,3.7265164522562593,4.935906406599331,68.28585700465646
Kisumu,Kisumu East,2025-03-01 23:18:21.952240,214,52,161,1.305927755561451,71.32380522977174,2.258363128877355,7.157493007276281,1.0889639317489095,55.28732852831547
Kisumu,Kisumu East,2025-04-01 23:18:21.952240,180,39,140,1.8270121338275387,88.49105378155005,3.5551035376991815,7.5995389048589335,5.50351300885912,50.326537239364896
Kisumu,Kisumu East,2025-05-01 23:18:21.952240,203,35,167,2.9754397502974768,76.81646976693541,3.4917138398112737,3.920552426604531,3.5728484820741033,46.33844868528469
Kisumu,Kisumu East,2025-06-01 23:18:21.952240,160,37,122,4.163145061887437,80.97848666762863,4.920170129754254,4.214938149085061,5.241777096502064,48.29093425327663
Kisumu,Kisumu East,2025-07-01 23:18:21.952240,148,18,129,2.1844241677183485,94.83963752323801,2.521528941566401,3.375771827675085,4.507424090176587,64.68668732477322
Kisumu,Kisumu East,2025-08-01 23:18:21.952240,125,12,112,3.052392016759481,77.45075244820165,3.1153445061246603,6.2953370480647255,3.072064387521759,84.72191181193615
Kisumu,Kisumu East,2025-09-01 23:18:21.952240,121,27,94,3.223667099094154,83.4730738902878,4.700164890046126,9.755168223121775,4.795760218263739,63.55985315368703
Kisumu,Kisumu East,2025-10-01 23:18:21.952240,128,26,102,1.9392332743843155,74.03896109738274,4.672433699774512,7.8416640182913575,3.2585274092300947,63.92339152939952
Kisumu,Kisumu East,2025-11-01 23:18:21.952240,164,36,128,0.7335558907644765,84.10416277487603,1.891806865200064,3.0252882672039245,5.1481985297688215,77.37572469927906
Kisumu,Kisumu East,2025-12-01 23:18:21.952240,188,35,152,4.235746900472578,88.1876742068199,1.3762665750716905,8.941536517961676,4.3691514019047695,45.242760118470336
Kisumu,Kisumu East,2026-01-01 23:18:21.952240,195,40,155,4.631016790286798,80.15449334579796,1.9863857696900244,7.177945519955242,5.699338881633509,43.31702179822726
Kisumu,Kisumu East,2026-02-01 23:18:21.952240,252,59,193,1.6581833656172849,84.61073834910542,3.414373326438058,4.916808578267795,2.4578881452359727,48.75432533810115
Kisumu,Kisumu West,2024-03-01 23:18:21.952240,79,11,67,4.345914935774841,86.86510028305992,3.2651999651691095,8.578475040135114,2.4186526241801203,40.34466348400957
Kisumu,Kisumu West,2024-04-01 23:18:21.952240,84,17,66,3.611684491174057,72.38594174183947,3.6359527015730326,7.6744456030962285,1.6667534751721922,48.1354041574659
Kisumu,Kisumu West,2024-05-01 23:18:21.952240,59,11,48,1.2839694518391065,81.42536551630717,4.776481821252437,4.296838577260953,6.906268323934338,81.45530475764181
Kisumu,Kisumu West,2024-06-01 23:18:21.952240,57,7,50,3.377276427417747,85.85477220000573,4.283187729064515,3.6058711678301565,7.590849462573337,56.109328321617156
Kisumu,Kisumu West,2024-07-01 23:18:21.952240,48,7,40,2.7963870493031475,87.82749735524237,2.024441354001582,8.229904484373776,3.951771105196693,81.91800497056704
Kisumu,Kisumu West,2024-08-01 23:18:21.952240,44,4,39,2.0498934496053907,71.33360124871493,1.0611104942156024,6.030075768707971,7.064170543935775,84.68587866775127
Kisumu,Kisumu West,2024-09-01 23:18:21.952240,48,5,42,1.2919959331950288,82.64465193498314,4.284842373812724,7.522259931697622,1.178810190130884,61.10948629495403
Kisumu,Kisumu West,2024-10-01 23:18:21.952240,44,10,34,3.3968638092584524,92.35596638225546,4.07955144839373,5.838489351799927,4.463527546409945,48.39553636636288
Kisumu,Kisumu West,2024-11-01 23:18:21.952240,48,9,39,4.994906775411879,84.24505509203351,4.231888650919339,4.7000084420687545,1.465030136856444,41.99868988355192
Kisumu,Kisumu West,2024-12-01 23:18:21.952240,60,7,52,2.938812224418414,72.4122877869191,3.551385510101278,3.601877408560262,5.595637336073636,57.94319088499361
Kisumu,Kisumu West,2025-01-01 23:18:21.952240,70,8,61,4.714261524478781,72.03200664940827,2.2065823346633646,9.826785859034189,6.720934192584767,51.93693945584992
Kisumu,Kisumu West,2025-02-01 23:18:21.952240,63,12,50,4.6508810305954675,89.63963505425495,1.5579339829354852,2.631861628105158,7.1260248622864175,66.44542472079837
Kisumu,Kisumu West,2025-03-01 23:18:21.952240,72,9,63,1.4133013528940799,83.58267889847113,3.633324559964991,9.895730359620002,1.0278029313250565,49.18501746783395
Kisumu,Kisumu West,2025-04-01 23:18:21.952240,67,16,50,2.502560347822249,78.37597814648927,1.4897297977868575,4.814510630359676,2.172692873273271,47.68950768118901
Kisumu,Kisumu West,2025-05-01 23:18:21.952240,68,7,61,1.7422146025996275,77.64637021510828,3.4617423295731364,9.22657060417595,3.462120250192738,77.36974149983698
Kisumu,Kisumu West,2025-06-01 23:18:21.952240,55,6,48,2.974337069737219,84.86698746125982,1.4227120300406777,3.274679495275281,4.524884213918951,68.35680422060334
Kisumu,Kisumu West,2025-07-01 23:18:21.952240,62,10,51,3.3286573085072995,89.88940569239435,1.3749650558531274,2.7152468466695883,3.436857113290374,61.77959909458079
Kisumu,Kisumu West,2025-08-01 23:18:21.952240,41,7,33,1.2320684936225106,84.33722343309631,2.4084622978756314,2.1609834250834634,2.0279053762816184,64.16804969522119
Kisumu,Kisumu West,2025-09-01 23:18:21.952240,40,5,34,1.8705899940628314,74.69522630417687,2.388495729166895,5.260290519350224,6.748842433577124,60.952988406419394
Kisumu,Kisumu West,2025-10-01 23:18:21.952240,40,9,31,1.5813333778113898,84.5521666554828,2.165960445758601,8.181503574014648,5.880070838915087,69.63547805751216
Kisumu,Kisumu West,2025-11-01 23:18:21.952240,51,8,43,1.4783411131179218,82.42110256923878,4.016340056886717,8.029891485040194,3.103801378304179,59.987602359909886
Kisumu,Kisumu West,2025-12-01 23:18:21.952240,51,9,41,4.207360509172291,76.9692410230747,4.730057571248131,8.897117757297924,6.359357663559653,49.607212688277045
Kisumu,Kisumu West,2026-01-01 23:18:21.952240,74,8,65,0.5946600976008636,83.72290494676972,4.552445108261141,8.812023522513094,1.2613875236426981,50.06605532339682
Kisumu,Kisumu West,2026-02-01 23:18:21.952240,71,12,59,0.9925201936563726,73.84375761222603,1.9760876788689918,8.090133285876485,2.7384697208873394,58.331504562844614
Kisumu,Kisumu Central,2024-03-01 23:18:21.952240,443,79,363,3.882698346875797,86.67948324456569,2.8705615310339234,4.680120391466157,3.6811583117032187,76.38864581374949
Kisumu,Kisumu Central,2024-04-01 23:18:21.952240,390,65,325,1.029892377046202,75.6909846617176,1.6542733512279901,3.0588214461083885,1.741787285614011,79.31325929056908
Kisumu,Kisumu Central,2024-05-01 23:18:21.952240,309,63,245,0.9060765383267184,91.16586963548686,2.032733168441519,9.262889885815031,3.001608102221849,72.7014787608362
Kisumu,Kisumu Central,2024-06-01 23:18:21.952240,352,87,265,4.912068857432455,76.5147797260157,3.8070622690785676,2.9319912939113637,5.259419625272314,72.19122023459042
Kisumu,Kisumu Central,2024-07-01 23:18:21.952240,228,31,196,4.105712528158525,76.91937245812174,3.675793948669759,2.743308833694276,2.7094654337661046,50.194437962991785
Kisumu,Kisumu Central,2024-08-01 23:18:21.952240,230,44,186,1.8413405777518608,73.22522555261823,3.809268325640308,8.993071564790357,4.929288095828415,67.20761261503893
Kisumu,Kisumu Central,2024-09-01 23:18:21.952240,217,38,179,2.446503954566163,94.14451665451345,3.7363945195742527,3.722445743469346,6.099102831871248,41.41052613701191
Kisumu,Kisumu Central,2024-10-01 23:18:21.952240,206,30,176,2.6768465091344895,88.64929933380256,1.5299572482635906,4.3356119385041785,6.87193106358168,55.103459414342794
Kisumu,Kisumu Central,2024-11-01 23:18:21.952240,233,33,200,4.292041210505178,74.56108374808642,1.1767649002929357,3.1009000271513303,3.505530708676205,79.51616599410673
Kisumu,Kisumu Central,2024-12-01 23:18:21.952240,261,53,207,2.476485786811211,81.95295994333239,3.205159201517857,3.029895098450691,5.164957182272962,82.43056650864784
Kisumu,Kisumu Central,2025-01-01 23:18:21.952240,341,51,290,0.6443998681177217,75.5616434444345,3.5599522883458037,5.341605257674218,6.636044764527794,44.79675926063647
Kisumu,Kisumu Central,2025-02-01 23:18:21.952240,316,48,267,1.83236215873976,82.81963324052988,2.4949054371031685,2.800774640030367,7.438930482674128,49.896023503799476
Kisumu,Kisumu Central,2025-03-01 23:18:21.952240,364,50,314,0.5322377754743752,88.11401726612038,4.730399567736467,6.44800279633394,7.807853863152026,63.950089710862066
Kisumu,Kisumu Central,2025-04-01 23:18:21.952240,407,45,361,1.2274238659842396,80.57098722477548,1.9711406230048252,3.8738739480891127,1.035198268873287,53.601326744171345
Kisumu,Kisumu Central,2025-05-01 23:18:21.952240,313,45,268,1.9741143767082787,75.08880819833757,4.3605718990784865,7.948500917661067,2.386581548509899,64.9640370202001
Kisumu,Kisumu Central,2025-06-01 23:18:21.952240,292,63,228,3.675868177183447,84.69148858911906,1.0487062799957627,4.317591545657211,4.009652896422162,62.076967917106785
Kisumu,Kisumu Central,2025-07-01 23:18:21.952240,329,63,265,1.3245948784340091,81.71067340839447,3.251124003826436,8.903625848768026,5.185081582999381,57.1906978800257
Kisumu,Kisumu Central,2025-08-01 23:18:21.952240,264,47,216,1.6211554285227732,93.5064958116501,1.2625795213430173,3.662994588857087,7.443679224445992,71.01904678504795
Kisumu,Kisumu Central,2025-09-01 23:18:21.952240,232,41,190,2.8293259423772033,71.28247005903077,2.993974236626212,6.876490689262861,4.630871925251477,56.98327724980319
Kisumu,Kisumu Central,2025-10-01 23:18:21.952240,203,26,176,4.306334168564524,81.0021171792852,1.2492344113678766,2.6686117327989596,1.6709375316412882,59.32433715828545
Kisumu,Kisumu Central,2025-11-01 23:18:21.952240,297,35,262,2.462096358928206,82.32389219294745,1.2901960722801795,9.058322042494574,2.236283742656545,59.128682803116305
Kisumu,Kisumu Central,2025-12-01 23:18:21.952240,334,51,283,4.189880863170954,73.89172178764798,2.538083389427797,2.9528398092121204,5.363601019336949,45.848694101919435
Kisumu,Kisumu Central,2026-01-01 23:18:21.952240,383,48,335,4.448802328967133,85.88104172187836,1.4677599130004904,6.904056472146878,4.4979425010485485,78.21425596941313
Kisumu,Kisumu Central,2026-02-01 23:18:21.952240,501,66,435,3.0007628209981667,93.11725744418655,4.851856096620297,3.3292778637951006,5.616962789900664,76.08436417574868
Kisumu,Seme,2024-03-01 23:18:21.952240,251,27,224,3.8993888681223607,75.14530077932254,3.1366492786901476,8.91831448345362,4.7296497026208115,73.91129823528566
Kisumu,Seme,2024-04-01 23:18:21.952240,249,54,195,2.6624718284164923,93.6835404651282,4.0775344026158375,7.498326945001761,6.999155295982051,64.70628462052375
Kisumu,Seme,2024-05-01 23:18:21.952240,234,33,201,2.306938129927534,84.91681949335498,3.9522701026261178,3.0466096873370176,5.2316419810177885,74.33032521421168
Kisumu,Seme,2024-06-01 23:18:21.952240,205,47,157,4.760253874805473,89.88801109317575,1.0197769800854948,7.427903053931609,3.2522316848135855,82.8963058337532
Kisumu,Seme,2024-07-01 23:18:21.952240,253,47,205,0.5894347670624791,83.3005676669318,2.926969711168696,4.8689603605881455,6.3843999629783825,51.1437610229531
Kisumu,Seme,2024-08-01 23:18:21.952240,173,42,131,1.2145249868989976,74.65722498775958,3.1824087624488375,5.748773539613598,4.356453551988535,52.8334581641991
Kisumu,Seme,2024-09-01 23:18:21.952240,130,26,103,3.600315433737802,81.60212066265841,1.6091801568092339,5.906908978515503,3.905938680714336,42.05620373982253
Kisumu,Seme,2024-10-01 23:18:21.952240,169,30,139,2.521778081487722,88.46063281429636,2.6020712374183015,5.971654050593274,3.2113441299442953,72.72610964942118
Kisumu,Seme,2024-11-01 23:18:21.952240,211,42,168,1.5901027453385332,92.92000178721364,1.0265905709191978,2.3483337351681675,4.34603517330469,54.240124560122155
Kisumu,Seme,2024-12-01 23:18:21.952240,172,26,145,1.0968188253731133,70.76835124655064,1.9860297481016422,6.152429558142817,6.248573044639063,48.85011078077578
Kisumu,Seme,2025-01-01 23:18:21.952240,281,42,239,0.9320033895298876,72.35463521609313,3.71451499248115,7.538578067659022,2.8007207439372093,66.17989149759832
Kisumu,Seme,2025-02-01 23:18:21.952240,236,50,185,1.6580063834984982,71.77620625902418,4.376411184354826,4.10597174708918,2.8294108894799215,58.84909325074594
Kisumu,Seme,2025-03-01 23:18:21.952240,303,35,268,1.3350908624133555,89.11533032370333,2.820620604488432,9.798692046578706,7.076924161987416,51.83281058453347
Kisumu,Seme,2025-04-01 23:18:21.952240,284,35,248,3.6247660230572274,74.75598825950571,3.6155165412502237,4.625229430811265,4.910413336086088,63.055410030005106
Kisumu,Seme,2025-05-01 23:18:21.952240,271,30,241,3.3282888100899704,71.30586905509638,3.8530668190276023,6.4787213586620975,7.500410587327802,57.31938698087158
Kisumu,Seme,2025-06-01 23:18:21.952240,234,57,177,1.6972577753805955,80.51423967449568,1.7455126266997976,8.212901531107196,6.886418338836731,75.48583753384112
Kisumu,Seme,2025-07-01 23:18:21.952240,206,20,185,1.5904859188474467,83.27848702161263,4.668784517370407,2.1263499837143964,5.178836632437784,60.457203004036174
Kisumu,Seme,2025-08-01 23:18:21.952240,159,33,126,2.960561632143299,72.16352854499357,1.6180095552729359,4.31580854723795,5.926345348418518,53.568238205649536
Kisumu,Seme,2025-09-01 23:18:21.952240,158,37,121,0.6305671922904637,78.08613392349238,2.1118453317647945,6.825829713861047,2.1691830933069336,54.14393155831111
Kisumu,Seme,2025-10-01 23:18:21.952240,192,25,167,0.6296528880702406,72.85404233254665,3.8833513629992518,9.627326643693205,2.226631940464919,70.60595802333802
Kisumu,Seme,2025-11-01 23:18:21.952240,153,16,137,1.9955876678147748,75.26158650240212,1.279303136281702,5.461532902280893,3.2670782165742382,69.27939362992055
Kisumu,Seme,2025-12-01 23:18:21.952240,227,34,192,3.0894977355093105,79.14845665569169,2.9722178041094183,3.174719005689049,3.3639554265229163,64.83975064093613
Kisumu,Seme,2026-01-01 23:18:21.952240,259,42,217,2.7454931492272894,82.54700461702225,3.83600617204152,2.9814703078906204,1.612095723131982,64.8645598369589
Kisumu,Seme,2026-02-01 23:18:21.952240,308,37,271,4.864956952823657,85.70419332737058,4.730858370067335,6.265516930166576,7.321843423511504,68.23677371788385
Kisumu,Nyando,2024-03-01 23:18:21.952240,259,35,223,1.3520011975569282,76.69878371037296,2.3138173814511,9.343304892613194,5.32637849608144,59.320983920679225
Kisumu,Nyando,2024-04-01 23:18:21.952240,278,54,223,0.7449818862899964,91.68487790448819,4.013480516357643,5.664782586733826,1.6347090578807282,53.409188291172384
Kisumu,Nyando,2024-05-01 23:18:21.952240,209,41,168,4.386708181932554,86.46211575423747,2.3537027596399547,8.956760235750089,2.7998200801539737,42.85736771846077
Kisumu,Nyando,2024-06-01 23:18:21.952240,213,31,182,3.1458251926155927,87.60372275140699,1.177357760770391,9.47226386974262,7.399858067598418,71.775960893303
Kisumu,Nyando,2024-07-01 23:18:21.952240,185,40,144,1.152669797078767,93.63285856433853,4.223327609997604,3.1103364669552382,2.512466803042442,60.0654466950557
Kisumu,Nyando,2024-08-01 23:18:21.952240,188,37,150,1.1044541250297824,80.65887474769669,2.950687976994119,8.375475185601701,7.864593756697662,59.38714315327033
Kisumu,Nyando,2024-09-01 23:18:21.952240,135,16,119,4.64333526707318,86.22236880485374,3.845217639818935,8.657674139345364,6.556611575063263,77.7378711901973
Kisumu,Nyando,2024-10-01 23:18:21.952240,199,46,153,2.260975052208065,74.57760470481846,2.27095402460201,7.174517044610595,3.665793611037384,66.44978746401324
Kisumu,Nyando,2024-11-01 23:18:21.952240,214,21,192,1.5337480579812035,92.36354798685673,3.994302054273595,3.897085069286751,2.3991585556390946,66.43621498387334
Kisumu,Nyando,2024-12-01 23:18:21.952240,227,47,180,1.3386161729955985,79.15664796047596,4.943719181666296,5.8854692943394245,5.784784117381106,55.77070473839618
Kisumu,Nyando,2025-01-01 23:18:21.952240,227,41,185,1.6392671331192297,89.5510502985336,4.520755896049485,3.5447567479663835,3.4585943054155006,47.43126298759075
Kisumu,Nyando,2025-02-01 23:18:21.952240,303,54,248,1.8335524886858177,74.79525491793191,3.393761676698076,7.140194073447323,3.772494367129662,81.27089250480576
Kisumu,Nyando,2025-03-01 23:18:21.952240,338,36,301,3.268974011048209,78.8198824721529,2.527489299170905,2.8578307529052465,1.1148464663470552,57.428125217459055
Kisumu,Nyando,2025-04-01 23:18:21.952240,303,36,267,2.1773655364267785,85.77027071932253,4.9681351401147245,3.2128351672994437,4.832680194859673,84.58428335977597
Kisumu,Nyando,2025-05-01 23:18:21.952240,293,58,234,1.8294634314961193,80.61583839807565,4.290419828877024,8.089425994246437,3.7212735003545707,84.89669501709568
Kisumu,Nyando,2025-06-01 23:18:21.952240,251,35,215,1.715832382465536,92.69015490622405,4.9851096509816335,6.341026528141089,6.586360552485245,60.73997365110364
Kisumu,Nyando,2025-07-01 23:18:21.952240,195,31,163,1.9288112207847472,80.04871472140442,2.306841731934756,2.3364437520147376,7.3855743301254995,54.3587933104406
Kisumu,Nyando,2025-08-01 23:18:21.952240,175,27,148,1.3215967132372288,75.24526785499799,2.299877318385327,2.081638089652042,1.9809902761290998,40.93883185251517
Kisumu,Nyando,2025-09-01 23:18:21.952240,165,35,129,2.5100150026487213,82.08485893105967,4.926717916415706,3.874172872602079,1.45454854124435,41.203059643048135
Kisumu,Nyando,2025-10-01 23:18:21.952240,135,29,106,2.4490585623706704,74.60442445986838,3.477625257201778,3.6621256977406142,5.467641909981552,81.61746447931188
Kisumu,Nyando,2025-11-01 23:18:21.952240,197,40,157,4.604331478552976,75.13826823470669,2.242058253403537,5.212267886088352,4.087059466847274,60.455712670075656
Kisumu,Nyando,2025-12-01 23:18:21.952240,245,41,203,4.729894018125416,79.91633662446449,1.7982845169799977,9.278302538604297,7.162006734103429,78.08359565442865
Kisumu,Nyando,2026-01-01 23:18:21.952240,283,69,213,2.2552013372685256,78.19938472845627,3.3007854464335225,4.988338540030206,7.494142969896897,81.55793703335418
Kisumu,Nyando,2026-02-01 23:18:21.952240,328,50,278,0.7200447255077742,94.17704909365904,4.35079543859187,6.692478281286582,6.079030024048362,61.332634352232496
Nakuru,Nakuru Town West,2024-03-01 23:18:21.952240,309,49,260,1.1110905071262605,70.17605145985043,3.2360677796937765,8.90342241717163,2.6649385825725878,45.158517795423414
Nakuru,Nakuru Town West,2024-04-01 23:18:21.952240,286,30,256,4.824581974063482,81.85213625904578,4.336241616930074,3.9074667471390017,4.109322192432794,56.29209525730335
Nakuru,Nakuru Town West,2024-05-01 23:18:21.952240,270,47,223,1.643410601800949,90.48410456146864,3.346134688508103,9.517758196966465,6.78641038563025,56.94788641335791
Nakuru,Nakuru Town West,2024-06-01 23:18:21.952240,206,42,163,1.1352598890915115,92.20514649246442,1.1768871539697985,2.453141989242207,4.33174511569149,54.42393855480232
Nakuru,Nakuru Town West,2024-07-01 23:18:21.952240,172,17,154,3.553634591569966,85.76023671230774,2.567469714168875,7.794730475286502,4.002512446837774,44.76242282380095
Nakuru,Nakuru Town West,2024-08-01 23:18:21.952240,129,18,110,4.499471033549403,87.48487576686392,4.183026146123194,7.81690640024771,3.114839288007771,55.56100505722596
Nakuru,Nakuru Town West,2024-09-01 23:18:21.952240,151,22,129,3.6110510647885214,84.7919765716949,2.0279768714755626,7.66710390318982,4.8394349386444775,84.27589742700437
Nakuru,Nakuru Town West,2024-10-01 23:18:21.952240,169,22,147,2.8422989087191723,81.67385730456304,1.3942329198491783,8.346151437567936,7.9709759053864975,70.9698147386213
Nakuru,Nakuru Town West,2024-11-01 23:18:21.952240,191,37,153,3.980839528805531,85.55992318473301,4.845032616884729,7.8898471201262,5.075388463604711,50.905376375035985
Nakuru,Nakuru Town West,2024-12-01 23:18:21.952240,216,23,193,0.7115762315504464,80.50580487351198,3.7273207725590045,2.5713904440596043,7.517361157070974,73.4837102734725
Nakuru,Nakuru Town West,2025-01-01 23:18:21.952240,227,48,179,4.284556309884256,76.77689438366002,3.2375372958348954,4.739541966628653,5.420821634982837,71.76563481119253
Nakuru,Nakuru Town West,2025-02-01 23:18:21.952240,264,58,206,1.4444182171435391,76.49848347257853,3.797850914736601,9.72024390944092,4.684635834094539,40.99764671691775
Nakuru,Nakuru Town West,2025-03-01 23:18:21.952240,261,60,201,3.91663975326211,94.99316352049,4.783605109758298,3.768649248451256,3.084366793131054,63.667987503449474
Nakuru,Nakuru Town West,2025-04-01 23:18:21.952240,291,61,230,3.214367966395982,86.66686443946875,4.861246946219119,7.9121661376251975,1.0827378621375638,82.47482250679948
Nakuru,Nakuru Town West,2025-05-01 23:18:21.952240,330,50,280,2.1062345019737343,94.7815198159378,3.0615095225511686,5.606839283310954,6.342397093444614,58.32923525216799
Nakuru,Nakuru Town West,2025-06-01 23:18:21.952240,201,34,166,3.542441082656025,82.97858751478559,4.529048278174114,3.5819750846720737,4.721800989989113,43.028370094536335
Nakuru,Nakuru Town West,2025-07-01 23:18:21.952240,183,24,159,2.4708875932518515,77.47282498444916,4.384009672488834,9.756552698682132,3.1187727715551077,59.001189129683624
Nakuru,Nakuru Town West,2025-08-01 23:18:21.952240,176,28,147,0.6595373970408343,76.26919619812212,4.323130949042078,2.0970461869626806,5.36188244196393,51.07093909813209
Nakuru,Nakuru Town West,2025-09-01 23:18:21.952240,196,44,151,3.6714281079555295,77.31636624913997,1.2724159504533246,8.103789284013086,1.0537672339397686,82.04513600203333
Nakuru,Nakuru Town West,2025-10-01 23:18:21.952240,183,30,152,3.970836065067521,83.60616382848836,1.191923227019489,8.659480300815645,1.2080580861869108,60.8290002316621
Nakuru,Nakuru Town West,2025-11-01 23:18:21.952240,193,19,174,4.420790626559833,82.81569291691218,2.160562126094846,8.89616813033083,3.0685972630204135,66.13459066005566
Nakuru,Nakuru Town West,2025-12-01 23:18:21.952240,238,40,198,3.7668367786720127,92.14047720066799,3.5033244122832836,6.610678258726686,1.3439466998499134,70.48335812749731
Nakuru,Nakuru Town West,2026-01-01 23:18:21.952240,254,44,209,3.9851560685813525,72.19277110291446,1.7678461819893694,6.021002643398386,6.9781304445843455,76.22725366000432
Nakuru,Nakuru Town West,2026-02-01 23:18:21.952240,303,60,243,1.7922415713044506,88.37878043810028,2.1765984757522685,8.443240909937689,1.5213696661365594,74.86239010476025
Nakuru,Nakuru Town East,2024-03-01 23:18:21.952240,383,70,312,3.800867825877412,86.24970310515207,3.2025244371890897,9.571547164104366,1.4110547454826974,60.027170655637065
Nakuru,Nakuru Town East,2024-04-01 23:18:21.952240,334,34,300,0.872048518766416,88.57236175137989,3.7161023211781448,6.594832264422019,4.495929284750712,53.502949160960995
Nakuru,Nakuru Town East,2024-05-01 23:18:21.952240,290,70,219,3.7846914328912966,88.65480783439509,2.294091867933095,7.094156270960306,3.3165767318424226,60.63717850752859
Nakuru,Nakuru Town East,2024-06-01 23:18:21.952240,270,36,234,2.79406418283389,93.27300332510794,1.4313823498304936,8.30174329043082,1.662164010998843,79.37640236676145
Nakuru,Nakuru Town East,2024-07-01 23:18:21.952240,201,20,180,2.45035410389015,86.09235884630255,4.728314635711502,3.7152204946859886,1.643670667312348,47.96577473780076
Nakuru,Nakuru Town East,2024-08-01 23:18:21.952240,191,42,149,1.0393182757569637,74.54705494340566,1.2849306230885613,3.301911830435433,3.2790807185511346,56.48498663347438
Nakuru,Nakuru Town East,2024-09-01 23:18:21.952240,193,42,150,0.7795218500137513,94.99532185572761,1.8396932938588653,5.696016318113527,5.993143021678711,78.42183051604292
Nakuru,Nakuru Town East,2024-10-01 23:18:21.952240,207,49,158,2.584361493815822,80.60836011199753,3.267209198133462,4.999190888558374,4.365100112461892,51.41641605876791
Nakuru,Nakuru Town East,2024-11-01 23:18:21.952240,238,55,182,4.240410033852821,75.03112808514683,4.404367892857533,4.975487336156515,7.202814995657784,74.86397775103377
Nakuru,Nakuru Town East,2024-12-01 23:18:21.952240,282,53,228,4.546742743072562,89.72416330663255,4.418585135428863,2.8861191198532543,3.6711225524718665,76.04097460020897
Nakuru,Nakuru Town East,2025-01-01 23:18:21.952240,309,42,266,3.5156459598488676,79.42091126477938,4.521793860636917,4.3453209080748785,2.699435787797861,66.55662164640995
Nakuru,Nakuru Town East,2025-02-01 23:18:21.952240,273,57,215,1.0748015952399683,83.58913459843914,4.849139165614606,7.94805895937735,6.699702798417184,82.63888978227976
Nakuru,Nakuru Town East,2025-03-01 23:18:21.952240,368,49,318,4.658021915443233,79.56919657523066,4.768221894478666,8.995983927369124,5.681731490398728,42.87170434513865
Nakuru,Nakuru Town East,2025-04-01 23:18:21.952240,330,72,258,1.19283881362667,75.48985956369776,4.322725770026571,7.261381811324188,3.561051262268532,83.32997869924421
Nakuru,Nakuru Town East,2025-05-01 23:18:21.952240,265,53,211,3.764667297667007,78.47581097356526,4.401760646227604,7.174423888886472,6.267452791515529,58.39545037273733
Nakuru,Nakuru Town East,2025-06-01 23:18:21.952240,291,61,229,0.6906173685638952,70.68072492087502,1.504634422286613,6.7745746332594345,5.117894601802593,57.7512954759102
Nakuru,Nakuru Town East,2025-07-01 23:18:21.952240,214,36,177,1.4450726421491458,94.64296682812494,4.172783025377504,2.8758914111213087,6.500868904051268,46.70481678742486
Nakuru,Nakuru Town East,2025-08-01 23:18:21.952240,211,30,180,3.7270897972089054,89.105283589361,4.14738267369286,5.953758471934429,5.640394098455883,74.86575037759641
Nakuru,Nakuru Town East,2025-09-01 23:18:21.952240,174,23,150,3.1098130659793246,78.67288386121176,2.7068793251204535,4.034960832649075,2.6391235926845305,52.95123998850023
Nakuru,Nakuru Town East,2025-10-01 23:18:21.952240,231,48,182,3.3917824827796013,84.97554861787464,4.948289604837152,9.19705402061863,6.290882187845137,80.72090978979543
Nakuru,Nakuru Town East,2025-11-01 23:18:21.952240,272,38,233,2.5673612802872467,91.95069657185977,1.3356006050142009,2.46211462947473,3.1670209574487824,74.33594945536447
Nakuru,Nakuru Town East,2025-12-01 23:18:21.952240,284,66,218,4.8708665717134165,79.72117206946099,3.2662363555664937,9.747360274671216,3.994386626871361,53.402901505557395
Nakuru,Nakuru Town East,2026-01-01 23:18:21.952240,356,66,289,3.670816638519404,93.29797500388027,4.408256055866057,6.443390421030043,7.51883929103885,53.380611414461704
Nakuru,Nakuru Town East,2026-02-01 23:18:21.952240,312,59,252,3.677681170736554,84.35807274022474,4.2802119075938645,7.625945959739797,4.348245508730457,84.29800729462616
Nakuru,Bahati,2024-03-01 23:18:21.952240,305,64,241,3.736161684346595,74.00032239866184,2.9031073970170054,6.417223482934159,4.208199006489296,57.54340409550502
Nakuru,Bahati,2024-04-01 23:18:21.952240,288,65,222,2.265862968269742,74.23539210589188,1.1812864039040134,3.402205973101524,7.5693205870993445,80.1645495969171
Nakuru,Bahati,2024-05-01 23:18:21.952240,264,40,223,1.2591544462136914,72.06384440158936,3.2852176328132874,3.1370196362074996,2.7677370547001754,74.96735120232208
Nakuru,Bahati,2024-06-01 23:18:21.952240,262,37,225,1.4431482579750274,92.69919242460402,3.084158648586077,9.323797903790172,5.499856358564235,78.19155926028216
Nakuru,Bahati,2024-07-01 23:18:21.952240,198,36,161,4.624245703392126,86.36301675284633,3.159011938390952,8.990883647165088,7.438010960165615,53.24775465384215
Nakuru,Bahati,2024-08-01 23:18:21.952240,178,36,142,2.906881741431749,84.69450266252781,4.8947163190245195,8.763846477519593,3.650764960011434,80.10771189542118
Nakuru,Bahati,2024-09-01 23:18:21.952240,149,30,119,0.6031109696350383,88.83703956170248,4.124265731964316,8.44528421525457,6.094116425118361,59.867160196350355
Nakuru,Bahati,2024-10-01 23:18:21.952240,149,24,124,1.1327327817332342,93.69110218208168,1.5167558759791038,2.090055414147181,1.5675297641620238,69.04429971473036
Nakuru,Bahati,2024-11-01 23:18:21.952240,198,42,156,3.7924308231358044,83.89550854561531,3.1253719175400794,9.97352784660246,2.331019317443966,48.52943294110217
Nakuru,Bahati,2024-12-01 23:18:21.952240,265,48,217,2.2337288811862352,94.60844363278353,2.1148018356095837,7.963763967872917,4.463077817855112,54.18140641764765
Nakuru,Bahati,2025-01-01 23:18:21.952240,248,46,201,1.058257855372573,89.63915037847212,4.363905882057825,6.741848339350487,5.306225702427109,63.01023653564088
Nakuru,Bahati,2025-02-01 23:18:21.952240,321,56,265,4.604215161772663,90.82158961818034,3.1597435137809153,4.100417394082877,3.3866757441561877,74.50372328083063
Nakuru,Bahati,2025-03-01 23:18:21.952240,282,45,237,1.403924256610577,72.35728267687219,3.192269466028913,4.056529374102203,3.043436798349142,56.902067279209746
Nakuru,Bahati,2025-04-01 23:18:21.952240,324,35,289,1.7948635181812356,70.16792648233107,3.850212569027932,8.27817471886397,3.8545240027643324,66.79283207276558
Nakuru,Bahati,2025-05-01 23:18:21.952240,284,29,254,2.650792045879575,93.3421859983487,4.994132996533088,9.43487230941324,1.3289993667610243,60.6871429456664
Nakuru,Bahati,2025-06-01 23:18:21.952240,251,35,216,2.087221162064428,87.99141159933384,1.9768329281651917,6.965072711368401,6.226845371728462,48.131046390809416
Nakuru,Bahati,2025-07-01 23:18:21.952240,249,39,209,2.0202258602788103,88.92538237927221,4.434097775364023,2.1265923237627646,5.7293249177261805,63.62674187838097
Nakuru,Bahati,2025-08-01 23:18:21.952240,177,39,138,4.338189417864431,83.59466189272025,1.3659069529385732,4.462068931488622,1.4829133015112532,64.7288807600428
Nakuru,Bahati,2025-09-01 23:18:21.952240,176,21,154,2.3437180784650984,89.9064442065798,3.138275929321148,8.147037694262036,6.650939239332921,62.953641666713274
Nakuru,Bahati,2025-10-01 23:18:21.952240,174,36,138,3.1916242139518443,77.60384715823515,3.507266904914478,4.511083650290315,1.830439871122188,77.03374955818217
Nakuru,Bahati,2025-11-01 23:18:21.952240,214,50,163,1.9152577536148003,73.99608182431064,3.8751587917126753,8.462061672242363,3.8131750266422024,80.38469691739922
Nakuru,Bahati,2025-12-01 23:18:21.952240,183,39,143,4.200911764611661,79.02144152487087,2.965306107515472,2.399204682785138,4.263591578991233,40.4032506256252
Nakuru,Bahati,2026-01-01 23:18:21.952240,257,59,197,2.005345120336481,84.45701481904729,2.5851645231792717,4.73439215236959,3.124622944422015,40.14461957924842
Nakuru,Bahati,2026-02-01 23:18:21.952240,304,67,237,2.5102244861294203,85.9042767041441,4.848119843728343,3.116079316361872,3.5589775654742977,65.4634803128152
Nakuru,Gilgil,2024-03-01 23:18:21.952240,360,36,324,3.6875989324401597,82.86389302653089,2.1136801768893663,3.4246166561682365,1.2820708289947729,55.2330240750142
Nakuru,Gilgil,2024-04-01 23:18:21.952240,280,36,244,2.9924414549936222,87.02167705032798,4.286796510546825,8.78323358359783,5.024265176560242,40.726042205882415
Nakuru,Gilgil,2024-05-01 23:18:21.952240,330,79,251,1.9673219647936417,90.8635618069107,1.537109665250333,8.775011886769844,5.423089266595976,68.52861812235028
Nakuru,Gilgil,2024-06-01 23:18:21.952240,249,59,189,3.49613312311409,87.15122716249323,1.3705865455216126,2.4285238520160437,6.413723499146924,65.8805037194132
Nakuru,Gilgil,2024-07-01 23:18:21.952240,240,40,200,1.540362013532662,79.4213692849348,3.6653935430375766,8.529826098446197,6.877795121195431,77.19881958502201
Nakuru,Gilgil,2024-08-01 23:18:21.952240,179,36,142,4.400345762122356,71.35101084442333,1.9481405199304889,6.365229460377686,6.3429260186911485,79.69090244597943
Nakuru,Gilgil,2024-09-01 23:18:21.952240,190,45,144,4.366348277527708,82.37120125310913,4.862957213403747,4.9779398693285914,7.443674515483002,51.578596294289255
Nakuru,Gilgil,2024-10-01 23:18:21.952240,211,23,188,0.8015093155524897,78.20845788365013,2.676007848173665,3.9771811625260147,3.987104773745456,55.44711699241115
Nakuru,Gilgil,2024-11-01 23:18:21.952240,214,53,160,4.714170308868971,94.76821020290738,3.835996152368366,2.7724694855004337,7.006562367645684,50.62494988066613
Nakuru,Gilgil,2024-12-01 23:18:21.952240,270,35,235,2.138709908817604,94.20264241426632,4.321670292102603,4.635288499536827,1.203127809572894,77.22335600331142
Nakuru,Gilgil,2025-01-01 23:18:21.952240,284,49,235,1.49100250724175,88.94637109100758,1.5862662433948902,3.273150748969477,7.669141851608313,59.75885783323434
Nakuru,Gilgil,2025-02-01 23:18:21.952240,371,68,302,4.2189013549203365,80.96229233905693,2.7681085825873932,9.219825595288,7.31777283505725,70.22771449045798
Nakuru,Gilgil,2025-03-01 23:18:21.952240,375,44,331,1.9801073765473787,72.75593406399587,3.2578833080630782,2.0200667521160343,3.494871422559889,55.18965190895313
Nakuru,Gilgil,2025-04-01 23:18:21.952240,363,46,316,4.39358388253844,85.44865748950333,4.057086927752733,3.6601801118331734,1.3681014826782374,42.9680745391479
Nakuru,Gilgil,2025-05-01 23:18:21.952240,253,49,204,2.918862631226059,92.36074653647296,1.6341111773210102,5.846422463412378,4.567971319629577,69.28628038925251
Nakuru,Gilgil,2025-06-01 23:18:21.952240,222,39,182,2.378838114775979,76.7077818534007,3.5735267874046044,7.627154216685583,2.095276784359409,80.88686142990248
Nakuru,Gilgil,2025-07-01 23:18:21.952240,239,26,213,2.492949443482332,86.3346529127351,1.262652650888731,7.250154016002258,6.580211485986234,55.31279573974437
Nakuru,Gilgil,2025-08-01 23:18:21.952240,219,45,173,3.074320873143327,80.2283561435815,2.4862080001281837,6.472916287989498,1.3316605777228956,60.327600922156066
Nakuru,Gilgil,2025-09-01 23:18:21.952240,241,37,204,3.332209214851642,85.81770920663331,2.083024391507884,8.002924594818822,2.060493433301844,69.00498022237791
Nakuru,Gilgil,2025-10-01 23:18:21.952240,167,33,133,4.070626209972932,86.88362798461716,2.5096794952699586,2.0935660905918265,4.544616733842215,41.357523980482036
Nakuru,Gilgil,2025-11-01 23:18:21.952240,236,29,206,3.8854171062514395,81.826213525163,2.1349086665086583,4.252695830808339,4.781267673936084,83.68444613093469
Nakuru,Gilgil,2025-12-01 23:18:21.952240,263,44,218,4.278209726923712,94.86809757158258,3.0305018558115098,6.073930618513446,6.779562953421926,62.10544362641569
Nakuru,Gilgil,2026-01-01 23:18:21.952240,353,38,315,3.6963271766077472,87.3550125588663,1.7296672656788963,4.245118296965365,4.920484667994051,55.17292295407386
Nakuru,Gilgil,2026-02-01 23:18:21.952240,334,77,257,3.9532200208074224,80.06010259351086,2.316772647220131,3.2008052605896786,2.8564592024988777,53.39465350664504
Nakuru,Kuresoi,2024-03-01 23:18:21.952240,292,41,251,3.857140997246913,83.18012162555597,3.6156685321381836,9.01830723235011,1.627423194541327,73.31106547830709
Nakuru,Kuresoi,2024-04-01 23:18:21.952240,271,42,228,4.848837803931609,85.35412740055656,4.895856440963004,2.5940469837679903,2.061451108663036,46.90023858247768
Nakuru,Kuresoi,2024-05-01 23:18:21.952240,248,60,187,4.704498556309844,83.4676868485576,4.62972965557987,6.33259797284301,4.132283599095843,40.307188492764034
Nakuru,Kuresoi,2024-06-01 23:18:21.952240,216,34,182,4.372984635976412,76.21818792410282,3.642767843282321,6.108637142492233,6.798919095985437,50.9848591358099
Nakuru,Kuresoi,2024-07-01 23:18:21.952240,199,46,152,1.1163654973230988,80.39244549975119,3.6614200953988925,3.032409697758032,3.913463962811317,40.13341421014209
Nakuru,Kuresoi,2024-08-01 23:18:21.952240,163,17,146,3.0358793524747596,79.32911216906815,1.1251502527655117,9.093303026587886,7.613667928046569,71.81202563330964
Nakuru,Kuresoi,2024-09-01 23:18:21.952240,150,20,130,1.899037448761322,73.37841944125142,1.2104586376821964,5.731843191166554,1.459206504112628,40.975882973719415
Nakuru,Kuresoi,2024-10-01 23:18:21.952240,131,27,103,2.6208333647657205,70.89184785446824,2.331579954460435,5.982337158900901,5.869425126452771,43.688379523284944
Nakuru,Kuresoi,2024-11-01 23:18:21.952240,194,47,146,2.4805100474172117,88.28768540219565,4.984370898172971,7.180160505025615,6.30196666219626,44.253349431554064
Nakuru,Kuresoi,2024-12-01 23:18:21.952240,233,57,175,0.7832499474436474,75.83384288840992,2.912591179708057,9.43027324669305,5.069134900774397,67.84206962155895
Nakuru,Kuresoi,2025-01-01 23:18:21.952240,232,27,205,4.394397661159956,92.93577621603485,3.680636499270748,8.550735791927577,4.293555591539692,79.15592951986419
Nakuru,Kuresoi,2025-02-01 23:18:21.952240,305,42,262,2.4401033607226212,80.25949466758205,3.3430863617393833,8.739215520834252,3.149277201576549,71.06495419395219
Nakuru,Kuresoi,2025-03-01 23:18:21.952240,275,43,232,2.306479695093032,94.47910844834364,3.817411014274823,5.167961792826699,7.810671883169706,69.76403647124272
Nakuru,Kuresoi,2025-04-01 23:18:21.952240,276,33,243,0.7299761912275999,85.49518691727874,3.3318664395936124,6.947320639047943,2.5595480840111895,70.72010787603469
Nakuru,Kuresoi,2025-05-01 23:18:21.952240,227,31,196,2.8158046089155158,90.14591575906991,2.244813963767797,9.78831430165165,2.1568471388164197,76.02511262504362
Nakuru,Kuresoi,2025-06-01 23:18:21.952240,178,38,139,1.5947096558020344,83.19170112092799,1.0207854775119007,4.801642657893318,1.6864853869513934,47.43512765331024
Nakuru,Kuresoi,2025-07-01 23:18:21.952240,203,39,164,4.962304803631737,94.31782953911699,2.8194866873904787,4.579398859215179,7.707146585710148,74.7852972547681
Nakuru,Kuresoi,2025-08-01 23:18:21.952240,172,24,147,1.1421662548979403,81.84608914366488,2.583581385014737,8.77339711964413,7.71913070044701,70.9979812817527
Nakuru,Kuresoi,2025-09-01 23:18:21.952240,168,38,129,4.437328417706624,87.20579264263593,2.574748923813325,9.188798282200517,4.951592870413942,43.223198033791924
Nakuru,Kuresoi,2025-10-01 23:18:21.952240,149,25,123,1.740667807983466,81.96277736937554,3.5350167556540737,2.5246385096506465,5.2362711245101465,79.71668146909572
Nakuru,Kuresoi,2025-11-01 23:18:21.952240,152,15,137,4.749582726745812,94.31884063477051,3.2812066200654684,2.9483751991054143,5.868556242476202,70.02807995670402
Nakuru,Kuresoi,2025-12-01 23:18:21.952240,222,37,184,3.34422077815098,91.36998192938692,2.334066752848353,2.651956635076635,3.952125348092169,81.40094426668179
Nakuru,Kuresoi,2026-01-01 23:18:21.952240,254,38,216,2.5512285237565466,87.5427011942647,1.6436288239890593,2.954346662369913,1.6650484658785736,53.043532759226835
Nakuru,Kuresoi,2026-02-01 23:18:21.952240,293,70,222,0.5068629479378338,83.39259750629844,1.4938318458297712,3.6180552589328956,6.376380748237907,51.25638895992166
Eldoret,Uasin Gishu,2024-03-01 23:18:21.952240,265,38,226,2.082900356204818,90.85267750221865,3.0269193064077022,8.172717409881503,6.668849447076622,55.198984238735555
Eldoret,Uasin Gishu,2024-04-01 23:18:21.952240,296,62,234,1.9504639596281983,70.93543379648189,4.1639948621502025,9.665592626601185,6.690128603721257,48.64661763780924
Eldoret,Uasin Gishu,2024-05-01 23:18:21.952240,266,54,211,4.752171204406123,82.53695531037327,3.453223466606754,7.191273036283064,7.504838185817443,81.47129317035187
Eldoret,Uasin Gishu,2024-06-01 23:18:21.952240,255,26,228,2.563302942080194,73.99550731653079,4.944203129441796,8.169384904817807,6.204322426837055,48.951493199790136
Eldoret,Uasin Gishu,2024-07-01 23:18:21.952240,194,20,174,0.9902489152605736,72.2948063864061,2.848414994436249,5.2143614437659584,5.4096808916458645,48.256338834165355
Eldoret,Uasin Gishu,2024-08-01 23:18:21.952240,162,27,135,2.811126703237783,94.66793880016212,4.79636215061398,4.795813730508678,1.5727226525831381,76.79860981356993
Eldoret,Uasin Gishu,2024-09-01 23:18:21.952240,131,20,110,2.6322586839019326,87.91644152749406,3.953919139609488,6.003619347439541,7.736215885454907,74.66328971176688
Eldoret,Uasin Gishu,2024-10-01 23:18:21.952240,175,22,153,3.6371335883614644,86.62023871244475,3.3004906278152255,4.117156396903616,1.2850744900675535,46.35623836324527
Eldoret,Uasin Gishu,2024-11-01 23:18:21.952240,206,29,176,2.0252162480477303,88.83229966073267,3.123333237973466,4.405936484546706,7.34703964025668,50.87097431604634
Eldoret,Uasin Gishu,2024-12-01 23:18:21.952240,195,40,154,2.3803544968640686,85.5167607348175,4.945924335302824,8.504815027435303,4.030457316149027,70.55650810664322
Eldoret,Uasin Gishu,2025-01-01 23:18:21.952240,232,33,198,0.8031442106528239,93.5640445621785,2.6133883967831206,3.0761125305177046,5.41856129175676,69.3811500123782
Eldoret,Uasin Gishu,2025-02-01 23:18:21.952240,277,34,242,1.0543034321446836,72.4015631936215,1.088539246089602,6.710197511460541,2.1375236953323853,82.98851227535442
Eldoret,Uasin Gishu,2025-03-01 23:18:21.952240,280,66,214,1.049125904550416,73.86282558366116,3.1392960344886527,5.670820214387352,6.946000988411651,47.972831282050876
Eldoret,Uasin Gishu,2025-04-01 23:18:21.952240,258,51,207,3.315470932188807,82.19442119963124,4.048070763491692,4.658592796084039,3.0266962018409282,46.47154212365772
Eldoret,Uasin Gishu,2025-05-01 23:18:21.952240,300,49,251,1.0285998128069536,74.16530999595308,3.8366149918394457,9.215407591933076,3.8035040814673127,70.24674293609125
Eldoret,Uasin Gishu,2025-06-01 23:18:21.952240,214,30,184,2.833299807147308,87.77229713920514,1.3340982167800677,3.534257632156792,5.440544744489815,51.46986770800663
Eldoret,Uasin Gishu,2025-07-01 23:18:21.952240,200,25,175,3.2191525874136344,85.97135205645012,3.2685215664174243,8.193944772266788,7.209906795536756,49.64437832776023
Eldoret,Uasin Gishu,2025-08-01 23:18:21.952240,170,30,140,1.9006555807249126,93.47306265181001,2.989489447688563,7.299175071768702,2.1691895302466224,51.452563945697136
Eldoret,Uasin Gishu,2025-09-01 23:18:21.952240,159,20,139,4.70921514191146,74.23518175356877,2.1542962863122783,4.054241128006654,5.094533637085449,40.333568968308995
Eldoret,Uasin Gishu,2025-10-01 23:18:21.952240,152,25,126,3.86213566782215,71.98228653452404,1.4048850412424554,8.00611877992889,1.6426462139919837,73.3171947006584
Eldoret,Uasin Gishu,2025-11-01 23:18:21.952240,207,43,164,3.649146485302971,92.61489784182237,4.595915407958879,7.93759451667502,5.26684648990132,68.79308536906619
Eldoret,Uasin Gishu,2025-12-01 23:18:21.952240,203,33,169,1.4887434091111915,91.49831594903836,1.1974530570214275,2.5966641902265213,7.993439098817329,50.854970339420746
Eldoret,Uasin Gishu,2026-01-01 23:18:21.952240,290,54,236,4.410430419161365,92.03099561224302,2.8436410786080577,2.5997467372467673,4.658522252075894,43.67579057441582
Eldoret,Uasin Gishu,2026-02-01 23:18:21.952240,267,38,228,3.527999881814251,83.96493886799011,1.94892944264901,4.444386035776298,3.560605291872205,83.6617290934382
Eldoret,Moiben,2024-03-01 23:18:21.952240,244,30,214,2.4452024729624338,81.6985064227742,1.4893187994213108,8.510162005503442,2.798716468308892,71.54016731566809
Eldoret,Moiben,2024-04-01 23:18:21.952240,287,65,221,3.244462994031398,75.24423793344222,1.5005499910181062,6.891928873398915,7.498292670226984,62.71915048503282
Eldoret,Moiben,2024-05-01 23:18:21.952240,221,27,194,2.257926351673069,79.8908041835916,3.3509843781557,6.132627735288148,4.362812318600456,72.6281623027383
Eldoret,Moiben,2024-06-01 23:18:21.952240,192,42,149,3.6671716923896636,71.88503559803826,2.3422791454397576,7.241703291614527,3.9283395377973536,44.418981422203174
Eldoret,Moiben,2024-07-01 23:18:21.952240,154,28,126,3.7867029681787248,82.42875526888639,3.1758312074184514,6.807610398765973,7.867460082058779,60.27293904170972
Eldoret,Moiben,2024-08-01 23:18:21.952240,137,28,109,2.1763357125552414,93.18212632575141,3.2903426416932477,2.811006504378911,7.128577816875581,68.82077159641655
Eldoret,Moiben,2024-09-01 23:18:21.952240,150,33,116,3.9794958751338325,90.25351227282279,3.154628700163025,5.326897602333495,6.89057657218208,50.669296606289876
Eldoret,Moiben,2024-10-01 23:18:21.952240,136,28,108,0.7972719872177664,71.37319001756917,3.9306128359959236,3.9511665035329857,2.3837470348792285,75.64473163265718
Eldoret,Moiben,2024-11-01 23:18:21.952240,188,20,167,4.255656155691067,74.62246653394244,4.303472760823045,2.57554188343118,1.1251077636112234,66.15652269186481
Eldoret,Moiben,2024-12-01 23:18:21.952240,183,20,163,0.7648603172975318,86.27722132038517,3.263738800727853,8.440902911330724,7.207595287328882,44.29655289921663
Eldoret,Moiben,2025-01-01 23:18:21.952240,218,27,190,4.383988738309066,88.17172529657286,4.782470510187727,9.976508735936422,5.51094929210234,69.99707636928227
Eldoret,Moiben,2025-02-01 23:18:21.952240,235,44,191,2.761070035616786,72.2055384785124,3.9684188338357353,8.314558234913225,1.4147056601619221,58.50002163403406
Eldoret,Moiben,2025-03-01 23:18:21.952240,288,61,227,4.562017163550403,94.3244714788027,4.266705320668059,7.715259309471494,2.9938948990970378,41.58936682366085
Eldoret,Moiben,2025-04-01 23:18:21.952240,245,35,210,3.910852710359921,89.63571602671512,2.3894889801341646,8.444952190835995,3.662867554093621,43.676023398393596
Eldoret,Moiben,2025-05-01 23:18:21.952240,212,52,160,1.1303931914564513,84.98698936057234,1.1258160200932363,6.9480784856369295,6.816352079429769,45.482040639477866
Eldoret,Moiben,2025-06-01 23:18:21.952240,227,53,174,2.6548559911137515,92.46277919363118,4.808322313328581,3.1768791072699134,5.559438537418638,75.2623198402271
Eldoret,Moiben,2025-07-01 23:18:21.952240,124,15,109,1.022204919409396,74.18661244324625,2.2391615941805676,3.9526629821697963,1.7754036211045805,41.45600188866272
Eldoret,Moiben,2025-08-01 23:18:21.952240,146,21,124,0.9525539994330089,74.40873061333357,4.8805113636852395,8.580000117399148,6.305848361435738,60.353751736534946
Eldoret,Moiben,2025-09-01 23:18:21.952240,143,26,116,3.2542778388763525,82.84019431542913,3.490704511912293,6.8548294734986595,4.3192622585656615,66.53851990418326
Eldoret,Moiben,2025-10-01 23:18:21.952240,189,37,152,2.791484670368037,74.8824510913676,3.028966457697529,6.471908929525774,4.723095906583342,74.74760182136225
Eldoret,Moiben,2025-11-01 23:18:21.952240,180,38,141,0.6730108193556716,94.27338862199699,1.0610920505751542,8.426067939565284,6.695590210612148,57.553088223262485
Eldoret,Moiben,2025-12-01 23:18:21.952240,210,45,165,1.9348846263887882,79.89493103904007,3.144558081055976,7.496990123108982,4.160307023123495,52.9595876220648
Eldoret,Moiben,2026-01-01 23:18:21.952240,262,50,212,4.938644866370457,90.98800695863099,3.6459200992219527,8.276703159783569,3.3439663968133737,44.16857159683568
Eldoret,Moiben,2026-02-01 23:18:21.952240,257,41,215,4.897238316206795,87.29478731716532,3.0743615840408185,9.648907420495235,3.0785044409934805,61.55672212747592
Eldoret,Ainabkoi,2024-03-01 23:18:21.952240,323,69,253,1.2536277968155014,79.78515728552864,1.7590548530751353,8.187505296419971,2.138347981735452,51.80557582845417
Eldoret,Ainabkoi,2024-04-01 23:18:21.952240,299,49,250,3.0879070416039944,89.63794404782445,2.4516740212588,5.843673970937804,1.5400866568949028,75.53567625662365
Eldoret,Ainabkoi,2024-05-01 23:18:21.952240,273,51,222,2.315732071510161,82.22074626107462,4.690336467959414,2.1067772599504506,1.1813734092049593,43.20699498751394
Eldoret,Ainabkoi,2024-06-01 23:18:21.952240,260,59,201,4.988185567002633,94.52724207540604,4.938616188538264,5.596737769652986,4.413737741230078,48.19394702042931
Eldoret,Ainabkoi,2024-07-01 23:18:21.952240,217,29,187,3.608455030605974,70.52412710084774,3.733055794428045,9.882913178768739,3.121452875663576,69.74280345785033
Eldoret,Ainabkoi,2024-08-01 23:18:21.952240,183,29,153,0.6153846258320059,72.51607560430436,4.845944658549305,2.938886101498806,7.957418412089366,54.00750576749303
Eldoret,Ainabkoi,2024-09-01 23:18:21.952240,187,43,143,3.214725050442735,71.83057560479095,1.1661695583201532,4.055927086494554,1.4433861590848764,61.40101264616702
Eldoret,Ainabkoi,2024-10-01 23:18:21.952240,216,52,164,4.288489143945861,82.34954355862426,1.9380588697437044,4.904228424895503,7.494922110268938,73.2433694943378
Eldoret,Ainabkoi,2024-11-01 23:18:21.952240,209,36,172,3.7272288076820637,79.35005880766224,4.0166243435285764,5.056817655769344,7.297543365545427,48.3696507053595
Eldoret,Ainabkoi,2024-12-01 23:18:21.952240,247,53,194,2.8556666489921922,76.78160569526011,3.546149550395025,6.813315828557063,6.642060403312838,79.95420407760787
Eldoret,Ainabkoi,2025-01-01 23:18:21.952240,337,39,298,2.2497281676563743,84.39908544396059,4.648533388517029,8.361322949495802,1.307799253573171,66.5913553793082
Eldoret,Ainabkoi,2025-02-01 23:18:21.952240,331,42,288,4.629171608377353,72.03956648664307,1.2293995344730857,6.086200942794452,6.885350680694503,57.70556318688387
Eldoret,Ainabkoi,2025-03-01 23:18:21.952240,302,38,264,1.5299897038286532,79.46986142218756,3.640145472458284,9.922563789236262,1.0598698471130263,73.33762192145265
Eldoret,Ainabkoi,2025-04-01 23:18:21.952240,308,48,259,3.2985615045433585,78.96348241188261,1.917531636162098,3.6256746275271157,7.689878642054281,50.85391405408368
Eldoret,Ainabkoi,2025-05-01 23:18:21.952240,266,34,231,2.6647728641258714,80.48212803079777,4.583041071812447,2.0277331484336623,3.4772040057516205,73.99297122882962
Eldoret,Ainabkoi,2025-06-01 23:18:21.952240,267,28,238,1.237255662451583,89.42226846903499,4.2417186412207695,8.202742142009285,4.9689104181425074,77.81400128174371
Eldoret,Ainabkoi,2025-07-01 23:18:21.952240,252,56,196,2.2194372106429814,87.5719163669817,2.478032507879932,3.1970259329122666,3.680656683117289,57.15218656420788
Eldoret,Ainabkoi,2025-08-01 23:18:21.952240,199,49,149,2.520262934186774,75.9976940063307,1.4951186893026374,4.431903380263186,2.359946615619889,74.46719509373209
Eldoret,Ainabkoi,2025-09-01 23:18:21.952240,166,18,147,0.5125762615455189,78.56792683605089,2.890462635572389,9.045389536420315,7.130633922923414,44.66555533945525
Eldoret,Ainabkoi,2025-10-01 23:18:21.952240,233,36,197,3.9344628720776544,92.30516262429185,4.326924623913375,8.010758536029321,1.0887162083214845,68.88650721481181
Eldoret,Ainabkoi,2025-11-01 23:18:21.952240,247,58,188,2.4809294581606776,73.23938617454343,3.061433023087586,2.9163285048670957,7.268866919435385,62.42148100646595
Eldoret,Ainabkoi,2025-12-01 23:18:21.952240,257,42,215,1.426716099900727,94.66182381387888,4.70632737110644,4.671435677098216,7.337783076741696,42.219119888479135
Eldoret,Ainabkoi,2026-01-01 23:18:21.952240,309,61,247,1.1478325524377415,94.58489326016462,3.409079630273721,7.730074184618197,5.972441561660253,59.76835016213434
Eldoret,Ainabkoi,2026-02-01 23:18:21.952240,336,68,268,4.099213187888466,84.67643279607549,2.6895784095030884,4.9465450470332915,6.200457953795071,73.02460131010798
Eldoret,Kapseret,2024-03-01 23:18:21.952240,100,25,75,4.291018996623599,76.54519226860072,1.54927972562453,8.846989692957521,7.55173690545726,48.90515253191102
Eldoret,Kapseret,2024-04-01 23:18:21.952240,128,30,98,4.890029914505293,93.30423484276525,3.117239894433507,7.138313617770072,7.348371203526474,75.04846607710378
Eldoret,Kapseret,2024-05-01 23:18:21.952240,105,15,90,3.916530679994035,75.6705525953609,2.372116111143853,9.460703609057013,6.570240232156287,40.353486997986714
Eldoret,Kapseret,2024-06-01 23:18:21.952240,79,14,65,4.896721344290705,75.71103579369395,1.4092862111198645,7.662813348575857,5.1242845920066245,65.27085086637351
Eldoret,Kapseret,2024-07-01 23:18:21.952240,66,16,50,3.9845291166872827,74.58495921982924,4.008924386217846,3.6866178576394315,4.465927089049369,58.161682460816806
Eldoret,Kapseret,2024-08-01 23:18:21.952240,60,7,53,1.4778407033802796,77.52927755622025,4.66549797324573,2.1052898260049844,6.111334245805082,50.80686384915327
Eldoret,Kapseret,2024-09-01 23:18:21.952240,72,14,57,1.2250262688411597,91.60286489341863,1.500186386392787,8.27433237979048,2.2453909214484846,70.14669835179119
Eldoret,Kapseret,2024-10-01 23:18:21.952240,55,10,44,0.6329878996622038,78.2298143538284,1.9139002518288173,6.401790548579584,4.436567136907062,63.99229135271307
Eldoret,Kapseret,2024-11-01 23:18:21.952240,72,9,62,1.0731930296933734,85.14895294208873,3.271039036925382,7.650311774678783,6.887317703500967,57.99647012005141
Eldoret,Kapseret,2024-12-01 23:18:21.952240,71,15,55,3.6352149357957093,70.9323051673314,3.3825187842479174,3.192982577365087,1.9741955814394139,57.3590236484893
Eldoret,Kapseret,2025-01-01 23:18:21.952240,86,17,68,3.930044327577627,74.18645820583673,4.781527837906552,9.01324600216957,7.154136639362303,67.21999825722261
Eldoret,Kapseret,2025-02-01 23:18:21.952240,105,22,83,4.649416332768677,89.7470765587999,1.0176153675854405,9.107532918434373,2.18410693528754,72.45468631411771
Eldoret,Kapseret,2025-03-01 23:18:21.952240,97,14,83,3.1102686771669323,70.37551702532112,1.8901149446663421,5.793822888160082,7.119545753742658,41.32331502694725
Eldoret,Kapseret,2025-04-01 23:18:21.952240,115,28,87,0.806874966854085,75.7427220579345,3.4735560665895737,6.252781314388567,5.039779185632732,47.926635721597215
Eldoret,Kapseret,2025-05-01 23:18:21.952240,102,20,81,1.3193088670387865,86.73887057828176,3.9230321420815026,3.9272721352370175,3.0121347790922335,70.34573492305135
Eldoret,Kapseret,2025-06-01 23:18:21.952240,78,13,64,2.840578006350123,82.21759855445315,1.9690063153575106,4.052005999479614,4.729183535599796,40.90249888467737
Eldoret,Kapseret,2025-07-01 23:18:21.952240,75,14,60,4.8261691220603,76.69054181045864,1.3867973641763398,6.601104953536919,1.7925169896123334,73.97305915175318
Eldoret,Kapseret,2025-08-01 23:18:21.952240,72,7,65,4.942384330315462,87.47728485707088,3.0150056465663617,8.73301359836794,5.738371697517699,48.5386943435714
Eldoret,Kapseret,2025-09-01 23:18:21.952240,54,8,46,1.8157199826409727,94.0031008042676,4.344823610835416,9.614068310300446,3.2913762178418464,65.69959399262096
Eldoret,Kapseret,2025-10-01 23:18:21.952240,57,10,46,4.826306820312588,74.17676979147812,1.2982172798052223,8.831722028669429,7.148386224050287,76.39777915574672
Eldoret,Kapseret,2025-11-01 23:18:21.952240,64,14,50,3.7357109014309695,78.91285277989115,4.930332418363671,8.45926002793136,5.317522045565279,82.11274286123063
Eldoret,Kapseret,2025-12-01 23:18:21.952240,85,20,64,1.5790997615632478,74.88676246833309,2.9803676737873457,7.386041380705666,4.537659481502456,51.60664597747764
Eldoret,Kapseret,2026-01-01 23:18:21.952240,104,11,92,2.9433654460514247,91.05447725207398,4.933085145945167,3.401405309610401,2.5167237537933707,75.7797659986932
Eldoret,Kapseret,2026-02-01 23:18:21.952240,92,22,69,1.159695034130309,82.90572800186453,3.7501757069259916,4.2961070195910285,4.5267047317038855,53.77372441861809
Eldoret,Turbo,2024-03-01 23:18:21.952240,263,41,221,1.2639161539960821,94.35473777031368,1.696204189912259,3.2543275799435802,7.73554612389189,78.70740868764436
Eldoret,Turbo,2024-04-01 23:18:21.952240,279,48,230,1.7430040364681314,82.96656394966605,3.904419375283579,2.037227634730976,7.197902107509826,71.89044035103021
Eldoret,Turbo,2024-05-01 23:18:21.952240,244,53,191,4.469154725245646,75.06347240538452,2.653821162414811,4.648541964585847,6.2329243657283815,64.0781792650232
Eldoret,Turbo,2024-06-01 23:18:21.952240,165,30,134,2.3531090602395035,87.4387088253599,2.153353948617941,6.754577601863345,3.1147361871336665,74.46527335655185
Eldoret,Turbo,2024-07-01 23:18:21.952240,191,43,148,2.466295328986863,79.08631635468882,4.734116263698056,2.3900457430946282,3.8630843337874303,58.275159953918916
Eldoret,Turbo,2024-08-01 23:18:21.952240,177,32,145,3.6338625345854156,71.00092925977167,2.8547769920078414,7.621484007655934,6.6332504166141,56.58840276717336
Eldoret,Turbo,2024-09-01 23:18:21.952240,156,19,136,1.7795726887578034,91.0538454845445,2.9788217905264704,9.135219533633887,2.2359765419833617,44.80703998051267
Eldoret,Turbo,2024-10-01 23:18:21.952240,120,14,105,3.060710898997796,73.24518094548066,3.6112921340421327,6.870570360908942,4.937531037714102,82.76695099833759
Eldoret,Turbo,2024-11-01 23:18:21.952240,170,32,137,4.619583034069751,75.91924370009279,3.76305021756192,8.99062381301404,4.302876468646041,53.73106157729552
Eldoret,Turbo,2024-12-01 23:18:21.952240,221,41,179,4.202739733622375,92.61803904259804,3.8710445621978264,2.9877595408865663,3.580431305690301,53.746677052962625
Eldoret,Turbo,2025-01-01 23:18:21.952240,265,52,213,4.9257938917973725,79.57305115933038,2.081248986121001,6.053282962959943,2.619059921709478,80.48544762771533
Eldoret,Turbo,2025-02-01 23:18:21.952240,264,58,206,2.7902874939030777,82.44554069610177,1.7907889456511028,4.0046207300474395,4.215820011469518,82.51206564785375
Eldoret,Turbo,2025-03-01 23:18:21.952240,267,28,239,0.573556811977143,93.98955792060589,2.1620131806883562,3.9036708903704245,5.281725197101173,72.28153264479377
Eldoret,Turbo,2025-04-01 23:18:21.952240,263,41,221,4.647312689394292,91.82419150685351,1.3915108553098756,7.518744846062043,6.51641232644977,64.27401497751369
Eldoret,Turbo,2025-05-01 23:18:21.952240,283,32,250,4.666847858775364,74.49198476314285,1.9804358457791587,2.6370989262030182,3.781813438259751,77.1381714106643
Eldoret,Turbo,2025-06-01 23:18:21.952240,234,57,177,4.8110451942234125,82.3016497531268,4.325014186126678,8.615903391831935,6.1283811346317565,71.27385454174242
Eldoret,Turbo,2025-07-01 23:18:21.952240,184,18,166,1.8391193333699352,72.42475490918324,4.938063269437852,5.8292392164020415,2.8102749050101634,45.646514635099834
Eldoret,Turbo,2025-08-01 23:18:21.952240,160,24,135,4.9801533293683224,72.35473538624242,3.5873130458402342,7.851440652983099,6.5248731249931815,40.96145168208364
Eldoret,Turbo,2025-09-01 23:18:21.952240,162,20,142,4.3091330710907085,71.65544643331492,3.0228193936608254,7.317862994384842,3.1679346907089183,49.21692008694058
Eldoret,Turbo,2025-10-01 23:18:21.952240,143,35,107,3.9454864336650477,80.13569419806342,1.269046835708008,4.073689447703138,5.635136221396283,40.41221032536345
Eldoret,Turbo,2025-11-01 23:18:21.952240,193,22,171,3.8259259021836667,76.92290794134621,4.367502064213627,5.173114673150796,5.543028050040318,65.47026365436737
Eldoret,Turbo,2025-12-01 23:18:21.952240,209,52,157,1.6354540697101239,83.64372126361125,4.208173282607461,2.85298815655005,1.6911415882193217,78.76912131459501
Eldoret,Turbo,2026-01-01 23:18:21.952240,249,60,188,1.9531836930882285,93.33871220624569,3.0814257865840986,5.628492754604572,1.1335543940075423,73.26663469630772
Eldoret,Turbo,2026-02-01 23:18:21.952240,285,57,227,2.8522065981465685,90.92296605814093,2.04256273924783,8.791456555829988,6.16469796406226,55.09947811198988
Thika,Thika Town,2024-03-01 23:18:21.952240,74,14,59,0.713190302289751,70.54454496096126,3.855539626928423,6.049803458456172,5.387164070905548,62.44239476589832
Thika,Thika Town,2024-04-01 23:18:21.952240,68,13,55,3.3719663838001575,91.00660253180715,4.710017684202493,7.860651812608615,2.869972241815655,59.10391827713211
Thika,Thika Town,2024-05-01 23:18:21.952240,60,15,45,0.7328201450553992,87.27656109028786,2.8284410048839717,7.843891446964123,6.9593761706013435,47.432107134795395
Thika,Thika Town,2024-06-01 23:18:21.952240,67,12,54,3.3542209660219187,76.99314797259046,1.6159090317028224,2.9245525362216833,1.90723268119141,68.52438855733631
Thika,Thika Town,2024-07-01 23:18:21.952240,45,8,36,3.2113786859999633,90.94644629812822,4.340643664620076,2.963599358625233,4.768557081618055,58.032003411907894
Thika,Thika Town,2024-08-01 23:18:21.952240,45,10,35,4.1064061173740765,87.14435208998964,3.3880292396931306,9.349007483590785,7.983427593889838,72.81885328714115
Thika,Thika Town,2024-09-01 23:18:21.952240,34,4,29,3.9996765711061735,94.37975033808821,3.833508656513948,7.916706088332229,5.312978769287049,49.07179686834337
Thika,Thika Town,2024-10-01 23:18:21.952240,45,6,38,3.404237549783866,84.29599266912882,1.579059982873559,8.722436600483388,6.164056837800158,47.345735150091414
Thika,Thika Town,2024-11-01 23:18:21.952240,54,11,42,3.1382294848858074,81.74325453135816,2.0860684892165984,9.28937064462324,7.042114511366204,47.899816355307756
Thika,Thika Town,2024-12-01 23:18:21.952240,56,6,50,1.793789718311635,71.32918265981309,4.8231984984804255,2.572436370681241,6.24656878203756,79.3178316355828
Thika,Thika Town,2025-01-01 23:18:21.952240,58,7,50,4.552933814137109,87.17750200893978,1.414389145332807,5.566808459822334,1.6645393407586844,64.97382324493257
Thika,Thika Town,2025-02-01 23:18:21.952240,78,13,65,0.8757721464398196,78.1183186202955,1.3835993114756002,2.7483540457357885,4.912364227190821,40.896181019434
Thika,Thika Town,2025-03-01 23:18:21.952240,77,15,62,3.043591451237719,86.27593077922124,2.67991654779518,2.21159273109701,6.028979148517489,58.01826519427598
Thika,Thika Town,2025-04-01 23:18:21.952240,81,9,72,4.512366769619493,90.31157065909719,3.5786108019332064,2.559713084319071,4.272649889204845,45.35879615579457
Thika,Thika Town,2025-05-01 23:18:21.952240,69,12,56,2.9033208155138523,84.09566790705166,2.5219011276489103,5.702644579950615,2.3364381453992533,75.14595762912327
Thika,Thika Town,2025-06-01 23:18:21.952240,64,7,56,2.6305922073643035,88.01198457900553,3.938221533910244,7.71863890944016,7.799146832447613,70.45519946403431
Thika,Thika Town,2025-07-01 23:18:21.952240,59,9,50,4.7245052254188336,74.54698750721109,3.363434533776627,9.46797090287724,5.863898745129393,50.35495266604449
Thika,Thika Town,2025-08-01 23:18:21.952240,47,10,36,1.026226853560184,78.22749892239456,3.384602819413038,2.4621736677531825,5.130297864976286,41.799575748834506
Thika,Thika Town,2025-09-01 23:18:21.952240,48,5,43,2.6102962651067525,85.85606498603119,3.0991775466327103,6.125168092893954,7.073144391193884,68.58682768675317
Thika,Thika Town,2025-10-01 23:18:21.952240,50,11,38,4.762247592366624,73.38173194158351,2.5804563070870166,8.12770233260812,3.5273843616004323,71.52474480924676
Thika,Thika Town,2025-11-01 23:18:21.952240,48,8,39,1.8861627030440533,77.12338317404216,4.399214085607085,9.566733599660651,3.0776179464288353,58.953273450401795
Thika,Thika Town,2025-12-01 23:18:21.952240,62,11,51,4.187814898921564,89.22324792064573,1.3442353147069719,3.1869497585633093,5.190520902886852,53.461851211768355
Thika,Thika Town,2026-01-01 23:18:21.952240,77,12,65,3.684202034809702,87.76190725727257,4.4305629059859575,4.111059443790487,1.0646725470786638,57.96511497332026
Thika,Thika Town,2026-02-01 23:18:21.952240,71,16,55,4.598037739747029,74.73846095506858,2.6234171215321944,5.684053094847958,2.895062116850391,82.5221949094768
Thika,Gatundu,2024-03-01 23:18:21.952240,238,49,189,2.696392223821327,74.63374174583227,4.4351327220991035,9.224777722860685,2.9194148991113056,63.77667794381426
Thika,Gatundu,2024-04-01 23:18:21.952240,216,47,169,3.318228471564432,72.49779029117117,1.0393066511835038,7.087887397404363,7.645831725405396,52.904214861296346
Thika,Gatundu,2024-05-01 23:18:21.952240,246,26,219,1.6540363863160712,85.00049898300145,4.370107765025995,4.542823111191266,1.5397988258067805,50.10379019575785
Thika,Gatundu,2024-06-01 23:18:21.952240,159,19,140,2.174020242543296,72.34098675043049,4.518763279507381,4.839884389022227,7.060797121576679,67.05728704815856
Thika,Gatundu,2024-07-01 23:18:21.952240,128,18,109,1.702872129104022,93.65325305146574,4.645785941138595,9.658972317203684,1.6823646755596235,50.725789495708675
Thika,Gatundu,2024-08-01 23:18:21.952240,110,12,98,3.8524075911168936,84.23528224375566,3.1900463111746014,2.6323712016797494,2.057783494487527,75.96528189462622
Thika,Gatundu,2024-09-01 23:18:21.952240,129,29,99,1.8374489529924098,85.18131502007937,4.26630520460828,5.518662497319159,2.1336353855984402,71.3127119043967
Thika,Gatundu,2024-10-01 23:18:21.952240,116,17,98,4.114385403260081,90.55244218360193,1.1201134730294409,2.176369620212065,6.141275177701976,60.972358382276
Thika,Gatundu,2024-11-01 23:18:21.952240,133,16,117,4.739100305857216,81.26392282756073,3.0135479112584393,2.044850810262311,7.4420505888104715,62.972009222785665
Thika,Gatundu,2024-12-01 23:18:21.952240,170,37,132,4.97680914497411,87.18128740101005,1.1971502543194266,8.301613461642159,6.0806853035506085,53.55823456705116
Thika,Gatundu,2025-01-01 23:18:21.952240,227,46,181,2.4114920224365277,76.34438525038131,2.9413903636138983,6.596036844539097,3.6859822036682055,68.45361687283017
Thika,Gatundu,2025-02-01 23:18:21.952240,222,30,192,2.3128616136490594,73.86189047168759,1.095611710340247,4.4025087349500724,1.660565601647205,52.95975971945242
Thika,Gatundu,2025-03-01 23:18:21.952240,250,53,197,4.015827740560537,77.37141641065625,1.2222515672353653,9.056099301268592,7.9610054704580335,83.39116158520743
Thika,Gatundu,2025-04-01 23:18:21.952240,225,48,177,1.6222684678526151,87.71146551908002,1.4501412945456456,6.134114572868249,1.8328856559493794,75.39450744876652
Thika,Gatundu,2025-05-01 23:18:21.952240,152,22,129,0.7765526180123731,84.1567128792959,2.101896688882545,9.755462537746567,5.000720997588004,75.49320565928397
Thika,Gatundu,2025-06-01 23:18:21.952240,195,45,149,2.6767256686906933,92.12713830105585,2.4375722635631516,7.774796000507743,2.977012632711414,57.69910847128283
Thika,Gatundu,2025-07-01 23:18:21.952240,168,34,134,1.3878067473931754,93.02670857082548,2.104322223533422,2.550044980282144,1.2976018260097528,59.017695240143674
Thika,Gatundu,2025-08-01 23:18:21.952240,150,27,122,1.709190327076303,77.59228216676058,1.3788522506081557,9.722704798508808,7.948418714223252,57.9259557074634
Thika,Gatundu,2025-09-01 23:18:21.952240,141,18,123,2.8449105175196037,88.29489317170218,1.311178211748313,8.123882730575211,5.33864638677325,40.894961544128535
Thika,Gatundu,2025-10-01 23:18:21.952240,129,27,101,3.1209400036627897,76.21419543361284,3.3720417103473124,4.482155963859468,6.282633815677517,58.704031993146835
Thika,Gatundu,2025-11-01 23:18:21.952240,158,36,121,1.076167193568928,94.6924126088771,4.466553249387788,9.12211811418191,5.460658413432857,59.141830008409855
Thika,Gatundu,2025-12-01 23:18:21.952240,145,29,115,1.254438357548699,93.68393865400563,2.9335905963597404,2.7288705573436944,2.837710126420292,49.83311017015687
Thika,Gatundu,2026-01-01 23:18:21.952240,188,26,162,3.162473688817332,74.92727158146693,1.9432419439137782,9.30333088827727,2.2276447774164043,63.58179950040034
Thika,Gatundu,2026-02-01 23:18:21.952240,175,32,143,2.7037047580599367,83.8796637429666,4.1237999451711245,7.793881690796241,5.419194029206266,53.64479825240351
Thika,Juja,2024-03-01 23:18:21.952240,383,72,311,1.901502936356915,93.14218193034863,3.7865824125530856,7.265776674961671,3.237380979486386,72.2394274754377
Thika,Juja,2024-04-01 23:18:21.952240,338,52,285,1.6562023610790833,81.9678855862452,3.511938608859881,3.096970410003169,3.962507509182552,44.691820439763816
Thika,Juja,2024-05-01 23:18:21.952240,310,31,279,1.931004729566559,73.04680321586146,2.9876611230409478,6.92136218049199,7.122010462988938,84.80261900582136
Thika,Juja,2024-06-01 23:18:21.952240,283,30,253,3.8826806358229877,87.1995409488179,2.1299405388523884,9.706629056138583,7.440091040114454,52.80983584401266
Thika,Juja,2024-07-01 23:18:21.952240,205,22,182,2.932488534075622,78.40312611493765,1.9661101403560397,2.545920461928496,5.141541690817433,82.79900052072051
Thika,Juja,2024-08-01 23:18:21.952240,218,32,185,2.286610561212726,93.10445427600038,3.1223715185049827,2.1832588052882365,1.5458007110557255,59.91958987388998
Thika,Juja,2024-09-01 23:18:21.952240,191,24,166,4.941348525210786,87.94932135463169,1.582356275250651,6.153405260896987,1.7875810353851036,57.693583399946405
Thika,Juja,2024-10-01 23:18:21.952240,208,32,175,4.59464303010408,72.17433196396706,1.2368574687055127,2.9001462261873376,2.9561775283729412,83.27236883078439
Thika,Juja,2024-11-01 23:18:21.952240,245,31,214,0.798175786007576,90.19121659898161,2.5370808875118245,4.3299951309837015,2.1759575685945363,76.3710872619437
Thika,Juja,2024-12-01 23:18:21.952240,221,49,171,3.8658598902301637,80.232456391786,1.788222265604999,3.3177563480407057,5.1888858418804285,42.9504305166884
Thika,Juja,2025-01-01 23:18:21.952240,289,36,252,0.9096252936669095,79.99742774463682,4.015249755375123,6.070015495787278,2.696880415391643,52.57474194490548
Thika,Juja,2025-02-01 23:18:21.952240,375,77,297,1.9576061458048917,74.80864238221594,3.5022025194350945,7.275535776373475,3.742617690860519,65.30008369465216
Thika,Juja,2025-03-01 23:18:21.952240,416,44,371,0.5268815328979763,94.21670913288986,4.491176545834941,2.7313636058594906,4.621184267266706,45.61396025340117
Thika,Juja,2025-04-01 23:18:21.952240,349,39,310,3.2812392866654343,79.37559245951026,3.551517555182365,4.698666484987147,5.492389403933381,55.80710707462806
Thika,Juja,2025-05-01 23:18:21.952240,279,44,234,3.5680921538771884,88.57334235720856,4.641546770199366,9.588171907938877,5.5079928415416335,74.6631450385901
Thika,Juja,2025-06-01 23:18:21.952240,309,48,260,1.153969854676622,87.44946516081657,1.4349320013301465,9.614817238474362,5.423750427806063,49.45787113380679
Thika,Juja,2025-07-01 23:18:21.952240,255,41,214,2.1471621140069104,75.77523169677396,4.467999888760879,9.508771353477378,3.9722928900228096,78.13311286531706
Thika,Juja,2025-08-01 23:18:21.952240,214,42,171,1.1175948198369168,82.76916691950548,3.340650093857987,4.34102555859347,5.014043259795737,61.30011540459705
Thika,Juja,2025-09-01 23:18:21.952240,203,50,152,1.898748057041149,81.50615024365158,4.759258186964395,9.369980919894143,3.6594998430747263,69.79095379578646
Thika,Juja,2025-10-01 23:18:21.952240,232,57,175,0.6854035033956087,92.79843265010376,4.537855252922963,3.818503111044704,5.4710171904580065,72.71164239494932
Thika,Juja,2025-11-01 23:18:21.952240,240,40,200,0.8878951633406892,82.40723907399047,4.019211014677207,9.154198778012075,6.8040939843094,41.98097782194554
Thika,Juja,2025-12-01 23:18:21.952240,276,67,209,3.2757121069083577,92.19459013735221,1.7964969743976233,5.442867159622356,1.5005230213746925,79.50562534088327
Thika,Juja,2026-01-01 23:18:21.952240,374,82,291,1.0042528254032814,89.5607243064689,3.5768498693125954,2.975907940034892,4.706446371409968,45.65389093182423
Thika,Juja,2026-02-01 23:18:21.952240,349,82,267,0.9411270186753506,73.07873367014662,3.429861009207096,8.587566669304117,5.085336068964878,75.64399085154758
Thika,Kiambu,2024-03-01 23:18:21.952240,383,79,304,3.2845050650729375,75.15921971301003,3.7492273538371905,6.456637919422519,4.288977228901297,80.82582097303087
Thika,Kiambu,2024-04-01 23:18:21.952240,367,59,308,3.7261214656572945,80.52803132614125,3.6676380962997173,6.110526901364902,3.6814267411757955,46.75903477313712
Thika,Kiambu,2024-05-01 23:18:21.952240,352,82,269,3.022938962224184,76.25689565413386,1.0395072025685628,9.074666820573425,2.8004145941242737,52.49392144885739
Thika,Kiambu,2024-06-01 23:18:21.952240,271,34,236,4.813995658386562,93.57669549517698,1.3945680601276647,9.094128429475159,4.422718864683175,71.07250058225026
Thika,Kiambu,2024-07-01 23:18:21.952240,259,52,207,3.182553032597941,75.27406354418332,3.76009077163182,3.8244842328050987,3.6910906810188244,48.54131562989398
Thika,Kiambu,2024-08-01 23:18:21.952240,197,30,166,4.339175328816907,88.88278809817845,2.721453598034701,2.4369073798797514,7.665297810264857,58.5081474742764
Thika,Kiambu,2024-09-01 23:18:21.952240,190,33,157,1.0790892887174264,87.70847617770349,1.5747817818670162,2.644193270549385,5.5911644398818385,71.76130498604829
Thika,Kiambu,2024-10-01 23:18:21.952240,198,30,167,2.7437084638483857,74.14093198455618,2.392628714014189,2.5774239837740414,3.0609859764815583,47.38235993872803
Thika,Kiambu,2024-11-01 23:18:21.952240,226,27,198,1.5988524468864136,77.03069471894406,2.8970555133119125,7.415682023174856,4.011224239500491,47.23504709550184
Thika,Kiambu,2024-12-01 23:18:21.952240,313,57,255,1.1761336113101095,82.46310500160533,2.2885270533729116,5.573083286641135,1.0306684069403707,54.40450220709231
Thika,Kiambu,2025-01-01 23:18:21.952240,303,51,252,2.1085799324193557,94.51499686872691,1.9683640588778002,4.379213542475914,6.394143994059356,46.311198753522035
Thika,Kiambu,2025-02-01 23:18:21.952240,373,46,326,2.631370320409343,89.9945006348396,1.7178583961640492,2.3047007641087944,7.545160709417249,47.486806812585016
Thika,Kiambu,2025-03-01 23:18:21.952240,350,83,267,0.8600171079225385,83.51047928380183,1.6910772122865239,4.119262513508012,3.733416875332663,77.13618459875205
Thika,Kiambu,2025-04-01 23:18:21.952240,386,47,338,3.7731432811752468,85.630915665767,1.780901683970344,6.188435006452255,4.992793291143238,58.218872639496766
Thika,Kiambu,2025-05-01 23:18:21.952240,339,53,286,4.131637436064192,76.79661060914619,1.4783514080518771,6.714807346353197,2.1860359390221165,68.29289540383733
Thika,Kiambu,2025-06-01 23:18:21.952240,305,42,262,4.667296895668881,73.2121828258946,1.2316182013472292,4.150064350278234,6.5547063941732855,69.57346291371016
Thika,Kiambu,2025-07-01 23:18:21.952240,239,48,190,4.295559226271169,91.38607842331821,1.2209067796759356,7.045282068436318,6.375265851077822,62.99186933412026
Thika,Kiambu,2025-08-01 23:18:21.952240,206,51,155,4.1301647528770005,78.7190465544498,4.393782771920767,2.578323897333858,4.409053028084138,58.20706749131705
Thika,Kiambu,2025-09-01 23:18:21.952240,215,29,186,2.563915452086134,84.31441731395103,4.681764263228673,3.537494153094703,2.875845278915688,68.83424666996953
Thika,Kiambu,2025-10-01 23:18:21.952240,231,42,189,3.8648427673029273,74.65399026745314,2.464984945235679,7.202908041420955,7.965569244326506,70.68036651901375
Thika,Kiambu,2025-11-01 23:18:21.952240,298,51,246,1.7329202346231356,80.62541879662803,1.075999582534859,8.21743275987648,5.877303234224977,52.00096073843459
Thika,Kiambu,2025-12-01 23:18:21.952240,243,52,190,3.266588652390589,83.78283356682725,3.1819116791877793,4.170071849323091,7.558360111452705,71.34859476738859
Thika,Kiambu,2026-01-01 23:18:21.952240,371,87,284,1.6179600725047856,73.7201802241724,4.482992611658881,2.468783090056731,2.849921162825889,56.63583848908214
Thika,Kiambu,2026-02-01 23:18:21.952240,405,100,305,3.0523882795344965,72.00366087793137,3.5580051400352546,4.99121527828258,2.744947915104442,58.099721157165874
Thika,Ruiru,2024-03-01 23:18:21.952240,373,56,317,0.9903489108885559,91.89201503921379,2.001009585182326,5.56667467553995,4.85894871354998,46.323949490445614
Thika,Ruiru,2024-04-01 23:18:21.952240,340,57,282,1.0943240794313114,78.58940862874437,2.7862020136570536,7.356073909753356,2.5040570488561777,40.478465245571535
Thika,Ruiru,2024-05-01 23:18:21.952240,299,58,240,4.300316471041398,73.61303256504446,3.5053753271828536,4.012709372071802,2.5727170532536583,74.30119276771005
Thika,Ruiru,2024-06-01 23:18:21.952240,324,48,275,2.884266009382265,73.0234009072729,2.5075786569560004,3.930158056277728,4.29558469923452,47.045240327978625
Thika,Ruiru,2024-07-01 23:18:21.952240,267,56,210,1.8547529673965757,79.4670519552308,4.700840966793962,4.9049422481111895,7.289082579555615,68.73674473058787
Thika,Ruiru,2024-08-01 23:18:21.952240,233,32,201,2.532289970672551,80.92698855646398,3.2441343667519242,8.890051081559577,2.6381936107071953,42.13104803926962
Thika,Ruiru,2024-09-01 23:18:21.952240,211,29,181,3.173483253278896,91.16261653699547,1.9072558457448543,8.69921588144412,6.098729556712866,65.3800815682498
Thika,Ruiru,2024-10-01 23:18:21.952240,259,59,199,3.6455500294236645,90.35222628116352,1.033755852269096,5.3928562369276145,3.6569874600724717,56.44634408014669
Thika,Ruiru,2024-11-01 23:18:21.952240,264,59,204,4.9914119892738285,94.3454788913869,1.510110862941453,9.365063917008651,6.450077937334086,70.0869035969185
Thika,Ruiru,2024-12-01 23:18:21.952240,259,26,232,0.7965598805596743,86.83311680524702,3.92141092574358,6.933599462897073,4.65806699863794,51.36922924370975
Thika,Ruiru,2025-01-01 23:18:21.952240,337,65,271,3.7873857066253094,91.6115467404127,3.90887728207666,3.265175845764852,7.669802094134841,49.1018464436808
Thika,Ruiru,2025-02-01 23:18:21.952240,433,46,386,1.5214651118220663,77.52312694230744,3.21536590626043,3.17153534355458,2.2421407203641692,67.98846211608554
Thika,Ruiru,2025-03-01 23:18:21.952240,468,68,399,4.255032780668217,91.45726893531264,3.896735478432903,7.629503741528159,4.744586138567321,54.116649173696786
Thika,Ruiru,2025-04-01 23:18:21.952240,386,78,308,4.555671971433814,74.11588663814966,3.6801358427426734,6.686905038026631,5.683295016986883,72.04244653004187
Thika,Ruiru,2025-05-01 23:18:21.952240,387,71,315,2.959526153334409,88.38050580614114,4.385947865358287,9.37407665188687,2.9541731446575423,51.03403955999114
Thika,Ruiru,2025-06-01 23:18:21.952240,316,51,265,4.268451142299327,79.63174310246816,4.927260071854579,9.752605499644147,5.321708051738151,40.25344511253705
Thika,Ruiru,2025-07-01 23:18:21.952240,274,35,239,3.8352651230870265,91.8325927774457,2.0338024806102957,2.1784991729096026,1.8287883365376096,43.02528063187104
Thika,Ruiru,2025-08-01 23:18:21.952240,244,38,205,2.748491583659941,70.09909665388349,3.5867931754491313,8.289655688754694,6.090503532760685,62.780890585529974
Thika,Ruiru,2025-09-01 23:18:21.952240,277,38,239,3.7790712872308987,73.53959220616814,2.2228116136255984,8.668479416703185,3.13482495899202,67.3775299395756
Thika,Ruiru,2025-10-01 23:18:21.952240,249,34,214,4.380700759427455,94.72446888116149,2.979347836881589,9.492218896824165,6.4700506942065354,74.17348845984526
Thika,Ruiru,2025-11-01 23:18:21.952240,299,37,262,1.4781134116981414,90.844386051105,2.9861768251575507,4.591486754083413,2.8957148565686572,63.94877355278379
Thika,Ruiru,2025-12-01 23:18:21.952240,308,49,259,1.5009367001493383,77.58367741944285,4.570678301415709,5.6790367824241414,7.9553386222255265,47.765044355054634
Thika,Ruiru,2026-01-01 23:18:21.952240,368,83,284,2.858692941957631,93.95147627124307,4.461130142521299,6.727072296402622,6.555479565290291,42.91712210431922
Thika,Ruiru,2026-02-01 23:18:21.952240,475,118,357,3.372964878413841,75.30863621725814,2.4703995463640607,6.027752049630517,1.7129013670515958,80.21383192896185
Kitale,Teso North,2024-03-01 23:18:21.952240,120,26,94,4.439729846154728,93.46970784400136,2.046616214046386,9.68116945448335,1.6608817130604172,46.05255687951339
Kitale,Teso North,2024-04-01 23:18:21.952240,126,18,107,4.904490891891921,89.37211694807348,1.6527891348797277,5.677097880318591,3.7496408712633738,79.22179912742308
Kitale,Teso North,2024-05-01 23:18:21.952240,91,9,82,1.7920682124510905,86.44555416502166,4.309523882845751,2.0754926007273937,3.8026615751756134,82.8334517303479
Kitale,Teso North,2024-06-01 23:18:21.952240,89,17,72,4.488846222243528,77.33099914787027,4.706782709853958,6.474951248517619,6.27770218336409,84.40551636302692
Kitale,Teso North,2024-07-01 23:18:21.952240,71,12,58,2.6836723338226256,81.31582998822321,3.6382488850061128,8.771688027437392,4.266084733332388,59.4495552874814
Kitale,Teso North,2024-08-01 23:18:21.952240,70,15,54,2.5937719974256463,73.40095990977862,1.911877631314344,7.031345304147188,3.720814844101967,62.192829839269734
Kitale,Teso North,2024-09-01 23:18:21.952240,64,15,49,1.7845965681601756,71.19360433306716,4.151712680661568,6.228526405311918,4.428747206213011,83.26339488327808
Kitale,Teso North,2024-10-01 23:18:21.952240,70,12,58,3.8574872751328653,82.75064472516574,1.166361005541491,9.139802341300356,1.6604544674853443,40.347169417150965
Kitale,Teso North,2024-11-01 23:18:21.952240,67,9,58,1.4591424484145092,82.92080077356813,3.2222417682912776,2.445394310041827,3.7218389108329824,63.84919681255813
Kitale,Teso North,2024-12-01 23:18:21.952240,84,12,71,4.779346563814858,91.19235331999944,4.320969781838272,6.285327676399534,3.205093981013344,71.63119268145617
Kitale,Teso North,2025-01-01 23:18:21.952240,87,15,71,4.181066988140044,72.78662947584434,4.659896624869823,9.858942663103715,3.1234293927376937,42.704137454001966
Kitale,Teso North,2025-02-01 23:18:21.952240,82,18,63,2.9939338170033207,74.26867593004266,4.3622054190094595,2.0524134688905757,4.271394533679821,78.04159372478344
Kitale,Teso North,2025-03-01 23:18:21.952240,108,18,89,2.786732953371498,70.32299907484298,4.657848971901604,2.238022908436095,4.169798671647462,65.084703420108
Kitale,Teso North,2025-04-01 23:18:21.952240,120,13,107,1.4834061001086223,88.16814145344117,1.41238689642192,9.039306428695483,2.0400183110239505,71.14342468616391
Kitale,Teso North,2025-05-01 23:18:21.952240,107,11,96,3.5909822624620062,80.81025950539836,3.842352326993167,7.345387573569244,1.2690682414468286,58.480760037330384
Kitale,Teso North,2025-06-01 23:18:21.952240,105,19,86,1.939573518403467,76.24341312668291,4.948621763800303,6.81299564175267,3.947148976096414,53.264602936486455
Kitale,Teso North,2025-07-01 23:18:21.952240,82,18,63,2.2695332625884284,71.17359924739867,1.052012379603712,6.82927338778549,1.8646066841833842,59.76533199843425
Kitale,Teso North,2025-08-01 23:18:21.952240,76,10,66,2.792199854420865,73.67682098885977,4.526364866714426,2.650160940367111,6.144017167024093,64.6112212198284
Kitale,Teso North,2025-09-01 23:18:21.952240,69,11,58,1.2883849382828125,84.32002820252394,3.0326652494354738,6.179035781104883,4.471836118834178,45.98915264551498
Kitale,Teso North,2025-10-01 23:18:21.952240,57,6,51,3.780557474338482,93.79296319871385,3.03706047211054,7.687895433963703,6.600682808248824,66.35156399353326
Kitale,Teso North,2025-11-01 23:18:21.952240,79,16,63,4.618784434025361,71.91846058125924,1.1809165721866823,8.383406214919233,4.3348678619651375,61.075309779276836
Kitale,Teso North,2025-12-01 23:18:21.952240,92,10,81,0.8581576595639968,85.61064157948289,1.1583011562151624,7.508686598724214,2.9490924166244943,71.9547617076064
Kitale,Teso North,2026-01-01 23:18:21.952240,114,26,88,1.4317013409713886,78.6038887403331,2.49020486726224,8.19468047559354,6.972504380939893,53.59925244054976
Kitale,Teso North,2026-02-01 23:18:21.952240,118,14,104,4.364225822283947,79.50729757655633,2.612289919227503,6.026720066125024,6.424367493550447,45.332992788903205
Kitale,Teso South,2024-03-01 23:18:21.952240,196,40,156,3.3388412262787504,75.63151458658106,1.2689049640949697,9.77846079798233,7.951967799136097,49.93730444520483
Kitale,Teso South,2024-04-01 23:18:21.952240,215,35,179,3.4230670077332155,92.04622001651103,1.1795305276720462,2.2383895068552384,4.3942880263666355,68.73666630678558
Kitale,Teso South,2024-05-01 23:18:21.952240,165,34,131,0.7054043557593475,87.21722890155505,3.9587115055565825,8.718468657138027,6.042529321498503,62.90499607923414
Kitale,Teso South,2024-06-01 23:18:21.952240,174,39,134,1.1733779980187706,73.6194639497578,1.4466521935620094,4.194521637675566,3.1111080638804083,77.94615350433577
Kitale,Teso South,2024-07-01 23:18:21.952240,162,22,139,4.3494660358186525,79.00862797570687,3.5670458313551587,4.491797667943491,6.28459120713463,68.97348557382134
Kitale,Teso South,2024-08-01 23:18:21.952240,134,27,107,3.7049637319594826,75.19314140851388,1.6637071396568008,4.6858173668356145,3.4403951023221286,78.8027203338039
Kitale,Teso South,2024-09-01 23:18:21.952240,118,16,102,4.924637227493125,90.17337670876282,4.816350900618413,5.355558554199729,7.222810370402052,42.280804294478386
Kitale,Teso South,2024-10-01 23:18:21.952240,105,16,88,3.940492812100861,79.11559909439372,4.697786233039663,3.3518343194591855,2.669328089457445,83.82020780100461
Kitale,Teso South,2024-11-01 23:18:21.952240,138,26,112,4.151301187230059,83.30126502908072,3.743747208035188,8.554248685801973,1.8126604739370364,76.3708625963118
Kitale,Teso South,2024-12-01 23:18:21.952240,182,27,154,2.448944480184463,77.2956139346001,2.70974736354828,4.112230301089472,7.431833106978064,77.03057495996865
Kitale,Teso South,2025-01-01 23:18:21.952240,175,40,135,0.9225354716858837,81.09002706546234,2.20638007741627,8.24839814855146,1.1746031092845404,63.125329623321406
Kitale,Teso South,2025-02-01 23:18:21.952240,215,25,189,0.546432794621714,89.60890169762435,1.7822739184783427,8.717823966630899,4.002868513866144,76.26906269991065
Kitale,Teso South,2025-03-01 23:18:21.952240,245,57,188,2.363143397579247,75.1023767120591,2.750356673090002,7.601860135896207,6.757810108255148,55.10006113383789
Kitale,Teso South,2025-04-01 23:18:21.952240,222,55,167,3.583575529438652,89.82679215378297,1.8077560801592893,8.829163797815124,2.355628669726687,40.76526662492205
Kitale,Teso South,2025-05-01 23:18:21.952240,238,41,197,2.984733456826458,90.49898991232914,1.7314269076829767,5.609017182977084,4.584253602167642,81.46158276260711
Kitale,Teso South,2025-06-01 23:18:21.952240,164,34,130,2.457735898183953,84.9189800119681,4.512554354983226,9.466518989441095,6.289431471854577,63.93664668887875
Kitale,Teso South,2025-07-01 23:18:21.952240,153,19,133,0.6925546653024324,73.49402933622527,3.4753552421072884,7.039422409218182,5.917260461544001,47.75756824499451
Kitale,Teso South,2025-08-01 23:18:21.952240,126,22,103,4.025422872096812,75.20489568093984,1.6717249323997052,3.24970723179759,6.254826667045053,63.3855103569217
Kitale,Teso South,2025-09-01 23:18:21.952240,102,22,80,3.8342106940352476,81.36151396190914,4.861969666007404,4.9518373805927025,6.437840351120501,63.95380637744675
Kitale,Teso South,2025-10-01 23:18:21.952240,131,19,112,2.3237736188554887,78.39851934819485,3.5988279299801236,6.08752690988123,2.443413510217514,54.06321020861276
Kitale,Teso South,2025-11-01 23:18:21.952240,171,32,138,2.0747048305883067,70.71585911143676,4.210280714052821,2.6438117848778706,7.449103580792161,44.50541332301565
Kitale,Teso South,2025-12-01 23:18:21.952240,187,46,141,0.9416539467788194,80.35202853429752,4.33205778704587,7.49852300818468,5.652777403607518,67.62709491635567
Kitale,Teso South,2026-01-01 23:18:21.952240,191,33,157,1.5769833030269251,83.98205019312297,4.496855867483562,8.711773615473422,1.1880414397737826,52.938118243808546
Kitale,Teso South,2026-02-01 23:18:21.952240,221,37,184,1.5482806000987392,88.10771193359534,4.397619032085217,3.2328482799927647,5.090506674931367,53.30290709545121
Kitale,Nambale,2024-03-01 23:18:21.952240,206,25,180,4.883875442112027,90.72990232470922,3.1347591822037724,2.2391866496395814,3.4529989283061924,76.52913391619639
Kitale,Nambale,2024-04-01 23:18:21.952240,244,45,198,4.37554187241715,75.09807017713668,4.876743892752215,3.3310802865143616,4.269103102672677,58.511957621498325
Kitale,Nambale,2024-05-01 23:18:21.952240,232,49,183,2.263687703607339,88.56395674840074,4.009093808880148,6.222307473969516,1.5364330112646907,70.27670441053111
Kitale,Nambale,2024-06-01 23:18:21.952240,157,19,137,1.4375518637438658,71.8475930089418,4.767500107837966,9.39050456707058,5.159784315962218,41.6772027191544
Kitale,Nambale,2024-07-01 23:18:21.952240,166,17,149,0.7189722344033256,89.47116674174718,2.9490448664567115,6.849908690744975,7.777038524667076,62.53442156175567
Kitale,Nambale,2024-08-01 23:18:21.952240,154,36,118,1.1784546095484316,90.12652386245375,2.6259270795467526,5.711947817532371,3.701311837032738,60.94430563790186
Kitale,Nambale,2024-09-01 23:18:21.952240,141,27,113,3.239916308980044,87.67023295155717,4.412044662043106,7.238631175636483,4.726495949412092,84.01468955617153
Kitale,Nambale,2024-10-01 23:18:21.952240,136,17,119,1.8341707187259042,76.20040591937337,3.3150528651011073,9.181363394622348,7.783602884950571,69.99977076498219
Kitale,Nambale,2024-11-01 23:18:21.952240,144,31,113,3.13647002953147,92.74085028309705,3.657567334123043,3.535543151331307,4.2887975414720705,74.48566475567628
Kitale,Nambale,2024-12-01 23:18:21.952240,196,29,167,4.322337365953819,77.76128188491158,1.2595062895703548,7.161421823544156,2.727181898032649,46.65643575987643
Kitale,Nambale,2025-01-01 23:18:21.952240,220,32,187,1.5276955184320309,77.28338231025498,2.336191992059741,5.996980538015083,5.579033392309144,40.925505716328374
Kitale,Nambale,2025-02-01 23:18:21.952240,237,57,180,4.762677099511157,74.59014834460906,1.030345151695176,2.1238718280549236,5.691973045594184,84.34619257335335
Kitale,Nambale,2025-03-01 23:18:21.952240,238,24,214,1.670712977540248,92.64975082472242,1.3355042541755378,2.3730362384706485,5.665438662034211,74.89595988028012
Kitale,Nambale,2025-04-01 23:18:21.952240,239,41,198,3.4962168756250214,77.15898247368922,2.2572836531482934,2.501652614617557,7.327140361911906,42.75576617022933
Kitale,Nambale,2025-05-01 23:18:21.952240,224,27,196,1.6256487649205371,86.68648171785556,3.857956212379909,9.723477463097161,3.3516137298984767,57.64203775313146
Kitale,Nambale,2025-06-01 23:18:21.952240,209,35,173,2.1904497758687107,70.20590187763396,4.562335303954445,2.7854476693470813,3.911878156877985,78.44799239530072
Kitale,Nambale,2025-07-01 23:18:21.952240,188,21,167,1.4478673525439434,88.07180947893761,3.4662321619124947,7.6257141873362695,7.145341626418863,52.63132604353336
Kitale,Nambale,2025-08-01 23:18:21.952240,135,26,109,0.5830287108303718,79.24654484238161,3.225664502106785,9.811953954648132,7.65385832502195,70.71165484002529
Kitale,Nambale,2025-09-01 23:18:21.952240,151,28,122,1.3189749788479275,86.14577516092265,3.321590218616247,4.667149941167018,5.7969960401019565,43.58398399018902
Kitale,Nambale,2025-10-01 23:18:21.952240,150,17,132,2.784066657499846,85.30892053483443,4.089767219241127,6.691250030676402,3.3048271725064167,63.4140819644809
Kitale,Nambale,2025-11-01 23:18:21.952240,172,21,150,4.366110053110688,77.15900915862645,2.9190005383915625,8.440118980785236,4.221944181178034,58.368234981770165
Kitale,Nambale,2025-12-01 23:18:21.952240,209,47,161,2.0373820344825173,88.46019766507129,2.053710977979225,2.6247131552888137,4.503502630666991,45.15307232886023
Kitale,Nambale,2026-01-01 23:18:21.952240,216,35,180,0.6891330066059858,87.89015081108732,4.4484351900370065,8.880338867910277,6.570968056286322,40.757695470600744
Kitale,Nambale,2026-02-01 23:18:21.952240,289,47,242,0.6081070690201535,82.94504435106266,3.2254462901405545,9.002250816711253,6.982237620782671,48.11969236216522
Kitale,Matayos,2024-03-01 23:18:21.952240,75,17,58,3.762816138105806,90.37904365153922,3.6346975501105407,4.324386851255273,4.760956998795239,63.09088492576221
Kitale,Matayos,2024-04-01 23:18:21.952240,78,13,65,4.8138616860219985,81.18470010138317,4.6368256122757465,9.768784718646842,7.11419808664898,59.879494228818444
Kitale,Matayos,2024-05-01 23:18:21.952240,81,17,63,3.756861829617886,78.65767486382167,2.996212069237473,5.556876844815699,4.0334265090062456,75.95778615734694
Kitale,Matayos,2024-06-01 23:18:21.952240,70,8,61,2.7029086671612736,75.13032383495462,2.937545912682371,9.115572437831911,4.992739178110542,58.541569981749205
Kitale,Matayos,2024-07-01 23:18:21.952240,59,9,50,3.2286253703670007,85.48950800506307,4.378065701690722,3.6824812447066524,1.5686176527629683,67.10051166794315
Kitale,Matayos,2024-08-01 23:18:21.952240,50,6,43,3.9767046355448756,76.48689551356105,4.071695734844244,6.654553571554176,1.5118918834522521,67.46538858041245
Kitale,Matayos,2024-09-01 23:18:21.952240,53,11,42,3.3949344851282266,90.8345383767104,2.4349433887583944,6.835560597867782,7.180204849841499,71.63532620232615
Kitale,Matayos,2024-10-01 23:18:21.952240,47,10,36,2.6890182600004273,78.32663517793948,3.778570058059461,3.9919385060882266,1.7724783883915594,56.21070995937936
Kitale,Matayos,2024-11-01 23:18:21.952240,61,14,46,1.0099482316257729,71.53310480941809,3.279001037584454,9.999202857012175,1.743041215679868,63.55653961597352
Kitale,Matayos,2024-12-01 23:18:21.952240,59,12,47,0.6127906384596017,94.91495214438552,1.275383034174784,5.793066333646264,7.000664554823703,51.420782978634584
Kitale,Matayos,2025-01-01 23:18:21.952240,74,11,62,3.134693604121697,71.2080220690442,3.078556362991475,7.467368147568144,7.133334577680301,68.64023647061704
Kitale,Matayos,2025-02-01 23:18:21.952240,65,12,53,4.473095145567577,77.47249344613462,2.9716411245910233,8.388045281427209,2.068166331078799,56.995397537439885
Kitale,Matayos,2025-03-01 23:18:21.952240,85,19,65,2.149295881947747,75.42446587635938,2.8327866400062787,9.503175847058436,7.610350027163415,52.9656887027092
Kitale,Matayos,2025-04-01 23:18:21.952240,78,9,68,3.8926282572852546,77.69572555501948,2.5944406063759757,3.8188951201455055,7.8423416740305525,67.86871352698887
Kitale,Matayos,2025-05-01 23:18:21.952240,76,9,67,4.202690032849785,93.30772060797197,2.9075916764497047,6.394087940470904,7.158290723449797,73.5419801096381
Kitale,Matayos,2025-06-01 23:18:21.952240,84,11,73,4.866160652946514,71.38757305760967,1.2148585987693212,2.211146933361145,1.6161211019645454,49.03757428140561
Kitale,Matayos,2025-07-01 23:18:21.952240,60,6,53,2.492801572688739,74.27486743360471,3.856548154131627,5.2194451758837435,6.449705722248139,66.4777424661272
Kitale,Matayos,2025-08-01 23:18:21.952240,50,8,41,3.485267977905173,80.73022936048665,2.76259667335071,2.58295663270645,3.6816538078618994,68.42937597575215
Kitale,Matayos,2025-09-01 23:18:21.952240,48,7,40,3.1692630476662726,76.32941122904812,4.251044068862783,9.534444181391915,5.787586260878263,52.485607127733374
Kitale,Matayos,2025-10-01 23:18:21.952240,51,11,39,2.639690388521681,91.92613506721074,3.0807652611744736,5.210226745586024,1.2406767531024436,51.51554148479022
Kitale,Matayos,2025-11-01 23:18:21.952240,47,7,39,3.3717447557019082,90.35564833564023,2.0434171467607856,6.499313043011,4.346400457998513,76.98978988969503
Kitale,Matayos,2025-12-01 23:18:21.952240,71,15,56,3.688158391637672,84.55396894044253,3.137357482554358,6.327915976494012,7.875371045801796,43.895046876683985
Kitale,Matayos,2026-01-01 23:18:21.952240,94,12,81,2.285450389737488,70.21716083924665,4.457926009812338,8.427227750080622,4.158780304263279,53.34604271494154
Kitale,Matayos,2026-02-01 23:18:21.952240,94,14,80,2.365321843591185,73.82114936863495,1.7592815655090805,7.436847098597513,2.571031207959942,57.439473960900486
Kitale,Butula,2024-03-01 23:18:21.952240,371,49,322,2.1678413708134565,74.02353483603981,3.5631769886522293,4.990415895140883,1.0676868002450783,82.92857747485078
Kitale,Butula,2024-04-01 23:18:21.952240,353,36,317,1.0060218847337579,92.69680439684564,4.406143625689294,8.277330355066693,4.917077053612708,45.85819016766214
Kitale,Butula,2024-05-01 23:18:21.952240,304,42,262,2.9282363300971137,93.20474670384874,3.743017277144394,3.327247395512895,1.9991553362305887,48.788961288690146
Kitale,Butula,2024-06-01 23:18:21.952240,274,55,219,4.021050149317565,85.79724376331903,2.2773424078920703,2.9657031198525914,2.1029394314405363,42.00033069612467
Kitale,Butula,2024-07-01 23:18:21.952240,222,24,197,2.106765971740056,87.02160686660868,2.6673673013195547,7.975348289332842,3.8033309935142405,45.55614199782314
Kitale,Butula,2024-08-01 23:18:21.952240,177,38,139,1.3110689471478023,70.50894850708762,3.158771222349136,7.6256189409347215,6.296873498361136,76.93607280436726
Kitale,Butula,2024-09-01 23:18:21.952240,184,18,165,4.563155969116711,74.54534377952106,2.5181969056150804,6.262774867340056,3.848271675016438,68.86362605443294
Kitale,Butula,2024-10-01 23:18:21.952240,203,24,178,2.6344474978035763,83.40884173947882,3.0197631209979514,7.487089406202205,5.75548493841073,52.11665739700477
Kitale,Butula,2024-11-01 23:18:21.952240,239,30,209,4.4179568065393,73.36785015601838,4.594559958342794,7.404912330829525,1.7816299195407475,52.51889079748311
Kitale,Butula,2024-12-01 23:18:21.952240,285,36,248,4.69896770756664,85.12700716009,2.4590950475328457,8.480152215502859,5.697751659948098,44.83461016495531
Kitale,Butula,2025-01-01 23:18:21.952240,295,33,261,4.164911074931525,88.66289245179325,3.670385408081585,5.24743725312032,6.093765040355946,55.084237564159
Kitale,Butula,2025-02-01 23:18:21.952240,429,104,324,3.4201101799481113,77.85370055413465,4.165811924498369,9.391679404744186,4.266767659940106,43.619715755305634
Kitale,Butula,2025-03-01 23:18:21.952240,326,76,249,1.8564844144711323,82.87172139731148,1.715956631841887,4.753792660901831,4.204460816396188,50.23020113487042
Kitale,Butula,2025-04-01 23:18:21.952240,333,79,253,2.7342095461775244,86.93378262555487,3.6532189431043083,3.6546239220947285,2.4021522777535402,76.87498543817296
Kitale,Butula,2025-05-01 23:18:21.952240,311,35,276,1.3967598887834707,89.03776845284723,1.6970306026535682,8.606705794546187,2.0634110667182877,47.79387249071006
Kitale,Butula,2025-06-01 23:18:21.952240,342,76,265,3.995574646594093,79.13648832378144,3.899608491656584,3.5165420621609442,5.018479581683358,80.58990080171048
Kitale,Butula,2025-07-01 23:18:21.952240,303,67,235,3.729727943384519,70.94204447663436,2.0814684373573455,6.894474064402174,6.820015664409956,63.81270855531888
Kitale,Butula,2025-08-01 23:18:21.952240,214,33,180,1.178782680922281,86.46838721767716,1.1165497842004135,6.615102498314547,2.2754248711696308,70.87602649332416
Kitale,Butula,2025-09-01 23:18:21.952240,210,36,173,2.688374511387203,75.5919813188465,3.8726605944902555,6.443178408834126,4.483010448125235,78.93685559208316
Kitale,Butula,2025-10-01 23:18:21.952240,227,46,181,3.289943064287517,80.53214570724329,4.228056636250926,9.793328143380851,2.825573682333706,58.04895005606686
Kitale,Butula,2025-11-01 23:18:21.952240,239,42,196,3.351788455305187,76.92359872473475,3.0892423072621122,7.044950195544753,1.2636877116792515,76.93171325650279
Kitale,Butula,2025-12-01 23:18:21.952240,284,37,246,4.811240902277581,88.37073223180573,1.1665230836709237,5.749895828549097,7.388703083242003,50.944965804134256
Kitale,Butula,2026-01-01 23:18:21.952240,396,95,301,2.511506459655072,85.45100255570185,4.188699980717724,3.737036579990831,1.072880604057593,60.89820796998937
Kitale,Butula,2026-02-01 23:18:21.952240,418,102,315,4.577275667934411,92.29571047350957,2.527277870787728,2.2254827904073595,5.450278345930448,46.15674817390054
Garissa,Garissa Township,2024-03-01 23:18:21.952240,131,26,104,2.2091706335955057,83.04317629908446,1.463983452215365,8.559059789035267,3.5424001161022787,63.89130883176718
Garissa,Garissa Township,2024-04-01 23:18:21.952240,111,13,98,3.6214108403772802,90.46555251473612,3.0772225387589742,2.3170319197555047,2.9955564326216493,83.19299245604762
Garissa,Garissa Township,2024-05-01 23:18:21.952240,92,16,75,1.8474389281225885,85.91739069157796,1.8829724464998492,2.0671561900511346,5.3654792041054185,57.28840571424593
Garissa,Garissa Township,2024-06-01 23:18:21.952240,101,16,85,2.700457703084269,75.42763411482719,2.788455204673691,8.967147559253053,6.490679575741938,54.41210300227511
Garissa,Garissa Township,2024-07-01 23:18:21.952240,75,8,66,3.991951436163444,78.76280457221591,1.6557539306475904,7.000616977024238,5.187994596369177,44.267499632483755
Garissa,Garissa Township,2024-08-01 23:18:21.952240,76,10,65,2.470371297767291,82.34860494768631,1.827168402324852,6.853324238480984,6.893730386934097,69.27296831643076
Garissa,Garissa Township,2024-09-01 23:18:21.952240,59,12,46,4.791283234061854,76.68057849090012,2.5780091540472427,5.739522105383494,1.184910690696074,77.11557948652879
Garissa,Garissa Township,2024-10-01 23:18:21.952240,73,10,62,1.5852664416215376,74.8937073784049,3.716750566641353,2.3462066459142443,3.4113179038926074,46.6513243313828
Garissa,Garissa Township,2024-11-01 23:18:21.952240,78,10,68,2.972017830274579,92.66562066894767,4.166701772508343,3.803149318133869,7.683892307710572,81.98015479110697
Garissa,Garissa Township,2024-12-01 23:18:21.952240,91,19,71,4.602245267942299,78.59697402166964,2.640908191590009,9.661650749638016,3.4093526967444405,54.339998332007184
Garissa,Garissa Township,2025-01-01 23:18:21.952240,122,21,100,3.020036548800463,81.09981994335092,3.5859948887250366,2.6666705335152328,4.070267717848263,76.15372979774762
Garissa,Garissa Township,2025-02-01 23:18:21.952240,115,18,97,2.532398507715823,77.57068840331749,1.9764421870418456,7.409387597278495,1.5773369177510568,51.832402819345006
Garissa,Garissa Township,2025-03-01 23:18:21.952240,107,23,83,2.2354895090775244,91.68293901639606,2.5467066213813045,7.685031037173046,4.194607695919222,68.08966279651466
Garissa,Garissa Township,2025-04-01 23:18:21.952240,130,21,109,3.6908911574287817,89.9300034134702,3.1919232505562487,9.913710903088983,2.1169081957894584,68.13039690262256
Garissa,Garissa Township,2025-05-01 23:18:21.952240,98,17,80,0.5268123811538789,82.93440047173932,3.9504451905617373,9.734445623281623,1.6483696513881483,83.61172939001429
Garissa,Garissa Township,2025-06-01 23:18:21.952240,109,26,82,1.4169358786401465,87.14535103911011,4.4865194733447655,7.217983769557167,7.1602306136590235,44.755804312209094
Garissa,Garissa Township,2025-07-01 23:18:21.952240,78,9,69,1.837456213733288,74.4577992648971,1.7851729266906315,5.335965210235211,5.557271219030439,59.1643620466949
Garissa,Garissa Township,2025-08-01 23:18:21.952240,78,12,65,4.74928006186021,72.8309108079675,2.153075450239481,6.393591776423252,2.90652692753273,50.61211115118797
Garissa,Garissa Township,2025-09-01 23:18:21.952240,70,16,53,3.6772697138132733,74.98977247206153,3.1600418467600373,6.673704224015259,7.108660580358354,70.08305920090686
Garissa,Garissa Township,2025-10-01 23:18:21.952240,75,7,67,2.454960104814746,91.78078397399418,4.54338189070268,2.340173623415417,1.1502729614901956,65.78893980037847
Garissa,Garissa Township,2025-11-01 23:18:21.952240,86,16,70,2.659833363477095,88.99170691749825,2.649001020464711,3.305513806791833,5.21126860826631,53.74960004523625
Garissa,Garissa Township,2025-12-01 23:18:21.952240,115,22,93,2.974421445177428,74.67126132181536,1.5524517850008115,8.364401043294475,4.760927328402383,82.72066234900913
Garissa,Garissa Township,2026-01-01 23:18:21.952240,119,17,102,3.8998305837910103,81.57310228987674,2.2195140798307778,8.470839806655668,5.707939787406032,84.16107930901669
Garissa,Garissa Township,2026-02-01 23:18:21.952240,156,23,132,2.2236631666584907,90.17539955281649,1.7599857489813644,4.353507999264034,3.810798626220102,79.76870775099616
Garissa,Balambala,2024-03-01 23:18:21.952240,388,56,332,2.5734628973290423,72.51373240817453,1.945157230760175,6.6265746612785055,2.941723117907822,72.0208902796621
Garissa,Balambala,2024-04-01 23:18:21.952240,337,82,255,0.6824545056477551,70.1895057068143,2.5958986659650525,2.6063215455079876,4.73755899027346,77.72155031557497
Garissa,Balambala,2024-05-01 23:18:21.952240,298,65,232,0.5208636731105155,74.35597532606997,3.740752321384864,7.750717567086683,2.9214072167247283,83.19289123276987
Garissa,Balambala,2024-06-01 23:18:21.952240,280,37,243,1.0295837470796059,85.62156358928303,4.967366465557314,3.07549208134699,1.9870545184079664,48.02873787948474
Garissa,Balambala,2024-07-01 23:18:21.952240,199,31,168,0.6382299628054439,92.11614463658883,4.723728989090443,4.104938439523497,5.495729026530076,81.82461023522178
Garissa,Balambala,2024-08-01 23:18:21.952240,165,29,135,1.230160577489419,84.42105884928071,1.4950022264017289,4.796519243309544,5.92618433425303,66.31800655047587
Garissa,Balambala,2024-09-01 23:18:21.952240,221,55,165,4.148186145651796,76.96930984492008,4.88753012642136,3.5048105732018033,4.687762939416672,45.4529259866133
Garissa,Balambala,2024-10-01 23:18:21.952240,225,23,202,3.565880901050582,90.46923791530817,1.5072898215386425,4.5592951847626155,3.2326434741800156,62.78435106428732
Garissa,Balambala,2024-11-01 23:18:21.952240,255,38,216,1.4215472200125507,87.82177498844145,1.3632851185448556,7.201822579727671,4.693986722380228,70.44058734226687
Garissa,Balambala,2024-12-01 23:18:21.952240,299,57,242,0.7775764920072061,73.27689358863678,4.896383339903646,8.373396451306812,5.1588757577826,75.21102584078069
Garissa,Balambala,2025-01-01 23:18:21.952240,292,40,252,3.480819601627225,89.56237137783319,2.15159940921402,2.0462262898003667,3.832543915690046,51.65221452198632
Garissa,Balambala,2025-02-01 23:18:21.952240,328,58,269,2.712728644269047,82.9353992557757,4.72769026588267,7.14270209081811,2.2042626889165735,80.08989217096527
Garissa,Balambala,2025-03-01 23:18:21.952240,363,61,302,3.445495736950237,78.82500081910928,1.9210260673159292,2.5737967460723423,4.317780502521291,57.193409720862505
Garissa,Balambala,2025-04-01 23:18:21.952240,325,59,265,2.430201438112777,73.17387739124203,1.42190362962711,3.680937062575121,1.4233645416210838,59.058508493007
Garissa,Balambala,2025-05-01 23:18:21.952240,371,68,303,2.827643120193612,86.97620350458398,3.582013689753482,6.663022869497321,1.1549084925582218,46.26652002779407
Garissa,Balambala,2025-06-01 23:18:21.952240,213,40,173,3.203624164819423,93.02824750650926,2.8530257604988116,9.80983936940947,1.4631445442046735,82.8959084454248
Garissa,Balambala,2025-07-01 23:18:21.952240,229,45,183,2.9378303127113603,88.3387763074252,2.378409884663235,6.142598268581021,1.6983015524632388,51.82097642963692
Garissa,Balambala,2025-08-01 23:18:21.952240,246,24,222,4.146627592506858,93.84714403556869,2.4936300970274567,5.107163252616141,7.212423235915009,79.8463815729917
Garissa,Balambala,2025-09-01 23:18:21.952240,229,54,175,2.582498179042381,93.61365986787767,3.485056864996378,5.746252527532991,1.7769292797800305,59.10192522411555
Garissa,Balambala,2025-10-01 23:18:21.952240,221,46,175,1.4999327465640457,89.63859446236745,3.6474216220845848,2.1231330308464926,1.9229251163891454,73.65972496176244
Garissa,Balambala,2025-11-01 23:18:21.952240,228,49,179,4.075109175376355,90.37846493993818,4.623526943555549,8.613540025101177,4.797479971645641,51.62886625363282
Garissa,Balambala,2025-12-01 23:18:21.952240,253,49,204,1.9202437570393394,84.91241596113905,1.5938663557704906,2.746719786124893,6.204559626752609,59.367332855753475
Garissa,Balambala,2026-01-01 23:18:21.952240,348,60,287,0.7960679208432534,79.88060164024442,4.393938823331254,3.5508390739575795,4.064881399552097,48.52077478279767
Garissa,Balambala,2026-02-01 23:18:21.952240,338,64,273,1.1175368670296921,70.28531454473702,4.208176168857041,8.690505212657955,5.175622351790794,52.248648201214934
Garissa,Lagdera,2024-03-01 23:18:21.952240,145,21,124,3.2058081673591143,94.64601932499654,4.697580543241955,4.822872643507817,3.498913246068609,84.03958104360258
Garissa,Lagdera,2024-04-01 23:18:21.952240,126,26,100,3.3655968031630286,82.16097185955996,1.4296080565792657,2.390554222182634,4.079027970831855,43.16907176278662
Garissa,Lagdera,2024-05-01 23:18:21.952240,119,26,93,1.9721471808908144,84.0502765434476,1.7690495048157073,7.460803563812395,4.232674639294682,78.85006666657345
Garissa,Lagdera,2024-06-01 23:18:21.952240,85,8,76,3.034413209847237,83.5578074868611,4.468490179489994,6.440940463907883,3.3115995350307266,40.883848034793346
Garissa,Lagdera,2024-07-01 23:18:21.952240,59,6,53,4.8567722637990665,92.27916479942539,3.4608082259030715,8.184438619126439,7.269948155855903,66.78581186527505
Garissa,Lagdera,2024-08-01 23:18:21.952240,73,12,60,2.7544621369245132,80.0721552452325,2.4030335714774917,4.827654346038103,5.599207588731344,65.08129490589748
Garissa,Lagdera,2024-09-01 23:18:21.952240,67,9,57,4.106279896467546,76.1849860018614,2.6273093579907836,3.5470891561767983,5.091802858851037,83.74597811633063
Garissa,Lagdera,2024-10-01 23:18:21.952240,66,13,53,4.108969716031794,78.27952596785192,4.706562883220088,8.620608380119823,1.35400655328037,65.46716450301857
Garissa,Lagdera,2024-11-01 23:18:21.952240,77,14,63,2.425580675757527,73.58422716920452,4.358690358118867,6.584124038665947,4.55535804057533,58.902982562839924
Garissa,Lagdera,2024-12-01 23:18:21.952240,107,12,94,4.9191610384972115,70.80475375664899,4.422421064121798,2.9113081117313717,5.235355971147702,46.22568558657486
Garissa,Lagdera,2025-01-01 23:18:21.952240,109,21,87,3.9571908939991083,94.92487131678075,2.6242504590177367,3.0367183784884206,2.365428211218638,69.74449136181316
Garissa,Lagdera,2025-02-01 23:18:21.952240,131,31,99,2.4267357846320188,86.6351084038268,1.9412566777363334,4.037105974809021,2.207511363467812,66.30900762417377
Garissa,Lagdera,2025-03-01 23:18:21.952240,154,15,138,4.4593733912913365,75.81832322403613,2.3803220330785804,5.77499777242758,1.0975044507999798,77.62519818518467
Garissa,Lagdera,2025-04-01 23:18:21.952240,107,12,94,2.933980952789171,70.19406938582244,3.025430984566184,6.106948740182624,2.214724641306145,79.82296107629861
Garissa,Lagdera,2025-05-01 23:18:21.952240,128,20,108,3.314949338801056,72.98328553146607,4.102330743228425,9.521933626003058,5.745900816275996,49.75044798816107
Garissa,Lagdera,2025-06-01 23:18:21.952240,86,15,70,1.495850679806316,73.86377690548804,1.041012830606363,3.7877924232043263,4.4854540969514005,61.911026076871664
Garissa,Lagdera,2025-07-01 23:18:21.952240,72,9,62,1.2235272577193688,77.03834692864748,4.136950138468496,8.322097057627062,1.3463411116540758,78.75734783418864
Garissa,Lagdera,2025-08-01 23:18:21.952240,72,10,61,3.746073748746387,73.06945080233388,3.145726185708824,8.125890902135884,4.488190652445161,59.71206986375492
Garissa,Lagdera,2025-09-01 23:18:21.952240,73,8,64,1.5749478476372014,91.44295282572725,3.657542514076031,8.549197434238703,2.2326922289380886,79.79147867736465
Garissa,Lagdera,2025-10-01 23:18:21.952240,73,7,65,1.8358902508376358,85.36740067955569,3.2955896026083824,3.884901231764829,7.369819268063447,49.424364103639014
Garissa,Lagdera,2025-11-01 23:18:21.952240,89,11,78,1.2372061730164083,88.99203657723413,1.5417209564249217,9.259222820853534,5.7719304080477265,82.16550030137174
Garissa,Lagdera,2025-12-01 23:18:21.952240,118,27,90,4.111481668910561,84.14299660501882,3.2727059132810674,2.1259501543838004,6.384880333078234,60.61780319622831
Garissa,Lagdera,2026-01-01 23:18:21.952240,119,13,106,3.3632753764639083,74.18753593859117,2.8056687199211074,9.701991570491671,7.585895663078776,42.42708327733509
Garissa,Lagdera,2026-02-01 23:18:21.952240,125,29,96,2.29884781555348,75.3512165374933,2.0892366559821314,2.8344550724677378,6.6736299022123005,67.18985747079468
Garissa,Dadaab,2024-03-01 23:18:21.952240,174,42,131,1.416122056449263,78.08717587167463,4.237425640640627,7.564414094959568,3.937381487252144,59.25438395324956
Garissa,Dadaab,2024-04-01 23:18:21.952240,161,32,128,3.5840361973251533,88.69185674812606,1.502882928422825,3.7672132123740854,7.865715071311465,49.7754703915662
Garissa,Dadaab,2024-05-01 23:18:21.952240,187,28,158,3.200031626203965,79.61567027006491,3.989150750608191,8.584528024938791,4.945456815211553,60.79540738750993
Garissa,Dadaab,2024-06-01 23:18:21.952240,146,21,125,3.0754699728078094,88.51429192580966,4.363568899024122,7.107623427029635,4.6248639278852295,40.59247241024859
Garissa,Dadaab,2024-07-01 23:18:21.952240,130,26,103,1.089046021025959,77.74978592445667,3.0773960636234645,3.9572301164835144,1.4466711225646334,81.44370686893133
Garissa,Dadaab,2024-08-01 23:18:21.952240,109,20,88,2.538201509357405,82.99139496937701,2.179880853787923,3.385240171034676,5.442526659711239,74.7600757057186
Garissa,Dadaab,2024-09-01 23:18:21.952240,94,19,75,3.192624152854954,83.14763682398039,1.0650972374438679,8.444993322876755,2.7056958628093426,68.38400494246325
Garissa,Dadaab,2024-10-01 23:18:21.952240,97,13,84,4.083209274279721,77.69520614246835,4.317889630302487,3.622831471558146,2.0287872504396294,58.425277210470796
Garissa,Dadaab,2024-11-01 23:18:21.952240,136,14,121,2.800731193676167,93.2133899937474,3.5330689269714974,7.448840339893833,6.386052955221299,58.56407761791104
Garissa,Dadaab,2024-12-01 23:18:21.952240,156,28,128,2.875281975998404,94.23641876147076,4.090014605001361,2.3523509153659337,6.536733922833062,64.90284734620701
Garissa,Dadaab,2025-01-01 23:18:21.952240,157,36,120,2.3102882026095184,86.17322258327766,1.7039630942351396,8.861513917729013,5.442371648533031,44.621276119556725
Garissa,Dadaab,2025-02-01 23:18:21.952240,184,20,164,2.305123611340195,83.92451844524604,3.2532728041054995,6.016183890558482,7.018375075533872,56.923191185698784
Garissa,Dadaab,2025-03-01 23:18:21.952240,202,22,180,2.241060580861248,80.01803326981785,2.1667888104894772,3.478246016690891,1.3382638232172461,52.17333285505074
Garissa,Dadaab,2025-04-01 23:18:21.952240,222,53,168,4.8779374518308956,89.8054364073742,2.200563223324241,9.046721072554504,4.6570742973990455,55.05885020216567
Garissa,Dadaab,2025-05-01 23:18:21.952240,158,26,132,4.335839675448996,93.13610710620773,3.7953459925337145,6.597183009737226,7.33515726039632,60.31923064051502
Garissa,Dadaab,2025-06-01 23:18:21.952240,171,32,138,3.340943447129864,84.7851017568774,4.251002822718837,4.002327043542931,1.7459861052101946,48.326124798114655
Garissa,Dadaab,2025-07-01 23:18:21.952240,140,26,114,4.401850340163431,78.30043172304823,1.6055260964546259,4.228427300140815,7.069584643010956,41.598033728206495
Garissa,Dadaab,2025-08-01 23:18:21.952240,115,11,103,1.9795111318943561,75.65346305635774,2.2443130632086485,8.121233296992836,2.432262454906806,58.98811038077753
Garissa,Dadaab,2025-09-01 23:18:21.952240,113,17,95,1.6059486229221913,82.1776749973399,3.377008529580076,2.174830001044496,3.371316443846719,41.696646932197794
Garissa,Dadaab,2025-10-01 23:18:21.952240,105,13,92,4.51287785186142,93.85411759034464,3.698236190249791,7.211312247083267,4.424080726087146,43.33177517409001
Garissa,Dadaab,2025-11-01 23:18:21.952240,146,17,128,2.3211457451680833,87.05342275413298,1.9124036757190432,7.721894246183411,2.0270644882333,74.33342675614142
Garissa,Dadaab,2025-12-01 23:18:21.952240,150,36,114,0.7565633145551469,83.84305919986068,1.4415424161641894,6.708592026906577,6.632284451522113,81.22050150860352
Garissa,Dadaab,2026-01-01 23:18:21.952240,164,20,143,3.622647342094676,85.54589884198968,4.121003085174488,4.176873867196169,5.70951704353751,70.15229974166238
Garissa,Dadaab,2026-02-01 23:18:21.952240,209,20,188,2.1258867127239816,77.84806389444266,1.1532822973510015,3.522382396459399,2.8063754127481704,55.65370709055635
Garissa,Fafi,2024-03-01 23:18:21.952240,205,41,163,2.806990144260136,94.49683518909103,2.8945281386164705,5.016423191973713,1.5906376210629982,82.08897557083715
Garissa,Fafi,2024-04-01 23:18:21.952240,182,33,148,1.8334731370012252,78.80121636018941,4.720898888213486,3.396490197561352,6.383874045938984,79.68558927429754
Garissa,Fafi,2024-05-01 23:18:21.952240,162,25,137,1.609137706980827,87.84581866177558,1.031223639101483,6.024098713147542,3.930603675328337,69.8105669614487
Garissa,Fafi,2024-06-01 23:18:21.952240,150,22,128,1.2273422988906721,76.48303121374607,4.381766297199206,6.200635312625471,6.010114093805846,42.84919793305525
Garissa,Fafi,2024-07-01 23:18:21.952240,121,13,108,3.419965701460959,78.81577828991344,2.340314679409025,2.187714131186789,2.338848766983716,68.98049138401481
Garissa,Fafi,2024-08-01 23:18:21.952240,113,13,100,2.149666940506423,88.24423065218946,3.4249180070723426,7.456430023498896,1.807682775582884,68.11673969827342
Garissa,Fafi,2024-09-01 23:18:21.952240,104,19,85,3.0322792330311845,91.98622389373074,3.890335545699077,9.687188011350734,1.9900696281144699,44.4658091568035
Garissa,Fafi,2024-10-01 23:18:21.952240,114,16,97,3.7849435508338574,93.17943423377132,4.41496119815673,3.610688127577699,4.661760428406218,61.8739182413218
Garissa,Fafi,2024-11-01 23:18:21.952240,154,27,126,2.912087318984841,76.12700657225362,4.095615129315035,6.181366751188266,4.006525926442919,52.64294078449406
Garissa,Fafi,2024-12-01 23:18:21.952240,147,19,128,2.8645065332253843,73.99650225378782,2.270769638933531,4.439371318100443,5.49432249422543,61.15811483327633
Garissa,Fafi,2025-01-01 23:18:21.952240,158,19,138,0.5295664239388007,76.34723019892706,4.87992839806652,2.0775875965085477,6.609148680737292,71.87356736734944
Garissa,Fafi,2025-02-01 23:18:21.952240,185,29,156,3.6770567972365917,74.07104335073238,1.595065206912269,9.275128597752506,3.323495136647842,50.47751870563478
Garissa,Fafi,2025-03-01 23:18:21.952240,183,37,146,2.956933126452695,71.6248387941909,2.5800583951479767,8.76224720196578,3.900228652031677,70.72921409329244
Garissa,Fafi,2025-04-01 23:18:21.952240,176,33,143,2.2548722142488273,94.77002284951283,3.5380495374237286,4.586998059470633,5.397529971030894,49.348083807738405
Garissa,Fafi,2025-05-01 23:18:21.952240,179,18,161,4.5805996313183925,73.20726330181961,1.922220068815196,6.032668582283911,2.886625894419717,61.797872430763185
Garissa,Fafi,2025-06-01 23:18:21.952240,152,33,119,2.711483738008765,80.80440095933791,4.893048256673479,7.8271259474238235,6.357490535247052,73.43999654568007
Garissa,Fafi,2025-07-01 23:18:21.952240,124,16,108,4.887001638619171,89.177943620142,2.517803249776993,3.1100534969015703,7.483818094363283,69.48078361319124
Garissa,Fafi,2025-08-01 23:18:21.952240,128,25,103,1.5902069006140536,77.90870274797301,1.4394568678905073,2.6994989559604523,7.221535261336761,47.154606260596964
Garissa,Fafi,2025-09-01 23:18:21.952240,108,20,87,0.8192074096019952,72.03528383761059,1.9720623035997753,9.926520216974387,7.440574929372316,68.45809912066422
Garissa,Fafi,2025-10-01 23:18:21.952240,120,12,107,1.2154488464800017,70.8183719473162,4.772493503970381,3.3882760603330313,7.860443734596234,68.4501095369115
Garissa,Fafi,2025-11-01 23:18:21.952240,133,30,103,2.8371101459511663,73.3088119678685,2.517026023517059,4.615441845455192,6.547613714645358,62.55337098550098
Garissa,Fafi,2025-12-01 23:18:21.952240,173,39,134,4.306357785352521,83.94007401225987,1.2550801404731788,8.360797791390098,7.6316966248110205,56.46662846419241
Garissa,Fafi,2026-01-01 23:18:21.952240,184,44,139,1.35798736863629,85.10059888512751,4.070636370771769,6.429493938452215,6.332396459029145,62.50870660034339
Garissa,Fafi,2026-02-01 23:18:21.952240,214,38,175,0.73719183197851,74.27423711881622,1.077487595067979,5.116466212464147,5.111833608920836,42.34056878247627
Kakamega,Kakamega Central,2024-03-01 23:18:21.952240,278,56,222,4.574462826736917,89.5791066855014,1.8967719672841001,3.661050750757311,7.976279734251444,65.65801362704272
Kakamega,Kakamega Central,2024-04-01 23:18:21.952240,293,47,245,1.2797214908980477,78.32203938143502,2.214893263421893,4.908604723894172,2.9890459779106493,60.380008415571275
Kakamega,Kakamega Central,2024-05-01 23:18:21.952240,280,49,231,1.8638537165063163,89.51352526834896,1.1121100963564468,9.931937846309133,4.028754807448953,45.886359785391534
Kakamega,Kakamega Central,2024-06-01 23:18:21.952240,203,42,160,3.194077187045745,78.45861773679802,1.0033169436043874,2.8756727140553275,5.15521346002704,74.22972918162665
Kakamega,Kakamega Central,2024-07-01 23:18:21.952240,175,26,148,3.95682820878773,71.7389375472156,4.83182045412707,8.611094016119779,4.53716562792656,71.77471065757483
Kakamega,Kakamega Central,2024-08-01 23:18:21.952240,174,36,137,1.1468906732612956,91.06070422547194,4.079097667751405,8.299104216506498,2.4896411085600496,76.11312306379546
Kakamega,Kakamega Central,2024-09-01 23:18:21.952240,206,49,156,1.903562442660753,86.7476232110867,4.294529107552304,3.040615382302443,6.749794159033873,82.55704851147878
Kakamega,Kakamega Central,2024-10-01 23:18:21.952240,180,35,145,4.770944294864452,83.1072952867791,4.143049935170886,3.405303156105145,4.889411457865291,51.442064997716344
Kakamega,Kakamega Central,2024-11-01 23:18:21.952240,218,27,190,3.454318172789034,86.20540054832085,4.950220219544652,9.56907465233801,5.772991571606503,49.87039887393185
Kakamega,Kakamega Central,2024-12-01 23:18:21.952240,216,28,188,3.2194629170018048,75.07294714790694,1.0547385562979135,6.535267890015528,5.346712571729216,75.25781527708463
Kakamega,Kakamega Central,2025-01-01 23:18:21.952240,259,54,205,1.8754367990593979,72.2773799598942,1.9886786595426127,2.1570950258939083,3.349199327443931,60.20497296520476
Kakamega,Kakamega Central,2025-02-01 23:18:21.952240,353,86,267,0.8754062665117008,79.21296551609234,1.4653750528393354,8.96858313427157,4.753612027250977,57.98045805349174
Kakamega,Kakamega Central,2025-03-01 23:18:21.952240,383,59,324,2.96638971282661,83.61373533817563,1.3642599896711523,4.146600777683378,5.268216995678964,81.80749823984067
Kakamega,Kakamega Central,2025-04-01 23:18:21.952240,306,58,248,3.9982201742203465,74.24106255833708,2.2493386825890616,9.504963441049256,3.1542887912242796,69.5527204905987
Kakamega,Kakamega Central,2025-05-01 23:18:21.952240,255,38,216,3.714521994210983,71.53000346053993,3.724042982641287,3.711525289326106,4.191392857804496,48.40846015105179
Kakamega,Kakamega Central,2025-06-01 23:18:21.952240,250,50,199,3.300063451146743,75.89389708607757,3.891995059103855,2.605937271111089,6.209091125778808,43.39571591875755
Kakamega,Kakamega Central,2025-07-01 23:18:21.952240,184,19,165,0.8939123963537157,86.77162076614412,4.123357450890631,6.859106366806752,6.329611986088277,65.9581376147105
Kakamega,Kakamega Central,2025-08-01 23:18:21.952240,191,26,164,2.7507959225896297,77.72867011224326,2.319706885813135,2.4012386337578953,2.7299427266695737,64.05093363337681
Kakamega,Kakamega Central,2025-09-01 23:18:21.952240,181,39,142,4.85526268147057,79.45358695717384,1.3584230566714557,5.243591788900309,3.2396313388184663,59.380386057067014
Kakamega,Kakamega Central,2025-10-01 23:18:21.952240,207,46,161,4.360422678423646,73.4067359333969,4.81810832611472,8.721837686546067,1.2425149120929553,81.61485903358732
Kakamega,Kakamega Central,2025-11-01 23:18:21.952240,219,47,172,2.7147258506682515,82.52707898700325,4.466287722083351,2.481634519356663,5.433416351049478,42.082321166390656
Kakamega,Kakamega Central,2025-12-01 23:18:21.952240,295,59,236,1.2428132889780725,81.25680988156792,3.2362872910022507,6.397054601206191,7.828390501033774,46.92814606634882
Kakamega,Kakamega Central,2026-01-01 23:18:21.952240,298,31,266,3.420078379166644,82.35218526213295,2.154790219995643,8.966487816562456,1.9624479076442085,63.41482316522054
Kakamega,Kakamega Central,2026-02-01 23:18:21.952240,367,55,312,1.5784785240324224,87.51891379986498,2.267874040337735,4.975832218189558,1.476079871479563,51.00168769411715
Kakamega,Kakamega East,2024-03-01 23:18:21.952240,202,33,168,4.749619572147562,71.65399436767721,1.578231702395584,6.729158991406842,2.8363667006447475,63.086464431545465
Kakamega,Kakamega East,2024-04-01 23:18:21.952240,197,38,159,4.033450698758223,74.35530604039198,4.731520226087913,6.229246634189793,4.942301739828286,54.55036023213593
Kakamega,Kakamega East,2024-05-01 23:18:21.952240,171,30,141,4.250047252716293,85.95629259760865,1.9920532247847271,8.020904341272416,6.028439317452415,84.35028840578158
Kakamega,Kakamega East,2024-06-01 23:18:21.952240,181,25,156,0.917606710858829,85.3805753320119,2.5368117007661812,3.9874808214296946,6.920721881916175,79.84974723669598
Kakamega,Kakamega East,2024-07-01 23:18:21.952240,129,17,112,1.1650309615358296,76.61127185534079,3.8406588198976555,9.17856016330455,1.422252044157752,76.89176863092041
Kakamega,Kakamega East,2024-08-01 23:18:21.952240,110,15,95,4.819837383555492,91.55972839146982,4.138145362411732,7.36412901934156,1.8059257751959619,44.81923355727002
Kakamega,Kakamega East,2024-09-01 23:18:21.952240,130,15,114,4.203742301980697,77.55877081957561,1.2694361362421294,7.463922037311356,5.2248056845186195,46.315385307724526
Kakamega,Kakamega East,2024-10-01 23:18:21.952240,119,23,96,2.6457828479432375,92.72715139446349,2.5780926107890108,8.94209398720323,4.922726831065676,49.40118860086239
Kakamega,Kakamega East,2024-11-01 23:18:21.952240,138,31,107,1.2094310050004602,80.32642359217819,2.574605149175191,8.899758723531999,6.681028619093794,51.03237041195213
Kakamega,Kakamega East,2024-12-01 23:18:21.952240,173,22,151,4.480358339357096,90.22184102949,1.4093751476885283,6.460905285683407,2.979103417328444,60.226836279781956
Kakamega,Kakamega East,2025-01-01 23:18:21.952240,189,44,145,4.73948724737788,74.00582025969362,4.639639399823066,9.292929120996423,6.9372784581524565,60.23607256644844
Kakamega,Kakamega East,2025-02-01 23:18:21.952240,192,26,165,4.990614242668298,90.84872608220795,1.4532496532532488,8.531125696291518,1.3433970477343513,59.868647366144316
Kakamega,Kakamega East,2025-03-01 23:18:21.952240,204,21,183,4.153976446681215,76.92954456837872,2.2034714645806197,6.447407562333598,4.100940926718193,58.678417519323745
Kakamega,Kakamega East,2025-04-01 23:18:21.952240,237,31,206,0.7894747807544662,84.63558721743257,1.9697987503210164,4.147247204132463,2.419459619398506,77.86352335235378
Kakamega,Kakamega East,2025-05-01 23:18:21.952240,162,36,125,4.334594508082653,76.14798912205191,1.7071331216646737,8.78603071575885,1.1519239831632673,79.81680466043122
Kakamega,Kakamega East,2025-06-01 23:18:21.952240,156,17,139,2.06716885682951,71.57207284512297,3.681495023876489,5.630384018885952,4.7225857312023125,48.2361329616195
Kakamega,Kakamega East,2025-07-01 23:18:21.952240,154,37,116,1.3130785180525706,77.87477881240902,1.159193885856748,5.080876812030068,7.326399916943658,71.54262006185118
Kakamega,Kakamega East,2025-08-01 23:18:21.952240,123,26,97,0.5707881039009899,81.66852086489054,4.515961267361787,3.127215232458804,1.3844911809194036,64.64089315335048
Kakamega,Kakamega East,2025-09-01 23:18:21.952240,114,24,89,4.570614172251991,76.72616371767586,1.415840731179828,2.1297319463538713,5.735115303106969,64.16103220770398
Kakamega,Kakamega East,2025-10-01 23:18:21.952240,118,16,101,3.5774878733246243,89.4039757365573,3.82975181033838,2.8990195339331546,7.426999379160247,50.258599208794934
Kakamega,Kakamega East,2025-11-01 23:18:21.952240,139,27,111,1.1007559719135793,90.97331185015635,1.8090068599532776,5.173441889487238,4.94455185323825,41.869176833304465
Kakamega,Kakamega East,2025-12-01 23:18:21.952240,160,31,129,0.6906409422754346,90.13059319725383,4.747672527211908,9.049548287355016,6.374798553974821,57.97246669533745
Kakamega,Kakamega East,2026-01-01 23:18:21.952240,164,26,138,2.54156352052466,93.42974999064495,4.55978632967741,3.0188859554999823,1.6410586303617158,57.500140720391954
Kakamega,Kakamega East,2026-02-01 23:18:21.952240,188,40,147,2.519046625365303,72.35175133784223,1.611035704969205,4.932851176956785,3.6734169539050336,66.75733041909962
Kakamega,Kakamega West,2024-03-01 23:18:21.952240,127,30,97,1.1213916777994246,87.06555634560048,3.85612121763474,4.655304254103159,2.7796491424546383,57.58670638293022
Kakamega,Kakamega West,2024-04-01 23:18:21.952240,163,17,146,4.849940391182519,81.49723634438301,3.2386803850722186,2.4576792670252923,5.95755188370083,79.08109278100513
Kakamega,Kakamega West,2024-05-01 23:18:21.952240,105,24,81,3.456517233998839,81.79518512589614,3.6961798193291746,3.202191163406625,6.8256931226064435,80.55106860044904
Kakamega,Kakamega West,2024-06-01 23:18:21.952240,133,31,101,2.683179818716799,75.79652064582191,4.119514699021069,4.241193619846219,3.9854444661870025,51.89868327482134
Kakamega,Kakamega West,2024-07-01 23:18:21.952240,88,18,70,0.9185695128929756,83.37661177593652,3.943366431089858,2.1172317195949537,7.382436253448583,62.468626166686896
Kakamega,Kakamega West,2024-08-01 23:18:21.952240,88,15,73,4.140125097116215,92.91310839475483,3.959163902875323,9.175296376673764,2.9083365725700423,78.77811096163964
Kakamega,Kakamega West,2024-09-01 23:18:21.952240,84,9,75,4.846435646747971,77.55003270095777,4.735325271143207,7.584322680984756,6.204496603700578,79.88388278082694
Kakamega,Kakamega West,2024-10-01 23:18:21.952240,84,14,70,4.175375977864425,77.41191369504041,3.9841109702791297,2.1041763472198625,1.4706788273158762,49.31679203254742
Kakamega,Kakamega West,2024-11-01 23:18:21.952240,110,13,97,0.9047120778101334,92.73356709840681,2.8483399451033042,2.2250964366520085,1.7122996608122434,49.27383297361502
Kakamega,Kakamega West,2024-12-01 23:18:21.952240,110,14,96,4.701041891456362,87.35218574902473,3.670909909551823,2.7456667513732143,5.892809865714301,80.6155289085805
Kakamega,Kakamega West,2025-01-01 23:18:21.952240,145,15,129,1.7998670953934588,89.69493892724276,3.6732291837808577,5.05100139956182,3.780067977397172,83.08845607036437
Kakamega,Kakamega West,2025-02-01 23:18:21.952240,157,20,136,3.886347479089862,81.57782843041053,4.87326889125459,4.502611475078477,1.1772366808529726,45.01509560013727
Kakamega,Kakamega West,2025-03-01 23:18:21.952240,151,20,130,2.682548524659355,79.77390412696131,2.732014148381215,8.813601235347164,7.205561160949364,42.12849225227443
Kakamega,Kakamega West,2025-04-01 23:18:21.952240,123,22,101,4.2631455152824405,85.33779856773918,3.302155167737011,4.640843479223167,6.661703832328042,43.456938257869794
Kakamega,Kakamega West,2025-05-01 23:18:21.952240,130,26,104,2.132420159734674,83.70434339088588,3.900581414396888,6.327669150623519,6.8727035927108,76.89158342828433
Kakamega,Kakamega West,2025-06-01 23:18:21.952240,124,25,99,0.5045644756537325,82.88131134954044,4.76867765510937,8.48532797802654,7.418996100850925,68.72735316367327
Kakamega,Kakamega West,2025-07-01 23:18:21.952240,100,11,88,2.8627951984007205,83.91181432711394,4.595213409389043,4.761661737791647,3.488144950798043,56.413234250547774
Kakamega,Kakamega West,2025-08-01 23:18:21.952240,94,18,76,4.9362795783707885,74.16546156911204,3.561644281281594,5.454576596683028,6.227148692909186,61.34215075359983
Kakamega,Kakamega West,2025-09-01 23:18:21.952240,90,20,69,2.4588820002710268,82.34622002943176,2.169160125112586,2.3371897137226423,4.18957282729129,68.54911122926106
Kakamega,Kakamega West,2025-10-01 23:18:21.952240,76,9,66,2.8149549702911014,85.63694569561959,4.603005804182503,6.66726203920335,4.572781756632889,81.92715950988233
Kakamega,Kakamega West,2025-11-01 23:18:21.952240,122,29,92,3.175480846773832,77.00357190981192,1.5777985242668433,2.9288823849324803,2.205963114471389,41.36964319546627
Kakamega,Kakamega West,2025-12-01 23:18:21.952240,122,19,103,0.7518056689188543,88.79605178597178,4.3410005100112405,2.9956165053700614,4.832531490719654,60.613492411928505
Kakamega,Kakamega West,2026-01-01 23:18:21.952240,166,37,129,4.885540979626178,71.88616456288065,4.514690349415137,9.88105744645221,2.6181255194956687,57.1846331664803
Kakamega,Kakamega West,2026-02-01 23:18:21.952240,165,25,140,0.6608674946926831,89.43488594434366,4.590514976356399,7.217173000384451,6.106253889960935,66.02286718829507
Kakamega,Lugari,2024-03-01 23:18:21.952240,137,19,118,1.8838084087289975,78.20338144850092,4.27999616341851,5.335541687024584,4.947957902408232,55.00461080183025
Kakamega,Lugari,2024-04-01 23:18:21.952240,126,24,101,1.4044020502196253,80.57828237816545,4.112824857869014,2.9000658488749593,2.8717778355080066,73.68675903809003
Kakamega,Lugari,2024-05-01 23:18:21.952240,130,13,116,3.4565338646762,93.91633498517103,2.8760042655173295,6.594369625456569,7.739763309476804,66.30751306888135
Kakamega,Lugari,2024-06-01 23:18:21.952240,86,17,69,2.2100766665031855,77.45347657832896,1.2329180690456685,6.5992781972172505,2.3478510209041166,55.84276466709676
Kakamega,Lugari,2024-07-01 23:18:21.952240,81,17,64,4.4573150633809,92.2704919465497,3.8733529206528026,2.8852430154969966,1.756175330962269,77.8396729384671
Kakamega,Lugari,2024-08-01 23:18:21.952240,76,15,60,4.37822562067585,73.95405857982084,4.278594392191458,9.57220544668273,6.354512443848583,64.99615246432916
Kakamega,Lugari,2024-09-01 23:18:21.952240,80,9,71,1.3380546514989111,94.77068762495867,1.5218252031908976,5.647498909294969,6.180641322112527,44.30754817888915
Kakamega,Lugari,2024-10-01 23:18:21.952240,74,15,59,3.5279058612025764,73.94008370033208,4.989072024624322,7.734368234494248,4.344227281882931,44.67547921816654
Kakamega,Lugari,2024-11-01 23:18:21.952240,86,20,65,2.4420468376300946,76.89957751520507,4.816152406719503,8.753517256531051,7.332289376552977,48.95250260276783
Kakamega,Lugari,2024-12-01 23:18:21.952240,99,10,89,2.3799032378814227,87.39715192612388,1.1763694575613153,5.637434479073581,1.1375948983170452,66.12783204192715
Kakamega,Lugari,2025-01-01 23:18:21.952240,130,31,98,3.956373315077613,79.41811286879603,1.1457112483567276,7.963047757566754,4.582710797674125,54.045574812059215
Kakamega,Lugari,2025-02-01 23:18:21.952240,146,17,128,2.647415713165499,83.62437357580895,1.6372906748658895,4.151836777816908,3.005569631303887,40.6473774166987
Kakamega,Lugari,2025-03-01 23:18:21.952240,109,18,90,4.242486265794103,74.38512079805847,1.634803448302982,8.060941330045708,1.7701914175855984,50.36774547759714
Kakamega,Lugari,2025-04-01 23:18:21.952240,148,20,128,2.735992286334186,93.2005163665331,2.6110428915018904,3.0608700061939853,4.1242071676678815,53.96947557791183
Kakamega,Lugari,2025-05-01 23:18:21.952240,116,18,98,2.551989999262828,74.47379094900687,4.556900849089372,8.329719977463332,5.339796732196875,40.52087353251883
Kakamega,Lugari,2025-06-01 23:18:21.952240,104,14,90,4.645147725069984,80.57137298040271,4.061029604586448,8.806205321563361,6.68477393058318,68.77875750341295
Kakamega,Lugari,2025-07-01 23:18:21.952240,71,13,58,0.6568364935179936,71.75842989871902,2.517041725772929,7.823767946164253,5.95969031485981,59.200212758795544
Kakamega,Lugari,2025-08-01 23:18:21.952240,78,9,69,0.591176467820989,89.64489130659616,1.788151769282008,5.797535878794485,2.6551832885898294,71.97691954385424
Kakamega,Lugari,2025-09-01 23:18:21.952240,69,15,54,4.369440994129841,72.43726905820925,4.577989440539328,7.233612401530959,2.0464781940829195,62.191278630300836
Kakamega,Lugari,2025-10-01 23:18:21.952240,84,13,71,3.0292811233801054,92.42171670973168,2.4482265860813257,4.592799666310575,5.738326827434901,80.33946840749462
Kakamega,Lugari,2025-11-01 23:18:21.952240,83,15,67,0.82437172759021,92.49965468967682,4.060935149117479,8.178743134694848,7.988968394301691,51.458663049355366
Kakamega,Lugari,2025-12-01 23:18:21.952240,114,19,94,3.8289561006194845,72.69256154647685,4.4906795400488395,7.678231449170136,3.4236067801682455,72.92260715626738
Kakamega,Lugari,2026-01-01 23:18:21.952240,124,28,96,4.087461357610055,75.74922599213102,3.902749001381457,2.036814579392872,3.924997905675739,61.57208152412907
Kakamega,Lugari,2026-02-01 23:18:21.952240,143,22,121,0.6591392822406359,76.51754658994311,2.667387513284905,2.1048423294428966,6.105159244350494,44.349226490662396
Kakamega,Likuyani,2024-03-01 23:18:21.952240,205,41,164,1.3882968865562348,81.67321628620861,4.784828656423251,2.235901241624454,3.7259927880638926,43.09314812640393
Kakamega,Likuyani,2024-04-01 23:18:21.952240,214,34,180,4.008346189044373,82.54413415074113,3.125881958657465,8.95444441058443,5.33323850830915,69.06816357559666
Kakamega,Likuyani,2024-05-01 23:18:21.952240,176,37,138,4.4719084631592665,90.50447871922344,1.680141855868213,9.525989523643396,2.3852046729007927,83.93062998944185
Kakamega,Likuyani,2024-06-01 23:18:21.952240,188,42,146,4.294577481390812,89.71355081093637,2.5218795304913297,3.182772390686414,6.210879066528421,81.02073979730025
Kakamega,Likuyani,2024-07-01 23:18:21.952240,150,30,120,0.8081813113605807,93.741385293127,4.144499908875288,4.257717875720326,4.874916681823468,58.79689309318881
Kakamega,Likuyani,2024-08-01 23:18:21.952240,146,26,119,4.031515160526257,73.08835637070483,2.414577099365896,5.6251108490603485,6.017326765774364,61.887360057995
Kakamega,Likuyani,2024-09-01 23:18:21.952240,123,25,98,3.20789272187991,82.23820535956872,2.371615278642358,2.9860261068271257,4.840409207314623,46.8005815655794
Kakamega,Likuyani,2024-10-01 23:18:21.952240,136,20,115,3.4985760498066867,90.81581330040423,2.8724418115609343,3.5335440264938267,6.645129741611749,55.80288246689045
Kakamega,Likuyani,2024-11-01 23:18:21.952240,164,38,126,0.5185367821591848,76.77260882421355,2.318575968880919,2.004425273643905,5.907684780240344,76.87685678344667
Kakamega,Likuyani,2024-12-01 23:18:21.952240,171,23,148,2.487120826758816,73.67608105776509,2.2005509060709856,3.024597281689968,1.156576916212357,48.20674891842693
Kakamega,Likuyani,2025-01-01 23:18:21.952240,207,27,179,4.992667349368254,70.79555089582853,3.525420806768383,7.456798113362721,1.5145947361242658,56.21995496461831
Kakamega,Likuyani,2025-02-01 23:18:21.952240,238,51,187,4.972537928176536,79.21201990128219,2.173215985189728,7.571663756839668,4.917432076018414,54.88140147995556
Kakamega,Likuyani,2025-03-01 23:18:21.952240,230,50,179,3.844557559434702,93.83499680643253,2.88315886494938,4.315314156120351,1.159120391009824,81.62476514140465
Kakamega,Likuyani,2025-04-01 23:18:21.952240,230,44,186,4.3463863164667735,78.88909365868919,2.109912974701927,5.179644282148634,2.104969740108522,83.19242924470794
Kakamega,Likuyani,2025-05-01 23:18:21.952240,207,22,185,0.9693788313277909,93.6120747522033,2.2041459696383057,2.3956369030536013,5.680591605005489,55.243060691912724
Kakamega,Likuyani,2025-06-01 23:18:21.952240,191,34,156,3.6482134331500315,90.81048368659738,3.921185385510882,2.7801739389509006,7.2482535397212375,54.80407683096746
Kakamega,Likuyani,2025-07-01 23:18:21.952240,171,39,132,3.882006724319503,73.77464230007386,4.837405789438627,6.3369833450138096,1.3800969562273666,58.52798307120507
Kakamega,Likuyani,2025-08-01 23:18:21.952240,151,18,132,2.830947821253646,91.30463260182435,2.627626761178241,9.018837410064002,4.191528004182629,71.62766776927249
Kakamega,Likuyani,2025-09-01 23:18:21.952240,142,29,113,2.9522564284299087,94.60589782801009,2.9702045509387456,8.798467628097455,1.2583484064114576,43.69467861684129
Kakamega,Likuyani,2025-10-01 23:18:21.952240,132,28,103,4.811125384202312,91.65438641049519,1.4704477526236066,3.458698629295464,1.7452905786411428,56.105289977727054
Kakamega,Likuyani,2025-11-01 23:18:21.952240,173,39,133,4.412848027840953,80.66942197069935,1.545951857851358,2.138637954723415,5.719094694791642,60.42502307930454
Kakamega,Likuyani,2025-12-01 23:18:21.952240,175,37,138,1.65311042648896,72.28161093466629,3.8074895801782813,7.405645627957381,6.679944006402941,42.12344132594513
Kakamega,Likuyani,2026-01-01 23:18:21.952240,219,28,190,2.737942700536242,78.70163575124755,2.072603409622958,3.904291373949773,3.0072449710266094,70.63127660239417
Kakamega,Likuyani,2026-02-01 23:18:21.952240,242,37,204,4.251757588700383,93.61698431642012,3.2429242143729198,2.1415886365168566,6.3157293095446345,62.16168619783103
Malindi,Malindi,2024-03-01 23:18:21.952240,186,21,165,4.268694520089623,94.07913181376756,2.07174944368399,5.224038888826286,6.393825896979376,56.21366281544564
Malindi,Malindi,2024-04-01 23:18:21.952240,221,36,185,2.1131489274674555,75.86841639917574,3.7868127738018837,7.267175965684418,7.518130684571447,61.96228886280594
Malindi,Malindi,2024-05-01 23:18:21.952240,174,21,153,2.178804736098674,80.06968567574056,2.509227825239478,4.93071241282881,6.160352529556175,76.71352271613566
Malindi,Malindi,2024-06-01 23:18:21.952240,171,40,131,4.920066425064196,73.72923712404489,3.129747311181309,7.285232384100637,5.890484946212356,65.91884864443512
Malindi,Malindi,2024-07-01 23:18:21.952240,138,29,109,0.9631644344026453,82.45096275190619,1.6526069828664909,6.1494423279986385,4.736116522654739,48.10114630065528
Malindi,Malindi,2024-08-01 23:18:21.952240,150,26,123,1.7563797077896395,94.74148085859447,2.886363636309928,2.2143231863647905,7.770785538233652,60.46440525409935
Malindi,Malindi,2024-09-01 23:18:21.952240,139,33,106,3.2820953673124387,79.70006559110338,2.947812013352753,9.050360660521385,5.693037401549597,80.47642809151063
Malindi,Malindi,2024-10-01 23:18:21.952240,134,14,120,4.855003326832155,81.41644201592483,1.823389611349227,5.123950149421127,4.060698543944177,83.2615242779359
Malindi,Malindi,2024-11-01 23:18:21.952240,163,31,132,2.1395820935586767,86.07966610349169,4.612820545381773,2.1554013510333103,4.381236017957588,84.83556598142101
Malindi,Malindi,2024-12-01 23:18:21.952240,200,25,175,2.0704549580244227,73.85408825692642,1.618172295094284,2.0178111342275917,1.392215764729533,71.43034595013191
Malindi,Malindi,2025-01-01 23:18:21.952240,219,35,183,4.749759487797185,81.91180983374291,2.6553937837899957,4.113877952172901,5.769734359328344,59.54671561357837
Malindi,Malindi,2025-02-01 23:18:21.952240,229,40,189,3.8837941608289017,81.0380659917355,3.8753098838392273,7.9372569037424,7.210169430573852,58.272094646642245
Malindi,Malindi,2025-03-01 23:18:21.952240,238,26,212,2.058363781196058,71.13943494380496,2.346894397594844,7.266568156965745,3.836262789385388,78.3943598525387
Malindi,Malindi,2025-04-01 23:18:21.952240,266,27,238,4.729712001155194,77.16140946780126,2.3305436227783165,3.763876817523106,5.352074263933269,47.60984479836182
Malindi,Malindi,2025-05-01 23:18:21.952240,190,30,160,2.6963656949752304,77.69982426022379,2.6164154557078767,2.1251617316149325,4.120787765688264,44.858039562001174
Malindi,Malindi,2025-06-01 23:18:21.952240,161,24,136,3.9799328424383913,73.51032445485406,2.299147185364603,2.5214999332242636,3.1194389897781063,77.3539113949009
Malindi,Malindi,2025-07-01 23:18:21.952240,150,20,130,2.2679732460697895,91.7277746924968,3.598858242539581,2.9252948189507313,7.720340815600494,63.81213886579749
Malindi,Malindi,2025-08-01 23:18:21.952240,136,27,109,4.602944383631299,91.9579272574092,2.001318498715141,8.502064405532435,2.7003365086267648,81.23963351604826
Malindi,Malindi,2025-09-01 23:18:21.952240,135,20,115,1.2599020471132196,90.95820647524887,2.328264726359695,7.13411090778173,7.402760210539562,40.29052068768132
Malindi,Malindi,2025-10-01 23:18:21.952240,128,31,97,4.404378938683004,76.18220292250682,3.6257286451835973,8.535271647950232,6.014189484933664,43.731442984120065
Malindi,Malindi,2025-11-01 23:18:21.952240,162,33,129,3.8886633553259595,76.61282285681128,2.839696709573315,6.449027601215549,1.4668263374865689,63.24811252330122
Malindi,Malindi,2025-12-01 23:18:21.952240,200,41,158,1.0050971423200366,76.76171174214292,3.886299869677772,8.137448560473,2.2337553954880995,43.17016052470328
Malindi,Malindi,2026-01-01 23:18:21.952240,202,28,173,4.833564119011571,83.75054861061895,2.597731928135599,8.289974029781671,6.852716632227387,50.84424995414433
Malindi,Malindi,2026-02-01 23:18:21.952240,259,64,194,3.6675256015440896,92.73668188626212,4.596314863643059,7.83371001404558,4.960000980175195,58.848484697664645
Malindi,Magarini,2024-03-01 23:18:21.952240,102,23,79,3.146568303812278,93.97482303861815,1.0247480400940385,4.4093672513842,1.6305548155722285,73.6762921629622
Malindi,Magarini,2024-04-01 23:18:21.952240,105,21,84,2.097253019548467,87.23828397748956,3.8081952006482642,8.533723380080527,7.452269751989769,82.56822409782168
Malindi,Magarini,2024-05-01 23:18:21.952240,89,18,71,1.422367299366617,94.48880520857882,1.8172297775718986,9.545961198044692,4.350786918956145,59.66486980596174
Malindi,Magarini,2024-06-01 23:18:21.952240,83,10,72,3.762034824312386,86.33059978335095,3.5894707065208507,2.795781901355305,6.298728163270644,64.72894076482912
Malindi,Magarini,2024-07-01 23:18:21.952240,56,13,42,4.687268403316525,93.72262636546934,4.159404060106783,4.234783859572596,5.402071221472989,40.73968618116785
Malindi,Magarini,2024-08-01 23:18:21.952240,52,12,39,2.4072237186256076,78.29703368664124,4.853658569823812,6.5737332399914274,1.2689381469543826,52.663984565954216
Malindi,Magarini,2024-09-01 23:18:21.952240,55,6,48,0.6104818590719517,82.4895163533732,2.834576770808581,3.4697828314526005,4.310010572088091,62.01475790905259
Malindi,Magarini,2024-10-01 23:18:21.952240,58,11,46,2.4089729871972576,70.65020503342224,2.2361054976700134,9.657673802426267,4.37814363919987,46.328992696069164
Malindi,Magarini,2024-11-01 23:18:21.952240,60,9,50,1.1780488476030777,94.90549145930714,2.893667731280796,9.040060037582471,2.5529599410333823,83.28459038181666
Malindi,Magarini,2024-12-01 23:18:21.952240,74,17,56,3.2522751282128386,82.82123477756879,4.8862473889381555,9.013465640313365,5.6454953391991,72.81649975356478
Malindi,Magarini,2025-01-01 23:18:21.952240,101,15,85,1.8130954058050328,74.45497716943173,4.619424979169464,5.26734220703005,4.827149762024019,40.731428608232235
Malindi,Magarini,2025-02-01 23:18:21.952240,103,17,86,4.302220111741032,82.75726767561102,2.4703488189363294,2.7104043026341387,2.409673705261001,52.39496038958177
Malindi,Magarini,2025-03-01 23:18:21.952240,97,22,74,2.7478542354946014,80.17480693995525,3.990789400453528,2.8270341044486544,1.80898590050582,51.071631461253965
Malindi,Magarini,2025-04-01 23:18:21.952240,95,20,75,3.695354301663561,84.2713309667072,1.569319849542131,7.908893471687365,7.907287960838546,50.5414196182244
Malindi,Magarini,2025-05-01 23:18:21.952240,96,22,73,1.2830581155964704,84.8813443664786,4.871712564030375,2.885751891505117,1.5209251322560515,44.19732739009118
Malindi,Magarini,2025-06-01 23:18:21.952240,68,13,55,2.8594602779170755,73.80669213952575,1.42210858122144,5.855849438811309,1.6373690135760484,73.28494223769866
Malindi,Magarini,2025-07-01 23:18:21.952240,75,13,62,4.154885421219599,80.08388440742881,2.5897453160260047,3.477627741156266,7.690428609647644,75.13026949412591
Malindi,Magarini,2025-08-01 23:18:21.952240,56,7,48,2.830352460657344,79.50202446781785,3.5154297166232458,4.478512236379146,6.097987767409553,56.38233138806089
Malindi,Magarini,2025-09-01 23:18:21.952240,57,14,43,3.6700404981358634,88.14064154245618,1.5945488230777203,2.2501055571920663,7.415068090648427,76.94138181283202
Malindi,Magarini,2025-10-01 23:18:21.952240,55,6,49,2.9902683701951176,72.46551216720141,4.279052061517005,8.210957321625017,6.205136537974493,72.19460645372597
Malindi,Magarini,2025-11-01 23:18:21.952240,71,17,54,4.867818759597174,86.8054566534997,1.4795230997158977,4.53238106471559,4.875346787294882,61.25872490297134
Malindi,Magarini,2025-12-01 23:18:21.952240,65,15,50,1.2031417414375203,91.27040234405345,1.1764006580098965,2.5684759739431966,6.999661773867309,48.51346711032033
Malindi,Magarini,2026-01-01 23:18:21.952240,75,10,64,4.904257311080236,77.78329878067592,1.4538172687039959,3.0340767380158287,6.360746143282436,69.17707658996747
Malindi,Magarini,2026-02-01 23:18:21.952240,93,17,76,1.3210055108438097,85.7938514694357,4.0301916649806575,5.210819495046002,3.104777295208739,82.1866107442791
Malindi,Ganze,2024-03-01 23:18:21.952240,337,46,290,2.4217097645787513,70.26526109602774,1.609622220531906,7.3967347664883665,6.8198034899072315,55.62506260729751
Malindi,Ganze,2024-04-01 23:18:21.952240,299,63,235,1.7484557255152613,83.5631703099117,1.2758076378264835,7.048734807765339,6.080748538390639,60.443140061718665
Malindi,Ganze,2024-05-01 23:18:21.952240,231,51,180,4.224867331280928,74.3184068689503,1.6684127727740075,3.587599599451983,2.559696562724053,50.9230031226503
Malindi,Ganze,2024-06-01 23:18:21.952240,255,45,209,2.800161645225974,94.9837698088681,4.686960841936784,2.7554879215020422,2.5712107528926884,54.885960089684836
Malindi,Ganze,2024-07-01 23:18:21.952240,204,41,162,3.063928359212345,77.8533814258458,2.9129733252756047,4.930498702379829,2.969764448958054,62.55818394053037
Malindi,Ganze,2024-08-01 23:18:21.952240,169,22,146,4.3618785084434455,86.33593815554114,4.132526212873449,7.00451945219305,5.088665837204235,51.943418578428364
Malindi,Ganze,2024-09-01 23:18:21.952240,169,20,148,0.6491688206683737,88.4371257624862,2.1855033193119913,3.980185972840663,7.181692886616986,58.47255769562064
Malindi,Ganze,2024-10-01 23:18:21.952240,186,25,161,4.966837119416034,75.03831342090426,4.882210123391471,3.2502143151519176,2.5566751699445582,47.81846514540399
Malindi,Ganze,2024-11-01 23:18:21.952240,232,45,186,2.551654085816414,93.44657267549591,2.99321352897828,6.955037019625022,7.42420189789394,54.65164860296457
Malindi,Ganze,2024-12-01 23:18:21.952240,310,51,258,1.6789592383451861,84.57234745755498,2.5174719467951063,4.179717716308985,2.369672965743904,56.86969162896095
Malindi,Ganze,2025-01-01 23:18:21.952240,265,53,212,0.9705933545092847,72.49214886285364,4.457186377137811,2.0913368651036484,6.277978286200642,72.59933877439394
Malindi,Ganze,2025-02-01 23:18:21.952240,263,38,225,1.6282093495850383,90.88976126045222,4.563932064433525,7.515324425727553,6.844297534837311,41.99063394398985
Malindi,Ganze,2025-03-01 23:18:21.952240,291,50,240,1.6005373446761129,80.53517868201027,1.129733180490839,4.756464905562665,4.720207139631183,73.73800754428117
Malindi,Ganze,2025-04-01 23:18:21.952240,297,37,259,3.528993898650906,78.09140141681621,4.6771014594303075,9.996730246478894,4.158521711141926,64.03745318199017
Malindi,Ganze,2025-05-01 23:18:21.952240,230,49,180,0.5645645779537989,87.5196196001474,4.094236244283598,9.515477181735083,3.2300052936467827,65.40011646333863
Malindi,Ganze,2025-06-01 23:18:21.952240,253,27,225,1.4384544195981679,93.1356440178892,1.2704717425472634,8.64847198137732,4.588613098514868,77.59478503651792
Malindi,Ganze,2025-07-01 23:18:21.952240,197,24,173,3.390298763455051,94.34033061623131,4.261569367670257,4.867383097170635,6.640781668277839,56.24100286558742
Malindi,Ganze,2025-08-01 23:18:21.952240,181,32,148,2.767603077864738,82.74865578889619,4.458127517341694,3.1811193609984274,6.975659724568026,80.14930869297237
Malindi,Ganze,2025-09-01 23:18:21.952240,170,23,147,0.8377074345464856,93.79677188723245,3.4978156409959515,2.247482284559273,2.4022536595571866,46.2366972139572
Malindi,Ganze,2025-10-01 23:18:21.952240,188,30,158,3.5154356204860697,70.78447566608405,2.1030028389169275,6.91304924849515,6.782816019623857,66.41477180518902
Malindi,Ganze,2025-11-01 23:18:21.952240,192,26,165,2.5850821192007913,92.77066413436778,1.122219229895392,8.733839382841229,2.7188448029067636,68.47178465142767
Malindi,Ganze,2025-12-01 23:18:21.952240,269,50,219,3.226903809598511,79.70005324637211,1.5364228053229394,5.295096144361951,4.847804158698353,55.50354974423111
Malindi,Ganze,2026-01-01 23:18:21.952240,309,49,260,2.6793185002298157,71.87511744246214,4.0021785752918495,8.512526801222801,5.1133324142940655,64.93508832719009
Malindi,Ganze,2026-02-01 23:18:21.952240,374,66,308,3.6163710493941057,84.01663400490354,2.7572095687287317,8.353159803839548,2.818442368689446,64.40964107719734
Malindi,Kalifi,2024-03-01 23:18:21.952240,188,35,153,1.5910206244750045,79.93998614408383,4.082218596789781,5.407098318357298,5.824010584690956,80.76973672411415
Malindi,Kalifi,2024-04-01 23:18:21.952240,187,36,151,1.6446419793224756,88.14621226891636,1.7671370510130373,5.734562726674064,1.4930391099969573,82.10430313463992
Malindi,Kalifi,2024-05-01 23:18:21.952240,201,28,173,4.171994821165525,92.73879846860135,3.780593998107212,2.114856607094781,3.527658380862663,58.222340276090186
Malindi,Kalifi,2024-06-01 23:18:21.952240,192,45,146,3.296825459633299,88.13973325534991,4.118752421162974,3.7674548553544893,6.534692724840666,78.03807455328393
Malindi,Kalifi,2024-07-01 23:18:21.952240,149,31,117,2.5986563307492094,85.35108252517367,4.648516128595215,4.469225899162025,3.4935041068761468,62.45623098223709
Malindi,Kalifi,2024-08-01 23:18:21.952240,113,17,95,1.6917970834617075,75.77887472393948,3.742034851917811,8.016440874420237,7.069097838805138,75.96525834718948
Malindi,Kalifi,2024-09-01 23:18:21.952240,123,18,105,2.4312508581917482,77.08545347285332,4.248870264955183,3.704484543334578,7.145214211600442,79.37581008705797
Malindi,Kalifi,2024-10-01 23:18:21.952240,125,24,100,2.088939563907056,91.67207383272336,1.2015724341870047,6.123714762090585,1.540778219138093,50.144932937940325
Malindi,Kalifi,2024-11-01 23:18:21.952240,117,11,105,1.2754094723677505,85.40378512366748,2.02881617484188,6.098596518210258,6.149136675668619,59.11393871532702
Malindi,Kalifi,2024-12-01 23:18:21.952240,146,33,113,2.29201341499343,91.1027287583063,3.631703859343462,7.532360900585781,7.325918420039243,65.97558260982217
Malindi,Kalifi,2025-01-01 23:18:21.952240,235,30,205,2.876660139558623,93.52238566961158,4.797823657525742,8.398707420391922,1.3040305137316577,69.5668686632527
Malindi,Kalifi,2025-02-01 23:18:21.952240,209,34,174,0.7348989040065611,71.3311507526546,3.6694680509112274,4.701778513992662,5.530871713007216,49.24475152337211
Malindi,Kalifi,2025-03-01 23:18:21.952240,219,52,167,3.5353297884165538,71.64175583070546,1.4726192802759286,2.281525541431387,5.4333042234983076,73.78464312770302
Malindi,Kalifi,2025-04-01 23:18:21.952240,233,57,175,3.5538249707475846,90.03229497886579,4.140178528299311,3.1949926168098166,6.184693690815917,73.82916185684785
Malindi,Kalifi,2025-05-01 23:18:21.952240,218,23,195,2.211502956596031,73.05628369467787,2.733182714165427,5.705847802863608,4.889419423248106,52.66157884841189
Malindi,Kalifi,2025-06-01 23:18:21.952240,185,40,144,2.784308301341582,77.06098654943175,3.52141028519218,8.190951904491204,5.069168904474774,55.319788786702034
Malindi,Kalifi,2025-07-01 23:18:21.952240,133,27,105,3.0683526764316076,83.55608331997021,1.9353824689399914,8.890534076065492,5.360513190686216,63.73970619697605
Malindi,Kalifi,2025-08-01 23:18:21.952240,116,15,100,1.1177468325901994,80.06380063100654,4.817529479493409,8.919817508380792,7.713112693165132,59.96732293657155
Malindi,Kalifi,2025-09-01 23:18:21.952240,114,16,98,4.574448979013966,93.76299076982289,3.9934731109794526,4.610838837601862,4.7433360032771095,40.469052437783446
Malindi,Kalifi,2025-10-01 23:18:21.952240,124,25,99,1.4771184475529455,91.13135285193216,4.747527496589694,6.280074507776279,7.530186121789983,66.69552273527745
Malindi,Kalifi,2025-11-01 23:18:21.952240,154,38,116,4.615844348840797,72.92408140751063,2.7473501292726326,6.167869136511905,4.240028501035214,77.67789279651956
Malindi,Kalifi,2025-12-01 23:18:21.952240,173,20,153,2.5623606706861617,94.60840176876931,1.8416567142057887,4.176245243976526,5.578510567003634,79.41430196171876
Malindi,Kalifi,2026-01-01 23:18:21.952240,204,32,172,3.6322113358490564,93.2875723340594,4.602979845164022,9.810183261459557,5.278191260888116,82.26429059725609
Malindi,Kalifi,2026-02-01 23:18:21.952240,211,47,164,3.4029267310764806,78.74692134418004,3.4782205547288636,3.6845032095071755,7.09238389634455,51.30642574872523
Malindi,Rabai,2024-03-01 23:18:21.952240,64,7,57,2.9768822662206476,86.4576232527227,1.6996119982848983,4.716858538238154,3.8635749092246425,53.565661696939834
Malindi,Rabai,2024-04-01 23:18:21.952240,82,15,66,4.785605361754546,89.7183733511716,2.9496741864457827,2.428491498882007,7.148414795823754,50.92757786052006
Malindi,Rabai,2024-05-01 23:18:21.952240,73,13,59,0.742538098829157,85.50810885879186,3.6190497165179036,2.837071249825504,5.869662420183954,40.70988573780029
Malindi,Rabai,2024-06-01 23:18:21.952240,52,9,42,0.9651840578364823,90.12586929943812,3.0618309032549096,2.057459059077411,1.4544794412118311,72.85222936931288
Malindi,Rabai,2024-07-01 23:18:21.952240,52,6,46,3.1527379282598864,70.57860775863392,3.1467944206130745,3.869168402632112,5.842403815677413,47.751775914480056
Malindi,Rabai,2024-08-01 23:18:21.952240,39,6,33,0.6662116417095176,88.51129453721713,1.189942133560736,9.488974526664332,7.443405589690564,51.06975207411708
Malindi,Rabai,2024-09-01 23:18:21.952240,48,6,42,3.169904711100106,87.4299569657355,3.7770004077217356,8.135611443172584,6.898001845206346,69.99665179856034
Malindi,Rabai,2024-10-01 23:18:21.952240,42,6,36,3.822604889852826,71.1382835791248,1.0109853049262139,9.497135310050815,7.712629921572572,72.70839615893058
Malindi,Rabai,2024-11-01 23:18:21.952240,54,7,47,3.6765175114790987,82.23723871556714,3.435903113674765,8.973774381269703,2.618060736239646,72.56417967905782
Malindi,Rabai,2024-12-01 23:18:21.952240,65,8,56,3.450130902543734,82.89185857691038,1.8387228220145868,9.224540866166741,2.7927189258415437,73.37999483376345
Malindi,Rabai,2025-01-01 23:18:21.952240,66,15,50,2.022718365581329,82.64574773170033,2.4506658768206377,2.868510388124675,7.342729562223992,83.31010131735073
Malindi,Rabai,2025-02-01 23:18:21.952240,80,19,60,3.8877661727252257,89.50895587180001,1.5777844779858912,7.801487115986902,6.5598108538632705,77.38781185894842
Malindi,Rabai,2025-03-01 23:18:21.952240,65,13,52,3.9791755888736238,75.35479175667419,4.945172273207882,5.045470240556967,7.5061872420565745,71.53643037470054
Malindi,Rabai,2025-04-01 23:18:21.952240,80,13,67,1.9225040018923272,79.50663560183781,4.030817523478413,6.469805434561417,1.1469968821145589,80.69290649393312
Malindi,Rabai,2025-05-01 23:18:21.952240,66,15,51,1.560976718368851,78.71073848449566,1.7632842209023813,8.204760151185676,4.4560808228832895,79.193636549308
Malindi,Rabai,2025-06-01 23:18:21.952240,65,7,58,4.663297607037605,74.48588139316549,3.904389022338208,7.7125613642175335,5.0471510201737555,73.17138639034334
Malindi,Rabai,2025-07-01 23:18:21.952240,45,5,40,1.175108058883274,94.3809328043317,2.998840728013778,2.011098276569218,4.741500829744966,53.520390735907036
Malindi,Rabai,2025-08-01 23:18:21.952240,41,8,32,4.411156553682857,72.35309656230211,2.2335986645214554,8.380760370814006,5.34858858522699,75.50128464932328
Malindi,Rabai,2025-09-01 23:18:21.952240,51,6,45,2.9961717318720895,72.46754238379643,3.3393916629413494,6.880769205291707,7.455938180520762,73.55813897290574
Malindi,Rabai,2025-10-01 23:18:21.952240,51,11,39,4.284017116672689,85.7381904936155,2.112023899170119,4.692099158168243,1.7529213516099196,49.9726242969984
Malindi,Rabai,2025-11-01 23:18:21.952240,55,13,41,0.8637004697550075,94.20065154146585,3.6159901704044892,5.783280080959463,2.7064557398279288,41.1781189440286
Malindi,Rabai,2025-12-01 23:18:21.952240,69,7,62,2.4491071242237075,94.81080985703139,3.146177721168623,5.054091518542114,4.81885811955995,72.92373662112482
Malindi,Rabai,2026-01-01 23:18:21.952240,70,17,53,1.446999956645547,88.7849257605185,2.044318039230904,4.3937891428180444,5.996040104231411,65.8109285594054
Malindi,Rabai,2026-02-01 23:18:21.952240,81,17,63,0.9480651375435998,74.331030559686,4.771930612551801,9.19876353034174,1.240327634351093,80.57419974610102
