county,sub_county,date,water_access_pct,sanitation_access_pct,handwashing_facilities_pct,safe_disposal_sanitation_pct,basic_drinking_water_pct,hygiene_promotion_coverage,community_led_total_sanitation,school_wash_access
Nairobi,Westlands,2024-03-01 23:18:21.952240,63.803962942484546,51.338660220594576,70.96435749097793,45.62869347664609,55.592563124687565,53.24623232198356,49.1531246617148,83.19572707705962
Nairobi,Westlands,2024-04-01 23:18:21.952240,75.89660472134076,42.54053961835585,80.47789379280567,67.42355440075323,56.24717119285363,61.728249892332755,14.353671192110024,70.50225751780235
Nairobi,Westlands,2024-05-01 23:18:21.952240,49.68916834964334,79.31891779742806,46.97527611136111,43.620890353456396,93.28443355956996,30.83415467936754,59.169233632568336,81.60927912523111
Nairobi,Westlands,2024-06-01 23:18:21.952240,84.68096670178463,79.29037967509129,59.34662651450501,32.296283108103616,47.63322442267467,40.31142901190822,64.0065107982655,53.331371187299624
Nairobi,Westlands,2024-07-01 23:18:21.952240,89.23390495928578,79.30612735874116,55.206631636709275,54.933322554489685,68.1216657350883,20.69333763335266,26.92334168914176,83.24115519132788
Nairobi,Westlands,2024-08-01 23:18:21.952240,75.35468563757206,85.47227112556388,43.66851203817902,48.78263687332203,89.6501534116782,55.9946279973152,56.380151645046766,49.969448926695605
Nairobi,Westlands,2024-09-01 23:18:21.952240,86.54799556723162,52.82135653414366,37.930452291603,50.767781524091234,63.823187379037975,40.672482099453646,42.21025116558581,60.4516949116198
Nairobi,Westlands,2024-10-01 23:18:21.952240,40.08962131816568,93.64466546847532,68.80690353024445,60.393739341816115,57.83150471699895,21.024856501244308,49.610844979824726,43.03762904059591
Nairobi,Westlands,2024-11-01 23:18:21.952240,60.18299546269431,64.9488722586392,25.481463943290144,84.11402230365836,87.01355002538435,36.00049938818911,48.67633375473673,73.17091100188583
Nairobi,Westlands,2024-12-01 23:18:21.952240,54.77575159208112,85.1212298506764,60.24053955761012,83.77889247797707,68.12342523989551,32.42328854597483,44.937853786571495,69.21766586892002
Nairobi,Westlands,2025-01-01 23:18:21.952240,51.763705275553306,53.87070458116911,49.02074344295694,58.62934000709589,66.09877424378799,62.43154180808161,43.667985142725456,50.42453239876511
Nairobi,Westlands,2025-02-01 23:18:21.952240,86.0024357020183,36.940416739762995,63.31268219281098,57.3920967896001,47.693192955387495,30.307930217161083,10.110842707251562,78.13183680644465
Nairobi,Westlands,2025-03-01 23:18:21.952240,43.87553698160693,59.26987906143591,61.57201094929197,69.72556380827118,83.15277969070743,50.53858442905725,18.177010846602382,56.451110505096686
Nairobi,Westlands,2025-04-01 23:18:21.952240,91.35609826385333,50.828961917373285,61.26566602072432,38.9240473608429,58.29583060592492,47.382932553294765,44.457120968972994,62.920422402969564
Nairobi,Westlands,2025-05-01 23:18:21.952240,62.877580785937354,75.15691184740545,44.7914433900777,32.80326364001944,47.72114794889202,69.99558103014458,27.47645158716168,66.96389557087986
Nairobi,Westlands,2025-06-01 23:18:21.952240,41.9641557673076,50.56706096265013,59.9210608354882,87.49132632205591,95.59283135204586,36.96520483494268,51.71233491120993,70.57459359444857
Nairobi,Westlands,2025-07-01 23:18:21.952240,47.675185423445406,67.05557694580433,83.1063451525171,86.69716080405082,85.06965518181937,36.129277698099514,47.3611602896606,55.13749881520404
Nairobi,Westlands,2025-08-01 23:18:21.952240,71.22841923418108,74.70687061296005,74.05880688858906,79.54375889675347,72.49142966639579,69.14639696989667,55.994651715679645,49.75405066844295
Nairobi,Westlands,2025-09-01 23:18:21.952240,64.61421304959322,43.6248110135903,39.69454327884485,63.83330711165101,89.09664665179467,41.576981841744114,23.65828798825304,84.41596428906499
Nairobi,Westlands,2025-10-01 23:18:21.952240,40.647157124415095,82.4427178211011,43.65656790937654,42.70822721393809,46.27693631941665,75.35756435668105,45.85213063660617,54.470512383461816
Nairobi,Westlands,2025-11-01 23:18:21.952240,88.7414088289992,55.99167338665287,78.5062176590377,62.38894160985276,69.1122111550242,77.7909528039436,48.83379932392706,74.40430527897249
Nairobi,Westlands,2025-12-01 23:18:21.952240,63.16883655068848,84.08664054347773,32.244424796406825,86.59951696244528,96.33660498485796,29.859928904504176,37.52559161584073,49.474641440788346
Nairobi,Westlands,2026-01-01 23:18:21.952240,52.78799112284411,52.027438959875525,25.665155368512455,87.91446508289721,71.91965286922422,27.272347001165706,49.41940824792154,31.683983980679656
Nairobi,Westlands,2026-02-01 23:18:21.952240,80.98193807161184,58.011678485499296,53.01467974923355,58.51496314261157,66.38639908708359,68.29951736328758,23.762380273458177,32.42176397532364
Nairobi,Dagoretti,2024-03-01 23:18:21.952240,40.09512861516843,75.52707016462168,42.08176208096913,60.47285316203492,66.9356598357755,76.14316623728178,46.09371771149522,41.37975342799224
Nairobi,Dagoretti,2024-04-01 23:18:21.952240,61.70772613473217,44.182385230041106,54.66404153508367,30.19368232577608,45.63995477758137,22.845719138892747,31.623052508365905,34.62106812746639
Nairobi,Dagoretti,2024-05-01 23:18:21.952240,56.400149080043875,40.12650894404938,25.75966216343672,36.12872562525269,72.72535116999885,71.60234717677562,37.66758526202662,74.5451089579337
Nairobi,Dagoretti,2024-06-01 23:18:21.952240,42.90134525272548,82.16895404209161,80.80256923094089,63.9001230226049,80.45546025696348,58.20898888207598,50.10491544735863,38.425867264215775
Nairobi,Dagoretti,2024-07-01 23:18:21.952240,63.79371555771304,62.647259921444565,78.99300721272797,72.8889690717163,81.75629632124301,56.79985095105565,36.07336556289489,52.30832889445091
Nairobi,Dagoretti,2024-08-01 23:18:21.952240,73.16736736243345,52.85307784728545,41.081856305612654,40.29869150135052,91.08403214690533,72.04318920780143,34.63724818252444,79.38047192430386
Nairobi,Dagoretti,2024-09-01 23:18:21.952240,75.57127856341057,42.533609529911736,61.409513452816824,73.64680545784702,94.90252704048858,25.267475059133446,23.880265751288793,64.33797487184987
Nairobi,Dagoretti,2024-10-01 23:18:21.952240,40.556557670752596,51.248681869063546,48.770110956850345,72.48925133401663,71.50424619491832,61.89756483797931,15.555362751844996,66.70381138918037
Nairobi,Dagoretti,2024-11-01 23:18:21.952240,45.78551182392347,45.78144214037812,71.0369519955392,74.47399460920641,67.982915735499,73.11474569775757,52.0885109402734,79.91976405829111
Nairobi,Dagoretti,2024-12-01 23:18:21.952240,55.101517519726144,42.67481232653816,79.5303357678227,33.32096857760976,71.55460403871814,26.388496450607377,58.74566429735897,34.980879538222794
Nairobi,Dagoretti,2025-01-01 23:18:21.952240,66.40900907312975,59.56703877168741,32.69320608316731,41.81087785928154,53.30818039078126,63.34585221399359,34.8871218899842,48.70303082950037
Nairobi,Dagoretti,2025-02-01 23:18:21.952240,77.8083521420636,53.29414764019321,63.104615401896254,77.60191695402298,83.95342004978107,33.10469043066119,29.695502848776254,43.145839152001145
Nairobi,Dagoretti,2025-03-01 23:18:21.952240,83.84293999451128,64.57754353462403,42.08186792640272,72.57957891879181,67.45963656018215,38.121170394649184,57.67138080208274,39.64722340071146
Nairobi,Dagoretti,2025-04-01 23:18:21.952240,64.19938084221353,37.07499042670322,68.71577879066925,54.134072275739506,76.50891133964461,54.44889896285794,24.617280060599786,74.8677435667678
Nairobi,Dagoretti,2025-05-01 23:18:21.952240,42.62501953227595,90.13843397109824,82.32621490160246,53.39372708427716,57.47660002886735,36.19025864758433,68.9443247478348,39.330968314062424
Nairobi,Dagoretti,2025-06-01 23:18:21.952240,68.89216637749601,64.35334688676174,26.24654924088568,69.27316873911514,52.51171269981757,74.99124089785715,19.468472870003666,71.67709561551345
Nairobi,Dagoretti,2025-07-01 23:18:21.952240,59.25094302035066,92.20461809987933,79.33627444436877,84.0603195609051,91.98182722471695,52.00549710830833,62.730082181158316,59.521763736689934
Nairobi,Dagoretti,2025-08-01 23:18:21.952240,73.9157330474399,46.28044848691669,74.16159733837566,55.155582264128,49.09292886545184,32.97215921673684,68.62799551372261,78.62243139067509
Nairobi,Dagoretti,2025-09-01 23:18:21.952240,42.11794176222494,54.31477915168303,58.397439368616425,35.21893773660128,47.84936166679643,36.397164440734414,62.07175295066021,33.49570231518665
Nairobi,Dagoretti,2025-10-01 23:18:21.952240,62.02253893248647,66.89455193933165,28.003353988652254,70.81267051985239,81.01372040380303,65.8608613663919,11.583122291529868,47.12331720139254
Nairobi,Dagoretti,2025-11-01 23:18:21.952240,86.35979903356989,73.81387324045093,81.86685029851088,38.17170639683444,55.447061425980785,25.73054629034693,37.272081911713386,30.298839889531727
Nairobi,Dagoretti,2025-12-01 23:18:21.952240,50.723266153883195,67.08996997448995,40.61731078417863,77.1902074701116,70.45775064390119,41.936011784756715,55.12895876191939,84.57912550798636
Nairobi,Dagoretti,2026-01-01 23:18:21.952240,63.03751178421123,82.18043616465613,29.347844942671152,58.72332317769731,76.2312342089541,35.34607782307036,18.21072488649132,68.90596911815487
Nairobi,Dagoretti,2026-02-01 23:18:21.952240,72.88721472953738,39.010227283405435,27.748068400430597,58.33633565219408,50.18517382571173,37.874862016867425,67.28821982386114,66.67741129515545
Nairobi,Kamukunji,2024-03-01 23:18:21.952240,45.962721873413585,51.97998581736514,29.06365998716271,66.16232553774674,48.05054001742915,58.46097531336973,21.81742669554574,63.99676397443346
Nairobi,Kamukunji,2024-04-01 23:18:21.952240,41.2593145572666,69.23213988037479,52.43888209359165,88.04317565345556,69.36716550954955,23.80533562409461,39.1109410353815,69.4997079954125
Nairobi,Kamukunji,2024-05-01 23:18:21.952240,47.34063040207846,75.40025122248619,30.164377761028973,81.63884815372909,87.18344824283261,27.208249096213407,49.32389294474453,82.78724944984542
Nairobi,Kamukunji,2024-06-01 23:18:21.952240,47.59508333245968,68.41283672360977,74.32386108029988,55.40622395234609,66.76951226304713,34.05190698985574,40.777718326889804,41.08170511624086
Nairobi,Kamukunji,2024-07-01 23:18:21.952240,40.17767031080705,47.924970949873966,54.413022683526954,64.80688955784612,90.74926867962373,71.51563672089773,17.227053594952952,78.86579432058296
Nairobi,Kamukunji,2024-08-01 23:18:21.952240,60.808420937982824,37.47767222807301,53.205287125739105,85.47879623966605,95.29424044747768,60.95755665330066,50.44111419066824,62.838841020532136
Nairobi,Kamukunji,2024-09-01 23:18:21.952240,78.87755900824624,88.02781238702242,63.44168856613719,34.83726137366561,71.93183917577431,44.04783395577276,44.75458488509383,46.988071440414835
Nairobi,Kamukunji,2024-10-01 23:18:21.952240,54.49019596960834,37.10093320540354,49.765767635999765,89.81111940370963,56.65106067444837,44.05870145409535,40.61330843590437,32.97657914639834
Nairobi,Kamukunji,2024-11-01 23:18:21.952240,90.45461273405562,81.99498305548558,34.69079167875701,80.27889578458019,57.75038228829759,49.89272918848455,35.39828856716413,67.25116964395664
Nairobi,Kamukunji,2024-12-01 23:18:21.952240,55.433786761974105,41.686770816894764,36.899346388887025,78.5513463486854,93.38578641608422,43.533185037533585,62.22334243206692,67.63403082902241
Nairobi,Kamukunji,2025-01-01 23:18:21.952240,55.00654830357092,42.40510658008068,58.476450500247964,72.4510640975127,70.78035088393432,77.35296510746565,10.792378835204646,63.595752756556784
Nairobi,Kamukunji,2025-02-01 23:18:21.952240,96.88470650646039,35.71639500609354,59.00585746396827,88.27711561764791,90.15241553428957,53.180930337527,21.686332587122912,77.70209320803647
Nairobi,Kamukunji,2025-03-01 23:18:21.952240,79.24389965461665,43.975086481843995,36.570171138483225,75.44663541313092,65.59982115453911,60.73434995090842,47.669152460870635,82.07134307995827
Nairobi,Kamukunji,2025-04-01 23:18:21.952240,89.74258414234399,83.75975923443852,60.38076235679673,48.924740364364325,59.717359314064396,62.77636319747627,62.56178257099536,71.42588232293261
Nairobi,Kamukunji,2025-05-01 23:18:21.952240,42.086841962855445,35.56410884972513,52.18262511641935,30.509464787554975,74.5788443080964,62.95013081873526,58.33548061287661,57.775805841696936
Nairobi,Kamukunji,2025-06-01 23:18:21.952240,59.397865338110314,56.08711232231781,41.098952096946235,86.31763300304488,51.803974048190554,41.177553862694474,63.84087958895523,75.08990228942417
Nairobi,Kamukunji,2025-07-01 23:18:21.952240,55.79455266831981,67.73410654329264,44.45297186655512,52.26426905780964,96.05780736811352,41.13064079888533,32.526063178490425,59.189980689278144
Nairobi,Kamukunji,2025-08-01 23:18:21.952240,87.43595010035907,85.22717909198367,35.165428726492166,54.28178438312605,53.55246274215817,37.66650968699677,25.75208546333041,52.86631903359017
Nairobi,Kamukunji,2025-09-01 23:18:21.952240,90.53240753587566,36.766543776562216,61.67971051550692,60.917660598201905,72.1142565982067,40.415154324110816,14.702505594479325,68.41223678071876
Nairobi,Kamukunji,2025-10-01 23:18:21.952240,84.2507118359097,63.94428814042834,26.547657813183328,75.56731801659706,78.07327741843898,36.4926117365672,46.96132212119905,44.9718179162639
Nairobi,Kamukunji,2025-11-01 23:18:21.952240,87.2189447832447,94.89274238535273,38.102572593810244,59.98397684089984,88.18143330389898,63.43426042072343,53.122212866940906,40.12353938031903
Nairobi,Kamukunji,2025-12-01 23:18:21.952240,82.79232629455836,44.64998081508999,60.87117404118524,48.51750655163202,80.7358132410554,63.25445890513631,12.907990185636278,64.95263190871967
Nairobi,Kamukunji,2026-01-01 23:18:21.952240,94.68355222808951,76.0388015767428,60.7131292885823,32.40851005243102,85.90607076517625,24.60361243096089,61.369056108774785,64.76904038781879
Nairobi,Kamukunji,2026-02-01 23:18:21.952240,73.53073750968386,63.465083516314095,69.84639812579206,33.76570559039317,56.675349086296585,42.12798434458298,25.33389932056655,60.98338744544246
Nairobi,Embakasi,2024-03-01 23:18:21.952240,84.86469974281489,88.20347231252774,65.38049341608152,49.758593101021546,81.34458273665038,42.47400642882898,27.40368279477152,43.07855285214358
Nairobi,Embakasi,2024-04-01 23:18:21.952240,70.60096415960957,89.80000862778695,49.363490658731024,64.37618945444899,56.384638034919874,71.22735658056854,40.380352463617676,55.458228313111235
Nairobi,Embakasi,2024-05-01 23:18:21.952240,66.69234644797933,94.3375552424715,84.4320066453334,84.56412035775728,46.580665691668734,41.110423439777065,40.52448072972942,30.87298839493358
Nairobi,Embakasi,2024-06-01 23:18:21.952240,84.05132139856512,88.41648253468813,33.17421463520798,61.65503283122974,85.6917992391204,22.428905553390745,63.15907699094126,32.857429527414894
Nairobi,Embakasi,2024-07-01 23:18:21.952240,90.95283118625218,78.73905501446268,61.04542283138108,54.728240104679045,86.67816395030752,26.657945281506002,55.03030498813946,42.98770704810494
Nairobi,Embakasi,2024-08-01 23:18:21.952240,41.78058646230624,35.508927225163355,26.373457842507648,49.26330118943442,84.290259229313,55.63263737523896,36.719259191150265,63.43291376051926
Nairobi,Embakasi,2024-09-01 23:18:21.952240,88.16687823741542,94.49327418268913,39.65817884705656,42.23214124342452,92.72398281440654,33.51580394276654,51.27094787891138,59.920903286409086
Nairobi,Embakasi,2024-10-01 23:18:21.952240,94.0578437224686,57.92728048882968,74.79453127673153,76.36642371851666,54.95317725737701,79.63221467131491,25.47663358561497,82.31688025576756
Nairobi,Embakasi,2024-11-01 23:18:21.952240,70.31778943823267,93.5942114595401,28.718142204935017,75.58287579366265,65.1273435784098,35.99746393163975,26.544907562073856,54.672667597468234
Nairobi,Embakasi,2024-12-01 23:18:21.952240,42.25235246207251,58.76382093708978,60.35668809682973,38.041191479722976,82.48977291729928,22.82555054814808,55.98496450420479,59.67786714287517
Nairobi,Embakasi,2025-01-01 23:18:21.952240,82.35885391374461,56.48095309996768,56.972228051742675,49.88510142066371,63.34884994660465,45.220352657388446,53.6833751500687,65.01358455571315
Nairobi,Embakasi,2025-02-01 23:18:21.952240,53.87843472519691,64.70461478158417,27.920694328623387,81.08888309761542,77.01105606995196,45.29149421932023,40.32482160456078,41.30774196320578
Nairobi,Embakasi,2025-03-01 23:18:21.952240,93.99690640934432,92.1973919735214,66.52010894291818,39.695213425044756,71.01682959053004,32.99170868126872,12.685788932261882,82.41350836803545
Nairobi,Embakasi,2025-04-01 23:18:21.952240,44.08873428110504,89.09937038091172,45.41704934379749,71.69016576655841,55.10021428620622,72.00703913855288,18.769537706589922,69.31741022026056
Nairobi,Embakasi,2025-05-01 23:18:21.952240,41.66765107373186,54.430765852323134,82.1128032016045,62.871253583520804,90.73615053439627,47.35470895201727,19.309531054214883,53.04797009174413
Nairobi,Embakasi,2025-06-01 23:18:21.952240,46.40585721313949,64.95685817715287,49.85763739472409,61.48446239527635,90.57372442718575,35.993584570492935,26.4998704312256,60.924234539886754
Nairobi,Embakasi,2025-07-01 23:18:21.952240,57.27289853792249,90.39072637272294,62.68299920656942,79.88187547933974,64.15704248608844,37.32700425602566,39.26412889347213,67.42738822485009
Nairobi,Embakasi,2025-08-01 23:18:21.952240,83.42147227841718,72.83616034268627,52.452947894238655,53.4872195661779,72.85839553020887,51.16590557671069,58.62795914318037,51.25248517647658
Nairobi,Embakasi,2025-09-01 23:18:21.952240,67.45485745341952,40.96337830766444,38.323088712063424,50.29804327531447,61.83655164444,39.37908925075803,49.70347849250735,66.5916811819709
Nairobi,Embakasi,2025-10-01 23:18:21.952240,50.273042174777224,53.216865792932595,32.78825914127271,67.295479126177,45.731919911936274,74.10558779037098,36.63316501865238,64.10137355027634
Nairobi,Embakasi,2025-11-01 23:18:21.952240,57.58717012852581,91.99979154310707,70.34928101598072,50.71937319915535,66.43668568067227,37.46108840766837,24.83835080566453,82.16511755974099
Nairobi,Embakasi,2025-12-01 23:18:21.952240,73.24662659534735,38.4105427827724,66.55442233938237,34.051693724741384,80.25852912182171,67.26875873742435,39.72322398071071,83.88175189084856
Nairobi,Embakasi,2026-01-01 23:18:21.952240,76.86917710730864,84.52309197377679,76.55617004044376,32.138711809900265,87.16782346980708,53.02199647895455,16.98547552083719,67.98933527296931
Nairobi,Embakasi,2026-02-01 23:18:21.952240,85.56063901271445,86.6927460093215,49.117140437794546,62.528905785597445,57.66661687364038,75.63828806278097,50.35867560092465,73.55245574883409
Nairobi,Kibra,2024-03-01 23:18:21.952240,50.9696691450048,88.42515011282185,32.94393229195484,83.11606080885161,63.97017721291918,44.04863648848284,62.5886486454755,77.34861826107777
Nairobi,Kibra,2024-04-01 23:18:21.952240,77.2450334779841,87.26981914818035,57.70547713218816,31.84003149907911,62.49776506062743,49.56238110015167,12.685539413691165,69.89255050563008
Nairobi,Kibra,2024-05-01 23:18:21.952240,62.53653477405623,49.02176075302545,52.409228212784086,80.48264637958091,83.75583723408894,37.137412102600734,61.19208998838696,49.279545025194025
Nairobi,Kibra,2024-06-01 23:18:21.952240,41.794121049688165,53.440701591820385,71.4381892046959,34.99232020246633,62.354555543871584,61.74153170030605,24.776136601772713,45.52977359695191
Nairobi,Kibra,2024-07-01 23:18:21.952240,82.85435393040225,91.14883080513093,41.93162268208711,59.970366532108415,50.45087309527334,42.76721914211472,65.30353736351017,56.24264512602542
Nairobi,Kibra,2024-08-01 23:18:21.952240,62.494882349209504,38.98510209001391,31.311759792448175,46.3884261631035,62.049757624877515,47.95851083455836,38.46708173199839,51.90123609497373
Nairobi,Kibra,2024-09-01 23:18:21.952240,53.0572798259699,62.83147828480985,57.6426264637182,84.78017922564294,83.98760420655461,34.28293526374644,13.363435767140254,81.9240058461889
Nairobi,Kibra,2024-10-01 23:18:21.952240,43.603117681902404,78.35801071798804,60.17767449974791,45.27203222377281,91.95209537787673,24.044302756589794,17.313501060268596,69.08721434024142
Nairobi,Kibra,2024-11-01 23:18:21.952240,92.69290482615116,61.2817857610996,47.06268415348457,60.587044270231175,81.1652232587639,43.87722625294041,40.9871371755343,69.9929304771473
Nairobi,Kibra,2024-12-01 23:18:21.952240,54.332384195405695,84.968655863765,67.69558021445334,78.88113534768277,46.16300905754591,61.292122767049385,33.774197005745556,63.876510046689695
Nairobi,Kibra,2025-01-01 23:18:21.952240,73.89948525525116,40.78516583484807,55.544870252170384,64.3080701642367,47.28494432137335,22.369812656547413,21.485046944565816,84.90937645628065
Nairobi,Kibra,2025-02-01 23:18:21.952240,84.64886896684155,65.07580849031154,82.51123891383338,42.943278165533506,88.10265591689955,62.31743252359456,23.972272225232835,79.86569808694787
Nairobi,Kibra,2025-03-01 23:18:21.952240,55.63485975490689,54.98724853277277,43.079093712525314,79.10740292340208,63.617262621209775,58.17358886898929,65.05259910833527,37.16986845155108
Nairobi,Kibra,2025-04-01 23:18:21.952240,51.389736161701016,76.43635905250476,42.36340451633022,56.468702660316026,96.47023701665482,52.06296402583252,39.94691592448888,72.95505036821726
Nairobi,Kibra,2025-05-01 23:18:21.952240,96.62778703873644,52.79563080574165,60.45890472383857,34.82033245477525,46.99905213035161,44.21078010404514,54.75310013575613,38.39128883045076
Nairobi,Kibra,2025-06-01 23:18:21.952240,95.32581465249947,45.83427137975721,75.96092938725005,60.17476407954203,78.19784708969023,65.44930235482926,43.12390301946159,42.57498881089885
Nairobi,Kibra,2025-07-01 23:18:21.952240,92.25495941597961,78.06001951751702,63.49419044037521,59.16280552806899,46.80526115033252,73.49593888227976,37.8392817134508,54.054517014646926
Nairobi,Kibra,2025-08-01 23:18:21.952240,75.6481995239792,90.2062086107638,52.090530725723674,43.922550323432965,47.4093231294106,48.89152524962748,53.77761577919863,76.07854294326539
Nairobi,Kibra,2025-09-01 23:18:21.952240,53.15699913913933,73.59097597965828,44.968594166500424,83.26281632232086,52.37165483170379,54.9223737387616,15.251704191959911,57.975594701351284
Nairobi,Kibra,2025-10-01 23:18:21.952240,89.94227930271504,67.2172575215425,63.23359965485364,53.57666685237749,75.86153452897602,28.445540039454805,56.33631076499806,66.37446799444388
Nairobi,Kibra,2025-11-01 23:18:21.952240,42.91313643130405,56.7741306038574,56.025374345298744,47.96581146648822,68.5711086164526,52.5285192730178,12.42523180771457,74.9612528286106
Nairobi,Kibra,2025-12-01 23:18:21.952240,61.152861204255004,37.91966416804722,39.652172021047086,66.20486780364757,59.87953443466327,56.332325230280304,58.92143473404692,50.52283407579128
Nairobi,Kibra,2026-01-01 23:18:21.952240,64.88887787424385,35.842445483847754,63.69550862814296,39.80184492545029,63.91437631842319,50.76165268591612,30.555322634056726,55.28222364032321
Nairobi,Kibra,2026-02-01 23:18:21.952240,84.43258337025142,70.62931674603446,44.215088981929746,59.73107368098512,45.24411589240227,68.90234716973642,41.79664217128723,58.08293728491424
Mombasa,Changamwe,2024-03-01 23:18:21.952240,83.16218131654713,35.561129288220066,53.41190258668756,36.456302458812395,65.30482229998634,58.609438578286095,50.90774966856268,66.37766821450835
Mombasa,Changamwe,2024-04-01 23:18:21.952240,76.29403784117287,66.07875348432323,38.31005650618754,42.68629672350194,91.89173796494674,36.0916882478176,48.505300558577524,37.60091188318415
Mombasa,Changamwe,2024-05-01 23:18:21.952240,91.09725376341989,84.61743496499639,56.67444273798533,63.59577007539318,67.03888344792298,31.305775552547377,55.287234478772454,68.3406193211766
Mombasa,Changamwe,2024-06-01 23:18:21.952240,61.72333362092357,50.78077197437882,29.674499188618913,41.951932335397856,75.61347473813086,58.003382539822105,33.975508309438894,51.8007520192636
Mombasa,Changamwe,2024-07-01 23:18:21.952240,90.27293575253259,46.84862976694409,44.67335033361398,69.69084276291238,89.8654692757736,47.357540049013224,27.903942111966852,74.99946736902754
Mombasa,Changamwe,2024-08-01 23:18:21.952240,87.94248291436847,39.16866418089906,75.2801212548735,65.7279112108744,72.9626907628879,72.17682215132237,57.98819126043905,49.51725942234751
Mombasa,Changamwe,2024-09-01 23:18:21.952240,73.27508327671262,91.72045390611213,48.75135500556564,57.1143371008467,60.26904434224212,37.103228663852164,26.824326246780522,34.72099156228346
Mombasa,Changamwe,2024-10-01 23:18:21.952240,65.30727786846435,49.38011087135603,31.56628315802527,38.930000166903184,78.60988842008874,61.23193331810793,55.96405387618692,69.27266146172505
Mombasa,Changamwe,2024-11-01 23:18:21.952240,48.76046502640448,50.05541985690783,38.78158205236511,30.960641577947783,77.86093215359813,67.6700986342654,31.568622881954816,33.85620767362433
Mombasa,Changamwe,2024-12-01 23:18:21.952240,48.19022726411448,93.20653179307979,82.84114572348054,39.04012388505308,61.29927246808671,57.33259914918352,52.59430909474385,34.680708495474285
Mombasa,Changamwe,2025-01-01 23:18:21.952240,86.02153778581777,93.57128901537212,68.24247610819191,73.79604709732035,63.38996137209354,62.97056346203587,11.637690988002742,73.15603854663712
Mombasa,Changamwe,2025-02-01 23:18:21.952240,73.81525117108579,54.295396955130954,71.37346709274385,45.17906491523267,60.97889266297991,69.22142558363912,35.214380101170036,71.61715252744354
Mombasa,Changamwe,2025-03-01 23:18:21.952240,66.15897368009698,86.04371995877143,48.656021073491914,74.67409713271005,62.310347066788424,20.492559095538937,21.316623002143654,41.50925441092205
Mombasa,Changamwe,2025-04-01 23:18:21.952240,86.01373918788708,92.6705307214248,77.40652314040867,80.36225358094748,91.2993223430064,40.25049315747906,61.17418481569348,57.86383141949389
Mombasa,Changamwe,2025-05-01 23:18:21.952240,94.34190007033152,52.994188753045705,57.58169900490117,39.275410638149054,53.17089979522994,54.496678803102974,53.485282538371116,65.02059637666872
Mombasa,Changamwe,2025-06-01 23:18:21.952240,71.28572701503467,59.415186522651645,66.52443472721711,31.465217663763305,70.79060859471956,33.59356027776886,63.21754320181532,64.35989908961571
Mombasa,Changamwe,2025-07-01 23:18:21.952240,82.58615442866166,81.06889346378074,77.2501561038498,48.07963932329831,81.93994063739811,79.06419076464975,65.59369454972209,63.584420963239786
Mombasa,Changamwe,2025-08-01 23:18:21.952240,91.33295758477641,71.36185661235059,48.41740615867893,81.09083600957453,63.14905676046811,58.2781878186306,39.0587930012876,41.234675947634194
Mombasa,Changamwe,2025-09-01 23:18:21.952240,72.36090097807232,76.83830801625257,69.70661400439667,87.26531052659567,57.78713130828044,65.61222010875481,12.333099786240506,58.3953793779679
Mombasa,Changamwe,2025-10-01 23:18:21.952240,72.27599638644386,48.46940367635903,39.14872421582539,44.80923865241726,73.14115931602261,60.21721540323068,12.637786336532477,71.28118400899896
Mombasa,Changamwe,2025-11-01 23:18:21.952240,47.05148885602985,79.0336716806926,63.80740375229293,43.10047847512599,54.485449742207706,46.62798628179836,68.3008373064199,35.862800489714054
Mombasa,Changamwe,2025-12-01 23:18:21.952240,54.084806794703596,69.04442945354975,51.74790942137673,53.22622124108166,69.93470427606165,29.683936970919017,46.94345078964309,78.85693099173577
Mombasa,Changamwe,2026-01-01 23:18:21.952240,82.79977280614831,44.36958154571612,61.09847445630317,80.47378251214487,80.87951968535282,46.95800968676009,12.455886839607047,64.65255312714459
Mombasa,Changamwe,2026-02-01 23:18:21.952240,54.55793350178928,36.57774915377966,69.76218697246375,71.84068468246431,73.18275943561653,43.39329551255997,19.030983345850814,34.46189934708588
Mombasa,Jomvu,2024-03-01 23:18:21.952240,52.41090982613534,94.33925614385308,51.62380900254736,64.48869304303409,80.947900363659,31.507820784566647,17.97406509666849,62.074799964920125
Mombasa,Jomvu,2024-04-01 23:18:21.952240,47.26353039629896,48.61730323949823,68.10441442921694,32.61806906121576,47.17944747681906,70.92946707607803,11.47360434965972,69.58574892852737
Mombasa,Jomvu,2024-05-01 23:18:21.952240,44.88021371775161,57.11693082630295,38.23029475315845,71.6325836392877,63.78890391621991,52.10514370503394,31.957129908138768,53.397814579446646
Mombasa,Jomvu,2024-06-01 23:18:21.952240,59.887276445831816,60.0305623588921,47.51118151531712,53.41459758032463,86.81656968453737,33.399683837590715,45.895054489381295,73.69375605921631
Mombasa,Jomvu,2024-07-01 23:18:21.952240,86.53159694186358,86.11381024831442,57.521342099351536,75.42603354923648,93.88516364179512,34.0892545103129,31.591769952621867,62.32597171391238
Mombasa,Jomvu,2024-08-01 23:18:21.952240,43.36495013634362,60.88747091856021,35.4765273307634,49.72697776019754,71.85844962746299,50.114354245275734,45.64751718874787,33.59056513213522
Mombasa,Jomvu,2024-09-01 23:18:21.952240,63.077926099200155,92.00966024549962,49.89261409228516,42.70168734790917,88.66041759241232,23.90091565019572,61.83959558777013,48.2629114630406
Mombasa,Jomvu,2024-10-01 23:18:21.952240,53.357884326148984,64.52515892259754,59.0119657750951,65.43174556193138,87.4680575287374,66.20113355964378,45.25245558368514,78.66992648387549
Mombasa,Jomvu,2024-11-01 23:18:21.952240,41.773013427085935,75.72531766217645,59.87370824651132,73.54199746886397,86.3053194502698,56.68794251625142,64.60774163639232,59.926749996351134
Mombasa,Jomvu,2024-12-01 23:18:21.952240,44.45945707719063,91.6746521382254,43.72223416099543,56.3873761238432,58.337635535231655,72.03251540841043,16.783533339070345,58.07576843759011
Mombasa,Jomvu,2025-01-01 23:18:21.952240,48.41099344633827,87.91693055343006,58.407153150656455,62.96318358406034,86.01876054285339,69.29691979613335,20.306045776931782,80.52262213879811
Mombasa,Jomvu,2025-02-01 23:18:21.952240,43.30657994198096,43.47016381038242,43.31695162583161,72.37324528176218,53.00672759154297,64.38447276149822,16.80570311909409,81.0621494382098
Mombasa,Jomvu,2025-03-01 23:18:21.952240,54.85270199439095,45.09555268942145,74.00183737961426,57.53521928469402,56.46560142882498,47.34820816618378,53.48871094450009,45.68455507197781
Mombasa,Jomvu,2025-04-01 23:18:21.952240,74.60062044438064,35.935045586885224,29.471187203836372,82.32954829733504,68.80865814555676,71.13794325286383,53.04503696062498,66.5097054644993
Mombasa,Jomvu,2025-05-01 23:18:21.952240,71.05661717078073,89.41323531719448,82.3150429146074,50.913372736348556,91.71096468175031,60.3541656970212,14.594655993457955,82.57074778229509
Mombasa,Jomvu,2025-06-01 23:18:21.952240,94.16290627428373,41.714694810934674,56.20085792287813,31.804465172092033,80.8684828014249,47.14643285004833,39.61898796073662,59.5559245277168
Mombasa,Jomvu,2025-07-01 23:18:21.952240,80.11309888583475,54.487075233544374,39.742463935546525,89.44971466030347,77.24514171289974,37.409490483311465,66.27218779224943,71.25848788678593
Mombasa,Jomvu,2025-08-01 23:18:21.952240,41.99955683621314,78.53282463598501,83.51850105641235,36.79582869669673,82.66586714687837,53.99705471854906,39.26837106932834,42.920394128344
Mombasa,Jomvu,2025-09-01 23:18:21.952240,93.90370422084105,60.20881173996487,35.27866801952616,47.51562220287336,76.50642835377089,45.11875614776129,43.39072676792687,64.8072606444504
Mombasa,Jomvu,2025-10-01 23:18:21.952240,60.848658533635145,68.70320596399097,60.2935231300025,43.19618736079245,72.2915100016674,22.34885148847629,27.29377077940197,42.83403747311601
Mombasa,Jomvu,2025-11-01 23:18:21.952240,72.48014513622766,55.46549393695794,59.36462407045922,75.72145626077125,91.63716718784065,20.41468129280775,42.54208603406214,65.43679950283507
Mombasa,Jomvu,2025-12-01 23:18:21.952240,77.96041152375294,76.45184165328791,81.90910440422611,46.12718060760896,96.316697558806,51.857127433759935,33.5038574273413,32.94485808206616
Mombasa,Jomvu,2026-01-01 23:18:21.952240,75.33037348105627,65.25172638205653,63.64575808029278,55.22443391265311,93.56504658572491,47.00065325016098,57.53549879776047,81.50943054693403
Mombasa,Jomvu,2026-02-01 23:18:21.952240,50.15580361158032,63.42769765617119,53.365869684023785,54.77221583103298,85.1953719899475,35.01194354849689,60.7418720141628,34.46441681137648
Mombasa,Kisauni,2024-03-01 23:18:21.952240,90.20196596545134,79.17955931714397,79.97651698054915,30.06011254179034,56.291257348159945,25.733748557009186,21.713247066727245,62.00509285498377
Mombasa,Kisauni,2024-04-01 23:18:21.952240,56.079890894475334,44.48404089730886,72.17277162521717,66.83113469885436,73.77048536947237,63.46590212163119,52.87779158385767,54.750667536074516
Mombasa,Kisauni,2024-05-01 23:18:21.952240,84.11010769687817,37.081565643371505,37.305210249253136,58.99433439378761,49.05187302250766,35.82790424742944,56.90298604483644,35.7620650948148
Mombasa,Kisauni,2024-06-01 23:18:21.952240,71.28590375908065,69.27204428139456,47.648267599461754,59.45004886977804,74.93071659104677,70.0601367439239,61.03585189234356,30.153538562892734
Mombasa,Kisauni,2024-07-01 23:18:21.952240,44.33822256820238,88.39289499579981,31.58098166956629,31.557517125292463,80.27148381902411,32.82999073856227,13.07763220006769,59.785853800824405
Mombasa,Kisauni,2024-08-01 23:18:21.952240,96.123739010956,91.59034570235579,50.6805705476484,49.89141109732987,72.00348896233038,29.64131188970893,28.58073081970775,64.50433525634253
Mombasa,Kisauni,2024-09-01 23:18:21.952240,66.43644681836625,74.25712933834734,53.38359678694232,40.47844430941158,69.4029552347794,42.724499668375344,67.39398747679498,68.88413521525948
Mombasa,Kisauni,2024-10-01 23:18:21.952240,77.4751262014997,50.58228003849825,70.96515018404088,38.889724812104156,59.19336469935486,22.400702042942928,46.82769467994601,67.41938833372254
Mombasa,Kisauni,2024-11-01 23:18:21.952240,51.019826382392935,85.1862266904233,27.563591400389257,37.68085915316879,91.08439694744564,21.16623449249366,29.97888648566502,32.01033171698763
Mombasa,Kisauni,2024-12-01 23:18:21.952240,55.77794566433499,89.71935588911494,40.75575261043902,83.68038300008169,77.95251969548967,22.734355949570496,45.27561048884507,31.926941816958426
Mombasa,Kisauni,2025-01-01 23:18:21.952240,83.26873320263724,92.45913885192363,62.91333240434322,57.146158141288325,50.78220708440316,58.518880819822236,65.15475981132315,78.482620091227
Mombasa,Kisauni,2025-02-01 23:18:21.952240,64.2344157421914,52.03074324510537,38.32123739651629,60.741955262497264,48.365287624032106,59.28809858181234,25.252192837718304,59.85547690991095
Mombasa,Kisauni,2025-03-01 23:18:21.952240,97.23286716894222,38.188229279196065,77.66336065991857,43.25859299301861,66.11183187196619,79.08771397128812,69.4297071448302,41.926164566949254
Mombasa,Kisauni,2025-04-01 23:18:21.952240,43.3132770462957,43.707811714655456,56.80607524710362,79.42369842083463,81.4409678387102,56.68886945060345,12.459071606646003,84.1531707002897
Mombasa,Kisauni,2025-05-01 23:18:21.952240,94.80984245058596,90.25253700584756,73.92882853206396,77.72403938197246,60.36437284013973,79.86250095552606,54.04995935476369,31.82752089044892
Mombasa,Kisauni,2025-06-01 23:18:21.952240,77.00082936065027,38.263267336213204,59.15570218134661,59.990428044164034,95.05882617574355,22.686847280665074,43.10400985369304,68.922012945387
Mombasa,Kisauni,2025-07-01 23:18:21.952240,89.86907586476755,52.24051377734483,40.95452129878295,37.71416029430596,90.70920750527404,29.984796199574784,62.402176333156625,48.70184790198452
Mombasa,Kisauni,2025-08-01 23:18:21.952240,59.68473049910088,68.9581932580494,69.42887451429024,84.48892684634967,82.4220979076101,73.32315028972447,15.27640550226593,60.05619130199784
Mombasa,Kisauni,2025-09-01 23:18:21.952240,59.29097167705441,56.235481959216514,76.6587735296261,85.10201189206123,73.58702498822166,26.187810115618607,19.756770851723935,38.147609802908555
Mombasa,Kisauni,2025-10-01 23:18:21.952240,93.0434448137642,44.593410339639874,49.056323683993966,87.38801539209041,61.34631108140147,31.820244508117298,50.377006825297514,54.33289182843782
Mombasa,Kisauni,2025-11-01 23:18:21.952240,71.58107176753305,58.58527847228325,54.14372055454691,70.25207779656333,90.92595695525803,46.69696142534711,29.577544213059365,63.86520514535356
Mombasa,Kisauni,2025-12-01 23:18:21.952240,86.52173998230435,70.20618514367987,77.4933082258839,76.59854457611263,58.367738325179204,39.531128536166364,68.88718873394717,56.65663241463213
Mombasa,Kisauni,2026-01-01 23:18:21.952240,74.1244670557509,75.92142474243326,54.69910128502767,60.87066272094638,76.95845127257739,38.26466071473153,68.86503015250801,65.2744506932977
Mombasa,Kisauni,2026-02-01 23:18:21.952240,73.93055543026719,40.74555607238679,25.78084699209238,31.601339537464355,73.45786325709555,76.0133562197226,28.73160802115127,34.06602158576138
Mombasa,Nyali,2024-03-01 23:18:21.952240,97.05864048537643,82.94021796743368,51.19370974214697,55.31444324984713,78.05842259824708,30.815273120400096,68.95047214606085,83.33948809043193
Mombasa,Nyali,2024-04-01 23:18:21.952240,48.612953435840495,49.91536064180849,45.7054444165707,82.79403768519433,50.27841430614194,25.459906109952946,60.808366447837386,40.82073844939215
Mombasa,Nyali,2024-05-01 23:18:21.952240,60.35876546468573,57.656648190288394,29.37803574841362,77.82329626277678,85.92993714240336,32.69120940836811,29.14054846578673,52.138408888862614
Mombasa,Nyali,2024-06-01 23:18:21.952240,54.278731524287664,74.79814507843122,33.42714203824721,77.40147457843338,76.80127211226231,30.559478874398184,41.524761673936894,61.92608445030267
Mombasa,Nyali,2024-07-01 23:18:21.952240,95.7993879224697,59.563352087565974,54.766066096099934,43.44715008887562,76.47894129265389,29.403908723600047,12.495849731824935,33.56451706101741
Mombasa,Nyali,2024-08-01 23:18:21.952240,60.69860421042159,73.72801482810786,38.81594158894826,60.07476550328268,78.11761832227882,44.10587339559786,11.832865076220695,55.54298108384606
Mombasa,Nyali,2024-09-01 23:18:21.952240,81.92901012797577,82.83834182857242,69.4159703548199,52.56715909961984,94.87022542682051,47.419891726823735,46.51461898894092,73.95848201294623
Mombasa,Nyali,2024-10-01 23:18:21.952240,43.248259271532255,51.83149202769226,25.60715245161591,35.954685391633326,50.92682437458798,77.32287029739739,54.64622023621597,48.13399139983491
Mombasa,Nyali,2024-11-01 23:18:21.952240,46.04439179762488,62.499945765176385,32.455433815194105,88.21837565116654,96.59650133942415,53.12369073429289,50.29360367074212,74.639263424464
Mombasa,Nyali,2024-12-01 23:18:21.952240,80.57727429760308,35.93101239110206,51.93012447758568,37.82073464357468,56.56994593275648,23.976076702319205,62.888533338233835,31.287307032758438
Mombasa,Nyali,2025-01-01 23:18:21.952240,82.02395110929425,36.947934479886605,50.896459735799795,47.21649326762382,51.26717633130454,54.584418075304676,58.35550544008281,62.26934352635003
Mombasa,Nyali,2025-02-01 23:18:21.952240,59.080067412208834,94.73473203153404,26.656053351667847,76.64898298677178,74.706145716035,70.32913172420544,54.67202930685104,55.3076698818986
Mombasa,Nyali,2025-03-01 23:18:21.952240,80.97813356663468,83.9258873759832,59.40556345518957,31.741118427601613,60.12256605197523,35.4797510162721,64.09527764667794,49.52490117309796
Mombasa,Nyali,2025-04-01 23:18:21.952240,89.55797372991877,50.317940335902094,39.86541959818463,40.49567486039042,63.82120381715068,29.853798287460183,25.835756600455802,37.850668016172634
Mombasa,Nyali,2025-05-01 23:18:21.952240,40.247668148607765,91.30247058000222,67.0512468297481,34.64397270316664,96.13629789825487,30.5939304003208,36.420226166283726,43.80165092727371
Mombasa,Nyali,2025-06-01 23:18:21.952240,64.7166601425655,69.71458561320313,76.5090597545258,55.424358828584495,68.0024161553449,51.99739783710894,69.1945267110566,83.02733659276097
Mombasa,Nyali,2025-07-01 23:18:21.952240,71.5793660554484,37.10312633896581,75.94737341645612,74.02647447658893,66.2114315935911,30.02862195975822,55.56819728583072,49.86661459411464
Mombasa,Nyali,2025-08-01 23:18:21.952240,83.46828623627042,67.83563951659829,29.160803096233362,64.92891633175769,74.8957200221766,38.3311077509791,57.73651606399147,36.13043729363268
Mombasa,Nyali,2025-09-01 23:18:21.952240,75.0355596988074,74.3621317488332,43.960830339878804,38.24290065026576,50.17364994596508,39.79669948791326,33.7554590699393,32.93713574639405
Mombasa,Nyali,2025-10-01 23:18:21.952240,91.12585733221951,69.8138379636739,52.554461594676205,78.53158836187083,89.03693509896615,48.799015327173294,35.77140774524848,55.00810833704017
Mombasa,Nyali,2025-11-01 23:18:21.952240,74.27590832457824,78.50228986797521,25.427526642352415,86.57077923246419,70.32208650729046,77.40389732760647,64.40691231774906,75.71975729365649
Mombasa,Nyali,2025-12-01 23:18:21.952240,93.64384567767556,50.377362433621045,43.384404537885885,56.58943003698438,70.24618429990016,27.87963768802118,42.106794244540716,61.60138275544334
Mombasa,Nyali,2026-01-01 23:18:21.952240,89.90032974971388,82.00716465223215,40.34882848618011,87.20436922059449,87.99929976867148,29.398865243769208,55.94450415373259,44.51724746679163
Mombasa,Nyali,2026-02-01 23:18:21.952240,83.80748085825888,76.349448265087,57.85663786020075,31.616879144418853,72.29814903330275,76.30376147868503,64.18218049497966,43.89986606794804
Mombasa,Likoni,2024-03-01 23:18:21.952240,75.18166906460198,70.33891416534765,50.73438692101681,63.10299453141958,74.38141885864619,78.55805626225055,40.822349023112494,70.39605228788717
Mombasa,Likoni,2024-04-01 23:18:21.952240,66.69953992924269,66.54610684010495,66.40552851621757,42.98865809715747,69.07297366596808,31.468223852232384,30.61805163293738,34.05770536974131
Mombasa,Likoni,2024-05-01 23:18:21.952240,57.551096356374664,48.416024634455916,46.22102106979784,37.04688928149181,91.99623468754925,57.88014021584084,65.20587540829784,64.55107302013263
Mombasa,Likoni,2024-06-01 23:18:21.952240,66.41799129063408,72.2282344957433,51.775875542933754,45.22323782801718,62.481215293839654,35.927130216436055,47.31728174843898,80.98310303967597
Mombasa,Likoni,2024-07-01 23:18:21.952240,58.90998254108986,38.73185950455605,50.567516860052464,38.95751063600427,85.14598280564887,70.2067979354931,37.60085388968474,79.73487176034794
Mombasa,Likoni,2024-08-01 23:18:21.952240,88.66963652952745,41.49270554462265,56.65271814803122,65.97132516430017,64.63548149846667,21.18869584373748,35.36617302508072,56.803777679558934
Mombasa,Likoni,2024-09-01 23:18:21.952240,58.52138613771049,41.49331393042871,72.81280508089264,42.59607931860292,79.04849900499806,27.996924743248975,21.62487801417953,37.393819164189146
Mombasa,Likoni,2024-10-01 23:18:21.952240,61.387012955730064,39.11639699806116,43.22234516768313,33.20006384919472,56.23991045187889,57.394855651458975,41.59955797982602,35.540884107382695
Mombasa,Likoni,2024-11-01 23:18:21.952240,83.01865097183445,37.35202801302752,83.29005035705907,88.47249018729426,91.93843549678726,65.11199466942556,11.047811396701805,73.76392038913633
Mombasa,Likoni,2024-12-01 23:18:21.952240,79.708112666691,88.74247420556964,64.508290429031,59.64050125081534,76.64970257219348,43.76829907038605,39.015511896084604,43.551107005826495
Mombasa,Likoni,2025-01-01 23:18:21.952240,70.329128328862,48.5979453209424,63.79659178980606,68.54200627685286,45.345965867957155,76.85119039556014,67.40621105224646,79.36811594096353
Mombasa,Likoni,2025-02-01 23:18:21.952240,63.055218219228166,43.009309899624704,84.98749557096588,73.14472465241144,57.17302243187652,47.830226318644065,31.124712285752945,35.691355843338854
Mombasa,Likoni,2025-03-01 23:18:21.952240,71.1180067449603,71.22039911619288,63.93495548382294,84.5850560643513,96.06262002759246,30.209669701878532,56.28398634161028,53.87056574393522
Mombasa,Likoni,2025-04-01 23:18:21.952240,57.05549621950557,42.15118205513234,46.00862323090597,32.08998140081786,83.75711523310616,77.02503979615997,65.57157913193268,36.49040682290611
Mombasa,Likoni,2025-05-01 23:18:21.952240,68.36727808570741,83.8397110072307,84.81644612164972,68.20743946297281,62.46270932264763,42.63811092321461,12.829576005505734,52.10744538206598
Mombasa,Likoni,2025-06-01 23:18:21.952240,57.652134118918184,60.73778260866923,29.34515009360206,81.34037317703158,61.813310201411475,71.12458489784322,52.16432624013645,71.58338584902802
Mombasa,Likoni,2025-07-01 23:18:21.952240,71.87495570814417,82.77120531730753,76.7300142537803,73.12975217836114,96.86452089357309,54.180430571198535,59.79585291449904,45.62071920724523
Mombasa,Likoni,2025-08-01 23:18:21.952240,83.91175573017365,69.10663187966315,74.01475162885092,52.86742114287803,59.12622800498537,52.556210973370845,28.339346891722986,36.02249353654019
Mombasa,Likoni,2025-09-01 23:18:21.952240,47.33780778152983,85.69084568786488,47.98813805432306,46.67846459851728,46.851969876662764,65.1134420894708,66.53665061720946,43.25955237918458
Mombasa,Likoni,2025-10-01 23:18:21.952240,77.78643633675475,78.36179696775329,68.11292303148352,38.201543198914734,63.01145711641999,51.71142593653211,24.830489660518957,65.81785316817627
Mombasa,Likoni,2025-11-01 23:18:21.952240,85.67715368570444,81.81358281562336,26.131712627848653,46.79732070630611,48.264326951003575,34.825828892918224,17.78572061630874,77.60866853366238
Mombasa,Likoni,2025-12-01 23:18:21.952240,75.79762675662231,42.719063920559414,59.40080137237331,41.266066986180036,54.79694967041017,59.2270439201833,13.070190546456415,75.86264586077613
Mombasa,Likoni,2026-01-01 23:18:21.952240,91.49541644537288,89.74157509598389,38.21241299591218,78.83023725950389,89.53599221320728,75.09092937850045,16.612600852040966,38.08936313031288
Mombasa,Likoni,2026-02-01 23:18:21.952240,45.251282539290855,76.87562316431877,62.119912470298964,53.191125016577644,89.70997383745507,30.82676422622734,34.27869455449003,53.5156492836457
Kisumu,Kisumu East,2024-03-01 23:18:21.952240,53.38808004969852,46.88231030830514,53.669186619257204,75.24679978072776,71.34544008479692,36.69173300985854,18.911819048635405,69.44043971793903
Kisumu,Kisumu East,2024-04-01 23:18:21.952240,66.14657986362538,52.82194270419943,57.880194118507376,82.09160100648094,72.0629823257796,23.190586709762947,24.527653424554057,44.920858237344646
Kisumu,Kisumu East,2024-05-01 23:18:21.952240,54.11466604878943,58.36203363493625,59.88374319852406,51.65338089361479,55.69084572341826,76.79642726250819,59.08616549156359,36.76092617414805
Kisumu,Kisumu East,2024-06-01 23:18:21.952240,50.66106318135349,54.89094384749766,42.20219838303717,33.997614712279464,87.60569414817314,20.24930385271261,44.2602129930589,34.600081843807686
Kisumu,Kisumu East,2024-07-01 23:18:21.952240,97.91776727554132,40.3492666240304,49.05340286763173,65.87690410735269,82.28645145906631,58.69585996338747,54.654613029411294,66.31269246646531
Kisumu,Kisumu East,2024-08-01 23:18:21.952240,67.78961001033629,89.16642181881676,25.743865215859408,40.35356611505165,62.3353736516315,73.53002789337329,23.996344229891747,47.63034623722
Kisumu,Kisumu East,2024-09-01 23:18:21.952240,73.06844329916969,89.5698070295078,26.466151228813995,59.684645069817435,58.99186956614806,55.335469816701874,60.78722586901067,65.95036905098345
Kisumu,Kisumu East,2024-10-01 23:18:21.952240,54.784593624289684,36.75245155684288,59.094722155430915,36.3967690185136,55.91065768022792,22.627205283711028,51.15165813526858,73.37104981043898
Kisumu,Kisumu East,2024-11-01 23:18:21.952240,72.79261317268654,50.90147364178385,39.92867887971253,60.018940486222085,93.63244696171846,29.025495015682715,40.71957619162647,72.35621905209578
Kisumu,Kisumu East,2024-12-01 23:18:21.952240,46.69010521691191,80.98322652698562,44.105657975079176,84.33402110205047,96.8660240637929,25.109058210786976,29.166357364227732,63.72428040198525
Kisumu,Kisumu East,2025-01-01 23:18:21.952240,93.03815776643155,65.35869212650593,77.69867691309449,34.115115877716605,84.4514713266811,22.759640334110337,54.45119301640651,76.96933755474734
Kisumu,Kisumu East,2025-02-01 23:18:21.952240,74.57493038623628,90.86689182297081,42.71299558688409,58.60448740544781,74.38578642994963,74.00672989051259,19.750147962658783,72.72837510555937
Kisumu,Kisumu East,2025-03-01 23:18:21.952240,50.332330936965604,38.07598538935042,83.85323664615544,41.840209627075815,64.61116649144049,20.692237129546942,67.09525086413198,35.60618532315233
Kisumu,Kisumu East,2025-04-01 23:18:21.952240,68.23642059925172,50.43659294003891,43.58175211615467,85.85254844920536,90.20962526569093,24.603599958662898,52.08506227656386,65.28322873905358
Kisumu,Kisumu East,2025-05-01 23:18:21.952240,67.4912413242275,92.50271191801724,30.836714946420827,48.2462830190794,81.27610013215099,79.99919931727246,14.475559556329983,56.998034252650086
Kisumu,Kisumu East,2025-06-01 23:18:21.952240,94.16274965891732,85.45785125014045,64.16695657742812,65.8922300947928,59.32839656337679,54.84508300541572,49.63484116223599,62.60634440337095
Kisumu,Kisumu East,2025-07-01 23:18:21.952240,93.00995332824746,39.74916764425398,63.95690556207773,63.630907636573085,50.401711251265084,28.352221161410476,66.75321089475929,62.040045182901224
Kisumu,Kisumu East,2025-08-01 23:18:21.952240,70.35607938872374,83.09162446234026,33.796619266749914,83.01337892967504,56.07358790590058,69.15209832511532,26.596831094554467,73.33775065991557
Kisumu,Kisumu East,2025-09-01 23:18:21.952240,43.66436139502247,38.34195145047026,31.92329424329246,55.93814255524693,74.98200190003993,38.7277915755147,17.236963049624762,62.352840174521646
Kisumu,Kisumu East,2025-10-01 23:18:21.952240,44.59482842132512,66.59642996820975,79.54865339821325,82.17245728581604,90.53013753674065,78.38120573926585,57.86476547511617,61.81960763425265
Kisumu,Kisumu East,2025-11-01 23:18:21.952240,41.02659320724837,41.51934080755972,71.17447034331965,50.40171278426725,94.73235004898308,68.60552621487615,31.919446041664894,42.148848538329595
Kisumu,Kisumu East,2025-12-01 23:18:21.952240,74.80823393221395,46.137833946045724,27.79574915527941,45.44655262367945,66.47660042904526,42.05416899006073,23.151393285179864,38.82377300696494
Kisumu,Kisumu East,2026-01-01 23:18:21.952240,61.04992906620399,94.78206618535017,56.358340086048884,72.96604294870355,63.044436291274884,61.83535828401116,17.318356010840894,32.895207673263606
Kisumu,Kisumu East,2026-02-01 23:18:21.952240,81.39979393996884,35.2960866273557,27.05386276367677,31.881589682601195,70.74335007915975,59.01041035830724,51.028955078409496,84.09540586690633
Kisumu,Kisumu West,2024-03-01 23:18:21.952240,65.40448306590949,75.79034351545803,38.469822521952835,53.656934375506125,70.13829967876451,59.20625300468798,37.799015335170935,53.17381586792999
Kisumu,Kisumu West,2024-04-01 23:18:21.952240,84.78416712710975,35.64835315266821,59.035674017078875,50.86369435502071,76.38541759839485,31.02107873841596,40.064929807152765,51.768570246426975
Kisumu,Kisumu West,2024-05-01 23:18:21.952240,61.17167895992716,60.233377703546736,36.78778265987857,46.05129825618857,50.86942640058279,21.14675533445474,55.75858630125117,48.39317468754057
Kisumu,Kisumu West,2024-06-01 23:18:21.952240,42.84594095570191,90.24012140426692,79.06450656941766,77.2722711064941,61.25867997455005,28.678131249073225,63.9708952520561,62.81113497277269
Kisumu,Kisumu West,2024-07-01 23:18:21.952240,88.84688689115289,43.79754329902423,64.8633230125517,70.77964260237317,79.25790088068146,74.1059045744824,17.482438350525754,76.24008837103159
Kisumu,Kisumu West,2024-08-01 23:18:21.952240,85.2532755556079,55.78765788711107,70.86518957950943,47.570461347590076,85.60124784186097,71.39162174172881,17.84627623247328,83.09967995340435
Kisumu,Kisumu West,2024-09-01 23:18:21.952240,40.83242744915118,40.29944283846992,38.82306486222344,56.250414556230105,69.19114711138074,38.69078641421794,63.06318144871507,80.38188502170705
Kisumu,Kisumu West,2024-10-01 23:18:21.952240,52.10256989362931,81.26832508442844,31.566851857166835,88.18999348078583,87.07679761845488,77.5860955913044,16.276696605086777,63.612023724569454
Kisumu,Kisumu West,2024-11-01 23:18:21.952240,52.558561485077206,78.26567971156052,36.18016787202192,56.47266534015341,85.99968919413001,58.97005897880258,37.61991044161255,50.43653441423561
Kisumu,Kisumu West,2024-12-01 23:18:21.952240,65.09078730249968,67.10801045656048,47.9935325509113,85.58750943306785,59.844760315173076,24.99280626614628,23.867214285818555,64.01500742873371
Kisumu,Kisumu West,2025-01-01 23:18:21.952240,69.58200588518653,44.55716336553154,78.89272789814254,39.40579621754123,64.79326026703254,35.704478063471484,68.5075802353469,38.94134284523384
Kisumu,Kisumu West,2025-02-01 23:18:21.952240,87.34563282323208,43.57434871105637,40.113665789235014,50.630365739900355,67.59065563481255,28.276674806392545,69.32579401424778,60.995250542305286
Kisumu,Kisumu West,2025-03-01 23:18:21.952240,79.38359231206172,62.440383402757085,44.65064859400459,68.05834453143197,68.64145345624561,77.08230756575887,60.00097306127229,60.029269621893434
Kisumu,Kisumu West,2025-04-01 23:18:21.952240,58.35662499763176,80.51675073154577,69.29040674416157,63.85326698386432,80.75238348166783,55.83922422918924,62.60874325290601,70.65477476513216
Kisumu,Kisumu West,2025-05-01 23:18:21.952240,63.99101896768896,51.9828129607764,25.544680848891026,32.58711954700532,50.732029049984185,66.1842365270844,22.39462520517916,69.16536344293488
Kisumu,Kisumu West,2025-06-01 23:18:21.952240,65.35214399494396,74.57935992612624,55.17230561376159,65.49906528104341,91.90461529286068,50.40120823825589,19.708097749898563,77.29579457675882
Kisumu,Kisumu West,2025-07-01 23:18:21.952240,90.46564070143998,55.924776337194416,55.043067180781826,53.94850856607703,86.04473406354313,60.09772794531495,10.439716667535361,59.64527620774872
Kisumu,Kisumu West,2025-08-01 23:18:21.952240,85.04275902068807,81.43375645438007,64.0296764814679,43.42378474234152,77.35535607143436,45.77014373267523,60.74087317243615,55.77296672023927
Kisumu,Kisumu West,2025-09-01 23:18:21.952240,45.8055483250248,90.25902954058884,46.832238912354256,32.28141527481685,87.70388822519887,29.259839658815896,22.691146298887354,37.460263750348474
Kisumu,Kisumu West,2025-10-01 23:18:21.952240,63.8906479539427,65.1595298159182,51.58111872774176,57.84415331018415,83.23833418643885,40.94778058861981,23.739663671596503,63.37958522402212
Kisumu,Kisumu West,2025-11-01 23:18:21.952240,74.11213085821494,75.40663705142546,34.459345789478334,87.9128723675986,86.3926550864281,45.252579324660715,37.22338235782475,38.50741133598813
Kisumu,Kisumu West,2025-12-01 23:18:21.952240,90.21151243050875,37.80171370663327,74.29342751678712,32.511514921925496,76.09507521185174,61.97386957527075,38.35486013761683,47.16030650568687
Kisumu,Kisumu West,2026-01-01 23:18:21.952240,91.70865620085863,71.0070475964479,80.6372939722126,42.906271036493294,96.38450076361634,44.788801974810866,11.220173733864033,31.13254103694136
Kisumu,Kisumu West,2026-02-01 23:18:21.952240,75.1473379925545,66.19881189478137,69.03594983948528,69.7174080172319,77.22022800316608,45.751351648046544,15.400614017154613,41.18045931566434
Kisumu,Kisumu Central,2024-03-01 23:18:21.952240,76.49752301347024,49.0280955946089,73.505132366086,86.93762683780177,81.64580087851174,34.765754972504396,52.16049494036373,79.52306652052789
Kisumu,Kisumu Central,2024-04-01 23:18:21.952240,93.81045789295882,62.45282792791773,56.97328085064568,73.83078133278488,57.18523986166339,56.84911655970014,26.866961871004392,77.87633931106026
Kisumu,Kisumu Central,2024-05-01 23:18:21.952240,40.194286356464296,49.16792430051948,77.30123438506213,45.97217253205445,63.434674945151244,27.307927073434115,28.55181972084591,41.64639262176974
Kisumu,Kisumu Central,2024-06-01 23:18:21.952240,72.28940075311266,45.01096189538326,74.62211626772168,76.58372523189331,73.94786145165936,77.41040408465918,29.9143050191436,60.63609541916791
Kisumu,Kisumu Central,2024-07-01 23:18:21.952240,41.261779512325916,46.97301228699085,41.82273849236253,77.42911378904259,62.75445682594287,78.63941947363018,32.76934744199873,47.66708468851889
Kisumu,Kisumu Central,2024-08-01 23:18:21.952240,94.5726663027823,50.46138934089944,82.42407097464343,59.75207282655816,64.7708364729038,55.27530871654217,61.22531750752632,40.951630489199914
Kisumu,Kisumu Central,2024-09-01 23:18:21.952240,66.81165441684891,88.42751969988896,42.58031778576258,32.62565267995125,76.40196352608518,43.4520351907085,31.737405234807994,77.34535358458592
Kisumu,Kisumu Central,2024-10-01 23:18:21.952240,71.76553362149812,58.06859051790626,82.02028386192933,41.493247532774035,50.087908998224336,49.76418094943237,33.82648178574043,30.79125599829462
Kisumu,Kisumu Central,2024-11-01 23:18:21.952240,46.52228125309367,61.15199797756245,52.40097329177976,81.79572115457549,66.96316397525345,42.16078803821108,23.782692497266797,84.34905109603874
Kisumu,Kisumu Central,2024-12-01 23:18:21.952240,79.62299930208854,86.96455714299907,59.88514130588476,43.398330435837195,81.13894783484531,27.39529531698232,36.02940482346898,49.0871544621572
Kisumu,Kisumu Central,2025-01-01 23:18:21.952240,69.15689228001814,64.79105188466667,36.94112355677485,40.66323268694517,89.16028941613037,45.2621090901364,24.449036936953423,33.478887491267294
Kisumu,Kisumu Central,2025-02-01 23:18:21.952240,53.078822669943065,60.210202572489024,53.78336947405232,79.8855788214821,52.13989007444101,34.76282749295117,20.214615168717774,84.84228877631209
Kisumu,Kisumu Central,2025-03-01 23:18:21.952240,87.93951861260197,40.27163388882142,53.337146273443324,50.95799897264086,54.995347638289736,63.86273904411516,44.960791286463426,51.41714217440134
Kisumu,Kisumu Central,2025-04-01 23:18:21.952240,73.5329477536769,41.4265057263553,52.36434024591595,65.20557217557428,59.168556607485776,29.59083702757703,56.225147299972896,33.99932802788548
Kisumu,Kisumu Central,2025-05-01 23:18:21.952240,51.47586651148285,63.47533446089066,66.59711153958224,60.27122771941313,47.339469101419404,68.52268312462178,51.17572115280211,50.074912183267166
Kisumu,Kisumu Central,2025-06-01 23:18:21.952240,44.807736576760774,85.94279871472236,64.82706238678313,33.64532707872016,64.41461033453575,75.24968363970211,52.31040626313769,49.8981070489821
Kisumu,Kisumu Central,2025-07-01 23:18:21.952240,97.57102339564908,42.387291693596175,64.2763763278726,53.49839410553941,54.28228726712086,70.57731665596344,59.62320777188323,75.08699222165339
Kisumu,Kisumu Central,2025-08-01 23:18:21.952240,75.37452802315462,61.545303091639575,56.7709854420346,40.436563981413556,51.26060590093255,22.419434558944214,57.175265293361164,37.25465495675532
Kisumu,Kisumu Central,2025-09-01 23:18:21.952240,77.20933271572467,64.75440864404055,48.14358736938152,78.62452770682208,63.92650925153084,51.36324724493208,22.45921078951718,82.05199216292347
Kisumu,Kisumu Central,2025-10-01 23:18:21.952240,86.81227907990589,42.62170936820455,75.40183741548668,77.21782266540242,95.11930874975471,26.174245213566138,18.366703454428198,84.66399228963299
Kisumu,Kisumu Central,2025-11-01 23:18:21.952240,56.15692696097818,67.71853200850182,57.862168288384346,71.18659219762276,93.47062916072235,60.484800792316626,19.07584612565692,69.60240237548456
Kisumu,Kisumu Central,2025-12-01 23:18:21.952240,57.39020550186797,80.53001168385455,32.803097673254335,63.65641577400944,54.07504006739936,54.06147233114334,45.810784880633435,66.71187554008483
Kisumu,Kisumu Central,2026-01-01 23:18:21.952240,67.08340609135698,56.990831568090684,36.3989337968456,37.27620791012991,91.42743086760208,37.520812456960584,31.443401241045972,52.373027688497686
Kisumu,Kisumu Central,2026-02-01 23:18:21.952240,53.50238472107567,64.60729632933476,53.10365936046283,71.64159324579907,86.7407478200459,74.78177989050403,59.102357834634894,60.30938798876875
Kisumu,Seme,2024-03-01 23:18:21.952240,56.77284240941559,86.98349926966364,62.53864324109309,30.7305002268582,75.25483285228773,70.7203008698676,52.87449584541222,46.4326124869051
Kisumu,Seme,2024-04-01 23:18:21.952240,54.079585736341905,78.89059222475919,32.833094849600585,63.708244848740115,92.75446247184155,61.86541772707141,20.675209127865774,32.271359348374645
Kisumu,Seme,2024-05-01 23:18:21.952240,94.40071936442399,83.90425282273463,69.42893528583043,84.10187951960361,79.16638109708057,37.340660820871335,64.82047054817446,44.20977551227146
Kisumu,Seme,2024-06-01 23:18:21.952240,59.175715603941704,37.643989342477084,50.72314268827517,54.69084974712935,69.87329585671962,28.69446966450618,66.18141675819268,75.73150106891282
Kisumu,Seme,2024-07-01 23:18:21.952240,67.36165140612866,37.17871908771704,41.52916963092582,33.525965263121165,50.08847467306005,48.8732499604535,52.7623530136604,44.4842778869921
Kisumu,Seme,2024-08-01 23:18:21.952240,56.26373958205142,67.19627005334223,35.02308631941747,51.18551322109599,84.52209486169967,73.80063502131856,61.202358950515745,72.20350725696721
Kisumu,Seme,2024-09-01 23:18:21.952240,63.68180465831956,48.586160032673476,69.58574481614158,32.05129181811576,54.69788892793346,79.89832569420386,39.368416295976346,45.18021547082714
Kisumu,Seme,2024-10-01 23:18:21.952240,76.92905034169154,85.30098473722572,67.5350781051327,75.90565219195159,60.7648304273296,33.007987684157015,54.553555744869364,39.976978525529944
Kisumu,Seme,2024-11-01 23:18:21.952240,75.05751852141032,94.1634404399251,77.82688868830158,64.22353805487936,84.69343576814815,29.83151830036796,29.285143139748275,31.071316962687305
Kisumu,Seme,2024-12-01 23:18:21.952240,93.99353969136774,46.35041287386481,57.14442500834123,40.051019201729325,56.43686028611231,57.7704833795068,26.818891141400925,69.92420966818872
Kisumu,Seme,2025-01-01 23:18:21.952240,49.79243145958883,60.603166909545955,83.25448740274517,36.07956951256695,54.803888014918215,30.979963382246986,13.662852812404838,35.779263354507556
Kisumu,Seme,2025-02-01 23:18:21.952240,93.7814195344926,59.82911390796672,71.37305778143886,49.701691706887395,88.1385886836615,32.55969803608804,47.37638095995585,82.9542888580475
Kisumu,Seme,2025-03-01 23:18:21.952240,51.46339890129942,52.250867569598825,31.15750110226824,61.840290559054246,54.73990610327229,59.62665132175655,34.564988176895696,72.42159946695871
Kisumu,Seme,2025-04-01 23:18:21.952240,97.77991593656998,84.85614033856139,64.8633521501391,76.08439179632504,71.67273724318248,73.07084866612266,67.15746121635557,31.374924459682504
Kisumu,Seme,2025-05-01 23:18:21.952240,42.02205736946534,72.74211979702764,73.65506046111386,54.57874568434418,74.17538525351462,22.22896493200065,16.81153853368202,49.31132843866747
Kisumu,Seme,2025-06-01 23:18:21.952240,78.04876117850219,62.685048291655846,61.28707154596453,56.358257035672864,59.35665483805067,27.21498518942409,37.15342049933389,82.67744281726434
Kisumu,Seme,2025-07-01 23:18:21.952240,41.53462662435465,45.58281853165765,33.04435438639943,53.37390907000044,93.6009509774662,43.096743060391134,17.152609097307895,74.75513397151195
Kisumu,Seme,2025-08-01 23:18:21.952240,42.02557862575167,76.09557391650111,61.50837323597991,88.35771725592824,78.04105438990197,23.778617721844412,42.589713168188275,58.15978559868746
Kisumu,Seme,2025-09-01 23:18:21.952240,65.71173579430689,59.574657864008415,26.036420942566437,79.6483999849055,61.93863967984523,66.59117496664834,27.195103994939544,84.73126502009714
Kisumu,Seme,2025-10-01 23:18:21.952240,43.63929026820877,75.46108878166176,46.62951599994145,78.49284391187177,95.67877563683336,27.64684584426351,52.309135304619815,84.20738688997734
Kisumu,Seme,2025-11-01 23:18:21.952240,57.077817767864346,84.2255600519045,68.20353864706954,64.5927860383601,52.29796871331183,24.687155986799073,28.98314008548051,82.43709288651388
Kisumu,Seme,2025-12-01 23:18:21.952240,79.58439729249686,78.3215226112712,65.84139267313904,45.105724614347885,65.33950039396335,68.23136376151436,12.727287523149908,77.22160445201166
Kisumu,Seme,2026-01-01 23:18:21.952240,95.40209637875468,73.67271713084105,30.132325133356833,59.06407372213528,71.35088925379017,73.4489006958066,18.35299265743393,30.15893784244356
Kisumu,Seme,2026-02-01 23:18:21.952240,74.64255985813325,54.45152484263394,32.483342466544855,39.22149373657976,92.8239174708278,43.88407171666972,16.696607198106612,74.26185219422182
Kisumu,Nyando,2024-03-01 23:18:21.952240,69.63195192456551,37.37846042552888,65.56737616370725,55.31254528082466,68.44159576157467,56.8459888666278,40.73899460388499,62.05121098662435
Kisumu,Nyando,2024-04-01 23:18:21.952240,82.62058443994403,76.57907571490506,76.52315399783348,52.97935593431774,67.97469962993443,71.20170450354448,33.129188923964946,52.93556357710316
Kisumu,Nyando,2024-05-01 23:18:21.952240,87.93546972990282,67.56061245493007,31.57205845876601,38.8705314009774,90.4450339649211,79.14139552495514,24.901352602283993,31.829968724767998
Kisumu,Nyando,2024-06-01 23:18:21.952240,74.16580918377011,58.41266035744179,47.07481847554777,80.1127203752857,69.87432071428954,29.857753628347496,54.30181608647569,37.14605561576919
Kisumu,Nyando,2024-07-01 23:18:21.952240,93.9025379805994,50.803914386687396,59.6790545351497,52.817102295743815,60.509012333960214,49.5572696559837,64.34264532241336,53.62916009609737
Kisumu,Nyando,2024-08-01 23:18:21.952240,81.53181308597297,76.51612165301196,39.40959650972981,73.07319792000511,71.2337152829777,36.888889803550306,23.80165457621906,61.60575298510752
Kisumu,Nyando,2024-09-01 23:18:21.952240,53.660106533240366,69.34271725944171,81.22978920014296,32.48980943920945,81.96083284399612,28.724938508689203,20.396330117031592,41.68620691596509
Kisumu,Nyando,2024-10-01 23:18:21.952240,65.11078891838821,61.5287022390918,84.11950623642751,46.79019957335848,70.76972332647547,61.828021234769324,13.586152656036809,32.06343381219939
Kisumu,Nyando,2024-11-01 23:18:21.952240,65.3051850074707,45.9604625550383,76.22324504318102,82.24822696380593,86.1437221374621,22.13842222828655,46.89392209110731,48.90095016790926
Kisumu,Nyando,2024-12-01 23:18:21.952240,53.26690670842912,38.41898046567121,34.18413921392094,53.32062536047921,67.57873946656059,30.398578404558528,11.372204788819271,44.50009052830681
Kisumu,Nyando,2025-01-01 23:18:21.952240,41.634417593549884,82.6421448476832,57.04025046041137,67.07587566504091,49.558352142404345,26.82168627915959,61.60312828701201,42.12799634019944
Kisumu,Nyando,2025-02-01 23:18:21.952240,49.644538189996496,43.601324249842904,31.958715499075854,36.39744904125443,72.88367286473843,32.3948933645998,51.00719488866865,49.03584080868936
Kisumu,Nyando,2025-03-01 23:18:21.952240,91.83039120027368,85.49842966423523,73.31769317953174,51.27982949520741,54.31993725156348,39.855717460576145,48.25688567893857,32.50898903359202
Kisumu,Nyando,2025-04-01 23:18:21.952240,87.46995275403029,49.352889394732586,80.6622844175167,42.64088487890944,46.2115525880505,25.292979017952298,36.77419346008503,45.601878569521205
Kisumu,Nyando,2025-05-01 23:18:21.952240,97.75601945084662,62.6522170967841,38.449796384105106,84.53670802151609,64.79247112522711,26.931538758113007,28.932269438463273,54.507097946150864
Kisumu,Nyando,2025-06-01 23:18:21.952240,77.87268285820214,49.79061659750266,35.09970923379744,89.39477605758788,48.84513977843703,30.66282639409655,11.733589881740636,43.32912032184647
Kisumu,Nyando,2025-07-01 23:18:21.952240,40.997121072073405,71.53843475812269,38.170770435085046,66.55710732673134,92.68253093323807,46.23866953906723,69.08707247462984,53.22626763753746
Kisumu,Nyando,2025-08-01 23:18:21.952240,53.20558367218861,49.311132080572335,76.95017253641967,57.579490731706926,90.26691769042145,76.88062569708673,25.680669680263534,31.83040033153673
Kisumu,Nyando,2025-09-01 23:18:21.952240,48.11438664916465,80.7539446408168,48.90500923081576,84.60530468983019,58.3281075889369,37.65588284156443,26.29565850997227,47.4998206513538
Kisumu,Nyando,2025-10-01 23:18:21.952240,44.757455129212985,70.63626017364376,47.693229673169164,53.47808801921825,68.20115171654277,53.72218315152931,38.149737763095175,71.67275562490096
Kisumu,Nyando,2025-11-01 23:18:21.952240,47.49472353114868,66.80252009200333,70.13246835165386,43.70733253125502,53.61454842644872,63.58225772288131,54.31904984833651,65.21210345020731
Kisumu,Nyando,2025-12-01 23:18:21.952240,55.20145512925107,92.85033082399359,53.547877418747674,81.09821594764622,96.6612655892875,65.09545589460816,18.27035569051776,52.465547970267686
Kisumu,Nyando,2026-01-01 23:18:21.952240,78.46309612745455,39.06360344845716,48.978350939767296,44.38693207626869,72.37006389505316,64.05165219891234,64.64490399424263,62.924674045464215
Kisumu,Nyando,2026-02-01 23:18:21.952240,68.4513966230455,77.47540520396655,40.77750368240359,40.41275295093991,80.01168266383141,31.141113431343577,39.669185950704,54.256410650754944
Nakuru,Nakuru Town West,2024-03-01 23:18:21.952240,95.02117448182065,81.56295168234286,54.62533190408897,50.29804160290461,52.63649826861346,76.47592456540494,58.99684562307734,68.18295544825455
Nakuru,Nakuru Town West,2024-04-01 23:18:21.952240,47.674006771577126,40.30667763707978,80.92382479530579,62.32191257563596,81.69368914493649,57.88786480195305,29.967039893651833,35.49512430669972
Nakuru,Nakuru Town West,2024-05-01 23:18:21.952240,55.86669951333482,89.00088599245349,66.18991106790975,61.41916532736203,70.50280311468126,53.028259422426224,66.23695627626357,49.9537249596487
Nakuru,Nakuru Town West,2024-06-01 23:18:21.952240,80.70615159423897,47.25824351893928,61.072264038184166,79.86133746918111,82.04575555698456,33.3267107064454,42.551450263589665,61.311896470879546
Nakuru,Nakuru Town West,2024-07-01 23:18:21.952240,87.77831694553848,89.33415288788386,29.10259699034017,84.73971093886308,59.69621682134147,51.23370462405471,63.20105903738759,62.26529055789273
Nakuru,Nakuru Town West,2024-08-01 23:18:21.952240,93.46601543817586,93.40123824580755,28.975356650295872,76.65418705347761,46.58850125003355,33.23672386798965,60.234236927304245,42.616907804187306
Nakuru,Nakuru Town West,2024-09-01 23:18:21.952240,76.14731650433087,56.84977558634061,39.41405897722876,79.28321797622472,89.0766236221526,70.85678080693799,15.599427490301427,59.86659785550236
Nakuru,Nakuru Town West,2024-10-01 23:18:21.952240,86.73945127560987,36.352979311708765,60.59802413553429,69.27454685993087,62.45275210765855,77.6733077671764,13.695686545947911,80.9696463656664
Nakuru,Nakuru Town West,2024-11-01 23:18:21.952240,56.510127254736474,55.58509413178382,69.58890962847174,53.055997756464215,92.57944264980863,35.956542706156284,69.02531137532573,74.59739924809007
Nakuru,Nakuru Town West,2024-12-01 23:18:21.952240,45.614543448625454,59.47407904823362,27.510216384641137,65.78508536755893,63.08630797697634,66.44061951374692,33.733151398078775,35.39084894552833
Nakuru,Nakuru Town West,2025-01-01 23:18:21.952240,42.8298274200942,69.42071068683501,28.232227067737636,30.608347346096924,53.96520627089892,51.64885569666903,41.851787227038315,42.04816844816426
Nakuru,Nakuru Town West,2025-02-01 23:18:21.952240,91.36367122021262,94.01122720671496,62.98382270419573,59.30256849597953,61.90452606085388,23.810721682491526,61.094379036027675,67.97215522028968
Nakuru,Nakuru Town West,2025-03-01 23:18:21.952240,81.60308168518338,94.80498015470963,59.4604437833911,52.748836738532816,88.75987345184028,28.670981989429503,38.12463026673874,31.574754384039363
Nakuru,Nakuru Town West,2025-04-01 23:18:21.952240,90.52620168991677,67.98120831959311,76.06167676117494,78.31291324267511,79.49023908868924,79.88465710868695,63.037735532716205,33.69683505480733
Nakuru,Nakuru Town West,2025-05-01 23:18:21.952240,83.33831702967487,72.85908306960897,69.67797397190236,55.3970052960796,84.09099190986842,24.618924538138003,43.97860905982567,83.83326606981416
Nakuru,Nakuru Town West,2025-06-01 23:18:21.952240,89.10007918370869,68.43150907946963,80.19900738401552,61.72464791858898,84.86163988020036,22.588452694594313,57.95965889652743,60.8949133902029
Nakuru,Nakuru Town West,2025-07-01 23:18:21.952240,97.13410153593601,88.46257124124298,50.81555189987451,31.351792802248642,55.87580067193308,58.29934026775737,67.61514611882953,37.394463843454325
Nakuru,Nakuru Town West,2025-08-01 23:18:21.952240,87.72116357832923,71.08041442934079,41.667492887254646,82.7554867969034,50.69253368018488,45.55892068202181,46.59523992457793,34.15875161868842
Nakuru,Nakuru Town West,2025-09-01 23:18:21.952240,75.74176702701925,57.45663880587465,41.95750881578296,59.43465449454452,74.11203428587203,27.13261331634278,28.031940328645362,40.74126887803757
Nakuru,Nakuru Town West,2025-10-01 23:18:21.952240,49.648834808518075,72.89885186230089,52.855564158258304,35.42550741790507,78.94631395883167,29.69683793496124,69.15257952853082,32.713435141405164
Nakuru,Nakuru Town West,2025-11-01 23:18:21.952240,46.06301033449962,45.112994901885784,52.09202325971367,84.94655842797286,58.60594566274344,53.80652779843529,22.689502164617238,45.671505934757995
Nakuru,Nakuru Town West,2025-12-01 23:18:21.952240,69.00661487373037,89.28110499404579,68.14592489581948,73.95836649687018,59.72624837629174,33.94440674763169,28.510450856444244,61.8408560624382
Nakuru,Nakuru Town West,2026-01-01 23:18:21.952240,52.67539848312045,46.85487890864799,64.50868602214126,68.09776617126454,88.46597248234322,37.32134747456246,49.686162594113895,52.88395203155381
Nakuru,Nakuru Town West,2026-02-01 23:18:21.952240,67.47651894354385,51.854812745003606,46.93517821841804,49.88296934083546,71.09419934701455,60.259247348746676,66.71274189391814,47.17740920793404
Nakuru,Nakuru Town East,2024-03-01 23:18:21.952240,96.85361398746849,45.08654778235402,55.43513141174844,52.094224291689954,86.14273799716678,67.72262422152573,43.85799814339217,84.97624719661002
Nakuru,Nakuru Town East,2024-04-01 23:18:21.952240,79.60385249455709,35.067135535156446,47.28668234371339,81.2622851784585,52.73713440740589,79.34940853001521,11.271810972604364,34.44407660488885
Nakuru,Nakuru Town East,2024-05-01 23:18:21.952240,87.02748516593098,47.714998544401084,25.145125727041215,57.83424452797355,61.01775629103625,60.41136528433916,64.69661021510456,54.937609970971664
Nakuru,Nakuru Town East,2024-06-01 23:18:21.952240,77.30316396475509,61.907552871113445,25.714830993689862,48.29523825708061,77.02728225328909,51.69230783329082,45.42909825236022,70.13417080492653
Nakuru,Nakuru Town East,2024-07-01 23:18:21.952240,82.08799566976097,63.804323684030166,29.906751699422962,79.22916172727969,64.26523357854774,25.666371191902975,19.95997322488236,80.52949265101125
Nakuru,Nakuru Town East,2024-08-01 23:18:21.952240,81.88291432348367,46.077296255021096,29.455369056189884,56.70943013594602,95.50471784907603,58.55892001452451,62.63370466844996,69.48810878582961
Nakuru,Nakuru Town East,2024-09-01 23:18:21.952240,50.241922556724916,82.83832871623558,66.4885680344141,46.88996258113512,69.62171674326964,34.60166904175285,27.131125476815917,58.04393266497786
Nakuru,Nakuru Town East,2024-10-01 23:18:21.952240,59.01267461401646,79.9784653820339,63.01713735338519,48.98028440299178,87.26426565607198,57.20497165361887,27.99295139059725,46.30790475948207
Nakuru,Nakuru Town East,2024-11-01 23:18:21.952240,97.44945076566074,38.30288857543142,64.34818379795423,49.71589740291988,78.36311193800744,38.44020333404758,16.311665916187263,36.19985232053461
Nakuru,Nakuru Town East,2024-12-01 23:18:21.952240,62.48725720255506,72.0534910819865,51.41219617802123,85.84045992674679,53.804197879708966,46.728490959550776,29.33780828267462,71.2798893255054
Nakuru,Nakuru Town East,2025-01-01 23:18:21.952240,68.42604893703304,71.95653801846328,43.36731133919469,34.64474816106741,73.14206037447961,72.63981691617772,20.74117803158669,47.9226988755333
Nakuru,Nakuru Town East,2025-02-01 23:18:21.952240,90.25957688035761,71.60076483393297,45.06086013022822,76.09939774181152,80.5788462138201,56.82592190589097,45.17136121931546,81.93577492352313
Nakuru,Nakuru Town East,2025-03-01 23:18:21.952240,71.34044170619086,83.21430817154462,74.84056529167101,75.39769286267645,74.19619132091307,40.68616708416071,52.36273703916814,31.968438609538918
Nakuru,Nakuru Town East,2025-04-01 23:18:21.952240,56.484029726540925,88.6948710819982,78.50128290801527,43.09403273722629,78.3159659242606,32.26423231933575,31.373135131525622,60.508258109994074
Nakuru,Nakuru Town East,2025-05-01 23:18:21.952240,49.29232054308087,41.07771794664452,45.79677573964955,59.3705335117689,79.63153850427861,20.317069852015216,14.145758062196638,74.13812633411743
Nakuru,Nakuru Town East,2025-06-01 23:18:21.952240,68.19100527334017,54.278961693331304,42.69847558214993,30.920499049231253,58.97399793385255,68.66839616983319,61.20682901433172,76.90870763182606
Nakuru,Nakuru Town East,2025-07-01 23:18:21.952240,84.00794674014853,49.76273477478545,27.466569172860105,52.99422430522564,56.33060894076182,31.468716942783278,45.24976106695389,82.2308602755466
Nakuru,Nakuru Town East,2025-08-01 23:18:21.952240,87.09000515422385,61.01852260541925,26.944212785741307,48.57444837532315,49.78918424632904,48.906627320093826,24.112613089347274,82.04795033749556
Nakuru,Nakuru Town East,2025-09-01 23:18:21.952240,66.58971159061541,70.01084638209191,38.95412135158484,31.442108224536227,60.41924090725399,36.032581674058534,19.841112682488315,58.363730054456866
Nakuru,Nakuru Town East,2025-10-01 23:18:21.952240,94.50720420745128,56.496149138419376,79.42261039212755,66.09086601509182,55.65003853594519,52.951491841129204,18.22532333305469,64.13354699184447
Nakuru,Nakuru Town East,2025-11-01 23:18:21.952240,76.42696329044034,51.45188177775725,81.5829877303115,36.57234958460927,90.54783531287924,72.96196986735035,58.50922849378799,83.68841768216899
Nakuru,Nakuru Town East,2025-12-01 23:18:21.952240,43.06013434570834,46.97737538689004,45.7444464007868,78.98748608808575,73.09740381316838,52.59558389332478,62.91375772549857,43.654000496011854
Nakuru,Nakuru Town East,2026-01-01 23:18:21.952240,55.72640171414379,91.28609148737601,44.43782012363455,59.148160669771194,46.0652808885164,39.60202141290987,40.48105301756581,71.03471113055556
Nakuru,Nakuru Town East,2026-02-01 23:18:21.952240,88.85321176158456,49.56490523484094,58.36649742733966,52.5784236753384,65.81028787212921,38.059556864032956,34.69384754102637,36.11098902746936
Nakuru,Bahati,2024-03-01 23:18:21.952240,74.23475628765897,80.40094719215884,56.74958843655515,83.92162744616765,85.3420285503159,55.83597155252116,31.54336953648433,58.97642317491166
Nakuru,Bahati,2024-04-01 23:18:21.952240,70.25510434273808,85.60799188034517,54.1369494453112,74.06692861646978,67.88548327039528,36.42189448485087,61.701139999782704,34.73409198055816
Nakuru,Bahati,2024-05-01 23:18:21.952240,62.37484377724972,74.70902429418246,26.282564477522197,81.9715567999224,60.445684972594165,78.71000869878688,27.115377148716192,78.69003171150266
Nakuru,Bahati,2024-06-01 23:18:21.952240,65.3860114498996,84.38002285620375,83.30104099260429,60.364754620894715,77.76374373654735,43.5924056709966,63.60901543430277,67.19148868214705
Nakuru,Bahati,2024-07-01 23:18:21.952240,73.42298107829201,74.50071546288613,51.11272564335801,49.48612689887646,45.30685864631428,27.435463132405175,50.752605221136804,79.02861028453603
Nakuru,Bahati,2024-08-01 23:18:21.952240,77.44477584299119,85.89609250304682,34.39932174729412,67.37838393189934,68.43193571487147,75.15952795585353,41.268817789933124,80.43526347151814
Nakuru,Bahati,2024-09-01 23:18:21.952240,67.68352465268124,52.358385820244195,67.15068729983633,31.28362435606309,69.74342638309703,68.36934563768165,37.34010357891813,83.27557216448785
Nakuru,Bahati,2024-10-01 23:18:21.952240,56.41807684099564,92.95753822203926,28.271268716627947,87.03928976295396,95.3299388911008,57.605285396627,35.62630241679907,78.83667022298471
Nakuru,Bahati,2024-11-01 23:18:21.952240,78.78428945329074,83.13366676028011,50.42966311500031,55.37935985815522,80.08468120665562,52.69944503959579,13.333081221050477,44.004304397931215
Nakuru,Bahati,2024-12-01 23:18:21.952240,63.06013568455106,70.64733134797534,58.42257968756029,58.89166068835472,66.59753712729307,24.13084398126575,19.753694355603834,42.96575249575323
Nakuru,Bahati,2025-01-01 23:18:21.952240,54.01566321739368,56.57102775949869,33.72837124150106,46.979509299239695,47.24612716950627,53.16924587302701,14.743992828138913,56.50718032974579
Nakuru,Bahati,2025-02-01 23:18:21.952240,43.020350031672635,44.43498292201803,84.03889043796325,30.002439130071604,86.93082926777979,41.90868676946854,69.97754413040204,79.86643005300752
Nakuru,Bahati,2025-03-01 23:18:21.952240,53.28198035625187,77.48355793464644,67.0853825704651,88.16226826239507,92.12118932915409,77.44616964021861,40.9459928485907,43.83741397921456
Nakuru,Bahati,2025-04-01 23:18:21.952240,46.58473962902221,53.270732455073635,41.328028792822025,50.23541056867627,80.84589714575466,62.37845925131275,27.46614721785506,41.249859889103064
Nakuru,Bahati,2025-05-01 23:18:21.952240,41.576079194847715,54.31310189206549,49.81039538437982,81.47090184294413,95.16939052204262,30.095167214272482,39.808624589217956,64.40983686214877
Nakuru,Bahati,2025-06-01 23:18:21.952240,44.35522332392086,71.92796160936058,60.68373296333338,50.61077459034615,83.33727479642104,68.34406586647546,47.96525257516858,33.42366843019172
Nakuru,Bahati,2025-07-01 23:18:21.952240,94.17526550246353,55.618808544618126,25.75194372814812,50.79996883305752,85.12940587253455,39.34900679478239,38.467978078689896,46.473921155324724
Nakuru,Bahati,2025-08-01 23:18:21.952240,65.72606809633307,56.00925614769435,62.95803981341931,88.66280616740282,90.63110883734146,68.29572432836532,56.97626388103019,43.59249921013907
Nakuru,Bahati,2025-09-01 23:18:21.952240,53.62316997413464,58.47603831266096,73.5005540027742,41.01451956367907,67.99863208505897,50.83527520795297,24.618913839069045,63.724048521538194
Nakuru,Bahati,2025-10-01 23:18:21.952240,72.27759615755383,56.085743995727086,65.23823715783585,44.006022424023456,82.77780937344143,29.114177390523665,51.26018733006188,83.60409631830453
Nakuru,Bahati,2025-11-01 23:18:21.952240,95.14273606745493,53.323682141954755,58.34316154113018,84.71521033774656,56.351419477780155,51.54107936261401,47.45681987464684,45.0889802590142
Nakuru,Bahati,2025-12-01 23:18:21.952240,41.04244036768329,44.58030025245236,27.68490363432599,84.94642190832778,67.66340035110093,42.41681555226566,27.47953599034077,84.17757080774103
Nakuru,Bahati,2026-01-01 23:18:21.952240,95.40424930592089,57.66622306615042,38.55072739017553,41.18953821229451,90.45185367674966,76.46127169484765,37.42128358018834,43.503622572061374
Nakuru,Bahati,2026-02-01 23:18:21.952240,62.24734149662092,83.5034615559597,44.97549308477775,78.19469151609823,93.80064128044465,78.55059485992001,64.51307797994076,52.725800763498846
Nakuru,Gilgil,2024-03-01 23:18:21.952240,63.39334300614995,84.92275572804927,38.00855178166774,35.574181225668816,48.271180349683796,65.94729215008175,31.92370998525222,52.72589602507418
Nakuru,Gilgil,2024-04-01 23:18:21.952240,59.31266552585366,72.06080324776835,39.614122304868886,76.18320816264753,91.09820016085942,68.45666380801052,47.65225489515107,37.81478060279827
Nakuru,Gilgil,2024-05-01 23:18:21.952240,97.06343650939574,87.59896347309862,74.68764782097965,63.35329944046658,47.010029813282905,28.016626656440025,69.8914575290688,45.30459882990946
Nakuru,Gilgil,2024-06-01 23:18:21.952240,66.4403409050693,36.33362318530087,68.4711205962247,47.644435072506916,81.4045240644202,30.49672823866838,49.29580883735235,81.62586948166779
Nakuru,Gilgil,2024-07-01 23:18:21.952240,51.86192628290021,78.2555765932578,42.16973434172169,78.46947134504934,62.147834843749855,63.73288345981946,27.033881579883403,30.654363911134237
Nakuru,Gilgil,2024-08-01 23:18:21.952240,97.50989723417325,45.115295489852386,75.40379786799257,63.31691766997055,71.21910861806559,20.95395370450387,28.567930470863892,76.57483725481936
Nakuru,Gilgil,2024-09-01 23:18:21.952240,80.46128451896601,37.05648854355845,84.70075890243334,54.640539022038624,68.61333524928445,30.783341017966706,55.46540182101215,54.39322778054061
Nakuru,Gilgil,2024-10-01 23:18:21.952240,53.362418642269446,42.56149982356006,63.647231291232984,34.827733868548336,75.62271898050207,25.118192811300748,53.852157858665144,51.54089755365953
Nakuru,Gilgil,2024-11-01 23:18:21.952240,79.2327916779374,58.18838267326363,40.4183425878762,60.785884234811334,83.08767258742873,40.1319338018661,56.93004704700308,38.237396851806515
Nakuru,Gilgil,2024-12-01 23:18:21.952240,47.52463318968342,43.30603111035926,60.950534476380405,48.28801742618893,68.96949507051448,27.312288448364388,15.546756859424203,73.4090274647706
Nakuru,Gilgil,2025-01-01 23:18:21.952240,95.58404247233527,88.88626057980575,80.5675382056825,65.82570628610199,80.55495642697517,25.43142102499317,61.22119824932893,39.00745618371743
Nakuru,Gilgil,2025-02-01 23:18:21.952240,74.7433488975226,52.56457084266658,45.14996417046062,41.15596949182049,60.67034533026464,43.210104582581835,62.02847227688187,33.37199630047782
Nakuru,Gilgil,2025-03-01 23:18:21.952240,58.172756051574694,94.42551841941851,77.63367132240327,76.33675302653616,48.99580194978574,48.172277629891255,14.157995779809019,78.50117188408841
Nakuru,Gilgil,2025-04-01 23:18:21.952240,50.115476263964844,92.22643167091447,57.8191113286224,70.59916449169341,56.120656834983876,22.450508527498673,10.15451069561582,63.93203763822925
Nakuru,Gilgil,2025-05-01 23:18:21.952240,70.30170752747125,93.71408313377192,71.43116776533483,62.696123762535585,85.54256064811341,21.447123102482195,16.619538611689322,75.9447842142626
Nakuru,Gilgil,2025-06-01 23:18:21.952240,81.66489975866375,84.6183729798875,67.85697734511865,36.372543507956834,61.61951814655265,61.369752171664906,66.18925170203215,33.71981384540127
Nakuru,Gilgil,2025-07-01 23:18:21.952240,62.858523644988,91.29614810946369,72.34217231635819,73.80586367657577,75.03725438445977,62.91219063327371,38.14836253138965,49.252682835667976
Nakuru,Gilgil,2025-08-01 23:18:21.952240,96.863401324711,59.874370682504036,60.09637201568453,38.23974399132814,87.42846112322148,23.070163249699945,39.34415239831756,82.4058930406523
Nakuru,Gilgil,2025-09-01 23:18:21.952240,76.85502272284145,91.77107896297872,32.70876079081876,78.31589974971808,92.71448228696335,60.95986800857506,67.51889827546643,43.81985281186681
Nakuru,Gilgil,2025-10-01 23:18:21.952240,79.47407886408666,57.29955670443531,39.115927434629434,89.93060314365576,66.95342096620269,56.642374683655234,20.696481849777335,74.15338701444486
Nakuru,Gilgil,2025-11-01 23:18:21.952240,53.53259188316835,60.099740138892855,56.11922575946312,44.37158471129521,69.79394357725049,46.106382919248134,69.12525158341188,46.166709282048075
Nakuru,Gilgil,2025-12-01 23:18:21.952240,81.32676914901967,45.98909157534831,61.980411649537835,38.03036481877395,94.05417608878423,52.53005192798538,66.91868297951294,43.562968647174515
Nakuru,Gilgil,2026-01-01 23:18:21.952240,67.83323855908128,47.92670017881488,51.107167914004435,49.583461408274175,87.41931371208241,31.120641894019407,11.78665112134226,80.49794374801668
Nakuru,Gilgil,2026-02-01 23:18:21.952240,42.40890628237161,49.32303631754143,82.7911438541181,60.6820086650116,82.3424120164967,28.759203195458667,37.561376550613645,45.623296520601826
Nakuru,Kuresoi,2024-03-01 23:18:21.952240,80.42154694114589,70.67847898231541,33.99624025134354,71.51703503295455,89.9932100407473,79.12629425831062,50.472163911560244,64.13590770299959
Nakuru,Kuresoi,2024-04-01 23:18:21.952240,92.33720985738987,38.353656555836544,68.49058031799517,63.44556722469768,52.79656315780552,38.08829534181427,30.646844894835745,65.45720264553331
Nakuru,Kuresoi,2024-05-01 23:18:21.952240,89.29758004326096,59.943312001111806,36.45755091382924,61.29297717036187,88.05228094635237,37.442184818366925,23.79359828178213,74.34182416602255
Nakuru,Kuresoi,2024-06-01 23:18:21.952240,71.24492034431474,50.59531516088373,67.18110512941644,30.902764510440935,47.84575200590076,76.33460909377301,38.24266005582361,61.915030318996
Nakuru,Kuresoi,2024-07-01 23:18:21.952240,77.45397793621696,86.39107176603324,36.60852627492344,36.20225701773737,73.76006998639909,52.29250944997982,34.96735517887098,66.11801190819494
Nakuru,Kuresoi,2024-08-01 23:18:21.952240,79.83806492021371,85.2120962955573,60.292445464751054,65.12043121441073,57.60745331504901,71.06853365179089,54.14308507873236,79.58429135349233
Nakuru,Kuresoi,2024-09-01 23:18:21.952240,90.21462774430094,56.6150564750439,26.08397939722022,58.76554166665854,81.72728283633138,24.07705419407881,47.74056252025923,38.24475784068053
Nakuru,Kuresoi,2024-10-01 23:18:21.952240,43.792814040764924,39.24329751752537,74.56829385396607,45.27103679596825,76.90361359161544,26.1726045881474,13.699183299927169,54.88404458660675
Nakuru,Kuresoi,2024-11-01 23:18:21.952240,82.16652423968144,71.17612469551521,26.27897144096752,87.32716509930486,79.47601792454162,24.02342471217905,52.053997162925704,33.698578515066814
Nakuru,Kuresoi,2024-12-01 23:18:21.952240,97.20832135639922,42.63951738752027,68.50479793480545,48.159779644700706,55.25711232043042,39.345815212350274,68.82416748894572,83.5171755857401
Nakuru,Kuresoi,2025-01-01 23:18:21.952240,70.42157146078381,59.45485989045014,57.70146566158639,40.35600856535929,54.94354177533863,56.711351406457766,20.37069365137447,61.84204074861027
Nakuru,Kuresoi,2025-02-01 23:18:21.952240,55.98333581879923,63.25262763125184,54.620424394715116,47.405421685860205,53.26107858948636,20.57532625239529,64.80094558473468,66.41740023175632
Nakuru,Kuresoi,2025-03-01 23:18:21.952240,95.32956035886795,66.80906009288248,41.90049969427672,59.94073044257934,89.33531871452966,21.566565790018984,37.62196252735777,59.36071236715114
Nakuru,Kuresoi,2025-04-01 23:18:21.952240,41.29977003115742,42.121573483831334,55.69020523907119,69.91288095188077,83.04347022802756,56.539222884347666,49.37104882880311,32.96005259981307
Nakuru,Kuresoi,2025-05-01 23:18:21.952240,75.88042819324242,74.75637307212739,34.64597845857183,54.929253291695844,88.88795205315797,78.49418769513045,37.167100688270864,83.91276409759271
Nakuru,Kuresoi,2025-06-01 23:18:21.952240,76.04549554161068,41.44382253986,79.77410709045508,39.16014140155475,55.17271483587012,59.73893064989204,16.349570070252724,61.91592222763458
Nakuru,Kuresoi,2025-07-01 23:18:21.952240,71.4578718907051,58.246682289059606,62.430221366928485,53.218548142217685,90.31822742650834,62.335679895804184,54.74868834489089,81.69984276173197
Nakuru,Kuresoi,2025-08-01 23:18:21.952240,47.7972320885407,59.31186747556958,76.10984567521666,54.98872225985977,54.54310800558935,47.76127067930418,34.91244980188429,63.416757901890556
Nakuru,Kuresoi,2025-09-01 23:18:21.952240,95.99261060630519,47.311818983426164,50.74103267857602,74.47984021846105,68.3264166842531,74.90223545093505,12.298787386008234,54.67538918062067
Nakuru,Kuresoi,2025-10-01 23:18:21.952240,71.13159755087415,41.39875515800177,29.24896986859944,33.52732077248773,67.18306096420025,77.7612833904627,52.66452769503003,48.26848610866199
Nakuru,Kuresoi,2025-11-01 23:18:21.952240,90.71352863187673,64.28856621032426,59.87291734562497,58.95797584734811,80.70826877679232,51.85167230625353,61.18907951869689,58.727665991724216
Nakuru,Kuresoi,2025-12-01 23:18:21.952240,81.65509992178897,46.928943378909366,51.750411097827765,81.84952640206514,59.388218127674904,48.863238682310424,33.50694081546835,64.84436279688137
Nakuru,Kuresoi,2026-01-01 23:18:21.952240,79.15275049894623,75.0637219569906,77.81664113748411,57.830248962663575,93.96253861214774,32.95612947920564,66.03442246021237,82.81604915238306
Nakuru,Kuresoi,2026-02-01 23:18:21.952240,86.61375974026899,66.17444622438647,40.71980124088578,74.10675174672429,89.63106268376696,79.2387553997116,23.91947947042536,78.05164808020659
Eldoret,Uasin Gishu,2024-03-01 23:18:21.952240,60.60414545409283,65.44738827754358,71.87187034084147,46.32211293929259,83.93692365362928,35.75486829103055,64.81070603880822,47.920741196283124
Eldoret,Uasin Gishu,2024-04-01 23:18:21.952240,75.18234658452172,55.31521595977908,53.67386576154404,80.50086724851344,73.74716187974548,39.817081186817916,20.038622965757806,44.4531102382868
Eldoret,Uasin Gishu,2024-05-01 23:18:21.952240,92.90481988468325,38.2459576598153,84.07109185331606,66.07408526280717,58.14820370743721,30.118763955738014,41.81034466547328,57.62635318316369
Eldoret,Uasin Gishu,2024-06-01 23:18:21.952240,48.20573124589742,59.33212707802174,40.60469967472692,47.997120648052245,95.35625704603744,47.97852119079506,29.002683093823926,59.328912788095806
Eldoret,Uasin Gishu,2024-07-01 23:18:21.952240,54.20573084888254,60.99090640419291,55.521739169024976,30.743679652119308,78.34568759255009,31.632080229729485,60.74483356169475,58.93880823914968
Eldoret,Uasin Gishu,2024-08-01 23:18:21.952240,88.74486721509064,39.763372205768576,80.25037935170428,48.85487762288441,92.01635819265539,31.80728540125162,47.318780775434625,80.46068516960706
Eldoret,Uasin Gishu,2024-09-01 23:18:21.952240,52.396829661004325,75.26939091860531,35.0899103923813,36.99918496488313,56.297006223023075,56.43738931524554,14.109764538985122,38.89688699741444
Eldoret,Uasin Gishu,2024-10-01 23:18:21.952240,83.10720781664541,81.57622042356458,69.0203168155605,56.34753741049236,77.76245781022777,39.94039767647705,10.701470863635226,49.706710219801124
Eldoret,Uasin Gishu,2024-11-01 23:18:21.952240,77.48046169403125,55.781305282707805,48.175912400935985,33.88283855035028,62.75641031299017,74.43040711074457,19.843830995714356,70.23102578485316
Eldoret,Uasin Gishu,2024-12-01 23:18:21.952240,85.51412335317858,86.46910514847633,66.70387109324776,78.14699178193656,57.226578469473615,66.77003132369047,63.67707426039446,53.73368858432775
Eldoret,Uasin Gishu,2025-01-01 23:18:21.952240,73.76507916032126,49.2171657338814,56.79950491648123,84.15837828516356,77.18477611736262,37.83800850625905,49.155490589078795,37.669804914024915
Eldoret,Uasin Gishu,2025-02-01 23:18:21.952240,78.65304315228565,84.06056597142552,42.45626335830056,43.20383440333187,70.46456022391934,23.319322130665515,36.17422087585648,76.54227218010939
Eldoret,Uasin Gishu,2025-03-01 23:18:21.952240,94.7823112745966,58.85576986297005,83.51463870719527,77.84371699402195,69.12136131487149,56.02272240014143,14.779178527158836,49.75921728084549
Eldoret,Uasin Gishu,2025-04-01 23:18:21.952240,81.75199255234901,84.6918456828534,39.58417197854194,31.733795303646303,86.86692600958038,46.19873906630915,34.64553919939509,83.02367509528138
Eldoret,Uasin Gishu,2025-05-01 23:18:21.952240,46.3593790627087,80.16715836593868,58.94689279237302,85.79459503880793,85.04872670858641,74.58423882518414,22.85861923146161,62.524286425426446
Eldoret,Uasin Gishu,2025-06-01 23:18:21.952240,74.46738779527229,70.34180975171337,64.74447068948417,54.310220467449504,95.73341762524029,33.784656218897766,48.06774035084023,49.59777000173284
Eldoret,Uasin Gishu,2025-07-01 23:18:21.952240,64.697950749718,70.24307877663067,25.8189867752937,34.422785647086336,84.1773977484967,79.25983941386535,52.67925215630165,59.92077685498106
Eldoret,Uasin Gishu,2025-08-01 23:18:21.952240,58.368540036315906,65.2177972477744,39.07482899757831,45.76040254303841,90.75080655521177,69.7884252899697,44.253780597634766,39.68991743206385
Eldoret,Uasin Gishu,2025-09-01 23:18:21.952240,56.397399376963634,89.57933554563886,35.070943626222615,72.94643307829841,64.05591242765597,23.86093835439183,39.633984745557214,58.20307732200141
Eldoret,Uasin Gishu,2025-10-01 23:18:21.952240,97.05739357706955,62.397027172015356,43.535183561375234,77.98922304657958,72.91488351365413,48.67841429368178,29.33774225689439,78.20473033769683
Eldoret,Uasin Gishu,2025-11-01 23:18:21.952240,71.43599860811143,35.9578951574208,26.79520953069475,61.317915708045064,91.860818858481,76.70654361640393,52.07454244513462,33.43773512191375
Eldoret,Uasin Gishu,2025-12-01 23:18:21.952240,56.45051019708883,58.34225948624649,49.25805170553002,86.11451660007785,52.94381737632847,59.769631557240125,35.79906837032131,82.6633406460169
Eldoret,Uasin Gishu,2026-01-01 23:18:21.952240,56.485250154662836,39.536715568421656,49.494568341874555,65.82213400385642,52.219931316263725,76.3919586913809,68.36024761743579,69.847009847086
Eldoret,Uasin Gishu,2026-02-01 23:18:21.952240,55.414557153947705,61.48455218279352,28.299633443610254,41.93683962981247,67.94439799435,46.849345789708586,34.514190749532865,48.71606683709768
Eldoret,Moiben,2024-03-01 23:18:21.952240,47.45997563476532,55.28034116574242,25.28581575627991,52.4548753452805,64.84069498736818,68.70167086277664,27.696101598062306,41.59800754739565
Eldoret,Moiben,2024-04-01 23:18:21.952240,83.78747649452848,61.636477883296365,70.7086738776901,56.15609345986264,94.50714286468917,54.24592302988645,52.9977238938445,68.08414685001136
Eldoret,Moiben,2024-05-01 23:18:21.952240,75.57159169107805,81.33006897700295,78.84413988182882,38.855303599422456,67.47001536118556,44.617497283282425,43.517358356254896,40.42860599372956
Eldoret,Moiben,2024-06-01 23:18:21.952240,40.107579047904224,52.661041105914734,45.76356173507516,77.38623989113151,95.47502565846757,26.91771617278476,66.39605072285696,77.48484956335614
Eldoret,Moiben,2024-07-01 23:18:21.952240,57.4376553697432,83.35648434613302,36.86648342414,41.93486636478734,93.22755553167221,28.331221212619866,68.77445992451348,63.01453665687075
Eldoret,Moiben,2024-08-01 23:18:21.952240,50.801531138068796,60.68892455719605,55.296013490038256,51.99709932799218,48.45255064192794,38.02511032027557,64.11886492809182,78.32575470287415
Eldoret,Moiben,2024-09-01 23:18:21.952240,75.25129095285715,47.791457341305716,76.6372323631769,66.68170401340802,78.79863172553442,20.75872192702561,48.96859625723086,77.13456128341905
Eldoret,Moiben,2024-10-01 23:18:21.952240,86.45690110620968,59.05926948429467,44.59584631453536,42.78396892438056,45.01531360445194,34.28356065421447,19.29473872078601,31.016058858176297
Eldoret,Moiben,2024-11-01 23:18:21.952240,76.73113827142221,94.0055285036155,42.670423830524996,65.67431907037667,71.67026599816226,49.02794082411209,41.504105789765674,37.80553848812853
Eldoret,Moiben,2024-12-01 23:18:21.952240,69.71293665698056,85.74031041112937,68.02261379023966,85.55117540927971,54.69546821349273,39.47842930342908,13.735791701882867,78.55748831585086
Eldoret,Moiben,2025-01-01 23:18:21.952240,77.29289212281762,45.474431249357266,54.72521635561251,41.10666681525285,69.6567932640246,60.98984267135956,43.87790360250397,78.00650758830793
Eldoret,Moiben,2025-02-01 23:18:21.952240,57.07738618566741,45.545700101265645,52.12051564754128,57.645740077804135,80.06822773333826,47.39328877211183,19.72494784929755,66.13048194631946
Eldoret,Moiben,2025-03-01 23:18:21.952240,56.4343172369945,40.479587169247786,41.225255389807096,86.11227741059312,72.32318370119458,39.0434587286355,43.15596423526638,34.806911403319475
Eldoret,Moiben,2025-04-01 23:18:21.952240,48.38028943327201,64.85035771073498,46.01078791328014,31.995114689621534,55.82185679664756,75.25756175031849,21.428030352436416,48.89641311040741
Eldoret,Moiben,2025-05-01 23:18:21.952240,40.78375522346149,77.71607128285866,60.87710216770716,36.542414743429326,62.593899467780105,45.747123681452514,47.795677555232935,31.01846388118931
Eldoret,Moiben,2025-06-01 23:18:21.952240,42.266813128391426,78.24360600836258,42.24036014291783,60.04818854630628,64.95068035287017,39.192933755665614,20.749105513070717,50.85463863585422
Eldoret,Moiben,2025-07-01 23:18:21.952240,45.070737184242965,76.25221466610644,63.251431842445875,55.38417546757799,71.59651634499811,34.479016504028195,55.98001985038679,45.15020760632413
Eldoret,Moiben,2025-08-01 23:18:21.952240,91.01031812363796,45.832961414630844,44.76830623581892,62.96838691395299,62.56432100274443,55.85694683785134,29.40499340983809,34.08598227412718
Eldoret,Moiben,2025-09-01 23:18:21.952240,94.07838806533282,45.51535264214012,58.928408070160486,89.47010371165865,75.26796844243793,68.63502587824426,49.808122339568776,79.24978335486291
Eldoret,Moiben,2025-10-01 23:18:21.952240,94.66584668933314,39.36278532094647,70.3411137858574,32.75000860797712,64.6804147343888,22.163016693042962,15.635469168372305,79.76029596115413
Eldoret,Moiben,2025-11-01 23:18:21.952240,84.56328354636778,47.21851876085524,30.67103175616009,85.28853437627825,82.11570197104366,29.218263018204,50.559662220906496,84.59327429970563
Eldoret,Moiben,2025-12-01 23:18:21.952240,60.4472349045449,81.95788372064601,80.48912974757992,45.78301313052719,59.4918096399833,50.36231891717556,46.76939035077215,84.77540225659342
Eldoret,Moiben,2026-01-01 23:18:21.952240,88.5407507407763,76.98567619840512,50.700466324840015,62.71003178291719,81.68754629071246,54.13015042672689,26.254685167783457,53.44872019850867
Eldoret,Moiben,2026-02-01 23:18:21.952240,40.46347935956507,56.17442839596143,31.712730015567004,46.858248701315915,56.74580612378219,68.61296338041635,54.19474202633692,60.42110258640915
Eldoret,Ainabkoi,2024-03-01 23:18:21.952240,93.66885030644184,93.75262342158373,44.270521546957355,55.41672396607318,58.91469545941372,53.40969399897111,45.895318772596546,41.47169223914153
Eldoret,Ainabkoi,2024-04-01 23:18:21.952240,61.21836309498339,73.59887421899914,44.208067414313845,69.79712361774918,93.07343170954347,51.75751485146471,59.23794498867384,75.17898864129094
Eldoret,Ainabkoi,2024-05-01 23:18:21.952240,52.46832361973202,81.4129221349894,80.81037233843938,38.644057815195,90.19463384466913,77.07195677374023,36.849511352305655,49.45616277480819
Eldoret,Ainabkoi,2024-06-01 23:18:21.952240,81.38781296540922,87.51986176160148,69.2151247725808,73.8998769356894,70.89736122698454,47.211635234213375,17.992264059453223,40.45005510063669
Eldoret,Ainabkoi,2024-07-01 23:18:21.952240,79.39454038407555,41.717665446523526,65.64287506172045,73.64493910810373,47.728224537346435,70.30169174960366,51.78257040770032,66.24220399513358
Eldoret,Ainabkoi,2024-08-01 23:18:21.952240,95.09209614180747,47.65744178377231,40.23041975537427,68.25874206131743,80.84014724583398,44.76658349932139,53.441865303559425,65.26695079322128
Eldoret,Ainabkoi,2024-09-01 23:18:21.952240,65.2087055647512,80.30530228923345,34.66905929751395,49.45223297465006,55.45642777917874,34.63523865067396,44.607742059884195,39.18908933822122
Eldoret,Ainabkoi,2024-10-01 23:18:21.952240,70.15423948853496,48.078645389527594,45.73082683719967,76.2447777680961,87.19876273247581,64.4887085845973,52.78133239589455,80.53273548051143
Eldoret,Ainabkoi,2024-11-01 23:18:21.952240,71.6317202262936,94.64102136310531,66.19476251498648,51.84334422565349,55.21495079547651,67.91266216583985,56.6813238871414,32.315745827968044
Eldoret,Ainabkoi,2024-12-01 23:18:21.952240,64.37110591394928,56.994496545467584,46.247658271684735,88.27872791726236,82.87000988547122,42.57736994756479,14.317019998079775,69.39759681921015
Eldoret,Ainabkoi,2025-01-01 23:18:21.952240,97.81520203638405,50.048507268070615,30.96939061599287,40.51305014084933,81.45702608281783,44.73170397263089,45.284043212596146,81.17112278293382
Eldoret,Ainabkoi,2025-02-01 23:18:21.952240,61.80293954636146,81.98529362833435,32.09863393934111,84.74885132308363,90.8904115548363,31.820523481220928,64.82154943455706,70.05255029707703
Eldoret,Ainabkoi,2025-03-01 23:18:21.952240,48.250468791756745,88.14458738905788,58.424481132141686,82.99877939431285,84.24285345939677,37.836662836611694,28.913554679361837,51.01074206563602
Eldoret,Ainabkoi,2025-04-01 23:18:21.952240,53.01972035087443,58.3552834677386,32.725496576646286,66.4055290855878,82.25870755099055,55.68656233623297,58.1577221407548,41.160835579422084
Eldoret,Ainabkoi,2025-05-01 23:18:21.952240,82.25627143472735,49.64227604945407,84.48629434416412,83.46748350522967,85.79226603610287,75.11541837029046,49.25050145432669,76.2720721160893
Eldoret,Ainabkoi,2025-06-01 23:18:21.952240,42.25735411248692,52.006135371947735,42.82757125085632,58.85568084524349,49.36901486988814,57.23384436766515,40.361576853674634,83.08257161361121
Eldoret,Ainabkoi,2025-07-01 23:18:21.952240,82.40497976579833,62.43455109247195,56.032613178447974,79.89437878967011,76.7582351734136,29.664484843430518,46.71210594218904,33.26355649083667
Eldoret,Ainabkoi,2025-08-01 23:18:21.952240,78.51668435202957,60.937351787929096,60.61409991199315,41.08988533352478,74.45901518134694,38.07516784443138,15.742048301949714,53.07294542817827
Eldoret,Ainabkoi,2025-09-01 23:18:21.952240,45.347340919511446,47.31921435672376,50.74743432111795,43.39701849009255,71.63993580515734,48.057801463227335,12.855342435280537,45.63562091795521
Eldoret,Ainabkoi,2025-10-01 23:18:21.952240,42.462827812241244,70.42086971290655,77.40438236631684,60.12805999311296,66.84314689539538,25.68282971447722,69.83692639744861,71.45606459563405
Eldoret,Ainabkoi,2025-11-01 23:18:21.952240,82.65266497043191,36.844864269601175,38.29864598060078,77.54598026796644,76.13306170670973,41.76300386111262,35.074996459478335,36.380753534053476
Eldoret,Ainabkoi,2025-12-01 23:18:21.952240,88.64835670158664,43.04468301967505,47.09779824103049,42.9985553994654,45.85285214501836,33.47688108074193,33.25970778461156,79.16023632215965
Eldoret,Ainabkoi,2026-01-01 23:18:21.952240,69.0207009532586,55.1025622855999,79.21700535682032,88.32311830671497,48.475527297365865,76.65280471273114,64.9687308795746,57.56901634303304
Eldoret,Ainabkoi,2026-02-01 23:18:21.952240,50.808629307294474,77.15905618279254,43.83857275170749,64.7687016757593,79.85637577639064,43.92033227414781,35.71934959704903,76.16153153054222
Eldoret,Kapseret,2024-03-01 23:18:21.952240,72.9536540940604,82.28035545020758,55.891166816042,87.4657865136505,61.78083404650978,62.258544850603016,38.502637441112256,79.38243526951894
Eldoret,Kapseret,2024-04-01 23:18:21.952240,62.33677169601063,72.47430419615458,58.95915744788218,43.567412207890094,79.03949640893453,69.77968712487682,55.90360393501322,51.15187269389739
Eldoret,Kapseret,2024-05-01 23:18:21.952240,95.77957336667403,41.09992083058133,63.723398227177505,68.82979132968225,94.21175947648192,36.025173960580005,25.05883846849835,71.71350992566568
Eldoret,Kapseret,2024-06-01 23:18:21.952240,60.21668146821725,76.51635089654502,33.285827097682436,49.4005176338461,81.16944439877798,35.58859344908161,35.793266987095066,80.38131050494526
Eldoret,Kapseret,2024-07-01 23:18:21.952240,82.41370420217879,40.05962397163013,63.22484593122376,33.78947869868502,87.96667409714112,59.14805225244374,33.106034319059916,71.6662235891067
Eldoret,Kapseret,2024-08-01 23:18:21.952240,97.30591280323205,60.5545535127459,37.419241379784424,77.62047858742883,54.93179484948035,65.65163580367019,14.911898552028042,38.423991502068986
Eldoret,Kapseret,2024-09-01 23:18:21.952240,67.30711094417681,55.77643134224658,25.09843060229491,40.38091203811835,68.49668757197256,64.77791963215901,32.46245053413382,34.274610155862526
Eldoret,Kapseret,2024-10-01 23:18:21.952240,61.978599185118014,50.898572339108746,78.66010100593866,30.794442437011586,95.76401822586863,74.86137795266472,67.70497335634923,50.47437425917299
Eldoret,Kapseret,2024-11-01 23:18:21.952240,92.04010975121281,90.77697030279893,51.24071232532377,45.46221853143141,94.84325027931592,22.942671008132173,51.58266273623417,46.640111969763964
Eldoret,Kapseret,2024-12-01 23:18:21.952240,66.28145206787946,59.179809444135344,76.35174791269881,84.33751095132676,84.6569317045433,75.64933098651723,28.57473614767641,63.99617853585254
Eldoret,Kapseret,2025-01-01 23:18:21.952240,59.92169857267244,84.75157305735232,42.77810930382148,75.97695860541936,46.63156856202597,50.76168639855495,54.39774930978962,80.92020083460848
Eldoret,Kapseret,2025-02-01 23:18:21.952240,48.53626572399241,76.36579726697354,69.12976738461718,77.13421258967927,49.26559410220422,60.926301468031276,38.063463361575856,35.34667314665406
Eldoret,Kapseret,2025-03-01 23:18:21.952240,49.35553972247526,89.9402584622988,27.745799445303014,59.27213858562695,60.68197010586775,56.28175303129909,45.23681253019488,48.841389665778564
Eldoret,Kapseret,2025-04-01 23:18:21.952240,66.92130466284519,89.04434879697581,78.81934336657483,42.24203221046455,68.90454441596079,79.29975592818096,56.99703369533535,69.00259880573243
Eldoret,Kapseret,2025-05-01 23:18:21.952240,80.71940624093223,55.617716716596725,39.69311391560112,63.58248795409825,64.10971284324924,77.73159752422009,15.055240414502302,83.19603998365612
Eldoret,Kapseret,2025-06-01 23:18:21.952240,41.500657097621534,90.99817093716179,75.20192704716612,66.78885934025614,91.72192038424835,63.936234705800004,43.35208818442786,81.04581149303459
Eldoret,Kapseret,2025-07-01 23:18:21.952240,43.955333014997215,89.94414282757066,25.61960674359707,49.34449857865985,64.86779447941078,38.52115719380735,59.32591539371495,52.55857967633304
Eldoret,Kapseret,2025-08-01 23:18:21.952240,96.8371595102806,65.13886630004484,76.74613181566767,68.13891293513242,61.14552292735188,51.32259715953021,10.911350867747743,66.8536286693643
Eldoret,Kapseret,2025-09-01 23:18:21.952240,65.27845047183654,42.778858380413155,60.658303514837854,65.93617330426258,58.06210145787948,70.02714712397413,13.720103369921633,54.967011721466264
Eldoret,Kapseret,2025-10-01 23:18:21.952240,73.74881022501216,63.18113852005729,59.37026384893898,49.01474440198008,72.63936940090014,21.57998258718048,27.232548722875617,62.733892384746255
Eldoret,Kapseret,2025-11-01 23:18:21.952240,77.2825546917524,47.40585997938697,26.526874475517705,42.713159049982735,92.26414615703199,74.37009101216972,59.63876216124163,37.8231194919246
Eldoret,Kapseret,2025-12-01 23:18:21.952240,77.13603298211332,42.79336181417963,54.15583349501607,33.00419324215858,49.471638801075564,58.27576948821524,66.98794920762181,71.32370976957941
Eldoret,Kapseret,2026-01-01 23:18:21.952240,48.58420150695286,87.8339763904562,55.32196659651551,66.85633733677759,54.64861621361781,73.22293975191201,37.35063866962073,65.88381037620874
Eldoret,Kapseret,2026-02-01 23:18:21.952240,57.473809754969636,70.70982541662127,47.09389869110386,50.238429530039284,47.50849530282542,74.3013914501146,51.74410223841453,72.77938127947667
Eldoret,Turbo,2024-03-01 23:18:21.952240,60.96245592494873,93.70150190453057,73.06445166219012,31.258100152039418,72.00808003596761,58.34349824174311,27.10656673819138,60.66790819870451
Eldoret,Turbo,2024-04-01 23:18:21.952240,56.13503797570411,38.4183685071139,43.09687365167575,83.58261651365964,58.74224176494726,53.29245842470576,34.3907652140927,60.95849160254558
Eldoret,Turbo,2024-05-01 23:18:21.952240,63.16457113383244,40.50771885459241,36.45395919410244,37.802172597811264,87.1235237690611,68.81524102086009,31.498455080825067,41.33073089691224
Eldoret,Turbo,2024-06-01 23:18:21.952240,65.51834169984478,85.15725455607914,35.804146445398835,74.09989313005005,58.04193365751665,53.52374518324334,41.58234351500551,37.040469509121365
Eldoret,Turbo,2024-07-01 23:18:21.952240,53.693969151761046,52.75832633144954,56.55244172913799,89.34911712941224,93.99385904997067,38.11818703987876,62.725839381940986,58.67190447454005
Eldoret,Turbo,2024-08-01 23:18:21.952240,44.69562587156557,65.44930879378654,78.0019710484415,66.23445384919938,71.30531844528412,38.917176564552065,45.241009933768076,79.89217266705651
Eldoret,Turbo,2024-09-01 23:18:21.952240,70.67205570372431,81.78092422616979,54.83148135002091,34.788184206344766,53.509581429815185,55.61893540270905,57.58046524814559,70.9958124009057
Eldoret,Turbo,2024-10-01 23:18:21.952240,68.44842431615096,93.70126851353808,36.33778600997738,44.30981013305398,94.6510215828577,65.61851542254072,35.55529242391283,64.0109074346318
Eldoret,Turbo,2024-11-01 23:18:21.952240,63.543724030363684,89.00745118639134,81.46453545780574,33.97055100419863,86.1307816441778,72.44621704684619,33.143171017645884,56.36275105409672
Eldoret,Turbo,2024-12-01 23:18:21.952240,45.41808536840734,91.1396843554181,81.43514078170213,64.54695762198378,56.66661776169204,64.5216557213873,37.09515213163617,35.477072968731875
Eldoret,Turbo,2025-01-01 23:18:21.952240,95.11556466518041,60.868700259654545,52.65985203138639,52.511914114775536,63.78043045091114,39.186991984095194,37.91430984495922,49.57800369308717
Eldoret,Turbo,2025-02-01 23:18:21.952240,45.96876747321122,48.20710501892814,36.72264641859826,39.63488046324571,53.06640768978907,38.244887063173934,39.50947520634098,65.49049486191186
Eldoret,Turbo,2025-03-01 23:18:21.952240,87.16760665079586,55.90321442739677,39.75010819714755,60.356624235521565,80.28421815685408,44.052091816401955,48.16592737087273,53.59312823425273
Eldoret,Turbo,2025-04-01 23:18:21.952240,88.82555754201675,37.244746458550715,42.67647617212874,36.14977902944773,94.45872218583018,77.35300290029222,47.983533177341414,30.38532992310086
Eldoret,Turbo,2025-05-01 23:18:21.952240,66.31620371212148,36.25628803882832,63.30242575753191,73.8742467645859,55.11839034798732,40.07505275232123,17.791612621542242,76.13376542743501
Eldoret,Turbo,2025-06-01 23:18:21.952240,91.1084971473423,55.54108616062534,26.950295928506996,36.62693090686855,49.90190895011776,37.086116432239315,16.633757883584437,33.19129546028716
Eldoret,Turbo,2025-07-01 23:18:21.952240,61.05123153228216,44.80504482360705,60.40125316908776,48.54335579408597,63.956860486643315,39.87733380484236,10.526703091426308,54.713618860477624
Eldoret,Turbo,2025-08-01 23:18:21.952240,77.3668257989411,73.08899162735639,77.68744431059034,63.50980742617805,87.23825434909298,44.82199746888286,55.680517891677994,72.98784648339418
Eldoret,Turbo,2025-09-01 23:18:21.952240,88.250858485789,69.89144943825804,27.81741196777427,86.62601996411033,93.89245798974082,65.33553407434803,50.12044112403892,62.74764269209315
Eldoret,Turbo,2025-10-01 23:18:21.952240,92.4323381272872,40.50569128234508,52.97605126669578,34.72917293923908,62.40523484327172,46.34234718738239,17.223087133961634,63.07819643072321
Eldoret,Turbo,2025-11-01 23:18:21.952240,50.11158002735537,89.25309612120887,46.059815361789866,43.77445894233214,59.90406102636369,74.25307209738088,65.51440868559331,82.40394227586049
Eldoret,Turbo,2025-12-01 23:18:21.952240,51.35883323228106,39.06004400622591,47.17412725638638,48.91891495849785,80.32833601587195,45.20999474251979,46.87918040560875,44.936792244361136
Eldoret,Turbo,2026-01-01 23:18:21.952240,53.913265409412574,68.05709416218326,65.09615787812464,53.88568908119733,95.23259743224156,37.060504029826205,24.254579479499206,44.31215053311111
Eldoret,Turbo,2026-02-01 23:18:21.952240,85.09626075081042,68.65774509655357,70.64146428133941,89.03758449839529,88.45049750868714,51.712635151753986,16.679051772378386,76.72865007084374
Thika,Thika Town,2024-03-01 23:18:21.952240,88.34522109508325,62.12288940261977,55.98763733570127,67.44035463538268,69.42028588375081,74.96132396016164,31.796384997169316,58.39787580112717
Thika,Thika Town,2024-04-01 23:18:21.952240,85.49015969845814,78.38747723318647,80.60146628485765,54.91636766211931,76.62715794289656,31.354530421041197,62.39139827654308,42.103824470019056
Thika,Thika Town,2024-05-01 23:18:21.952240,91.95781012683996,36.74040675398302,64.40098236561906,46.83638920389218,84.04137971948728,40.512119167678364,38.47453774502921,75.26522183379038
Thika,Thika Town,2024-06-01 23:18:21.952240,85.71302148795141,93.57925728645063,44.95803387022411,71.76956658717612,71.03314876726776,33.00582602674917,10.734343435912773,42.4329043087542
Thika,Thika Town,2024-07-01 23:18:21.952240,50.67787768232458,92.07993972766936,40.8159045329765,35.022852417900594,73.27813043849291,55.57762071319157,40.12627217592907,61.551479357532926
Thika,Thika Town,2024-08-01 23:18:21.952240,89.06118420722696,88.74336082359906,36.810096180097716,87.01569800252679,47.86897876112712,73.23170216284348,49.81623195323856,37.10694637742079
Thika,Thika Town,2024-09-01 23:18:21.952240,91.45847196860157,89.1840245587712,50.280464264861294,46.69315711649285,78.55711311511507,63.95048754969937,13.31864571174869,68.63799049555465
Thika,Thika Town,2024-10-01 23:18:21.952240,81.78027500580534,43.06263259315595,34.29237982717082,59.32904102177601,78.92520595022589,39.69226644354745,32.58547937467657,63.851512917239106
Thika,Thika Town,2024-11-01 23:18:21.952240,40.01720203556256,58.01413091934009,57.29742173441517,42.784816934504136,83.50755821814386,75.9450116430134,65.24843580863958,32.726215387200725
Thika,Thika Town,2024-12-01 23:18:21.952240,63.08282678250452,53.239298112141,39.66591338219333,45.9404868151567,70.51986892768264,63.599221980942964,66.59776066323136,55.6991940379139
Thika,Thika Town,2025-01-01 23:18:21.952240,92.32634505432591,69.58082896238312,47.93806092374254,47.22372430909995,69.190715149455,45.59517100973319,15.901555288251403,34.488333418192056
Thika,Thika Town,2025-02-01 23:18:21.952240,49.27541199540378,90.03142872068133,59.74467013229253,89.06342701576342,81.30352340119543,40.544555105823775,46.79295502914581,33.099437687539904
Thika,Thika Town,2025-03-01 23:18:21.952240,44.22629042160407,79.50152222186878,37.449814315172,52.866921207493604,91.42812631930062,71.57914676411563,57.457769506543045,42.324804110360674
Thika,Thika Town,2025-04-01 23:18:21.952240,57.52164085277158,51.076802456568096,75.16921514346521,35.822129657365714,56.17347614241996,79.30127800903443,59.2998010848192,39.53723960219962
Thika,Thika Town,2025-05-01 23:18:21.952240,47.037446686700044,66.90031603824657,37.54010541321665,30.141785960516806,93.8590400684526,72.51426714647809,66.2130822079342,30.503908437788215
Thika,Thika Town,2025-06-01 23:18:21.952240,86.8991760392136,35.45442259140842,28.98715266224776,33.635689293569065,82.86511435499436,66.90397933510167,54.95521429010962,32.594040942786336
Thika,Thika Town,2025-07-01 23:18:21.952240,44.30622826296691,43.01909292596547,69.31261983143963,60.12398077034288,91.52591817176443,64.74915342555101,36.802165812020505,34.96552317223763
Thika,Thika Town,2025-08-01 23:18:21.952240,82.2932339046304,51.78623863551555,69.65057398449028,49.86042160214399,63.063332723010404,29.353127822084808,52.71283196611381,43.88874886954056
Thika,Thika Town,2025-09-01 23:18:21.952240,76.4547555379755,46.234934257851776,50.46502709564576,53.82979067174661,70.01147530489007,21.18530220589244,54.511891481836834,59.17695238291603
Thika,Thika Town,2025-10-01 23:18:21.952240,75.74418313497871,56.08722254199635,48.78159903329981,73.82606687994658,78.26923403347791,60.91841201586708,39.055915819806344,65.4864878911706
Thika,Thika Town,2025-11-01 23:18:21.952240,84.73187930047146,82.54360968439644,51.70988941828237,42.85561063775681,54.02125421026849,46.38381269180344,45.04956935186265,66.27831973592106
Thika,Thika Town,2025-12-01 23:18:21.952240,95.23631178241985,89.11012552913442,51.77469712028643,80.82676124452138,81.2628008767135,66.14624085053156,55.75841429115475,70.15482270511583
Thika,Thika Town,2026-01-01 23:18:21.952240,79.74792569865528,89.59722704907438,76.5908474917858,70.11059660484301,85.02337403605034,25.62730319140072,16.83086412941517,67.18311899293876
Thika,Thika Town,2026-02-01 23:18:21.952240,66.87571865040486,76.91717898306862,72.1912541858847,38.422246471453036,81.30381974444177,27.24591806086113,69.50681558946948,30.167961591458354
Thika,Gatundu,2024-03-01 23:18:21.952240,79.22984331848225,91.1064560277282,27.75802330922969,42.586494803856105,76.26953517555701,21.742994036115228,11.078972522309073,37.416132253056404
Thika,Gatundu,2024-04-01 23:18:21.952240,66.64890126866872,54.190427371732966,53.0079591485157,50.15434197746835,87.03203810858258,38.8655614174337,51.2264943556123,46.47882402304188
Thika,Gatundu,2024-05-01 23:18:21.952240,70.53184917837433,59.314566245271344,60.46132056896174,31.40099987636597,45.44561016271598,74.30689134432025,65.63149957743866,68.67190648544381
Thika,Gatundu,2024-06-01 23:18:21.952240,92.95767931770598,77.52013187977988,59.13094818684745,41.52189302812005,52.55915356463693,36.76031907566405,28.742700508137798,39.019544621457555
Thika,Gatundu,2024-07-01 23:18:21.952240,77.05336346756565,48.45836206153429,38.84878952103402,39.895877695583444,56.0814280765683,36.41954392867487,24.4705620428114,54.7018013908522
Thika,Gatundu,2024-08-01 23:18:21.952240,51.19978518328803,88.32075655908147,56.892659555256785,73.10172966785798,76.3446633795416,21.39971994719069,65.4978925307626,84.64519913127982
Thika,Gatundu,2024-09-01 23:18:21.952240,91.25528805434995,90.22611207455404,35.46936710064496,40.489217598179025,96.70200535063333,68.9193673868007,36.00537599469642,62.151566512484855
Thika,Gatundu,2024-10-01 23:18:21.952240,93.71584405883965,68.18524054986298,50.300400978141155,60.212909306099405,80.58657350527062,57.94210660671979,68.04759189262438,36.07596291697481
Thika,Gatundu,2024-11-01 23:18:21.952240,92.49481009152461,68.3745636491197,45.71660018734835,31.232727687607348,64.05826451044761,20.2831215474029,26.701585979661534,53.63011309881118
Thika,Gatundu,2024-12-01 23:18:21.952240,89.78779136175757,81.13630724390197,78.71735578309236,51.31623684554479,48.24585791695957,53.705518965993114,23.42623691956841,84.25524148325212
Thika,Gatundu,2025-01-01 23:18:21.952240,79.85878857478912,89.17978732967774,27.443897785948874,84.34823810273764,45.32315347365544,48.08718898758747,15.440536183817333,39.0496998475563
Thika,Gatundu,2025-02-01 23:18:21.952240,48.55858609863123,76.4913925451248,39.64955269148509,40.39093582999958,91.65512615008248,59.779427728536646,37.025535057869654,63.16858993933371
Thika,Gatundu,2025-03-01 23:18:21.952240,45.83192625281748,39.50570507414085,72.55487874283139,52.39784310802115,74.83890093458668,66.97556062957969,31.708287655523094,69.06742182272936
Thika,Gatundu,2025-04-01 23:18:21.952240,49.03548340315059,64.70809014942523,46.90246715367785,76.5474411419543,55.37958481506361,73.42392484024364,31.962057795438295,34.94926078919265
Thika,Gatundu,2025-05-01 23:18:21.952240,83.9063704896503,46.544211876097975,36.3655918534632,89.70368046591447,54.48941492233881,61.17913728610261,54.4705272399526,77.01743809331336
Thika,Gatundu,2025-06-01 23:18:21.952240,78.69821494837416,73.57628905263618,38.62592970105037,31.357388387196302,67.63804744973802,38.32495701276541,20.233351398942197,82.22381707633976
Thika,Gatundu,2025-07-01 23:18:21.952240,73.68056477323563,80.30065093675393,63.717880849173575,36.15138978733471,73.10614563604842,45.00495070620701,29.312075588726103,61.61301163159603
Thika,Gatundu,2025-08-01 23:18:21.952240,87.07247010716655,82.99891411152137,56.826219291837866,69.72077344270102,86.98380472605686,58.5528701170543,54.57771987391503,71.01831133222427
Thika,Gatundu,2025-09-01 23:18:21.952240,83.82001509202298,79.82999718994259,32.774020689808964,38.02299813344132,81.62357967564132,63.72601363310473,23.314684510919072,46.415637112230215
Thika,Gatundu,2025-10-01 23:18:21.952240,59.53437929500498,51.631542141820624,44.66077796608935,31.15648424435228,75.4736954745819,73.21338042378693,68.46360633578476,77.84567245718196
Thika,Gatundu,2025-11-01 23:18:21.952240,43.55956917822504,85.10375064555618,38.67152426166216,83.86212556014756,51.39041415192154,52.00958641280609,21.532214899756358,31.53323402714447
Thika,Gatundu,2025-12-01 23:18:21.952240,48.3547524840912,45.5824932450125,80.58195899538407,37.02872256692641,73.48760862312122,61.50114153971228,24.28403616429347,70.21388915644798
Thika,Gatundu,2026-01-01 23:18:21.952240,86.90733248113108,47.70364370475133,36.52674388809426,81.04155673576494,93.09796704445807,71.94809768594328,20.703486634761546,39.50009527463223
Thika,Gatundu,2026-02-01 23:18:21.952240,89.55323543017892,58.04361285257605,59.86285419596878,76.28532845931751,64.8363839920622,53.95451848340147,36.59469370477139,79.40483508136955
Thika,Juja,2024-03-01 23:18:21.952240,64.9250402667643,65.91136883576556,41.8566234364651,66.70272538232368,86.43049071963077,54.73912754357128,41.06233561053301,75.59606075042977
Thika,Juja,2024-04-01 23:18:21.952240,90.23695630740923,53.07191398480782,39.6098215819578,62.94822386003062,69.064921130848,51.52328118876807,54.734289216548376,57.630021598432734
Thika,Juja,2024-05-01 23:18:21.952240,92.85934227982779,37.67850785387909,62.806048717612384,54.139305441270864,47.57093143610169,38.38872213262177,39.487424182801476,30.208931494340597
Thika,Juja,2024-06-01 23:18:21.952240,91.68491058690094,55.578115486832985,67.28687181988118,81.3898886604514,69.02669748142935,27.60790028218084,14.376378817007367,62.86700019731478
Thika,Juja,2024-07-01 23:18:21.952240,80.66926045225797,64.424680452997,49.09354738674061,84.75339731822595,70.84684267842188,66.82539366385834,20.36691328689275,75.73922759791667
Thika,Juja,2024-08-01 23:18:21.952240,67.13767908518959,56.479727408644194,78.73077890258793,33.319468229712996,81.30528942556586,25.294126234765077,64.52361332932195,32.72324604587409
Thika,Juja,2024-09-01 23:18:21.952240,83.65487228609206,78.42446394591457,36.72449405607186,72.2569770438044,83.13004899376402,56.8418436125564,25.161770827263567,77.24979707731202
Thika,Juja,2024-10-01 23:18:21.952240,73.01031173651529,60.83684630408477,45.92535540721181,84.35331950914998,68.79591085863481,52.93159406213745,54.14913112101553,83.54515054760414
Thika,Juja,2024-11-01 23:18:21.952240,61.06368538227635,40.901376878772524,43.32202868480631,77.97669181033669,94.17323459257662,31.216870882268363,57.60863391779796,35.86343889673448
Thika,Juja,2024-12-01 23:18:21.952240,60.38665731495772,59.63948445843918,55.23746041472856,82.0197837576009,63.29642702002725,28.147683423082228,28.349890283143296,82.34654186251126
Thika,Juja,2025-01-01 23:18:21.952240,71.58162139379307,89.50438934096069,57.617872219757835,74.26092899475461,74.15860165542124,24.04979123788625,59.468871667969424,60.678421598348834
Thika,Juja,2025-02-01 23:18:21.952240,62.75706619818474,91.16614671389557,77.19637759104509,86.46155957070508,76.09444928154817,72.42907212293318,38.98890958567107,69.1341509475348
Thika,Juja,2025-03-01 23:18:21.952240,78.45404264570622,80.36973083671563,70.19131516999086,40.4173473060753,68.42649378222467,47.15815787213648,39.77974350750207,40.92883497435054
Thika,Juja,2025-04-01 23:18:21.952240,53.87029775570562,87.98938057932187,32.214468593522525,64.10240226417628,66.4824471787272,37.85896369929827,54.11375490766188,67.73495260715049
Thika,Juja,2025-05-01 23:18:21.952240,94.7228598789316,65.79893758646324,62.09297102325641,39.52864181097361,90.50337901061927,28.68179108030071,39.38868821254864,44.87418704147011
Thika,Juja,2025-06-01 23:18:21.952240,56.3607739577086,71.7562814742279,36.87425909110389,89.42171836600934,80.38008474951098,33.872240284391815,16.754219697602267,45.10794428039994
Thika,Juja,2025-07-01 23:18:21.952240,76.9730980237193,62.70263970410028,57.83282273516464,75.85606896910733,96.7223311109023,61.09893732583413,15.966853305957763,81.14959142773841
Thika,Juja,2025-08-01 23:18:21.952240,96.49874913802603,78.68256912522186,50.86389165258512,53.1632662440157,63.134765723900514,50.26252355343526,28.993368496773208,37.78064559538448
Thika,Juja,2025-09-01 23:18:21.952240,47.063825163082406,79.31116373623956,41.73071231974821,64.06451339641478,59.31659940712463,43.262013539123764,66.80128221806356,33.981472396924744
Thika,Juja,2025-10-01 23:18:21.952240,60.899302594545574,51.50200130539707,53.7009877357452,82.50732602040264,62.632999786092874,57.22359667694544,49.778301165670776,60.65406983648829
Thika,Juja,2025-11-01 23:18:21.952240,78.41589806980724,60.23929686128132,26.17391789764684,63.09056086263678,82.22918208179931,68.06377130975295,57.42943331520829,59.13137533792414
Thika,Juja,2025-12-01 23:18:21.952240,72.3088039278744,50.35514868441538,34.39684918722135,45.016930254759075,55.355805200726536,73.2329270074548,38.9437101310337,69.54792177228292
Thika,Juja,2026-01-01 23:18:21.952240,78.7861178073702,44.984088393264145,65.34838024669506,49.34067042955005,87.97959897271335,64.16523697825907,35.71208492490729,79.75713430724657
Thika,Juja,2026-02-01 23:18:21.952240,51.63771685640522,78.47240118327042,64.5895628660518,45.49715330243166,70.5594603722597,49.97048747047667,51.70087639683606,55.60042874382057
Thika,Kiambu,2024-03-01 23:18:21.952240,40.515435016651956,49.733575742641825,59.627388580063986,33.522893550232205,56.32468783645584,73.07545641604864,54.64632745824629,69.12308393951778
Thika,Kiambu,2024-04-01 23:18:21.952240,48.022920857168174,44.625959807575015,36.37274903364194,39.261244268616466,66.1972966957772,34.79910750146038,54.43276423642577,48.63709663363127
Thika,Kiambu,2024-05-01 23:18:21.952240,96.74274159720429,60.00696262273543,71.44734292342751,67.86636257908638,82.07886888178453,66.8759934521654,31.824097139819404,39.20216661050408
Thika,Kiambu,2024-06-01 23:18:21.952240,65.38949788336909,49.86748755677834,77.28386411708422,73.68929437268554,75.7843431358345,78.25635036921005,47.39485239039565,41.53519115627756
Thika,Kiambu,2024-07-01 23:18:21.952240,95.7779462909389,43.43778341675293,72.95457810350476,84.31812093809506,48.407256010943584,34.5139336390919,28.59887618310566,48.865919799487
Thika,Kiambu,2024-08-01 23:18:21.952240,61.63947496102233,56.38218031212162,61.40931818825313,88.6806320906727,50.24351089214131,56.08495606862368,55.38922805192518,33.09324777236224
Thika,Kiambu,2024-09-01 23:18:21.952240,97.16485360263714,47.80508381735849,62.06673923764512,50.76563646804139,46.80269251307736,75.97424914583965,60.74733479825216,61.43511169427018
Thika,Kiambu,2024-10-01 23:18:21.952240,51.18590485116758,53.05995237770205,36.03046797477403,30.733453403629294,84.44585441503247,65.68490703650305,46.49258954225898,79.64304609171045
Thika,Kiambu,2024-11-01 23:18:21.952240,52.175858654013695,91.67875388922229,25.830676400224604,87.9342757047159,81.11935656514015,71.24191911188174,11.70285905565982,31.459657162935276
Thika,Kiambu,2024-12-01 23:18:21.952240,89.53535489743444,64.589125538545,27.819264779060905,32.12633915099626,52.948778807446246,58.21095656026625,55.716323051415436,37.50037762892922
Thika,Kiambu,2025-01-01 23:18:21.952240,69.34561551921199,84.15285209330534,77.86836658852957,38.12857621579207,85.0845425597691,53.03253461025473,51.83781691454441,49.00383674752458
Thika,Kiambu,2025-02-01 23:18:21.952240,56.91976916237569,50.88883203932973,82.51722253699799,67.23826389784253,93.76833903247442,76.49673509784546,33.77776906134784,60.68066072185931
Thika,Kiambu,2025-03-01 23:18:21.952240,63.113106941475245,53.72314446278875,26.787610615669077,45.28956845132225,54.863956522780626,40.41826062378888,62.44253785992432,65.26486683509951
Thika,Kiambu,2025-04-01 23:18:21.952240,82.77195095402593,56.6193208487597,80.27638357591513,58.830972859799445,64.54257764869043,68.86382623617726,21.905808852328136,51.62299353574068
Thika,Kiambu,2025-05-01 23:18:21.952240,88.36264875583927,44.38018044016478,45.02922920212323,57.133216170366566,82.62513279842695,54.78424676699682,25.148416701467987,41.79458158886592
Thika,Kiambu,2025-06-01 23:18:21.952240,47.76174783735978,42.49154690725738,84.57222374867689,46.088632963603644,75.9683173522467,53.973554859669925,17.58468351315171,73.15972482621726
Thika,Kiambu,2025-07-01 23:18:21.952240,95.4268776932487,55.10548654194507,76.11702133153032,54.757822859971746,54.52076692372204,28.015280771800235,52.981484315330356,35.49592533239213
Thika,Kiambu,2025-08-01 23:18:21.952240,76.26099800239736,75.81652308377005,44.48621610022224,52.517906848399385,95.65853140410437,72.63922562966127,44.66290509974289,63.81628367937629
Thika,Kiambu,2025-09-01 23:18:21.952240,48.20244418169988,74.44759405633152,31.902715463723474,30.55167402656403,80.6182126831784,36.02049728151218,10.12492444334243,78.4569753800618
Thika,Kiambu,2025-10-01 23:18:21.952240,44.85030807642598,49.97508431240588,59.43998142102537,56.301603672763804,88.8387237670718,31.987201207997316,49.92327886995122,84.98530694607646
Thika,Kiambu,2025-11-01 23:18:21.952240,82.08012158097134,44.58828154868918,25.9555148883442,73.31732330194413,93.41535689082743,77.35396468527543,62.68905647820054,78.62936748859093
Thika,Kiambu,2025-12-01 23:18:21.952240,63.92964491816278,68.8163988293086,77.07764380499141,37.694518318394664,73.31384665334357,77.33231956847008,20.67143024224513,76.43433349715113
Thika,Kiambu,2026-01-01 23:18:21.952240,97.64624136534567,57.54577696056731,68.03025410355727,72.37008077614492,72.92062366927257,60.20839270461677,22.88450160232224,68.03320331634065
Thika,Kiambu,2026-02-01 23:18:21.952240,42.60488917482636,71.49219444903852,36.403134035553094,66.962731944896,55.096228862125734,67.17662372666442,61.764401246873426,59.21577333607702
Thika,Ruiru,2024-03-01 23:18:21.952240,94.23464919198965,50.31545204385256,80.38646127136387,69.03399355462012,72.54922746369563,58.780714802246116,67.67445265180399,56.65667473722064
Thika,Ruiru,2024-04-01 23:18:21.952240,48.788986692143766,59.499356474269504,33.028444660075394,89.77679070067063,84.19870176085188,64.39649241696496,21.012544538329788,82.78974046526429
Thika,Ruiru,2024-05-01 23:18:21.952240,43.357214565614484,63.30987752611601,72.11432294192151,40.72309073061728,79.44039752626875,70.15553686325526,38.16576053710125,33.70645021857324
Thika,Ruiru,2024-06-01 23:18:21.952240,59.28103674073943,93.13037563299673,75.77448338220981,72.16639246524673,51.16901770108781,37.84330003379751,12.780485581567175,70.29613142591319
Thika,Ruiru,2024-07-01 23:18:21.952240,91.01973746038439,91.7854110665145,75.5063250427241,88.06814730461194,86.71035328799704,79.97397589583949,48.145287780634746,77.70250923877337
Thika,Ruiru,2024-08-01 23:18:21.952240,40.43612417043796,63.10585900876187,61.99754628143165,73.13464519375518,81.19127728418982,50.195656161102626,12.481072590480593,39.841121284287055
Thika,Ruiru,2024-09-01 23:18:21.952240,56.957678314877164,78.70009443499768,38.260246675339275,75.7952811278588,94.80312284341434,29.20536418466034,22.25684318903379,66.66767281576975
Thika,Ruiru,2024-10-01 23:18:21.952240,40.187980922098305,71.7174768829359,62.35320712169235,31.885726947259347,74.40132914346842,42.84480516302206,57.61005749950264,55.93921330178758
Thika,Ruiru,2024-11-01 23:18:21.952240,64.99457889939909,90.50082117463234,39.27166026455413,46.77497348293444,47.54976121682585,35.39628664551766,41.69036609444949,74.02505906368387
Thika,Ruiru,2024-12-01 23:18:21.952240,60.40821206689874,36.892852334333654,79.15768031179981,49.7876787078886,69.9986179275956,36.76753667452249,46.944414847509876,80.33900521151824
Thika,Ruiru,2025-01-01 23:18:21.952240,78.35643916213493,75.26748625601256,75.9038323840571,60.84812080315662,65.37572506937286,25.79690047420687,22.27071907004717,43.19703042135813
Thika,Ruiru,2025-02-01 23:18:21.952240,78.52499891331539,87.84910567128185,70.09110343291695,73.59981381261568,73.5725971662423,42.88010903922604,63.899924904558866,54.84330805120351
Thika,Ruiru,2025-03-01 23:18:21.952240,80.28628168768263,72.75806709328339,79.18395939303923,65.59595763429705,60.905911842133975,69.06885522089493,44.22454831618997,73.1475232447502
Thika,Ruiru,2025-04-01 23:18:21.952240,81.92270515654582,47.82998255501982,82.75424552402166,84.97586909916075,71.58330129628315,70.37463547316236,42.13621405866425,51.2845096779005
Thika,Ruiru,2025-05-01 23:18:21.952240,84.64488636899813,44.77882994986204,76.75773958368477,71.98592522625313,71.96350753326901,31.89385772101572,65.99716888416803,35.16235940436718
Thika,Ruiru,2025-06-01 23:18:21.952240,97.70337148984864,78.54632681595432,63.71573111695341,38.36780457935175,91.59352797837758,31.706172798737647,41.59095639103243,37.664329853372344
Thika,Ruiru,2025-07-01 23:18:21.952240,71.94816826508853,40.61120626866702,28.993964306992197,77.04601927093597,94.58865329231179,40.605283593302865,44.691358450699695,69.44968120415875
Thika,Ruiru,2025-08-01 23:18:21.952240,66.5461520193067,41.4019007809208,71.31674465462677,48.931046883486125,87.2337557872537,64.38530884836257,26.662427909964578,46.57426578543979
Thika,Ruiru,2025-09-01 23:18:21.952240,83.89451136219651,58.38070941863688,81.29287378679282,58.80599854027331,87.23188458469177,62.238714355754865,13.059429717578084,57.18874557182018
Thika,Ruiru,2025-10-01 23:18:21.952240,65.30156672390581,54.90179842999689,43.57209070620232,37.51576498524848,75.21296128094251,77.65009972044388,40.12264638393867,59.47598341778149
Thika,Ruiru,2025-11-01 23:18:21.952240,59.91812679073969,50.08869243828881,58.15295286343976,72.65554325591737,81.81530027996938,75.23516136248645,53.812575256326255,59.95053905398346
Thika,Ruiru,2025-12-01 23:18:21.952240,97.42059770448986,67.50346965409662,43.821053980712435,43.83190786433435,91.53307942460603,32.26557167169959,51.955385112759586,51.31766811763568
Thika,Ruiru,2026-01-01 23:18:21.952240,69.58591699441227,51.88169233049832,59.797496702329,38.72143099757628,83.73367451732896,27.53333687807986,62.66510139163844,42.31927342398631
Thika,Ruiru,2026-02-01 23:18:21.952240,90.6689736384707,76.77822325266492,78.72695618758002,87.83776682082176,48.511502956871325,67.36945095257123,43.27578151942992,63.95068010915643
Kitale,Teso North,2024-03-01 23:18:21.952240,44.92301884564402,80.31379749909294,57.42399848205331,80.03845695587228,50.303177185568074,77.63936314195286,47.42749366058332,74.76898083476303
Kitale,Teso North,2024-04-01 23:18:21.952240,84.25051502055251,54.513136553223234,65.17506471121882,34.37557979825329,53.096433150382886,39.998979800115606,32.14863835661734,83.18993444873384
Kitale,Teso North,2024-05-01 23:18:21.952240,92.47430922798546,87.85462643995919,61.16775263046229,71.40897237743567,96.83248354325558,37.27456992773912,61.96010656486488,57.0216277161062
Kitale,Teso North,2024-06-01 23:18:21.952240,60.27497960623339,63.43882336913167,59.659532635710754,54.63322908779753,54.470954528126626,51.39850592179489,54.68475622663082,34.106891939688936
Kitale,Teso North,2024-07-01 23:18:21.952240,58.129830882738915,80.04538808159646,61.36069538907996,78.76464173311592,72.11297054842149,27.762009291987724,51.73971932568236,60.57506368078759
Kitale,Teso North,2024-08-01 23:18:21.952240,54.81194814725728,67.9087096334261,77.26128692711288,65.2417567551268,66.59402331567347,34.95434814885626,19.31788448092906,39.045016489062725
Kitale,Teso North,2024-09-01 23:18:21.952240,68.49215073648091,84.42417758244635,58.087427398085026,53.3515989121871,80.8405367642535,48.774111664127275,11.723349443694344,64.44401028416793
Kitale,Teso North,2024-10-01 23:18:21.952240,77.26593079321714,47.63805857618701,69.54965276374344,78.09894286716712,57.68205032144035,28.271844864155238,59.57749014405954,63.525407854555006
Kitale,Teso North,2024-11-01 23:18:21.952240,52.204382435573905,51.27747004132123,40.32844094919705,81.82901789836475,77.03948597042199,29.520358367155595,59.08217659692427,84.06985752911783
Kitale,Teso North,2024-12-01 23:18:21.952240,74.97845378764418,73.28633348121983,42.84674243640766,77.17428743996433,67.87594030627531,71.43787412658926,13.766441503641218,44.14914044676523
Kitale,Teso North,2025-01-01 23:18:21.952240,53.8419650760887,80.54673187329018,61.67133441823171,89.3591376388934,81.59861761174736,38.45881491628346,14.056766061487904,74.45076887677213
Kitale,Teso North,2025-02-01 23:18:21.952240,56.75947667636342,74.13498129873976,57.088752106958395,88.9990012041274,93.65351375349329,27.837391702377076,53.336222890331086,48.49623163094502
Kitale,Teso North,2025-03-01 23:18:21.952240,69.51964571182705,67.74739174484314,30.498763967875668,70.22564551051697,85.26752341341648,22.76312679046842,40.87055092055955,31.19968025392625
Kitale,Teso North,2025-04-01 23:18:21.952240,92.89291792718721,45.467815514982206,49.74176385345703,60.874773756718284,90.70770479942306,63.85178643683386,51.828915760391986,70.59283707221232
Kitale,Teso North,2025-05-01 23:18:21.952240,74.54597762413906,83.80458717785163,28.40554701752287,45.912166052574506,62.676459269367975,30.03867786843707,41.30455984106352,83.51618041242935
Kitale,Teso North,2025-06-01 23:18:21.952240,75.44049621880293,73.37001093928903,83.30434257177991,68.87199775531703,55.54739464667496,78.14328295503324,53.99577347834355,32.02653714342451
Kitale,Teso North,2025-07-01 23:18:21.952240,93.48720276010866,38.916363340487855,28.723306928280515,76.0533509113809,73.18786016299919,24.253994082822025,34.318888733190064,71.87923670083612
Kitale,Teso North,2025-08-01 23:18:21.952240,44.6498121432279,93.93966462399553,49.70503950219387,30.232180372394616,81.9624131634366,53.177268364915676,68.48180213616217,60.470256210916
Kitale,Teso North,2025-09-01 23:18:21.952240,40.29038024650406,39.01508397276815,79.77722664210864,68.78360887033242,85.48641618841394,59.24729479315378,68.81126273438967,68.06749600752181
Kitale,Teso North,2025-10-01 23:18:21.952240,77.02360055813496,77.3795492199702,58.58210966786116,31.836911383411312,62.664662054558626,40.091894719852874,30.73299063844599,72.23646881005638
Kitale,Teso North,2025-11-01 23:18:21.952240,87.04850833503578,39.174376110847916,84.45486710320462,71.63287399303843,53.52160923737259,42.69293419877586,33.790708611004774,73.04123688181842
Kitale,Teso North,2025-12-01 23:18:21.952240,46.90132700933351,36.01600603439257,55.15015678967855,53.63194796539874,58.8095595196502,49.04338282782514,13.993319023593463,76.42099399240638
Kitale,Teso North,2026-01-01 23:18:21.952240,79.41338453569351,79.7099581631584,32.22132925600965,61.8003936427875,68.47564760659887,47.92356636030517,27.420376348692937,65.90579496199496
Kitale,Teso North,2026-02-01 23:18:21.952240,81.99367893510994,72.1686081711201,61.84402347760861,55.091914548344164,68.6917647031812,41.07917441711156,16.524724478580787,32.04406514985784
Kitale,Teso South,2024-03-01 23:18:21.952240,93.94965152451721,65.35563624866569,30.432824405872623,65.0426342877559,52.965106582298944,75.08294327809512,15.893117923109102,81.662785078458
Kitale,Teso South,2024-04-01 23:18:21.952240,84.73692304177038,49.053514378206984,26.35987353911481,83.27257829936408,74.59329587681725,47.79670707844961,14.744418479444061,73.04888623937747
Kitale,Teso South,2024-05-01 23:18:21.952240,46.366817847478806,89.56609843731607,64.8803762395963,78.80932505240193,57.97507473676848,28.308350713124767,43.57433331981406,65.21819904488723
Kitale,Teso South,2024-06-01 23:18:21.952240,76.85015736968003,40.542416281421055,57.753553740717706,87.36397170485156,52.94381666484982,33.78555333299109,21.920216372351398,67.54964026648926
Kitale,Teso South,2024-07-01 23:18:21.952240,72.92532972006886,87.8419940508648,30.948510865063863,68.10259201636647,65.70185761855427,59.82426829730833,16.530921543080826,53.6368958310555
Kitale,Teso South,2024-08-01 23:18:21.952240,88.37045906308929,67.26734715506882,57.511162891937495,72.51812099532397,46.5928040853896,64.8990196712143,31.600455898105306,70.1351679619832
Kitale,Teso South,2024-09-01 23:18:21.952240,79.21210510680098,49.21689738164851,76.83794744895874,49.0738850875766,83.68152688269937,52.377811081987176,11.192365045526909,43.88665378695745
Kitale,Teso South,2024-10-01 23:18:21.952240,94.15139312666689,47.59625139156031,64.93135811559773,85.90984813110313,52.506807467668764,38.58139790306427,24.496554078112247,54.55392761082905
Kitale,Teso South,2024-11-01 23:18:21.952240,84.01862627007296,86.01619817286226,50.422144373665404,55.41009662570967,61.64408040726265,36.889508904015855,10.164496459871115,65.94245364227454
Kitale,Teso South,2024-12-01 23:18:21.952240,88.82666595981405,38.794830761666944,56.053903181010945,78.93925792598999,50.27149799210054,26.093448413418407,20.474007762024833,59.85316752371051
Kitale,Teso South,2025-01-01 23:18:21.952240,66.25490555159675,37.603138822968546,75.56014573191038,70.31505291239532,59.90866336361642,38.803656893752716,62.05472392714019,42.76703420294045
Kitale,Teso South,2025-02-01 23:18:21.952240,65.04874323242143,89.3029059981132,42.453513114856605,52.90079618763451,76.7608981029518,79.04885076263275,38.82294866498411,36.409931775864166
Kitale,Teso South,2025-03-01 23:18:21.952240,54.22072227406481,42.92234964460558,39.74908357924864,61.784451297935206,48.9935934942095,66.76623959885879,13.0482778964466,81.92715823915006
Kitale,Teso South,2025-04-01 23:18:21.952240,54.96668956238063,35.164514485207484,36.80648832143825,64.67891646944952,78.48408268793742,40.95467637656233,50.25263912530649,30.25476956278999
Kitale,Teso South,2025-05-01 23:18:21.952240,85.16019654083006,83.79400300599859,59.34053547021065,77.09169293051826,68.3260145531698,28.651203007690093,15.726996399737814,65.69421847313896
Kitale,Teso South,2025-06-01 23:18:21.952240,76.18632719356233,88.55604608470975,76.0366213392403,78.19733553748392,49.32574813440117,38.64271386680983,67.93705934676444,67.1157595576969
Kitale,Teso South,2025-07-01 23:18:21.952240,54.24980922782896,63.97333771934807,61.49060316693384,39.717065660521726,56.6699831336504,43.44576754579211,34.99240271140503,75.24613764792903
Kitale,Teso South,2025-08-01 23:18:21.952240,64.4524986072295,77.72449976162312,65.54764023313324,67.78569808339581,59.15312851990145,28.459416599974936,44.503120133770345,51.33727954078823
Kitale,Teso South,2025-09-01 23:18:21.952240,57.09398088789341,92.44285602671977,39.589489075801,58.33448322083095,74.47121886456878,35.64432175078718,22.35436434013187,35.16616497805434
Kitale,Teso South,2025-10-01 23:18:21.952240,65.20350339988404,78.03871407188896,58.94338471619111,61.561871700042936,85.5739143284498,69.89866943883845,23.320600018202043,75.25590447390476
Kitale,Teso South,2025-11-01 23:18:21.952240,72.59761364254538,84.16408061328767,40.33624946694887,48.16720647363199,66.11616454290755,29.849534146812815,58.74745997468581,73.27919873165305
Kitale,Teso South,2025-12-01 23:18:21.952240,84.35415782141128,64.8261424720063,29.894544579358197,35.07729760049894,64.71061520283922,49.88234085884152,21.413838569588943,54.95281634424208
Kitale,Teso South,2026-01-01 23:18:21.952240,96.30945915625543,62.202888777919,44.30093582636039,37.04230656347822,68.7088535552184,32.35677280632084,38.11709290104707,71.0508980913911
Kitale,Teso South,2026-02-01 23:18:21.952240,50.940121559556765,68.64734457398004,34.887327010922235,71.10537893493122,52.34086325795728,33.00246600818333,50.5545058212036,59.483138402227006
Kitale,Nambale,2024-03-01 23:18:21.952240,54.40327902838584,73.73795034999966,69.48365900180673,73.23615285774052,94.20751617291052,59.0747553334933,20.111495675244576,46.165706649677006
Kitale,Nambale,2024-04-01 23:18:21.952240,50.61504456001456,67.45457263776413,84.12183635169346,70.80860837036042,57.61234972438205,57.42008545594815,41.327998227239135,38.43506131491556
Kitale,Nambale,2024-05-01 23:18:21.952240,69.4357540725923,74.15032959701199,56.80453019517192,40.08387212507306,75.99053401649874,37.487933999570444,30.379240463873145,37.23745651021004
Kitale,Nambale,2024-06-01 23:18:21.952240,80.24711637850592,94.9988336254011,55.13460700117889,54.69413941941066,78.51372101920566,21.997993782960844,14.012844058255393,73.70524934640426
Kitale,Nambale,2024-07-01 23:18:21.952240,55.99372517764357,64.3074784141842,48.00092362371278,54.94851976988913,91.75835449770811,43.69499636983143,60.89142293746351,45.09080700429142
Kitale,Nambale,2024-08-01 23:18:21.952240,88.97476754981653,60.97672381426479,31.749743824482003,88.10063370587517,58.07913164140875,32.61060181549048,53.35055871334859,65.66947119255528
Kitale,Nambale,2024-09-01 23:18:21.952240,78.83573874561719,54.921984965902595,83.95818628444923,72.0261611517877,82.1103966814452,58.80298761052373,33.51690306024342,75.81972372670147
Kitale,Nambale,2024-10-01 23:18:21.952240,94.51962802049788,65.10129302321735,70.0485085914346,59.58325721800841,91.43813528446825,42.33071960748229,12.267247044884114,84.79168697856164
Kitale,Nambale,2024-11-01 23:18:21.952240,56.776842703821785,51.57635131864012,69.26578566860756,74.99979213280172,53.43636472960612,29.238974460698486,16.798789308313687,79.12288760988437
Kitale,Nambale,2024-12-01 23:18:21.952240,79.36508755848163,75.82610328619674,69.63793059016663,63.70581984599768,91.69253301072095,56.31700828461509,10.017195470491318,31.265383720790084
Kitale,Nambale,2025-01-01 23:18:21.952240,72.43185708881335,88.45681587019945,71.35314519627877,36.377298971524745,57.35889025831322,22.829712427922942,46.34302235592814,48.78577784264873
Kitale,Nambale,2025-02-01 23:18:21.952240,43.36484975441236,46.47541568238607,30.327371014506916,36.29694778841526,88.35639803713111,74.03544345774472,68.07276834723189,35.4862121071833
Kitale,Nambale,2025-03-01 23:18:21.952240,45.48688597929744,54.56639819174499,47.1122642670923,34.183492592302855,60.17728759764512,67.60883326771736,34.48798765349831,38.97089323372959
Kitale,Nambale,2025-04-01 23:18:21.952240,90.0461501943153,66.60970378099779,39.587998420286134,81.64053755490221,58.9976429780706,74.33249627683415,37.90601435938828,42.25464631408166
Kitale,Nambale,2025-05-01 23:18:21.952240,54.07904238262756,64.83876571088464,67.01410370797853,65.51886722972277,64.63002805603362,63.7486024627151,36.62907554685795,33.651212168221306
Kitale,Nambale,2025-06-01 23:18:21.952240,95.75130396733348,56.6301576485687,66.570722871422,53.52601436805912,77.42692280797708,73.27066031877835,15.312686835026808,37.50877019665527
Kitale,Nambale,2025-07-01 23:18:21.952240,60.680289531273885,90.86783479799618,32.74268597354925,30.909419423790684,94.20743782366606,66.09351238510084,29.61264951877349,30.723704573949544
Kitale,Nambale,2025-08-01 23:18:21.952240,83.68534727660924,87.07430284722537,84.6479479229185,58.55952331288698,93.9057580552651,31.554063129002092,28.56137135265284,42.26095058461412
Kitale,Nambale,2025-09-01 23:18:21.952240,73.57358822013296,65.25506891894582,67.31856069414201,61.43530531764313,94.02595962868739,76.34918128374163,59.00488566282908,33.81543401926558
Kitale,Nambale,2025-10-01 23:18:21.952240,85.19512874055437,55.21725286401485,75.20837289807521,85.01666646957386,60.33369153510005,29.846694386786083,38.76567348427908,81.13031999115526
Kitale,Nambale,2025-11-01 23:18:21.952240,81.90121759395421,44.24959348861762,47.108716113471274,71.33734713553079,79.66230840790018,73.66969312682558,45.45359035812492,68.13109076214612
Kitale,Nambale,2025-12-01 23:18:21.952240,94.81986749062901,89.83505493930991,64.5089724345621,83.2332162428406,92.61834821381322,49.721517983641874,13.559629007272228,32.14385040526239
Kitale,Nambale,2026-01-01 23:18:21.952240,92.03942975325663,58.10446172756238,75.38939531630186,39.55969205799647,86.8299876807045,65.91873058013425,51.55169811363788,42.290730405262465
Kitale,Nambale,2026-02-01 23:18:21.952240,97.26752770515209,35.49400829351853,68.81325297144446,61.3551439857752,47.83006949419417,78.19277216420195,12.255024339040348,78.33203697863776
Kitale,Matayos,2024-03-01 23:18:21.952240,81.27692294181799,38.86036913988976,46.42430167868295,42.15377450353043,88.54134771389846,30.864253287808996,52.783770371528874,50.13640371793936
Kitale,Matayos,2024-04-01 23:18:21.952240,72.06538361962947,49.788920417388,76.89866947208161,61.440377958405676,60.68687514928453,31.641713629844755,44.52455926644066,82.61347708846358
Kitale,Matayos,2024-05-01 23:18:21.952240,87.74821836110206,71.36742645684632,74.65152025968132,51.962154152783214,68.57278230232578,60.88392408930452,41.87206947175127,65.0772872064893
Kitale,Matayos,2024-06-01 23:18:21.952240,75.46416232557995,57.30836137965919,55.26286100234775,30.40053443646045,85.22989112303534,32.074244784041774,69.75656955370222,30.67537057997136
Kitale,Matayos,2024-07-01 23:18:21.952240,95.67579776171425,43.103759489435284,41.10617375774283,34.82430537966935,80.5731662567465,68.39784313247331,27.434467714230585,48.001297470138205
Kitale,Matayos,2024-08-01 23:18:21.952240,56.004831436504944,93.53012315746491,27.765559263331667,59.546978352309395,78.4652482017292,43.10741738334893,26.202614552776442,46.79836147254966
Kitale,Matayos,2024-09-01 23:18:21.952240,79.9871840157599,42.559583964717945,83.76224458343535,48.99399530844859,89.82615308261089,44.312627107702966,39.01284470269489,61.594878793130526
Kitale,Matayos,2024-10-01 23:18:21.952240,79.55792810255717,67.8931381683007,44.982718634836274,52.841407905694616,92.72880319791577,66.07624308869143,59.971511923236136,67.56177978376316
Kitale,Matayos,2024-11-01 23:18:21.952240,50.40781529184584,69.23941997607307,77.37175037701687,37.017225025465564,51.614555104972325,27.22648258252614,30.865792308113818,57.65078800960052
Kitale,Matayos,2024-12-01 23:18:21.952240,80.9830325457485,60.87162935266249,70.38896861917667,62.421216470589435,71.58697809342712,64.04861407078901,65.22352152179184,79.31949485435696
Kitale,Matayos,2025-01-01 23:18:21.952240,91.32259019439003,77.11375102310603,64.09265844636573,77.55945126302075,80.53113776929847,29.32306790944977,16.732765482839614,62.84844081925176
Kitale,Matayos,2025-02-01 23:18:21.952240,61.321901570239405,43.31792092834101,75.28152274572791,44.660574586049265,91.30788855242315,60.425592040285196,12.644497728057452,40.9339194178064
Kitale,Matayos,2025-03-01 23:18:21.952240,68.10443628899273,84.82672024785182,31.115861117411114,52.74047483898288,64.49751207710295,57.288587224980574,37.21351196265434,42.37935459884388
Kitale,Matayos,2025-04-01 23:18:21.952240,50.009380433595105,46.55264924620115,47.17436497800445,30.517237480632254,68.98547085670248,36.89338929783838,12.961175633072127,71.90353901420937
Kitale,Matayos,2025-05-01 23:18:21.952240,55.382936896344596,65.36896034606775,62.7166616811227,30.380491238444254,72.48149708736648,48.34579364636716,24.365404866882397,72.63232422161533
Kitale,Matayos,2025-06-01 23:18:21.952240,48.46435588177898,39.191858634814324,43.557582991230966,66.36846168857818,67.79208609549134,46.384428398262955,63.14877983353168,79.77211073232235
Kitale,Matayos,2025-07-01 23:18:21.952240,69.00288998802229,94.92768420564768,55.80025788174133,80.83770566844518,49.93119544530307,69.2272269913919,41.46458414149495,51.48444143767513
Kitale,Matayos,2025-08-01 23:18:21.952240,85.61644534540909,81.7665942910336,26.410602938440512,80.39488614044402,56.18038129913992,55.774157464430175,60.141331530942956,45.33825794224289
Kitale,Matayos,2025-09-01 23:18:21.952240,66.30163435680448,44.227866149886566,36.895830311318036,40.898899227367366,92.2045481514907,56.55781741327056,38.41426536402907,35.75581638461881
Kitale,Matayos,2025-10-01 23:18:21.952240,58.279160609167036,65.16005807222324,49.90528560382842,83.26844511845849,81.29050556862816,29.458082699118542,18.134116448673716,52.125100566213476
Kitale,Matayos,2025-11-01 23:18:21.952240,89.26404638756787,91.2360592534571,40.790007871624795,56.80473464224464,77.250823797465,28.03693458247114,54.679841107399206,30.78444626327192
Kitale,Matayos,2025-12-01 23:18:21.952240,55.68181915354325,88.9272614253788,35.310885072045494,49.25160745797548,75.49670738146446,59.756437709367,22.07830039360025,81.80332195003992
Kitale,Matayos,2026-01-01 23:18:21.952240,40.181349410224996,78.31602116901414,70.61947887144741,85.24187406871633,63.46135752128439,25.724320607412555,55.43260990877798,56.75063568186907
Kitale,Matayos,2026-02-01 23:18:21.952240,50.42413354251789,80.00957413106477,76.38108947191007,78.84587066869587,56.52413030319095,21.82938264699174,47.73669069854958,56.74487290387545
Kitale,Butula,2024-03-01 23:18:21.952240,88.65068351696492,87.66651380699047,75.1480937067277,77.36707981747796,75.92122359103864,24.449610075611933,66.93601939976583,65.32160214656324
Kitale,Butula,2024-04-01 23:18:21.952240,54.3009290368898,92.31535947688462,60.059294728513606,82.60621585572949,57.43611043154171,78.9328900268755,45.96492905604667,84.14624572146309
Kitale,Butula,2024-05-01 23:18:21.952240,73.1846102701492,66.62948546245926,71.24707977561914,61.5571575481037,60.325869425302116,27.888573867227777,24.711984330334094,76.70646324953316
Kitale,Butula,2024-06-01 23:18:21.952240,86.16132699344965,47.722561962228625,67.15322770797617,70.07821932949507,81.26390885344209,21.663159367840606,31.620781992568144,52.61128481712598
Kitale,Butula,2024-07-01 23:18:21.952240,56.36580244828182,49.02098154954109,73.52030323150056,37.55957569581938,87.43278968323423,57.58130056509972,40.656282680005276,50.167947836869686
Kitale,Butula,2024-08-01 23:18:21.952240,77.7030555438161,42.922026749372016,44.35362664492948,75.50545562585657,48.808893941690954,45.583653720163575,32.48586622484895,50.19852581921224
Kitale,Butula,2024-09-01 23:18:21.952240,65.00602917284951,59.41957721914899,57.84100886644408,75.34209311059716,82.51661338893757,68.52575153995228,40.58271509481025,63.164568433213574
Kitale,Butula,2024-10-01 23:18:21.952240,56.31213295186336,83.89131757803376,38.56889535963235,49.383424928628074,82.90214382097544,37.404075231876924,66.35669006673696,70.28052814892511
Kitale,Butula,2024-11-01 23:18:21.952240,44.71549101100163,69.47451186050503,36.29152665309002,35.13338619560869,67.06189243500302,30.463708590757477,48.76914352466786,59.323153898692965
Kitale,Butula,2024-12-01 23:18:21.952240,58.16270524392881,40.272488469862736,69.27708229774468,70.09197077424693,94.7105894629128,24.105584199531524,59.00030507189404,74.3535056445625
Kitale,Butula,2025-01-01 23:18:21.952240,70.25735366874879,38.986680586203114,36.50639014834918,72.81569013745447,67.67392931114071,49.85266110180334,61.10365040292989,61.68752370376173
Kitale,Butula,2025-02-01 23:18:21.952240,91.71117170800645,47.82303571790807,56.74895248205081,42.67070497603107,64.67736898790055,48.5050875105019,40.242531365664384,35.08990303685755
Kitale,Butula,2025-03-01 23:18:21.952240,45.079347605200596,47.3205971830788,50.04481120323801,84.33751803025979,78.12372222800691,58.387959408859004,53.64659392348828,60.68272746205003
Kitale,Butula,2025-04-01 23:18:21.952240,54.634009896422356,76.1525441159917,71.29468017371556,32.94274368557758,62.51320319573571,72.23660524869427,22.999157616973818,38.540784294848876
Kitale,Butula,2025-05-01 23:18:21.952240,43.510786649599396,67.8449330511489,57.35328886071258,52.319363715288375,53.1102480653572,30.480999934119936,44.8176446376052,72.1782835743318
Kitale,Butula,2025-06-01 23:18:21.952240,52.55202094699706,62.37488717168576,77.27330790261288,71.1543756355538,74.77082858165093,46.76452620394821,51.83210041892863,32.83898953809297
Kitale,Butula,2025-07-01 23:18:21.952240,92.09265487500058,94.94971571980912,83.79943304815313,37.30034814327182,48.15587057983353,51.291729938773244,41.8346190072555,41.753135359248034
Kitale,Butula,2025-08-01 23:18:21.952240,97.41503892044159,89.7333731853608,28.94787678537273,40.03033982060447,81.40394918582723,65.37528458956511,64.9405464521846,52.76739583211322
Kitale,Butula,2025-09-01 23:18:21.952240,83.24658544878054,57.46776011769284,69.03173130849346,88.97239778507618,72.43541248450742,20.83309087247737,42.56605140433484,83.57476687696155
Kitale,Butula,2025-10-01 23:18:21.952240,89.94874666709813,82.12747219255996,76.61197338794352,42.8735846626159,54.94042100670916,60.743072266143386,33.134284607133694,42.17746235661595
Kitale,Butula,2025-11-01 23:18:21.952240,46.38560249000139,36.70977977720344,70.33261105087999,73.00477593480691,76.25830300477807,69.25545732350889,65.91802865703049,48.73871464428226
Kitale,Butula,2025-12-01 23:18:21.952240,42.13036198457189,72.52044627741452,28.50471375748648,66.11560669024064,51.57758353702349,70.5008150360953,24.91869904724777,73.05440372920134
Kitale,Butula,2026-01-01 23:18:21.952240,66.88547971467152,47.92569823825025,68.05523676710554,57.13436202570004,94.43910117745614,54.97114807459301,53.50938760392155,37.52047131857181
Kitale,Butula,2026-02-01 23:18:21.952240,85.5716487657703,61.62699504331602,61.845717522204474,44.26428326319457,48.421803856400395,44.384388355303734,42.58077909370226,68.70145010809367
Garissa,Garissa Township,2024-03-01 23:18:21.952240,70.03562718683267,47.457733112797214,67.86557362687097,49.486973437474504,58.03114498724604,72.46980789333578,47.813058552447835,70.91951556884212
Garissa,Garissa Township,2024-04-01 23:18:21.952240,60.704685696068324,64.53190159237981,27.272386511327266,62.1149018480923,71.06943250372977,37.910925735286874,62.22834154313717,81.44995663393621
Garissa,Garissa Township,2024-05-01 23:18:21.952240,94.64529378087667,53.48052250335783,80.521585877609,88.65737136838354,93.43154539429969,30.24782318551644,52.721139409964195,76.76237038586278
Garissa,Garissa Township,2024-06-01 23:18:21.952240,94.64189496890458,74.99824802679044,39.1212907471222,88.73151752606188,72.82891434403564,41.007574747495,49.44811214437786,76.46414266681396
Garissa,Garissa Township,2024-07-01 23:18:21.952240,45.34571698029381,53.35570321345288,55.15299219624412,51.09195979943247,85.07880131575595,26.208149808663244,15.259865907080318,35.43119163871275
Garissa,Garissa Township,2024-08-01 23:18:21.952240,40.5628817060481,53.856303353525476,36.38852285307787,74.24383767226395,76.34470351947323,59.57606513187824,35.146916999999505,48.492860254299075
Garissa,Garissa Township,2024-09-01 23:18:21.952240,42.440478272797904,84.52777127229459,58.96375071565641,67.31481440110095,85.58064435226521,54.433832081922574,16.70600284255218,39.35147136380734
Garissa,Garissa Township,2024-10-01 23:18:21.952240,76.04610651704806,90.95079189919662,38.62180955957723,63.06139624559537,46.739480401350214,60.468521723353014,25.44022376067277,78.40211288549037
Garissa,Garissa Township,2024-11-01 23:18:21.952240,89.78212397260204,50.55746270977689,47.84156723622849,79.14382600604596,70.91702551657767,78.62569806982486,42.41613192926545,51.482865000349676
Garissa,Garissa Township,2024-12-01 23:18:21.952240,93.17595031552128,36.582407428473054,55.04962129770088,62.85140608536763,73.23106306735922,36.52025252973477,18.15144018583625,69.60208107400842
Garissa,Garissa Township,2025-01-01 23:18:21.952240,61.68141640720334,67.50322115698216,39.78283327405043,82.4831579412654,82.1691347240928,68.44686786690383,38.746788468698455,60.602435665056106
Garissa,Garissa Township,2025-02-01 23:18:21.952240,47.845897607615434,62.70331672457451,82.53234193892482,38.019550611470855,82.35961828018867,42.74198954087011,32.89396913388549,73.0003462936832
Garissa,Garissa Township,2025-03-01 23:18:21.952240,84.14527647928071,62.48291220859059,54.21638351626724,85.15637556162895,78.95821841317833,23.643332881719807,61.37476661511363,74.8107845365636
Garissa,Garissa Township,2025-04-01 23:18:21.952240,93.5675424535711,42.48647759148906,30.751990397638053,59.06435189066367,79.36284562578402,23.894432859739617,41.56385191127255,66.25957502138922
Garissa,Garissa Township,2025-05-01 23:18:21.952240,69.57921106321524,81.50000378841212,34.96287644534712,68.61030223794432,89.54584322712554,25.50425661987926,36.91604945082541,75.09591430029658
Garissa,Garissa Township,2025-06-01 23:18:21.952240,46.61119793748345,82.281646944082,31.245026117655605,49.483143533872834,47.0882697819492,59.99411306613717,54.957744807631606,71.67113486152789
Garissa,Garissa Township,2025-07-01 23:18:21.952240,82.90817140795815,71.31808562199356,72.52380061197566,44.0698838310269,50.78907046972801,41.355203586899435,64.94545943468763,56.99619468330435
Garissa,Garissa Township,2025-08-01 23:18:21.952240,61.28078742807698,62.692095352437654,73.44293328925092,38.282063435773324,87.0837946327655,27.445014171986585,69.41541591620162,43.90747517466437
Garissa,Garissa Township,2025-09-01 23:18:21.952240,66.89243728028356,78.50942321764413,74.57493864341899,70.66065914565696,94.09778892135938,20.800679557384242,50.228820695874305,43.337949286244694
Garissa,Garissa Township,2025-10-01 23:18:21.952240,56.48229208895647,38.67373053019662,38.601249117094724,33.90907122176387,60.92394726112306,40.85608838985934,42.90388428879256,69.21461367663434
Garissa,Garissa Township,2025-11-01 23:18:21.952240,59.298806267726206,88.39119832049656,57.388578257438645,58.18665857248291,54.412718602849154,78.90561423561732,30.778403756097873,44.744554844829
Garissa,Garissa Township,2025-12-01 23:18:21.952240,46.22618458611741,47.13029002754097,25.741246761556646,80.662298000924,65.36841322196258,78.89035940465959,18.50306500584577,59.794790935067084
Garissa,Garissa Township,2026-01-01 23:18:21.952240,64.94058822477577,42.5592939360205,71.61649488804575,84.14618637579235,67.75198942460814,32.99184081712018,64.60528271699286,69.01348437078408
Garissa,Garissa Township,2026-02-01 23:18:21.952240,88.74480287137078,45.607415511313576,35.99081247512271,37.27638502190648,94.19811024773492,73.06391391551247,43.04840639645737,37.68740625466883
Garissa,Balambala,2024-03-01 23:18:21.952240,48.359856741874005,71.2628380510201,60.494037225720064,34.023866755837496,96.32455416954919,78.55828551140652,32.691810109671096,62.298402788995354
Garissa,Balambala,2024-04-01 23:18:21.952240,82.47487677182328,87.01830809669664,82.48079119307027,70.47116030686121,81.99733650143676,53.545703579489164,22.854664536233898,62.09030955008219
Garissa,Balambala,2024-05-01 23:18:21.952240,59.03609530800577,63.88841730622988,64.92891697698722,72.11458497602413,49.00296724958159,76.94762363683995,28.499008463135958,34.47897567828063
Garissa,Balambala,2024-06-01 23:18:21.952240,51.531982172034446,37.77463570538915,55.718282326206975,40.532916897467985,67.15608689547798,21.387368658166487,39.52354830450868,69.07788099301223
Garissa,Balambala,2024-07-01 23:18:21.952240,50.2679384641541,60.38159966171196,73.32069900436235,35.506379085340654,68.21476721387924,67.70523760588362,63.16721329079658,52.10169384064774
Garissa,Balambala,2024-08-01 23:18:21.952240,93.89019604137107,72.91110018025424,42.74687656892779,76.04122037290776,92.95325982944527,32.31898133850031,27.335562124647698,74.7955918486986
Garissa,Balambala,2024-09-01 23:18:21.952240,63.361088795865136,78.81649503531915,30.35379276128755,45.31068403504564,86.44520794322592,65.85272486290889,33.692595560516594,36.104906952953286
Garissa,Balambala,2024-10-01 23:18:21.952240,84.93061762432137,72.77364153119055,71.97162645220334,71.36818064169792,48.79114635930185,65.86568759217987,66.61798798688787,40.713712197355306
Garissa,Balambala,2024-11-01 23:18:21.952240,44.179584757269126,53.37839264573431,67.84900659993195,53.61920389315166,60.903315474543746,43.560493266913284,56.659646604148854,59.82596055798001
Garissa,Balambala,2024-12-01 23:18:21.952240,55.865804160547896,78.83684641240527,30.565267276178076,51.91592641238413,63.254139164107904,47.22054399547577,12.613394013141406,55.38214376611975
Garissa,Balambala,2025-01-01 23:18:21.952240,43.9019878277827,89.84751496415096,57.15091454302397,77.65773373833137,93.97738757205704,24.839555310377442,63.80357426948011,33.027010514612996
Garissa,Balambala,2025-02-01 23:18:21.952240,40.50157256130355,35.1822894646221,42.10742419681334,85.2973383364872,46.88830013667824,64.0240411629045,67.26653447257021,42.02194086950962
Garissa,Balambala,2025-03-01 23:18:21.952240,89.52681996748628,92.94622291061626,39.72462538895152,64.86942360975588,67.43065870259892,47.43441344888984,43.124000111040225,71.42976537170856
Garissa,Balambala,2025-04-01 23:18:21.952240,69.61766891312237,75.53045441999325,79.458053386916,32.05646716394816,62.14604210641144,23.138215211218668,16.34788295512526,57.42945941341256
Garissa,Balambala,2025-05-01 23:18:21.952240,62.995190195863344,87.26113819773387,76.43166999152012,66.77320812765457,89.05688459251667,77.95420153552477,49.07900447342162,61.378160851700436
Garissa,Balambala,2025-06-01 23:18:21.952240,56.662037485090394,81.88342007278735,29.197207664652524,30.098129208207794,87.36302468437657,73.11800290813323,45.109356860116975,48.17340193814252
Garissa,Balambala,2025-07-01 23:18:21.952240,51.93748234948282,43.758590914026556,38.746359119153595,52.944425171998915,67.92327218726896,31.30331320228448,30.42934471837097,56.424255864448696
Garissa,Balambala,2025-08-01 23:18:21.952240,95.71313884951465,64.99279925652118,50.9147810285248,51.936123746659234,47.775522800806336,31.624388349617863,23.526291487038947,48.8863106001883
Garissa,Balambala,2025-09-01 23:18:21.952240,94.26345018103135,64.25967709023017,31.960598266049992,61.920839059290756,68.24473821665354,76.43307579101528,65.979983107137,59.12077193193921
Garissa,Balambala,2025-10-01 23:18:21.952240,73.94042186561103,55.466162565968546,29.173345001738472,72.95425861370431,91.98410103114122,52.56078813308369,63.295249897999284,38.07127290133486
Garissa,Balambala,2025-11-01 23:18:21.952240,50.63140721251808,40.23754492660363,37.708028554095606,65.18257639272966,69.91751987395021,24.33996162272555,14.216484387356473,37.07371640891594
Garissa,Balambala,2025-12-01 23:18:21.952240,83.46867717703074,59.99835859356715,84.60253994302087,87.19474863831141,69.79117567909819,38.945537406893095,14.493470640907045,48.76221867614936
Garissa,Balambala,2026-01-01 23:18:21.952240,96.65702030292127,94.09425649327088,33.19167254467281,60.30971809475663,52.68869504905757,76.8667976298306,40.16190723667227,68.04396310344535
Garissa,Balambala,2026-02-01 23:18:21.952240,85.70390682712915,68.25810194985954,61.28445245458714,86.90946213323508,72.49064619610056,39.68204965102895,19.479880155015938,38.03989932162628
Garissa,Lagdera,2024-03-01 23:18:21.952240,81.88582285208201,81.29373108898119,27.5238443506934,55.40067280846864,49.32388214041867,74.21714691494178,51.851447833883846,36.19365666734911
Garissa,Lagdera,2024-04-01 23:18:21.952240,50.44613014533826,59.92641000710222,57.61517171347527,64.1180485976743,51.47611112503237,71.95154882589122,13.011728731461709,68.99449025263155
Garissa,Lagdera,2024-05-01 23:18:21.952240,79.86997570329575,94.08013687668692,37.482222826026074,51.76279347700166,80.40341031496641,39.1220219535842,12.15907759114555,82.75567880141088
Garissa,Lagdera,2024-06-01 23:18:21.952240,43.48463636129053,76.20197953124301,41.283414415491066,71.57802808341367,78.61775107173897,74.62627960094369,28.513938644836795,83.47588678089039
Garissa,Lagdera,2024-07-01 23:18:21.952240,66.92547821398425,59.13045407707804,59.71546382368766,48.56866114533533,81.82553054515819,61.77379372712991,19.824958253772827,53.89528136101404
Garissa,Lagdera,2024-08-01 23:18:21.952240,81.93760803055561,45.82349358391397,73.34506886768635,89.1250652654397,72.32352403424201,54.9781004896259,36.247604360453565,60.01261927991181
Garissa,Lagdera,2024-09-01 23:18:21.952240,84.18694121811549,40.724225583962735,48.290214205769615,42.83221880153355,82.61182824316586,55.05670370094641,58.683560027612515,44.45742278630074
Garissa,Lagdera,2024-10-01 23:18:21.952240,53.21577427662092,81.69026534277683,34.26535792376693,61.10199827976248,46.88596285424114,41.45664984726228,24.657953769176515,40.31995190027545
Garissa,Lagdera,2024-11-01 23:18:21.952240,45.54684863565535,86.41072885897617,32.17185226428173,37.19934862025599,77.7822986541751,47.68892231621511,22.01040864013816,70.49538085618309
Garissa,Lagdera,2024-12-01 23:18:21.952240,57.32559425998933,36.177180127159666,40.243147535022814,52.03988437502159,96.1525546759827,48.1057193158634,48.5098234754372,51.27552098305728
Garissa,Lagdera,2025-01-01 23:18:21.952240,93.30618039861886,56.9697639101365,48.34907119151377,37.55029593972904,85.26489092723003,75.84971296272994,58.723626905484,57.55568466189297
Garissa,Lagdera,2025-02-01 23:18:21.952240,44.29865364564958,60.96819119698369,83.36103799472778,59.94513734820405,67.54717236478545,75.9116671791104,43.32994830747318,66.20421941178748
Garissa,Lagdera,2025-03-01 23:18:21.952240,45.83047075744276,70.80485635783857,68.95085092728948,32.254006179214706,90.04609535549069,79.30973823846836,42.15514175844046,60.811037228170804
Garissa,Lagdera,2025-04-01 23:18:21.952240,95.76463456541865,49.76388966305784,65.88785789729698,43.127595103146675,89.20955275922438,43.20357208490395,40.2950344854657,52.84858447649453
Garissa,Lagdera,2025-05-01 23:18:21.952240,76.67896367543236,71.5482703510767,49.82977057195469,38.8816251794539,48.79351024240532,74.35010763473635,43.04151016531301,38.564033503194075
Garissa,Lagdera,2025-06-01 23:18:21.952240,77.15786497647906,57.668683618398525,43.77035593108144,50.75733692907491,65.82554388080324,64.7356113029326,67.30442799410395,59.257199765482966
Garissa,Lagdera,2025-07-01 23:18:21.952240,55.306797618472835,81.47814439641081,32.19525097702617,46.3951132274688,74.484611712551,46.46631264927828,45.45592284459602,62.60542048195268
Garissa,Lagdera,2025-08-01 23:18:21.952240,77.49034411693978,40.335344397874536,54.253356875396975,42.278496059704516,52.62761521038428,23.65700210207158,13.88870382189114,63.91187797736615
Garissa,Lagdera,2025-09-01 23:18:21.952240,58.02702781568789,38.69981852232339,49.917189196656224,79.01394993447614,51.92218271779085,53.52927511060275,45.868463083612,37.292768576244974
Garissa,Lagdera,2025-10-01 23:18:21.952240,63.91177863548023,35.05176862564075,84.31184118784202,38.11152498754266,60.05768018247798,36.62831260187693,52.67243875072156,60.040005828606816
Garissa,Lagdera,2025-11-01 23:18:21.952240,92.29001132898028,53.82248104465452,64.70329506413685,30.9121551356382,62.0913986764421,59.90997962313641,45.42505197561622,82.11192965610293
Garissa,Lagdera,2025-12-01 23:18:21.952240,84.66595812196277,66.82646435674312,38.83092371119942,38.88765582001597,90.52273273942497,21.14118532094682,41.648026818768,55.407455181255706
Garissa,Lagdera,2026-01-01 23:18:21.952240,82.590976805959,74.67745826579944,36.95750370781985,76.3659235921859,80.76211700191197,63.173071719720625,19.197412822905015,36.130210367134595
Garissa,Lagdera,2026-02-01 23:18:21.952240,62.84172961598885,82.5152011250819,82.73634339870367,45.57369847307223,55.83185039939507,72.2484271663644,29.238718581165738,81.3501802751948
Garissa,Dadaab,2024-03-01 23:18:21.952240,61.61883705175194,43.55463797767927,75.1646861063986,49.32825146716659,93.83934517468033,45.93678666674482,35.65791763655144,63.44250860311405
Garissa,Dadaab,2024-04-01 23:18:21.952240,58.644778468249925,37.825397477442934,26.80707760060995,47.79199394103203,58.737159025721255,51.174791495559944,17.9893888196901,47.825178640004985
Garissa,Dadaab,2024-05-01 23:18:21.952240,82.54573983655874,74.08397711118258,44.868407742573304,66.49439610584673,45.34880348534686,29.491872555826518,38.487234855094506,67.3595052768501
Garissa,Dadaab,2024-06-01 23:18:21.952240,58.79367987199391,85.53346244700371,73.97653700426439,47.26072500711088,57.702133835395635,29.995471576526654,67.65259666651554,47.467092043547275
Garissa,Dadaab,2024-07-01 23:18:21.952240,92.63637090132313,91.83145466413708,62.60418749850589,77.24670559807464,63.60247674021471,44.60574979895251,39.587796015240826,33.2986446509559
Garissa,Dadaab,2024-08-01 23:18:21.952240,63.92322641406328,38.205108190225026,73.41134878824745,35.256110222636224,78.37693698423811,44.96683811871658,67.64056746264421,77.02926277881821
Garissa,Dadaab,2024-09-01 23:18:21.952240,49.26062026956927,43.49171572373271,65.89005806704174,88.0129074143864,80.93747869391106,42.091005947245264,37.676870640357635,40.653643019676
Garissa,Dadaab,2024-10-01 23:18:21.952240,53.86434172803807,48.04655352868969,68.28951034444862,49.624600414222016,49.87108358774681,49.24631602158678,58.409164513326,58.22166266869833
Garissa,Dadaab,2024-11-01 23:18:21.952240,83.124760538879,67.54937880801269,84.75462573797597,65.16173608356561,69.75239063976278,64.17162331730603,46.95800801804243,82.59716603822967
Garissa,Dadaab,2024-12-01 23:18:21.952240,56.15347452405841,68.56288124480082,84.39257085507612,46.6120461974198,90.81789938050981,43.56511164917805,28.836757973851547,51.89580841762481
Garissa,Dadaab,2025-01-01 23:18:21.952240,45.499900555514145,36.62362084004211,75.4312639462575,62.686420885507786,56.84044266008641,65.42494254735638,45.48531687209634,57.4018645870175
Garissa,Dadaab,2025-02-01 23:18:21.952240,70.43416243609744,85.61237512407715,84.09185485563125,82.923844178958,83.63823346490616,28.806407889184726,31.33798603302017,81.8217773553948
Garissa,Dadaab,2025-03-01 23:18:21.952240,49.659017889303726,67.99498544251426,34.00792126373098,89.37880113931507,94.92556886023414,61.69847627949886,55.112470932962516,58.15730685127147
Garissa,Dadaab,2025-04-01 23:18:21.952240,64.84330423096328,55.84927274202445,33.73850459321056,81.35261917005192,85.49440714234854,69.4350984290382,40.53316520865839,66.92394420698523
Garissa,Dadaab,2025-05-01 23:18:21.952240,51.228813780196674,66.80352593477019,48.8482877488957,47.5189719162683,94.6290447361242,46.47429297373016,24.762773648189516,45.15265958152321
Garissa,Dadaab,2025-06-01 23:18:21.952240,90.85446386529253,35.55464287781348,61.413563963455644,50.919650983136336,92.16125067883146,70.45284844173023,38.673412319540404,39.516822055380274
Garissa,Dadaab,2025-07-01 23:18:21.952240,54.36751078155653,44.59266654282356,33.19664239664374,52.937991661354474,49.178859736229256,29.979885287940075,22.37524249616336,84.74925906115959
Garissa,Dadaab,2025-08-01 23:18:21.952240,57.275118646250476,82.2962546122323,31.321688414482782,36.27607570084828,75.48948995235116,65.37876619633863,26.11005826530905,35.80980742407337
Garissa,Dadaab,2025-09-01 23:18:21.952240,74.67509878820856,60.43534268780436,67.67452356356475,68.40350316734701,48.91434360377388,73.30282422267899,31.22920230903031,76.31238529797731
Garissa,Dadaab,2025-10-01 23:18:21.952240,44.61970160908522,80.10234353134281,81.28866976292858,83.78556847662112,72.624966102303,32.20775833987926,36.35618760321875,37.424337448222246
Garissa,Dadaab,2025-11-01 23:18:21.952240,58.30183242217235,78.4401362259633,79.06550990178638,48.388733572503625,72.69110993264907,36.93500483062494,44.183975302908244,74.90477561800449
Garissa,Dadaab,2025-12-01 23:18:21.952240,63.19702687892268,90.82710137087327,30.6441899982362,36.123284146779845,55.28131364615065,67.17620208052804,31.32340766208073,66.44649917938884
Garissa,Dadaab,2026-01-01 23:18:21.952240,49.39361910825928,50.23139289318266,58.97496918503371,36.56166855112228,58.16927271074324,60.81453797338697,42.61814128119202,55.68745267825703
Garissa,Dadaab,2026-02-01 23:18:21.952240,96.66353807186749,44.55828499911409,69.23410429069706,62.647699985646206,71.16503944094548,34.385623186201826,29.01252804192786,58.95107088970367
Garissa,Fafi,2024-03-01 23:18:21.952240,61.60195259875525,79.39228042777584,48.86754380525524,77.81737294881974,45.38127793194212,22.338046990285186,15.155882098877074,79.10117632486045
Garissa,Fafi,2024-04-01 23:18:21.952240,63.71563799495565,94.38756339297954,81.61260463932113,71.1014126350735,63.810370155369625,29.27487155996296,24.687450383586107,65.11639101879936
Garissa,Fafi,2024-05-01 23:18:21.952240,62.44183392112281,69.40817781920236,64.64072423027027,47.405778081986924,52.72338512509185,67.12477027024343,16.19471580370498,55.90599747762566
Garissa,Fafi,2024-06-01 23:18:21.952240,41.66736914842518,71.94526611378993,72.75873364506889,89.34832132548786,83.62004765769382,20.540362539782123,47.55496164437179,50.842330479719664
Garissa,Fafi,2024-07-01 23:18:21.952240,67.0276885264903,42.84207624990734,55.394933479629486,65.02265138200113,54.51106778240614,21.33481763316585,43.81443041343076,35.66706277898652
Garissa,Fafi,2024-08-01 23:18:21.952240,46.64284216509111,84.09476705618219,83.5386576930313,47.16815161259237,58.64089460880869,57.12749242080602,11.329364268874398,76.95189593052098
Garissa,Fafi,2024-09-01 23:18:21.952240,73.19472655176251,66.40129511669687,55.077583228085416,38.11939320429502,55.253533461712564,79.94557700041975,46.67735179422886,70.57260095316015
Garissa,Fafi,2024-10-01 23:18:21.952240,87.4386363207127,73.97426634530973,65.83135959327176,78.21621815592307,93.8445814130008,28.206758823049984,27.112264145396463,49.23719542549453
Garissa,Fafi,2024-11-01 23:18:21.952240,45.389769532329304,72.01755884263127,81.85179457246043,68.39337607095631,87.14599272631713,42.44835957288049,14.543370135706823,72.07094027307001
Garissa,Fafi,2024-12-01 23:18:21.952240,51.45457139365094,88.47165802724263,50.81524386491377,50.236916381823086,85.11214671328972,37.6543486624382,53.21409072671598,34.846202700595335
Garissa,Fafi,2025-01-01 23:18:21.952240,57.95327151168462,55.42746480025238,53.254272421889155,73.57593569385878,74.07278403725256,53.82385013432287,22.88564299931117,84.82020250327652
Garissa,Fafi,2025-02-01 23:18:21.952240,92.92528604477914,78.65599921947916,38.80064335170589,86.95026600381094,78.91059640352631,58.027563242105316,60.66150077331209,77.85449126427977
Garissa,Fafi,2025-03-01 23:18:21.952240,76.07557524039238,91.30542752447607,70.9566464147193,81.32626402548648,48.907532624789646,34.0743738147102,55.24162556842325,31.483516322933877
Garissa,Fafi,2025-04-01 23:18:21.952240,61.24905867459621,36.127350511187636,42.48103133023962,72.98716835174424,95.12940678141553,38.73543781484058,30.469150896748992,40.81622501536012
Garissa,Fafi,2025-05-01 23:18:21.952240,73.2297090510885,51.410985606677066,29.008981087261567,74.0063479438818,94.80851696060864,56.37780391241144,35.36660047178442,68.09480700612933
Garissa,Fafi,2025-06-01 23:18:21.952240,76.07419780237032,68.48271958020898,76.56767567494967,77.2118491599495,45.61718746060249,43.75130046296479,60.204721779344005,60.25791694329597
Garissa,Fafi,2025-07-01 23:18:21.952240,61.66383634280382,70.41693703253858,65.96010628122613,37.915839257692454,47.97715139197886,21.910621744347203,22.394832982288793,81.40064847418901
Garissa,Fafi,2025-08-01 23:18:21.952240,51.30855822410881,52.40968654095474,27.851704999266676,66.39605263141945,93.9263017414051,35.434943673787174,62.84302295311177,69.9968955766803
Garissa,Fafi,2025-09-01 23:18:21.952240,47.08807606245689,54.23581160397181,81.18641926709873,87.3239489162502,96.05777110255933,65.97185969584703,48.413980439307366,70.15471081554126
Garissa,Fafi,2025-10-01 23:18:21.952240,42.87892044693634,61.48357386757168,32.16910861123981,79.00412394564265,56.88953795842065,45.01063527197542,63.85914950632902,34.86687959066939
Garissa,Fafi,2025-11-01 23:18:21.952240,72.07340913640144,57.857829474271014,33.398721492725265,43.660467446631614,53.605816714527904,37.12776990768579,38.31216724630721,36.34025889697505
Garissa,Fafi,2025-12-01 23:18:21.952240,74.68133412838051,91.86607218417761,54.57663745600172,64.40140575118843,53.199121706160525,56.23806916970148,32.966971316612586,82.37576631783551
Garissa,Fafi,2026-01-01 23:18:21.952240,60.66510703965902,76.09498105530531,41.06829255863864,31.27173984001519,47.52889009914779,29.814517065333263,31.668216030793314,66.3127148115429
Garissa,Fafi,2026-02-01 23:18:21.952240,58.62306670350054,88.01426304136567,52.322397585508945,74.3127238819601,78.93589100245893,50.77702692782239,42.23501760555179,80.10435353269676
Kakamega,Kakamega Central,2024-03-01 23:18:21.952240,49.309799244451035,88.69723945058463,26.180206770974426,53.785164430641956,61.31835262919502,74.36515660579923,58.395476419996534,78.52935310557373
Kakamega,Kakamega Central,2024-04-01 23:18:21.952240,84.06317025018095,38.69981554668049,80.35392945533943,68.26099817214846,72.55662773138538,69.3031004087726,18.87817332372067,80.6717264576119
Kakamega,Kakamega Central,2024-05-01 23:18:21.952240,93.78384854328257,93.48509529702986,53.03530295071627,83.34662760234976,82.04419748357302,48.62637622444427,34.621442546912064,83.25712296448626
Kakamega,Kakamega Central,2024-06-01 23:18:21.952240,89.64194498795736,38.8751484152042,60.856855541675415,67.01044645087853,75.6413193364686,71.38318236263402,32.61635838843458,53.28313111517529
Kakamega,Kakamega Central,2024-07-01 23:18:21.952240,55.73039705891792,61.79136039161946,60.67177591715475,72.85195906532792,65.04207773907764,30.992357764960325,52.434130049311044,81.89042565156278
Kakamega,Kakamega Central,2024-08-01 23:18:21.952240,97.3672866948393,72.77874721214441,54.06968839279318,47.44191592086454,65.15950870862356,54.41684769139395,27.705873063367704,37.240290134898984
Kakamega,Kakamega Central,2024-09-01 23:18:21.952240,74.73049644672564,40.98821835294054,75.6057055353152,44.63990188119559,76.0527755746995,35.26449393519568,29.853668644103024,45.642898548468466
Kakamega,Kakamega Central,2024-10-01 23:18:21.952240,41.30181853278701,42.86650325658572,26.9278608988429,75.72099384068663,59.30844345134664,22.030892130296607,55.69555072968304,71.27806902676244
Kakamega,Kakamega Central,2024-11-01 23:18:21.952240,58.74179740675262,72.56629797173989,45.16573242811267,81.1038936246124,54.941008489430786,65.73980913375871,69.80956800174226,84.3711609364305
Kakamega,Kakamega Central,2024-12-01 23:18:21.952240,95.82815418286944,35.47627404569008,57.60337998591684,75.48926848791572,72.0168527781018,37.25624227356375,17.205918094518324,56.250615061401426
Kakamega,Kakamega Central,2025-01-01 23:18:21.952240,87.27363197294392,52.13839721213631,70.01589814330724,83.72370409948178,56.04625294360085,74.21239068917077,29.708506479965347,58.07391539627959
Kakamega,Kakamega Central,2025-02-01 23:18:21.952240,42.936213788164494,64.56023494861778,44.531561838096124,54.21367887882589,95.07468640737551,69.39121636645118,48.472617909498666,75.27637897497148
Kakamega,Kakamega Central,2025-03-01 23:18:21.952240,82.69310677879588,53.334340434987126,59.17357776058227,44.62381022870527,54.19036877848116,69.71039067935544,64.0062590606615,32.529147525241136
Kakamega,Kakamega Central,2025-04-01 23:18:21.952240,94.18129464357557,60.95726067496301,68.94997861576059,51.56071283655773,53.731375135347754,42.17289927633851,32.74663044340134,72.77285270242395
Kakamega,Kakamega Central,2025-05-01 23:18:21.952240,67.59815603102277,83.31798675710722,58.238776814322435,82.84919953273761,90.09648646184417,32.92497777726457,65.21794065639467,62.32313537240236
Kakamega,Kakamega Central,2025-06-01 23:18:21.952240,76.22305520883984,94.62945834409595,57.35386817332306,68.61081660451376,52.57887820053804,60.15292144855339,44.48672798710922,39.07138958021461
Kakamega,Kakamega Central,2025-07-01 23:18:21.952240,85.45286202667344,49.09173344146571,68.45373511455833,45.825854956392426,85.79932508050302,60.04966286116026,41.95688607742913,75.33170711634455
Kakamega,Kakamega Central,2025-08-01 23:18:21.952240,43.7667891480605,73.77831937045917,44.45030999091841,38.237621671517445,59.264666991307394,55.73379309401724,47.23960923463204,30.092353308786716
Kakamega,Kakamega Central,2025-09-01 23:18:21.952240,82.4168761133823,59.69118105961017,73.50095039220764,63.87080998217637,57.60044936056137,32.35803162780247,28.48893763089417,35.477611368554136
Kakamega,Kakamega Central,2025-10-01 23:18:21.952240,40.194194565011685,47.09032334627971,64.4201111746814,34.16300631303496,86.29675145426981,66.9683635923316,60.546049354246975,45.58685893662415
Kakamega,Kakamega Central,2025-11-01 23:18:21.952240,83.31342222564038,75.74763923808638,66.80342925280067,46.79055957309406,65.11128123399021,64.75016806630825,35.93620423135677,47.68331292582805
Kakamega,Kakamega Central,2025-12-01 23:18:21.952240,52.24761942766928,87.0805708244381,25.20802173399366,85.63629381329685,63.52533609576178,23.62746638840661,32.93251191312116,53.45269674562182
Kakamega,Kakamega Central,2026-01-01 23:18:21.952240,77.20989691483905,45.197689161158365,57.288580990453895,30.838812123513215,82.3974967887303,22.224043430053396,33.95057362466048,46.30339570680078
Kakamega,Kakamega Central,2026-02-01 23:18:21.952240,57.01439552350702,58.10758527832778,58.53248838583419,67.72041642404334,84.19356339537269,34.37789550137923,57.26966577019064,38.50390468212532
Kakamega,Kakamega East,2024-03-01 23:18:21.952240,80.61544294809205,84.29292423905042,32.37865183801532,80.63092798530789,95.44661343205303,36.36625207620152,56.55924721435694,35.866073749528546
Kakamega,Kakamega East,2024-04-01 23:18:21.952240,53.987348043206275,40.70896023863596,52.16203525993133,70.7744544078345,52.44015360699558,30.295743869288252,64.62699503223894,31.285840990284132
Kakamega,Kakamega East,2024-05-01 23:18:21.952240,63.89404412539534,53.84465546463262,67.13054991143261,53.09799777731805,54.47190851526407,55.31695961459106,43.67526838713807,45.92107931552353
Kakamega,Kakamega East,2024-06-01 23:18:21.952240,53.03284909735388,82.9004507672118,52.19611831878932,74.2032739217891,50.51393940673595,37.41474964313559,25.931430158360946,67.37303602746924
Kakamega,Kakamega East,2024-07-01 23:18:21.952240,80.30990002292441,81.40811188808678,53.67298312953548,48.4009357595675,57.66964547856118,56.78011650861246,23.127627368662314,68.3520356299539
Kakamega,Kakamega East,2024-08-01 23:18:21.952240,55.797446156141916,71.89103716991082,62.060083412868096,30.764883525606827,92.12705414175926,35.28430846224216,68.43392503319683,37.27914380100452
Kakamega,Kakamega East,2024-09-01 23:18:21.952240,51.781828582802625,81.00818251224798,62.95034717310242,85.0100376371796,49.32276234003959,55.04858023355497,61.09792089470277,52.333000875363524
Kakamega,Kakamega East,2024-10-01 23:18:21.952240,57.4020888936539,76.22937024039194,54.05616284650148,65.60573363031706,85.38164344187604,28.491050800994103,14.294135806834872,44.406821948561635
Kakamega,Kakamega East,2024-11-01 23:18:21.952240,63.594888858579544,94.24929211695772,66.83739781551805,53.827405078875564,71.29503983404227,29.077068309491345,28.786289197655012,83.10072122299084
Kakamega,Kakamega East,2024-12-01 23:18:21.952240,50.9573273859612,72.37812300878151,40.29511255572851,68.39536579870685,78.83063331465291,53.44989193833148,33.87618485789466,41.047623994630726
Kakamega,Kakamega East,2025-01-01 23:18:21.952240,97.99282835220046,83.4216655499522,41.30423206657587,44.88810297619312,85.45073055078817,37.204775392436176,56.703259160108516,45.77809481284109
Kakamega,Kakamega East,2025-02-01 23:18:21.952240,77.77987995450701,90.9666377130784,28.9510249290782,41.18763459842148,77.31305690613893,58.60909033717087,69.38685593248618,61.02026577947066
Kakamega,Kakamega East,2025-03-01 23:18:21.952240,93.17971960791745,88.97633734512466,59.62822024222418,51.46083031469913,86.09742663796548,20.664895240210818,55.21886627593174,56.30622520099577
Kakamega,Kakamega East,2025-04-01 23:18:21.952240,79.53849017478363,67.31425930475066,79.47770844111466,35.04802926400431,87.88149796791438,46.585142144521356,13.606031162276356,83.06018662786411
Kakamega,Kakamega East,2025-05-01 23:18:21.952240,56.49153155851067,37.002639285977445,58.02247876999261,80.20343824156055,72.8628595164097,33.97497726858525,45.016112779456904,81.69939020213931
Kakamega,Kakamega East,2025-06-01 23:18:21.952240,66.82722440428235,46.70051003971294,66.40675136311407,73.8120314736241,87.39364913788341,25.53689758279911,21.173853030060176,34.72745251935512
Kakamega,Kakamega East,2025-07-01 23:18:21.952240,76.72657081928676,49.227216270815035,57.64919807872714,60.43279035987906,92.47257052036372,28.41507395745306,17.65016879206431,70.30997672350091
Kakamega,Kakamega East,2025-08-01 23:18:21.952240,89.59351753781498,45.66728333986977,51.46949908228275,66.11339060738376,67.64065858468085,42.70347735774628,28.52474583175977,42.89880319967139
Kakamega,Kakamega East,2025-09-01 23:18:21.952240,59.964932022249556,91.88773380674611,45.94584325073736,69.27412414967117,76.68220019482399,32.688336655666134,39.474329422148074,42.79773173152286
Kakamega,Kakamega East,2025-10-01 23:18:21.952240,48.50247526254438,41.01128943018757,45.03752113234952,58.74131502611213,88.13598700565842,46.76285588073764,66.69230224519751,55.977063026002696
Kakamega,Kakamega East,2025-11-01 23:18:21.952240,42.61976297063328,93.89941990764308,63.4755516271879,43.217962409126585,46.23501956823873,24.630334617485715,46.9321432043526,47.13757354281419
Kakamega,Kakamega East,2025-12-01 23:18:21.952240,85.34725616459411,78.07594908877854,26.865472326039708,46.69031380215892,46.48798883981446,35.12784333702354,61.128985792482744,57.19771216423277
Kakamega,Kakamega East,2026-01-01 23:18:21.952240,52.72808653687914,35.189123558989884,44.26269588265765,35.25347746434434,94.37851264892299,71.5850880617068,37.38256215835872,64.22365094066456
Kakamega,Kakamega East,2026-02-01 23:18:21.952240,43.929252276624375,85.1144493737834,59.43652375867319,58.428635412699094,62.0090887248069,70.45800594790362,47.048949135784646,62.29436872324124
Kakamega,Kakamega West,2024-03-01 23:18:21.952240,63.28626451976139,47.0308109077132,84.6435844875507,84.85445520508941,70.5719670610942,34.53306854177485,15.483191881036422,60.31556964230104
Kakamega,Kakamega West,2024-04-01 23:18:21.952240,82.00872075368694,72.17718203859243,56.31353764058579,32.59903972113928,48.9015604436538,25.71519931465142,42.34356805137881,33.32104385912064
Kakamega,Kakamega West,2024-05-01 23:18:21.952240,87.42531224249566,94.66624460791999,78.89971333380554,55.05239029569459,53.328642481816914,25.266175609776106,10.017448553608574,39.38491026524715
Kakamega,Kakamega West,2024-06-01 23:18:21.952240,46.004033439406555,92.24585083620124,39.566564851380775,47.85590336849229,69.28813272589193,32.83928900282365,34.40175662173229,43.499523480415355
Kakamega,Kakamega West,2024-07-01 23:18:21.952240,48.616926844264874,56.16569117388531,80.20846678088164,68.59331763843598,89.88923944390791,38.5147789612965,51.64015121920384,49.47971866009444
Kakamega,Kakamega West,2024-08-01 23:18:21.952240,81.52832838679387,38.5496149384257,63.51743267644594,53.941015060527725,77.94907688596042,23.875518860171773,18.38458634141168,57.226239242691776
Kakamega,Kakamega West,2024-09-01 23:18:21.952240,66.80489869118131,93.15821117346323,72.3555166423909,34.16882585179637,47.478055339357894,58.39171916714758,58.37334868879548,47.176458682515275
Kakamega,Kakamega West,2024-10-01 23:18:21.952240,93.41484417205669,65.3656293305028,53.89933660612844,78.37850500284964,95.89663715353814,62.204588595239535,11.876785075417642,69.76061918785773
Kakamega,Kakamega West,2024-11-01 23:18:21.952240,95.92958590255111,47.5803727928385,58.712595566355006,89.63173596667461,81.84726216788928,43.09558902107892,53.286492204692166,38.19547796509536
Kakamega,Kakamega West,2024-12-01 23:18:21.952240,72.31868352447535,72.01590223458666,65.10945717352236,81.46222809407885,46.33855826981222,62.41811284321614,53.303953083869075,35.12958041110682
Kakamega,Kakamega West,2025-01-01 23:18:21.952240,55.18342794095007,66.85139891699492,79.72237353441263,68.96038675900067,85.7756539083667,47.136280890179165,56.591007362217056,77.66661936162937
Kakamega,Kakamega West,2025-02-01 23:18:21.952240,62.610592244847496,48.14612977804489,27.82177165507927,40.17455939644502,72.94234268975191,67.50705902763355,18.558370217678323,75.81679362325914
Kakamega,Kakamega West,2025-03-01 23:18:21.952240,57.536129885664764,37.644936599272974,29.96950192116168,60.59191584026659,62.479071174277045,70.88227229837796,22.969003185175946,40.92931392965493
Kakamega,Kakamega West,2025-04-01 23:18:21.952240,80.59268803161328,77.94296651413842,44.75907882520991,75.20595549280216,66.91883006688217,77.43161475348788,40.780684906368464,46.51522431708107
Kakamega,Kakamega West,2025-05-01 23:18:21.952240,61.65250087151807,57.74192425823144,54.63137002161344,89.94032095183948,93.05229874225459,67.63696169137324,53.85894905979288,58.087819044034944
Kakamega,Kakamega West,2025-06-01 23:18:21.952240,80.78816836205195,69.03719644470955,30.392757833290155,53.770052621488304,70.29053493189444,47.63369087480483,55.65755508562454,32.630514764553766
Kakamega,Kakamega West,2025-07-01 23:18:21.952240,60.87260313932026,78.43881972938254,69.74195233553529,78.68256365648276,77.63527883329539,42.624528732929875,32.16179994886343,75.26493286331157
Kakamega,Kakamega West,2025-08-01 23:18:21.952240,77.07766746483372,45.51828473044352,28.201812654632576,73.6388070986699,62.12885305088044,75.28236832985363,38.68131102220602,40.23232330250073
Kakamega,Kakamega West,2025-09-01 23:18:21.952240,65.93388312274212,43.542340684127566,39.97853578678536,34.8239055376539,51.943638228962186,33.309566179291934,40.67056845942491,33.25310187407936
Kakamega,Kakamega West,2025-10-01 23:18:21.952240,56.40930283365938,65.29918793439168,68.4217200561346,65.15083057979723,84.35941041409933,40.282336948405046,44.174085383221566,82.70687808914624
Kakamega,Kakamega West,2025-11-01 23:18:21.952240,75.24168256335903,88.40461362277357,30.06832158490817,51.352854569552456,64.57695808613597,51.20732163841459,65.53396548977983,30.036897246778405
Kakamega,Kakamega West,2025-12-01 23:18:21.952240,88.27017612803782,43.42100315862245,29.437750665710396,56.39628705772494,46.769358944595965,22.07035747040094,22.39261074596314,59.171539968209906
Kakamega,Kakamega West,2026-01-01 23:18:21.952240,53.48528633561861,73.15164557283094,76.87725439766714,41.87893380325443,92.20865482892535,46.47544200656096,67.45282323744314,36.53913098173072
Kakamega,Kakamega West,2026-02-01 23:18:21.952240,93.37463755018959,76.91449257322245,31.463675375859275,74.74895854684112,84.42398889669587,69.55185073116843,53.66830120095843,70.16007152794799
Kakamega,Lugari,2024-03-01 23:18:21.952240,43.72752610538707,59.58059177570286,26.036232774842315,36.82983923427068,82.21165656945908,77.99434576161526,11.259970837427943,65.84454318129005
Kakamega,Lugari,2024-04-01 23:18:21.952240,50.178284073745424,71.11966643950937,72.17719036420107,53.23626166081882,50.493729543485486,58.502986506329464,29.214408565811198,75.62097689554577
Kakamega,Lugari,2024-05-01 23:18:21.952240,55.14284402686018,94.14240468567874,64.07113491622475,75.1471992621695,46.649428207966196,55.53983628746815,40.156902930723916,59.09825117754166
Kakamega,Lugari,2024-06-01 23:18:21.952240,56.31395301615867,68.36627010869097,39.71519824060226,45.79679601210852,87.44394195311753,63.15936858355818,46.607166447367135,71.64974522332966
Kakamega,Lugari,2024-07-01 23:18:21.952240,92.47640029643452,87.13532589790842,28.31965577796645,61.730051901400806,45.512794541135015,52.096685650184455,25.072051177334984,81.73814616818848
Kakamega,Lugari,2024-08-01 23:18:21.952240,40.86078188448959,44.440020693731384,79.46351797529694,82.79988285498774,69.07144306893883,75.43672583374502,67.3539199502255,36.866110590642265
Kakamega,Lugari,2024-09-01 23:18:21.952240,90.08898835591023,63.9028579889444,84.21118783569267,58.68548065122047,58.45391367308266,54.769660361110475,49.123641788116785,58.95006071652509
Kakamega,Lugari,2024-10-01 23:18:21.952240,83.34090796133862,80.85187025600524,70.2362447970041,61.724993869016124,76.15743884349897,76.66975072392566,35.15673869630414,81.15370055058399
Kakamega,Lugari,2024-11-01 23:18:21.952240,75.31967346631976,69.29749539628892,82.88494679211328,51.98372959748362,87.52977673890196,38.898315394726225,26.693138906467595,83.94567854499931
Kakamega,Lugari,2024-12-01 23:18:21.952240,80.27997310113045,92.39891152037913,60.8639332693652,87.87041998386749,58.53078690454728,52.018771178229805,36.94965400254364,48.867253871080905
Kakamega,Lugari,2025-01-01 23:18:21.952240,83.98027537627246,52.042017009751206,62.66741599438974,68.10178377299314,58.41524317981142,73.64559992627342,25.368118837466767,56.89560151392118
Kakamega,Lugari,2025-02-01 23:18:21.952240,55.15036793053017,84.93031106455302,60.607141772719714,79.40850645418652,73.76025090102576,68.10662059836964,43.39585194110006,44.272719775248866
Kakamega,Lugari,2025-03-01 23:18:21.952240,63.1537654616306,43.55087030018746,33.51577817771288,74.09392655017052,67.01066858037441,32.66461585172715,39.71187160200764,47.70907985998238
Kakamega,Lugari,2025-04-01 23:18:21.952240,46.89427822119561,78.91451523535098,30.50904913666692,81.36488127350097,85.5422694378387,40.959761534574355,67.49436750531446,65.20720519352012
Kakamega,Lugari,2025-05-01 23:18:21.952240,44.70981973269623,94.65886448450212,80.32765187430857,65.41710663716015,78.79542803061722,55.03270095599874,28.24799565815455,83.34543806748896
Kakamega,Lugari,2025-06-01 23:18:21.952240,82.86313945486845,73.06499787092255,30.402707306091386,51.05997303778347,88.3985286650581,59.366260005285476,59.42535635792801,78.36292497500773
Kakamega,Lugari,2025-07-01 23:18:21.952240,83.53218922479891,81.53387369808243,51.10662640965987,34.845405372822135,66.19314719691074,57.41427589672297,33.73189655172251,82.80312543359861
Kakamega,Lugari,2025-08-01 23:18:21.952240,62.985344414049365,40.842193711255625,70.41106424183694,45.93578884554226,75.83729645554129,61.64786749987629,53.20565881983808,51.836376176415
Kakamega,Lugari,2025-09-01 23:18:21.952240,60.09653809789463,35.90401401088239,28.348763302379947,69.22007095355193,86.38435027727773,57.196848897236464,41.35008628883445,82.81252315156287
Kakamega,Lugari,2025-10-01 23:18:21.952240,42.28703177114698,79.90196077086354,69.36526522705111,57.7991893036036,59.54258015451624,26.944608007520152,21.06233628539354,54.692194807938115
Kakamega,Lugari,2025-11-01 23:18:21.952240,84.46809347268707,42.97096942730731,67.50962904505715,53.630486122586845,65.71741510412858,64.7851818192145,59.727884877687416,46.832677488492095
Kakamega,Lugari,2025-12-01 23:18:21.952240,48.516253776843186,71.3031125348901,36.255658552757936,53.58352324091882,71.66302688272262,31.563372638229804,36.228527761390524,40.54691371188134
Kakamega,Lugari,2026-01-01 23:18:21.952240,67.35996026592184,62.96933544119739,25.162209432194768,41.11545759313199,51.84189412860228,50.75206617968517,58.25924381195308,69.48820027872866
Kakamega,Lugari,2026-02-01 23:18:21.952240,88.35576200893476,65.55001423585759,63.03867337365537,61.27597554742891,53.92664432299003,36.02321033056628,42.14923488964956,32.1847932821663
Kakamega,Likuyani,2024-03-01 23:18:21.952240,49.91536190662235,71.31739568449117,30.89330542728181,45.88516225083206,81.4105693033174,24.85694039322517,55.5614685319305,81.56739994591213
Kakamega,Likuyani,2024-04-01 23:18:21.952240,56.58065039464369,40.755323465872124,80.8314858663046,83.18285635576564,81.5208230187246,29.20801703033079,10.175277695566582,43.516381867592415
Kakamega,Likuyani,2024-05-01 23:18:21.952240,44.9165881650216,56.48057969516607,46.75928150897609,74.63406459038536,54.68168277138626,62.58741808336765,32.74568437691681,59.17827835936541
Kakamega,Likuyani,2024-06-01 23:18:21.952240,45.47712471416282,59.32985972406512,25.562043744641407,44.55733473218079,88.74338052887387,47.68130706805145,41.390006644821895,66.13838020925303
Kakamega,Likuyani,2024-07-01 23:18:21.952240,90.27512066083541,93.04425439354057,59.6521091227521,44.2047144082767,71.55397632995236,21.10034139339164,53.40172664134668,45.5256706301937
Kakamega,Likuyani,2024-08-01 23:18:21.952240,94.08398732175914,77.16306943228167,72.04979594351178,51.80760927342912,72.43996404328043,43.080366017018875,29.381994527006185,44.26100213413508
Kakamega,Likuyani,2024-09-01 23:18:21.952240,69.2305888519307,90.41498762086931,33.786050917369614,68.23308751875558,76.3045179832356,77.56610742948828,17.67678315349868,72.40294745142195
Kakamega,Likuyani,2024-10-01 23:18:21.952240,82.6196762367704,75.92883243145423,51.662387494800626,79.19254336290061,93.17549175400875,76.01390367978307,40.83472220408561,79.14865906348695
Kakamega,Likuyani,2024-11-01 23:18:21.952240,84.0243848578882,47.09119072476994,61.443039295275575,68.35539986404916,96.02429213605379,48.15445210864255,18.0343395271586,38.29083413015023
Kakamega,Likuyani,2024-12-01 23:18:21.952240,86.9229818864904,45.9712032692089,79.26159476806522,46.115362147585614,50.79492120348776,70.86509034866498,15.77874615909953,70.56317672624715
Kakamega,Likuyani,2025-01-01 23:18:21.952240,64.67682892092876,60.65867923596777,38.23307433253596,58.5768217611388,50.16919327725082,53.455202501951824,69.98647154591895,39.27193543180637
Kakamega,Likuyani,2025-02-01 23:18:21.952240,67.32929351858604,93.97361797772749,58.52024433867819,76.85373243071263,64.86672523530561,55.41271194447388,32.98108986400688,76.96833785963366
Kakamega,Likuyani,2025-03-01 23:18:21.952240,62.632855079008316,82.59142312604934,27.358071648117267,47.70880394703042,96.37425447760353,36.86593566985616,11.98604600944708,30.27395659202247
Kakamega,Likuyani,2025-04-01 23:18:21.952240,40.478041903163586,53.93752220927506,68.23519687258059,69.22944463314307,49.535268903651286,53.400899255327076,64.89764439227731,37.25542894532917
Kakamega,Likuyani,2025-05-01 23:18:21.952240,57.567340342177786,92.13910196047348,45.14043443910822,56.97227391186046,45.26924773281051,68.5285724577607,18.12028266840034,56.62577529393225
Kakamega,Likuyani,2025-06-01 23:18:21.952240,51.64409244688538,93.05380807596907,57.07763291707818,67.0590662560397,89.34670288771477,75.05200848404434,28.777986114633165,58.02387537181515
Kakamega,Likuyani,2025-07-01 23:18:21.952240,89.48582033297603,38.53757264924086,40.10933111101745,70.76187345336734,49.90782395405435,63.578330958906754,61.71691178045002,72.93426849738609
Kakamega,Likuyani,2025-08-01 23:18:21.952240,50.3187326691766,49.25039899333623,79.82017098266627,72.62272396076364,49.41768841025597,31.074921781438924,52.20729477737547,49.093292445806924
Kakamega,Likuyani,2025-09-01 23:18:21.952240,81.76000057402436,84.84560256266994,58.459152326727946,78.41578875497427,56.1199386578115,77.63338472202122,20.741806520544547,34.64029290063692
Kakamega,Likuyani,2025-10-01 23:18:21.952240,60.704838010675275,67.09070418924817,56.62606738783298,42.310397095290874,95.99165947610287,20.94994807908319,62.040921959923686,67.66621077166614
Kakamega,Likuyani,2025-11-01 23:18:21.952240,60.198192474257716,78.31902565676009,27.18056445980545,73.67108587259244,88.98758216306678,39.03183620638991,13.051869824303381,47.90421963318039
Kakamega,Likuyani,2025-12-01 23:18:21.952240,88.54572636964235,60.91295806212805,73.05695902688686,86.50794167759366,55.78056628693933,75.96375752502902,45.05371769209117,61.477447876336484
Kakamega,Likuyani,2026-01-01 23:18:21.952240,51.35912419942563,66.23791164852885,39.20741282542056,79.24765278457124,69.97531115264388,54.22723095493553,56.99215996333087,69.6257460006404
Kakamega,Likuyani,2026-02-01 23:18:21.952240,95.0186734747048,59.992881591102744,76.51483884994815,36.664726803323745,45.77669119679618,59.09672614434731,64.93117060292786,48.851169787267814
Malindi,Malindi,2024-03-01 23:18:21.952240,82.35998297408497,82.07084850257695,29.88954256900071,42.609800121889826,82.09276480555465,25.106431208793555,37.08227800726043,53.70923528421237
Malindi,Malindi,2024-04-01 23:18:21.952240,91.49508530669213,46.29338044452675,64.59023721868552,89.50980669955845,77.1403388742651,40.89659550335031,36.21422589526991,34.86393562158971
Malindi,Malindi,2024-05-01 23:18:21.952240,63.457310226406186,89.29720013324574,56.537426789302486,76.43470254156748,91.12337839547578,38.166357359395064,37.967042090890885,80.64903078883502
Malindi,Malindi,2024-06-01 23:18:21.952240,59.18614448706089,86.56282461597108,25.183154767354146,50.04486442295091,60.31421580880491,44.91851599534401,10.063745772179525,67.65687941107063
Malindi,Malindi,2024-07-01 23:18:21.952240,89.51613675896522,92.09942259788625,49.44671075111291,41.20874440765346,88.09779655449285,35.035509186944154,55.9444503057871,72.19364434173322
Malindi,Malindi,2024-08-01 23:18:21.952240,95.04354215834178,80.09404084590474,39.951997712982006,65.75217518315506,70.47089889601045,79.44182443388318,23.50131719621441,46.04251803533127
Malindi,Malindi,2024-09-01 23:18:21.952240,86.93859144676878,76.58201393085365,27.126161347925006,34.04807765103155,55.5728013698824,52.65371293878977,39.61163205631522,39.79894304081647
Malindi,Malindi,2024-10-01 23:18:21.952240,55.569745085758505,60.04530474996829,62.91832792446061,61.22282834376315,83.03015796360434,57.56924313770947,44.05354230616465,49.91122594096734
Malindi,Malindi,2024-11-01 23:18:21.952240,56.554632586537515,79.50230776886893,34.70587215444566,33.96276507731997,88.11435339096676,70.66690551810963,23.456161781131602,75.88545454965488
Malindi,Malindi,2024-12-01 23:18:21.952240,69.37173388906342,44.452891772385016,65.16777860632641,69.2457575175014,83.80872871596583,21.995439748453485,59.59977075087271,50.19094750994661
Malindi,Malindi,2025-01-01 23:18:21.952240,76.43464827751184,77.30920777251018,60.616587614705324,42.392710279466556,72.9121631316255,58.211602738751296,56.822493426363344,64.14257124417753
Malindi,Malindi,2025-02-01 23:18:21.952240,58.54404093667054,42.89738204295597,77.16581836970266,78.02529796332567,83.26782619800602,74.4709175874523,13.088875264778327,73.3884160528467
Malindi,Malindi,2025-03-01 23:18:21.952240,96.54028220692115,37.83598524300104,34.003189979232204,67.21329354876161,66.17072661551623,20.156847472368383,10.97803527256335,50.391599382747316
Malindi,Malindi,2025-04-01 23:18:21.952240,52.98145587571186,77.03184374249346,62.06668468411199,56.10545936905235,45.84151892220042,65.38090770830374,61.153684435741035,72.59583149043439
Malindi,Malindi,2025-05-01 23:18:21.952240,90.62583830487692,77.32783136713455,77.91038327727603,46.817699716837645,94.93709866131479,27.521627106778883,18.56117054676249,72.81140316654793
Malindi,Malindi,2025-06-01 23:18:21.952240,70.25540245993896,78.08492649266654,77.8469197708828,35.008272911537134,54.297304207132136,53.50768336153392,58.32865722432234,56.501674559925256
Malindi,Malindi,2025-07-01 23:18:21.952240,75.15767817407976,43.658067815573524,82.62083868791706,44.791619105272446,82.44586747651242,29.676916654923687,67.06455653356186,36.247648321639645
Malindi,Malindi,2025-08-01 23:18:21.952240,86.92475575938884,89.60841953583312,70.30795083319674,40.16950549559389,47.05553950103697,21.970363857319423,40.2780677624508,76.18013442247707
Malindi,Malindi,2025-09-01 23:18:21.952240,69.18813977491394,89.51990931074288,72.65735074272612,43.89122561251664,62.15003219298498,72.47091894654281,29.578821992761426,59.96843781432327
Malindi,Malindi,2025-10-01 23:18:21.952240,90.54417770216884,58.943581580721975,59.382196703552594,88.15632052291998,82.92231714266521,37.80678665938607,25.181710501021065,58.154059438288144
Malindi,Malindi,2025-11-01 23:18:21.952240,83.67122122886357,81.53052626773264,59.133435211036314,46.18457596664632,59.20602930699372,36.5374638099456,34.581426469621505,56.30930609842568
Malindi,Malindi,2025-12-01 23:18:21.952240,71.72654296823006,35.027500743176276,53.286372027675654,43.07350628897945,72.74271346898955,61.53259262927407,44.45097585272542,51.23290387737093
Malindi,Malindi,2026-01-01 23:18:21.952240,77.19525886684616,54.51940426295866,66.40815539044064,82.75950784122858,62.3874882177865,65.16844153279327,41.239126433468925,31.840933779618403
Malindi,Malindi,2026-02-01 23:18:21.952240,54.55582487333006,40.45142653413467,25.480623525751692,45.99416011902244,75.59590944312485,75.71646107077521,24.567622823827406,52.10550700230061
Malindi,Magarini,2024-03-01 23:18:21.952240,90.5838842838354,50.98057377016396,56.23390377965397,63.54328320574711,90.87056973873959,69.50726157380116,35.927315211011745,54.59566837156312
Malindi,Magarini,2024-04-01 23:18:21.952240,69.5552003623611,64.2027552215435,81.65578734976474,72.08058775948882,52.1228573254593,64.12690629492968,23.096297286143027,65.7138191623989
Malindi,Magarini,2024-05-01 23:18:21.952240,70.28529017628874,54.565128809014666,63.097782371066266,80.02925578808583,65.98151586526923,55.693250312365436,27.822684368052176,46.7726800403266
Malindi,Magarini,2024-06-01 23:18:21.952240,43.59876404189256,46.76225958472124,28.459639896970863,57.26311748495632,60.32041063234691,53.6833053403583,30.74724390743626,69.18462856050314
Malindi,Magarini,2024-07-01 23:18:21.952240,54.184526670051426,39.814710862755966,62.76441843134107,85.52103065714223,74.10055926519354,46.24711631224211,59.336424649126336,81.9491045454221
Malindi,Magarini,2024-08-01 23:18:21.952240,81.84310190047226,85.91355242208783,67.8247663694543,84.62438729538346,94.18838413764456,56.35680032529729,63.76733976448759,41.79030726134401
Malindi,Magarini,2024-09-01 23:18:21.952240,42.03508639863338,72.08196203128418,43.99304745690559,67.09607016929492,47.4404608554702,37.50568903062796,21.55386241021923,59.958750153105285
Malindi,Magarini,2024-10-01 23:18:21.952240,71.89522912855578,36.34443591487879,71.48638753718114,35.019528794674116,94.39344037944144,76.00736442945643,31.176902576507494,50.80335277380102
Malindi,Magarini,2024-11-01 23:18:21.952240,69.83552851325734,82.05999800486975,76.98286046735637,44.01787053913034,55.144553381306466,60.647986344136356,38.07248530811272,83.04606139448495
Malindi,Magarini,2024-12-01 23:18:21.952240,85.86785489911368,43.98502827358673,74.07867393591482,56.772119293013745,64.89710131476842,65.8199111462092,29.32176060214321,69.15580640045667
Malindi,Magarini,2025-01-01 23:18:21.952240,93.4073751190777,63.4975461935885,73.04776522166848,88.22509389066771,60.91066682661014,55.17048700414449,61.62403234235094,62.28143256731139
Malindi,Magarini,2025-02-01 23:18:21.952240,75.46857383433971,55.259902521161514,41.60761454278071,36.9957446249566,96.16266780438713,45.9705069739518,62.299400665761354,50.29245851452423
Malindi,Magarini,2025-03-01 23:18:21.952240,54.48296332449506,67.58853133579089,55.38685369616981,46.890565187479964,87.57613710411965,60.19213630482689,69.44172398953309,65.0896859809609
Malindi,Magarini,2025-04-01 23:18:21.952240,50.51316439449487,64.73975956493592,49.52635543621475,59.343874874597645,64.52325353289689,66.05678119757334,12.602224670189806,70.09901041272951
Malindi,Magarini,2025-05-01 23:18:21.952240,55.36494855557795,89.25605232744441,83.38057870372549,30.288144103140755,78.09332235046372,78.95819198046058,18.78585987443169,76.51223176426107
Malindi,Magarini,2025-06-01 23:18:21.952240,58.40003200076323,63.37562419104251,34.60627147377165,55.850894013157145,64.15647734703879,65.30963330157505,39.159011056258805,82.44399790011451
Malindi,Magarini,2025-07-01 23:18:21.952240,92.33155950087836,52.42093666686324,64.67393123191962,73.34016789914517,67.37188448340257,69.10409451757336,25.450705704858912,59.533372218075215
Malindi,Magarini,2025-08-01 23:18:21.952240,51.561826575955806,49.02823515043011,30.927557493859098,86.64773746396159,72.24215144612985,28.598715055333948,48.96471631911222,64.96135042657053
Malindi,Magarini,2025-09-01 23:18:21.952240,95.7300659677258,58.274474367912575,39.65010585076436,70.20100726447387,73.88388228000656,38.769293807399904,11.206177980322241,66.23895635267277
Malindi,Magarini,2025-10-01 23:18:21.952240,93.5801786105462,39.192280089382294,53.63883313978387,40.773248229067676,58.75834606867382,78.9159019284215,10.301597826978988,84.65486042631318
Malindi,Magarini,2025-11-01 23:18:21.952240,89.42627118274149,56.47904544127364,69.2647917048282,36.02813287158748,81.88568873189004,30.429728692487036,42.34543743685604,37.08472728232738
Malindi,Magarini,2025-12-01 23:18:21.952240,73.25702627185024,45.90469579597735,32.05066371886267,75.88342100022024,65.02198239705169,36.04951193986624,66.71875710699439,80.62226353734104
Malindi,Magarini,2026-01-01 23:18:21.952240,88.2173554958261,78.08738225145132,73.58295194193772,49.629194384547745,45.21358494045287,29.904221844377645,69.31824192272896,47.604774643868225
Malindi,Magarini,2026-02-01 23:18:21.952240,85.27057737410448,38.04035329521812,81.61463713368443,80.39744969568139,73.39017993095119,67.53977616776129,65.54066631066492,41.6586396033778
Malindi,Ganze,2024-03-01 23:18:21.952240,94.66389354921591,85.64253372066821,56.047711864052886,87.19705382031492,93.13867838662867,63.20188479537505,54.36750829815043,82.29369095016742
Malindi,Ganze,2024-04-01 23:18:21.952240,59.727445644132054,94.66892334720765,40.19356410308796,64.53897253643203,59.677253919205725,58.36469793764376,62.75421236680033,78.96715025383276
Malindi,Ganze,2024-05-01 23:18:21.952240,54.98241373444871,75.7412743291924,74.67175728152061,45.669691768944354,45.58214220267425,61.63170534518407,43.266582457477256,31.792804220752505
Malindi,Ganze,2024-06-01 23:18:21.952240,70.44170871221739,85.43836577097343,53.2754787028601,72.47850908074581,51.84452340496931,53.9724535406241,21.843666958341597,70.90545567579167
Malindi,Ganze,2024-07-01 23:18:21.952240,68.52378217573066,73.98934738179909,60.3761374737643,54.41967619797552,71.57002756273458,79.28953235289272,60.466637418876495,61.73979778909235
Malindi,Ganze,2024-08-01 23:18:21.952240,73.01003524895276,79.65002522673163,81.19713998017419,31.730010785007643,58.66243437231911,58.611749579375314,17.138399274761134,83.91418167353334
Malindi,Ganze,2024-09-01 23:18:21.952240,65.15231856878208,75.65217489645426,78.42850131062794,87.67585863753607,56.536297232136135,46.25302400992355,30.09978160059365,42.13176244443467
Malindi,Ganze,2024-10-01 23:18:21.952240,91.90102004791153,38.81584416387481,45.26090932376099,46.44655538044098,45.37084879318217,76.88142380411267,39.84865341516279,48.3632249526258
Malindi,Ganze,2024-11-01 23:18:21.952240,90.60716661827941,68.66578747549283,33.895558569183784,57.00710232115198,89.643585844308,58.055779003476204,34.97493599962257,79.1602742497601
Malindi,Ganze,2024-12-01 23:18:21.952240,89.51242417113477,62.422876211464484,71.43181631036958,36.396746361366596,96.0611120968751,79.72099909461757,23.889800408199196,71.71027683598732
Malindi,Ganze,2025-01-01 23:18:21.952240,96.19757962279948,62.18902374702157,63.48749107541342,54.77950835025039,48.330097929950185,56.3334512595192,55.34487300812777,48.326707118845036
Malindi,Ganze,2025-02-01 23:18:21.952240,53.17813509198915,72.7999940171394,54.66423857430067,75.89776278995527,61.515232674386894,22.032860955669975,43.561083288640496,52.89720248193177
Malindi,Ganze,2025-03-01 23:18:21.952240,83.08034642674245,50.20070650176169,75.13367564603317,36.240631100370265,84.41767002148825,55.18576509857586,57.47541044318503,64.89507329374993
Malindi,Ganze,2025-04-01 23:18:21.952240,91.69536326113149,76.64735017957415,71.38776193858999,88.62345593159958,46.71446379419903,38.27612330632818,69.1096532031672,80.52413161406515
Malindi,Ganze,2025-05-01 23:18:21.952240,97.34833144416544,35.69868505263681,67.12240767358088,77.960715603295,53.48423665349108,53.418852755863824,47.620928119646244,48.380879226594445
Malindi,Ganze,2025-06-01 23:18:21.952240,79.90311214247694,92.30595513098098,37.7506590558003,67.16151522364177,58.242359797034624,39.38676047432432,68.68643259792809,56.68685303834992
Malindi,Ganze,2025-07-01 23:18:21.952240,63.342698863910364,49.11475099794646,32.04153517966353,53.31216550902232,60.16473902497991,24.477753724023437,59.6814363246424,49.2511365128808
Malindi,Ganze,2025-08-01 23:18:21.952240,51.62733374294267,49.84444580781832,75.23876442857858,55.33329398682779,83.34568131459818,48.327845138071055,21.26211311820612,60.92876710109382
Malindi,Ganze,2025-09-01 23:18:21.952240,79.72918255853594,79.32278878018118,47.19042264072501,62.362244908943985,90.6989902344153,25.853429806099435,67.44600857463254,40.27345282821007
Malindi,Ganze,2025-10-01 23:18:21.952240,92.85317480767696,60.1532957811735,25.63352735393427,62.59256515725312,76.07489732125413,53.92310338400602,17.859591243996515,58.34788845526735
Malindi,Ganze,2025-11-01 23:18:21.952240,41.195220271278636,38.01806287151141,80.65185008167383,72.27225978328349,91.5766970620289,39.78236287502796,20.600875332272444,80.12623172859759
Malindi,Ganze,2025-12-01 23:18:21.952240,86.50553698869679,79.32153746656383,43.094510822555065,44.78974372738398,78.33669452763637,62.29360612111634,11.456888472037473,71.59858909837865
Malindi,Ganze,2026-01-01 23:18:21.952240,48.99270893206154,40.23121972077797,45.52037985823727,62.994459745677034,69.74110814717704,30.881957452761522,57.38427084663036,81.00990019375006
Malindi,Ganze,2026-02-01 23:18:21.952240,93.79456151870404,76.42150787022628,46.197352720251075,68.00795163849415,92.20758868457443,57.06296515207876,46.2043371533662,32.194489827953156
Malindi,Kalifi,2024-03-01 23:18:21.952240,96.13418282982585,82.33787099316454,58.66420917037789,88.3261161002269,68.57006265614987,51.27656720650912,39.000798776859334,58.597765025702685
Malindi,Kalifi,2024-04-01 23:18:21.952240,88.02934188504162,56.63341961086528,63.706019453359715,61.223511170522116,78.07947936539242,66.3528725805087,19.825105404701397,55.66161213943347
Malindi,Kalifi,2024-05-01 23:18:21.952240,45.83013179370843,47.86552541433507,51.33308746492746,79.41045402900346,70.82952809566716,45.96770664841573,18.763030034155065,33.868782901602856
Malindi,Kalifi,2024-06-01 23:18:21.952240,88.91235947799981,63.35450640303217,33.129235662724874,52.85856266776852,83.62315727761413,54.99131692130159,20.47871699346345,70.56737975869518
Malindi,Kalifi,2024-07-01 23:18:21.952240,92.2063293492207,90.4358597685375,46.31506857383478,42.356786444405074,59.076607295443935,32.884859355664375,51.65930121064307,49.02182429048035
Malindi,Kalifi,2024-08-01 23:18:21.952240,79.48700780581595,35.64190988921892,58.63269875982485,39.16511608926727,71.60875730040524,61.20745865737442,35.371238769576436,49.40933856828613
Malindi,Kalifi,2024-09-01 23:18:21.952240,66.29889465091395,39.73250897346281,55.25725062929126,60.93405342253465,82.02201829588228,23.3512594950079,29.96073399340197,51.733039178802535
Malindi,Kalifi,2024-10-01 23:18:21.952240,82.99240604193737,69.39628404323585,51.68795262009256,37.58292244599562,94.20093094167979,66.82511197730962,27.27012761680083,45.26183966498145
Malindi,Kalifi,2024-11-01 23:18:21.952240,53.098390736385554,70.70838517862023,50.643293615731594,61.24227705426262,96.44807687467917,21.173085761954816,56.91007906850879,31.369704400230233
Malindi,Kalifi,2024-12-01 23:18:21.952240,93.77778623910379,76.7994255904515,40.69291725714836,49.88601734158813,80.3332499667026,65.11624261916984,68.44949742694853,84.72126942724884
Malindi,Kalifi,2025-01-01 23:18:21.952240,87.22035585540587,90.0533303681504,76.9219239920022,49.890012649847094,84.46474272656641,70.65612859299844,53.48455285157342,33.90730972617737
Malindi,Kalifi,2025-02-01 23:18:21.952240,83.62133125688385,78.03166720431362,36.757590927018825,61.99133254409918,45.911827598670016,48.07725820383715,56.84856136484308,50.96798260061894
Malindi,Kalifi,2025-03-01 23:18:21.952240,54.41171306207757,50.880001876620156,54.60041451319898,50.11420653077042,51.99600850286623,33.46478832425038,62.6767956918212,81.33175071367282
Malindi,Kalifi,2025-04-01 23:18:21.952240,48.67351664988141,48.17487660736428,62.2492789797112,60.32627797398893,82.38136312808669,78.1248058472153,49.699579895345614,43.02590435742198
Malindi,Kalifi,2025-05-01 23:18:21.952240,57.438883027218814,76.03272726653132,49.87130655619158,85.60971806114863,74.01784387314288,23.510930712250374,47.715585963628776,59.612448686783594
Malindi,Kalifi,2025-06-01 23:18:21.952240,97.82991152352685,44.837310526122884,52.525592680530195,69.34844717681665,82.00051421842468,49.35184690535382,63.16229194207006,68.7772589540636
Malindi,Kalifi,2025-07-01 23:18:21.952240,44.51296484484372,50.29908071682273,61.064461408899476,68.2552591878935,56.14900080442346,52.599103514328476,47.79049061447279,72.35580983448668
Malindi,Kalifi,2025-08-01 23:18:21.952240,64.70637809525145,70.63621125922371,52.60661535220619,78.2557662639025,64.19254888255463,36.50795724461579,40.66030889841834,84.0089159633055
Malindi,Kalifi,2025-09-01 23:18:21.952240,91.18201657383844,91.11236919013098,82.85569470450287,58.866727863981666,93.97383360094392,78.57719217135104,10.026684464883143,34.46025236490986
Malindi,Kalifi,2025-10-01 23:18:21.952240,82.23972458428682,68.68612738189736,31.06822997319883,35.98373551054541,59.928970607598224,55.50913119863416,33.33617674172888,44.33832549740558
Malindi,Kalifi,2025-11-01 23:18:21.952240,56.4705748083269,69.92364275516718,82.20210449644793,55.22726336821597,81.45346924323428,42.77645740191238,11.135685306497358,39.59273358014008
Malindi,Kalifi,2025-12-01 23:18:21.952240,42.32130292603699,76.90652978577546,66.3171352757278,59.171080389222325,60.35960774145927,30.882167321944152,45.72347503134247,37.61732498630759
Malindi,Kalifi,2026-01-01 23:18:21.952240,54.0806353058741,73.08046691755268,76.13545758383486,61.75246636893192,67.35134371566748,65.77090394583897,54.788487986951125,81.58323812586673
Malindi,Kalifi,2026-02-01 23:18:21.952240,90.49782084215838,58.81120619202136,52.75976721227019,74.47839212367998,52.16793617135831,55.68585153314517,20.2054237664809,74.74907023180886
Malindi,Rabai,2024-03-01 23:18:21.952240,70.0293236523323,53.32785436177976,79.17349057615243,83.00503241508731,90.22462967199436,39.98991673850429,39.42404271141807,83.52102084764161
Malindi,Rabai,2024-04-01 23:18:21.952240,63.90601180616247,93.07051233717789,43.47068370788949,34.073193384464176,66.42644483819066,51.676085292227114,49.570625348379316,32.237658973849186
Malindi,Rabai,2024-05-01 23:18:21.952240,55.28254142614517,49.362714659845174,78.80553068369393,72.67261892559607,73.04002145020505,49.62165755185522,42.63020280562303,84.95481747220306
Malindi,Rabai,2024-06-01 23:18:21.952240,49.78462438092442,70.13615195260192,78.49805125991418,86.06365513295023,76.01954173307577,76.84529262184176,46.885043661068,52.501302442983246
Malindi,Rabai,2024-07-01 23:18:21.952240,77.60780268317754,65.61174491928273,27.822647293298452,39.57214788164085,83.27673005784163,43.81691198031436,20.244473651385878,72.8663610309388
Malindi,Rabai,2024-08-01 23:18:21.952240,69.30851874362757,48.50148605638849,76.59906421046756,33.017933082463685,83.35635045298973,38.69944323015247,41.654048132848416,73.06008511585927
Malindi,Rabai,2024-09-01 23:18:21.952240,92.09512568995132,36.96868284888447,35.75969520222222,74.95042529439678,92.62067373310069,41.84098826751055,20.047553069168927,66.7206587273295
Malindi,Rabai,2024-10-01 23:18:21.952240,67.16704849294993,62.216147837349624,58.14582162496508,76.48289908322941,58.063636894429024,72.33362945607053,66.4540111835523,78.14266654460992
Malindi,Rabai,2024-11-01 23:18:21.952240,57.841481726787876,89.53505401418673,81.12648851796833,41.561939156456134,85.77856564712022,49.05538990716551,56.577671491411756,47.125253990574485
Malindi,Rabai,2024-12-01 23:18:21.952240,45.66259118161419,91.800198386048,29.14282441292943,45.54992153395664,52.869263894384154,36.233181017998476,13.994870558575482,49.91708677628528
Malindi,Rabai,2025-01-01 23:18:21.952240,95.12073628512263,73.29780658169463,79.76111620205717,36.28287979341711,82.93219878524974,26.76868738727235,12.570777508330142,57.206671216697686
Malindi,Rabai,2025-02-01 23:18:21.952240,78.62898508487598,42.900735604965604,78.89928206659448,63.84903997554359,90.14047779609984,54.25076155921352,67.28503139217257,63.51804082479654
Malindi,Rabai,2025-03-01 23:18:21.952240,91.68686537800392,61.688310925448334,44.816855754265525,71.25002827495233,54.54670391400048,25.787440620516954,44.346976031909854,50.67538643786709
Malindi,Rabai,2025-04-01 23:18:21.952240,41.28335843018939,64.65030040543132,64.69644437696115,30.079637516308836,57.81952781716911,67.99868854736748,21.073473102264252,64.51012979776843
Malindi,Rabai,2025-05-01 23:18:21.952240,46.804236803667195,55.52911909677929,74.53829983732808,39.36522860664537,92.64563939981778,24.43423922590216,54.79230054606646,83.15097188372415
Malindi,Rabai,2025-06-01 23:18:21.952240,60.21444433813116,54.56061181610953,42.578218475857824,83.37596796190299,73.00840971145288,45.6273181703025,34.554704554021384,76.77563524647479
Malindi,Rabai,2025-07-01 23:18:21.952240,41.35137583203956,42.97196128993886,37.81064089094602,80.91417229336858,69.67778164182253,54.380709316104735,56.42471655856583,53.29637406884792
Malindi,Rabai,2025-08-01 23:18:21.952240,88.4698820148739,42.825578801574046,40.468290619118974,37.016457528099274,53.48134776524248,57.89553143245656,53.65173595549275,57.17278529999644
Malindi,Rabai,2025-09-01 23:18:21.952240,62.87346981062459,59.3757956505609,52.9768584113076,57.30760793942405,74.15167518488863,41.2437171179864,65.65089203127704,52.09412874101771
Malindi,Rabai,2025-10-01 23:18:21.952240,63.131178447227,46.0289615149638,53.72458106696387,37.871635921756415,86.48354839404533,61.11655563502605,55.54932805545105,49.76136913285738
Malindi,Rabai,2025-11-01 23:18:21.952240,72.60751908563861,66.9207061226129,57.7007261087765,64.62483241644443,66.3639312378407,41.41585701171134,29.439453513038927,73.82012275041419
Malindi,Rabai,2025-12-01 23:18:21.952240,90.36111119624486,87.94096347680633,59.35943434640998,50.15330001955447,77.87431006701158,40.353648135395204,15.817788231818922,76.70473393196367
Malindi,Rabai,2026-01-01 23:18:21.952240,46.21991841426924,72.91909193693601,34.12230117743549,35.44176562713173,91.35483517865933,27.208109681499323,25.545017817063133,35.68912262524802
Malindi,Rabai,2026-02-01 23:18:21.952240,45.480805798140786,81.02221072427358,80.93219482259866,61.21960043347511,60.69683159526939,42.2945470469771,34.71350495473408,72.87761068724957
