county,sub_county,date,population_under_5,nutrition_program_coverage,stunting_rate,wasting_rate,underweight_rate,exclusive_breastfeeding_rate,mmf_complementarity,mdd_diversity,micronutrient_supplementation_rate
Nairobi,Westlands,2024-03-01 23:18:21.952240,7747,44.39277385959381,39.933999185937324,24.786374196084815,27.379155668046153,24.28094946472643,49.80520483570213,77.56691310677652,67.73830892420604
Nairobi,Westlands,2024-04-01 23:18:21.952240,2230,41.79746797235099,15.57343661273946,21.689449586904136,25.717673059697702,22.964483197761258,38.66146467812489,65.08476019433988,81.01949832063022
Nairobi,Westlands,2024-05-01 23:18:21.952240,7843,47.67682604721634,16.252128640027006,22.0309677245451,17.564866772707287,51.07074606264625,37.215246852006615,48.914128263674755,86.49794290073481
Nairobi,Westlands,2024-06-01 23:18:21.952240,4426,91.37103192170434,40.08240587075817,11.822573166031356,17.302278739235316,35.463937185651474,67.81490078615069,72.9603224751009,70.14587025710867
Nairobi,Westlands,2024-07-01 23:18:21.952240,11624,60.44049946898543,17.914199714309497,24.807359638667176,13.044229442118857,45.30168172622904,44.99091498623733,51.891136411632246,69.13912209663819
Nairobi,Westlands,2024-08-01 23:18:21.952240,14094,35.82864526016512,36.34083985393419,23.845377305834244,32.78394734605021,42.56051619858654,26.68998499089259,69.45557175173141,40.82765424683929
Nairobi,Westlands,2024-09-01 23:18:21.952240,14359,50.934214442281814,33.65291585162552,9.92409703458435,31.742065173786212,52.617669347700385,34.616246145393696,41.60793203122029,65.01046595854268
Nairobi,Westlands,2024-10-01 23:18:21.952240,13224,64.0619753418516,15.811848087887874,18.54569041230242,25.483050613017475,29.4869296889766,32.976745819116886,79.8180730283819,89.80104972960791
Nairobi,Westlands,2024-11-01 23:18:21.952240,9790,88.46971420112534,39.99604679263798,19.38164127219777,29.290682076153114,21.609502108482385,26.353824375418696,82.67132154760213,83.20071290265707
Nairobi,Westlands,2024-12-01 23:18:21.952240,10378,94.34693883809078,32.33924543271348,6.526010296823708,17.563142243482112,34.25525879448281,75.72613998032469,77.70211096042881,55.05267734952566
Nairobi,Westlands,2025-01-01 23:18:21.952240,12178,57.95298076399627,30.176448752732263,7.192656761916794,33.575818472825205,53.63037876793234,50.65507908834022,69.60864469404336,69.94169763504388
Nairobi,Westlands,2025-02-01 23:18:21.952240,11196,49.20319976174123,30.622602654476093,22.76217407947887,18.943033172778197,62.50360679227519,66.07821509117576,31.73254674411154,68.85949731513388
Nairobi,Westlands,2025-03-01 23:18:21.952240,13940,54.9317343124399,35.52996415366987,22.231414668949455,17.495216794178475,27.317229193766224,52.831878186647344,81.88161377473094,49.31316110689828
Nairobi,Westlands,2025-04-01 23:18:21.952240,10305,61.86115144675554,40.554066978893225,9.964336475648423,20.55190593330348,69.3514267088808,30.873234200480674,60.33846343678607,50.66268526285478
Nairobi,Westlands,2025-05-01 23:18:21.952240,7593,44.352181545334226,36.55323608591259,24.599613195129827,21.81145641146647,60.18651124767317,74.2700838781459,73.41377226952747,67.30708155368164
Nairobi,Westlands,2025-06-01 23:18:21.952240,12495,42.06025631203163,36.62976969960262,20.848959924637185,34.4180339241303,20.526379389450987,60.525104398402135,72.33067280983705,41.90234408004688
Nairobi,Westlands,2025-07-01 23:18:21.952240,11517,59.59425591744828,27.318288182836422,23.904349770292995,30.734415897043704,32.17443799774105,74.37796171658579,76.99145062489627,53.40434715092945
Nairobi,Westlands,2025-08-01 23:18:21.952240,11638,75.49562351929478,29.595814743336696,8.435819844962186,25.89297213480738,46.340019844734165,43.833981557417104,35.87500053715738,77.5499057627128
Nairobi,Westlands,2025-09-01 23:18:21.952240,3466,76.92160911232759,34.763270201550604,7.730904848389013,30.693045415571433,27.568953207432514,42.844383854049696,53.170976746315844,68.25020590823227
Nairobi,Westlands,2025-10-01 23:18:21.952240,5651,84.2949563140148,24.657056846312905,11.403145636270725,10.996673615231911,35.59767882685209,51.511564054288286,74.77604305945044,56.16857357508239
Nairobi,Westlands,2025-11-01 23:18:21.952240,4155,93.83566328009857,32.723920706603174,18.321822223346373,12.11282231189617,69.94581146918867,29.9673087269195,49.670787415417124,51.5686854500302
Nairobi,Westlands,2025-12-01 23:18:21.952240,8758,41.65777386038248,29.734841932565708,23.707677845846412,15.575528862750453,49.407683351432,26.295422155432167,45.9996915239483,64.17136787522983
Nairobi,Westlands,2026-01-01 23:18:21.952240,4576,60.90563278447816,34.77578400169817,22.923148427783243,32.409465205458886,47.38975459376791,74.34758227765255,64.61459876944807,56.64687512014697
Nairobi,Westlands,2026-02-01 23:18:21.952240,9705,90.76445659710292,15.008417008614853,5.484131773596641,26.15779391347477,45.76767051427397,53.095601154787786,52.58248841964551,73.94159608559593
Nairobi,Dagoretti,2024-03-01 23:18:21.952240,14011,37.72667986277928,23.300324091736144,19.081393681325594,14.999202647685046,60.90562932211894,68.24109913858338,32.71415380341749,63.08638674791635
Nairobi,Dagoretti,2024-04-01 23:18:21.952240,4509,90.8905603590083,23.262858592301065,8.069405229299282,25.771177585837293,23.554131457662624,57.62167602457158,51.0700657463283,62.388455368824296
Nairobi,Dagoretti,2024-05-01 23:18:21.952240,13000,35.36734594198592,22.94944960296056,23.43527226966106,21.786666320991493,62.71513703327143,29.78509416055614,48.40113509119597,61.002759542509594
Nairobi,Dagoretti,2024-06-01 23:18:21.952240,8011,85.657245347425,16.015053063968786,7.840177767888015,21.75429263656087,33.92842877086959,35.78998754664785,65.77489709320466,67.51247185293207
Nairobi,Dagoretti,2024-07-01 23:18:21.952240,13327,61.01102387716969,34.818640294204116,8.150577949251247,34.86488194622375,24.17218072515626,51.37300870983003,80.3298254917351,51.45267450928499
Nairobi,Dagoretti,2024-08-01 23:18:21.952240,9103,69.01304175188086,15.345998968681814,21.270117302963268,20.6908098840899,22.989709071912262,43.78304213163999,59.17878215331878,43.942622662023176
Nairobi,Dagoretti,2024-09-01 23:18:21.952240,7819,88.85206429171994,29.675818644043424,21.092915710233466,26.781316056561003,69.38897496673374,50.84820317988539,79.38523591372825,89.18563912996399
Nairobi,Dagoretti,2024-10-01 23:18:21.952240,13934,66.96943658538214,28.13153486884403,14.000602320583742,22.649154505481505,68.95489501283433,50.55348118081179,70.2319505796601,51.31923640012947
Nairobi,Dagoretti,2024-11-01 23:18:21.952240,7786,42.14211884249416,26.429627063613935,6.021677422546552,32.47442077216357,31.442535573343832,76.3544137545453,58.39775044117407,66.36782651551263
Nairobi,Dagoretti,2024-12-01 23:18:21.952240,11266,39.60574543649576,32.14199117815486,22.961708100823344,10.85250174230121,61.34296185010926,70.50263051326425,38.068167652829004,85.18258867392169
Nairobi,Dagoretti,2025-01-01 23:18:21.952240,4199,68.90989397451355,44.74046656593879,13.346093666294365,33.27514448516527,29.413844178205515,61.1227151627812,77.62633311768161,82.63867884441217
Nairobi,Dagoretti,2025-02-01 23:18:21.952240,5667,44.111615869060984,40.78915585674393,15.114672433313007,12.983842466624306,42.44386555642603,25.948267652595696,75.58560838078219,76.56728851172939
Nairobi,Dagoretti,2025-03-01 23:18:21.952240,11481,52.8983817002131,40.35099579693199,24.691750473351128,16.932817357588217,24.451738343163484,65.12573466572968,57.06641274505478,86.46102814477953
Nairobi,Dagoretti,2025-04-01 23:18:21.952240,5119,50.706316020682,44.91346075259647,22.375478482860434,25.193755090235243,49.131917561949166,55.11611332127793,46.62436896351316,58.72796978931078
Nairobi,Dagoretti,2025-05-01 23:18:21.952240,8824,56.98946035998246,23.36488325978197,18.05389036546268,29.18199061134891,55.27229217108177,66.24221269660444,42.53919856589135,54.31306218851694
Nairobi,Dagoretti,2025-06-01 23:18:21.952240,12571,68.86496937167848,19.354265420939385,15.036387425897813,13.148172897974813,41.51746004252104,38.20988138077672,46.71696026173756,81.32240791757746
Nairobi,Dagoretti,2025-07-01 23:18:21.952240,13328,44.24627699871454,27.19372426632485,8.766994947602582,25.4837665446599,59.77826846719702,39.10216454412569,70.73487864018459,76.6424483135383
Nairobi,Dagoretti,2025-08-01 23:18:21.952240,11815,87.33041643003591,26.571164329009655,22.813259582789872,13.912908013942118,55.65714740387382,54.467640881530556,58.92358050949339,71.48530148743569
Nairobi,Dagoretti,2025-09-01 23:18:21.952240,3528,79.07565434128999,23.962866992432524,18.719570834273178,24.114188178755867,32.886644193652806,60.84218099615136,51.166828145271346,40.42393444761303
Nairobi,Dagoretti,2025-10-01 23:18:21.952240,3417,61.45141439837523,33.02692838124973,15.430709837625983,26.904174869745155,65.49966772636728,33.73842365127414,34.78516467567373,46.08793428297953
Nairobi,Dagoretti,2025-11-01 23:18:21.952240,7459,51.602072659968044,32.480309689557494,21.626464063987143,15.126159341981392,64.04289942811738,46.999746331704074,83.2335917289324,62.09627758261345
Nairobi,Dagoretti,2025-12-01 23:18:21.952240,13574,81.77486737001671,15.424384507093151,15.810038701536284,28.24755428216793,33.00213565519604,40.26042876130313,33.97672417434123,66.96541073873394
Nairobi,Dagoretti,2026-01-01 23:18:21.952240,2689,41.59857514446901,23.39500782181655,11.251538155326921,18.896670831991035,68.40922613719272,72.98020790502454,61.01945214489195,44.05065298203445
Nairobi,Dagoretti,2026-02-01 23:18:21.952240,13697,49.81697373305863,26.47706252935245,9.684350185470985,28.424928282397136,63.23732391790729,56.55848073008431,49.597042692459425,58.96938620387019
Nairobi,Kamukunji,2024-03-01 23:18:21.952240,3814,75.89506521487579,26.24359333886033,21.124448286519375,21.048957986548686,25.956043468912284,55.75208210105828,80.70061518615896,54.08785947136107
Nairobi,Kamukunji,2024-04-01 23:18:21.952240,5177,39.120137145052766,44.08330461110501,17.03184847985691,23.574301082415047,58.26655751585016,50.87163153910448,51.596505951496155,64.15067872936537
Nairobi,Kamukunji,2024-05-01 23:18:21.952240,12921,78.3241537981607,34.35202906293253,11.940150590786892,20.769008914098944,61.44824340184419,30.888631609913784,34.15303813591136,76.96375828981327
Nairobi,Kamukunji,2024-06-01 23:18:21.952240,3446,85.17313164771012,20.822388296175703,18.768661757376726,12.74994712042047,63.64044370440634,45.83839996000408,67.64174557644714,86.39202435858897
Nairobi,Kamukunji,2024-07-01 23:18:21.952240,4962,33.452430472939206,25.23841413101392,23.292891808351538,32.67804504777183,52.17771562078576,54.72960472107955,42.48918095096872,69.85247211544294
Nairobi,Kamukunji,2024-08-01 23:18:21.952240,9518,38.46203383829403,42.34053832761316,16.579833795852174,13.960024557002253,50.618611477381926,35.13755470752429,70.52866417611244,73.43386729843733
Nairobi,Kamukunji,2024-09-01 23:18:21.952240,12613,59.727424713637184,41.77991271268766,5.660398062559581,26.576503291097644,45.39008921644161,55.97265919654847,73.40859327259696,88.13056084066021
Nairobi,Kamukunji,2024-10-01 23:18:21.952240,4527,41.65395586991993,34.044217799784676,22.93401228831473,14.799995996180286,56.33187278991662,43.535013053211884,57.399508844546546,87.3671368783373
Nairobi,Kamukunji,2024-11-01 23:18:21.952240,9591,79.59228996767766,22.347875067119066,22.950815876274078,12.982764961713047,26.668981203149176,33.74731988727224,65.64730980682232,56.337934322482624
Nairobi,Kamukunji,2024-12-01 23:18:21.952240,13879,65.77348097704368,35.9255580945084,17.26919452764939,24.763815230306413,59.288412534755366,36.6456116972667,67.56559541641082,80.16361089185472
Nairobi,Kamukunji,2025-01-01 23:18:21.952240,4819,39.47314743651284,41.62191118012271,10.274033169413567,14.593196186660087,33.25651078460766,34.84346195294409,48.0670702925179,61.591304077555534
Nairobi,Kamukunji,2025-02-01 23:18:21.952240,9276,56.03496112262616,37.65775378248174,12.666602040494794,11.76680434013114,35.8128106394126,73.43854270448155,44.740094254098985,69.70758926553688
Nairobi,Kamukunji,2025-03-01 23:18:21.952240,5618,92.11863922571902,32.562960492691445,9.07319805711014,19.601326368251826,34.895614147134005,44.511126260538816,46.2956064988996,88.51374631545123
Nairobi,Kamukunji,2025-04-01 23:18:21.952240,3477,89.45204044168227,26.237717289828336,9.027345068266598,33.19892645749411,28.779758176124815,28.503114807038866,79.5213844522398,46.76678749061761
Nairobi,Kamukunji,2025-05-01 23:18:21.952240,9923,74.21115592698979,36.46376634180179,9.689862327667033,14.482313551009408,54.02242417423965,40.27807849052806,71.15861338118606,69.59688059003359
Nairobi,Kamukunji,2025-06-01 23:18:21.952240,7529,70.55873857599528,42.53665819548493,14.913435526642001,15.667679149795553,22.6658310482488,71.33185486312226,64.06070980250709,73.99866994509513
Nairobi,Kamukunji,2025-07-01 23:18:21.952240,8234,93.49624616860623,22.19259376415482,14.865039870517355,21.66587020760261,38.74313319099922,28.118351526322645,41.44592616441565,62.42762472728596
Nairobi,Kamukunji,2025-08-01 23:18:21.952240,8409,31.446767887525056,30.534425516811314,11.625997490419483,13.267080616975557,63.29106577541149,57.569819897286656,68.14252711775768,52.756839760468765
Nairobi,Kamukunji,2025-09-01 23:18:21.952240,5769,64.88481786275092,40.04220145259157,12.886242050647496,29.856833262321597,29.535375684664785,72.0946504668244,49.433501910855824,77.15815629056617
Nairobi,Kamukunji,2025-10-01 23:18:21.952240,13170,51.0973419778842,17.475093161822755,13.863393771874948,19.291355442506607,66.83023675419605,64.42191171514848,32.76821397612214,83.46883818209795
Nairobi,Kamukunji,2025-11-01 23:18:21.952240,4912,32.80044686080111,44.25436543493716,9.070014896307164,18.239955150877105,58.7185102013685,58.99970575453158,80.47446442570228,40.814327148358146
Nairobi,Kamukunji,2025-12-01 23:18:21.952240,9039,88.35856105608374,19.695084645918023,20.887436777978152,21.603099968280112,25.505093258395902,76.76310684925419,83.03025236915249,76.79977764521365
Nairobi,Kamukunji,2026-01-01 23:18:21.952240,4009,64.79251152474393,20.282148516623806,5.229121282634901,24.761476673101438,37.00698687507975,51.93390948349183,71.08959094986517,54.8954457978295
Nairobi,Kamukunji,2026-02-01 23:18:21.952240,8470,30.29429772802992,23.23114847324544,22.7619633366639,21.536623491326942,35.44244077502503,69.93035930260785,74.48052204770192,66.99084334959772
Nairobi,Embakasi,2024-03-01 23:18:21.952240,6082,78.50319097653036,38.36456436131793,6.3481205705371195,22.83146601981376,43.63004082494183,50.507430793603845,47.74447555920939,88.40867762674726
Nairobi,Embakasi,2024-04-01 23:18:21.952240,13020,38.67479079815604,31.07021383858168,24.411521625922543,22.023142560894506,37.85372113775004,75.79660618713214,38.08361339539984,80.55805890289682
Nairobi,Embakasi,2024-05-01 23:18:21.952240,7402,72.41497851640878,37.30800308150592,14.095845548731651,28.85568801855559,54.078317347502285,36.782325396720466,53.13566621389592,83.00948172654401
Nairobi,Embakasi,2024-06-01 23:18:21.952240,3009,71.2237287609274,36.50851183070158,15.108603947826039,33.190827519359075,39.28421833595298,67.01114041425078,74.20565570250395,57.80195284219368
Nairobi,Embakasi,2024-07-01 23:18:21.952240,6113,53.78340080918564,23.488834754090817,6.23552476532608,31.324704543834798,45.03538855179139,71.42407562244043,58.302692325967,71.55527732055293
Nairobi,Embakasi,2024-08-01 23:18:21.952240,10168,79.96732102854754,38.678910812276854,21.42840012468544,14.204455044713479,42.89775192170541,67.23904472803234,64.14240706014067,72.45690961631043
Nairobi,Embakasi,2024-09-01 23:18:21.952240,9354,82.11678452573923,34.05571846715071,19.486561039473752,28.154628326753794,51.259632147238904,77.82150526862364,57.93579550212553,74.40951790147659
Nairobi,Embakasi,2024-10-01 23:18:21.952240,7769,41.579982921893944,15.965344683924986,15.765805628586218,20.24172968268109,20.85988395698329,42.8912346949872,72.87151677540083,45.76920745894161
Nairobi,Embakasi,2024-11-01 23:18:21.952240,2518,32.22538185776925,37.71254407259522,17.043993118069682,21.225723868098317,68.84497565209536,36.79131091125355,71.75845604118439,66.88940689916579
Nairobi,Embakasi,2024-12-01 23:18:21.952240,6817,31.626466430410698,33.384735541552025,14.011415082293595,13.516978067802546,69.67799761308768,71.53269565723531,80.96172697112361,89.03702876894982
Nairobi,Embakasi,2025-01-01 23:18:21.952240,13407,79.27148455098634,33.69417686297418,5.30901932441072,34.70548716630928,30.964314318480106,64.04810908281803,53.510708135757056,81.05707189035164
Nairobi,Embakasi,2025-02-01 23:18:21.952240,2574,51.1157626185493,19.746456352497958,24.312690474782215,32.42968534611995,40.78220022870282,69.86663505398121,81.34119870227235,59.25796322486263
Nairobi,Embakasi,2025-03-01 23:18:21.952240,6975,91.71702495839233,39.04137557962467,6.406924859033776,27.566424001022806,64.27398608827926,42.36871224807655,84.53056660392178,56.741548878704286
Nairobi,Embakasi,2025-04-01 23:18:21.952240,9010,48.59543981330137,36.871283548099925,18.279255175021788,24.648630715912063,61.940389571586685,28.51903258248705,57.84411661888289,73.79122760563843
Nairobi,Embakasi,2025-05-01 23:18:21.952240,2694,31.39006616035884,23.346701898791537,15.26215905095637,26.672618935791185,28.497242138752814,51.3720715350854,69.57574156642642,77.22001219123973
Nairobi,Embakasi,2025-06-01 23:18:21.952240,12054,56.40396089181887,25.37788944380996,9.538975005664165,18.91239857819017,24.0510740159018,38.77436098680448,78.07412259366887,88.05441105124994
Nairobi,Embakasi,2025-07-01 23:18:21.952240,12652,65.93737519219924,25.285745183872812,22.673647956140243,15.533825310075642,52.07645723937446,48.30553137421086,81.25001957402147,86.41813520001693
Nairobi,Embakasi,2025-08-01 23:18:21.952240,7900,79.92999908691695,25.75006038320048,9.245044711203684,29.89768920133874,27.10766293254812,68.75230165480724,68.43712396389384,45.3672188576397
Nairobi,Embakasi,2025-09-01 23:18:21.952240,5975,93.76377696895396,21.11922013018592,14.31978833638367,16.91281261665042,47.643673335414974,76.37884122639582,69.19998875549484,75.9413197618676
Nairobi,Embakasi,2025-10-01 23:18:21.952240,14140,31.985682549190372,18.802409051995802,10.129866410977975,12.396727850423776,55.4833480627275,53.1536227105189,75.0787349516103,77.20324880455689
Nairobi,Embakasi,2025-11-01 23:18:21.952240,8506,39.45636599196035,42.810843252399756,11.901432836131145,25.526675523754957,21.04450917592552,42.03330392225416,48.30285154878864,65.74747975517208
Nairobi,Embakasi,2025-12-01 23:18:21.952240,12959,76.1053228908649,32.428140381556844,24.557828670077903,12.26974780587634,36.97193273668137,59.44954300298492,53.594784654810795,58.756420961578584
Nairobi,Embakasi,2026-01-01 23:18:21.952240,3103,33.27922881785126,21.485144956024776,9.54723322418422,17.259562337621638,42.04741902634688,70.13507782549613,78.64442223238609,47.4342670658488
Nairobi,Embakasi,2026-02-01 23:18:21.952240,9315,86.92769323027858,24.256412303202048,19.96292776737789,31.98534969290142,65.64631284810605,34.863671529110434,57.205944400830674,87.87059490144023
Nairobi,Kibra,2024-03-01 23:18:21.952240,13531,89.82397698758274,26.70624209669257,12.438567587672795,34.01785603515161,50.762945683784935,76.31223989131729,81.83867113907449,64.04789141158236
Nairobi,Kibra,2024-04-01 23:18:21.952240,14252,36.09815251527135,33.012925513889755,15.757309384027266,27.89186828952581,20.822228819061692,52.020246996334905,58.70634718658199,57.652494000773444
Nairobi,Kibra,2024-05-01 23:18:21.952240,9795,31.278188979556877,17.442143713600263,16.006360399091477,20.132164943950308,48.558352898507884,31.044294196448227,80.91989175183251,89.6934798021991
Nairobi,Kibra,2024-06-01 23:18:21.952240,2255,89.18134296994782,37.49883829972249,12.15504071098171,15.92388437955581,47.12784422177978,79.62134932905107,39.81679695819907,85.5866771282037
Nairobi,Kibra,2024-07-01 23:18:21.952240,9081,65.32338518782844,24.969082192410575,13.06259227785915,34.19093347076321,36.0639069939961,52.34403662332535,73.52481851880621,62.29248997537143
Nairobi,Kibra,2024-08-01 23:18:21.952240,13745,73.98997167927098,18.23930584941352,9.06503489700657,29.347935406271443,27.611912435517475,50.22253389015907,69.06451327857616,87.91947732431515
Nairobi,Kibra,2024-09-01 23:18:21.952240,6790,89.1577121398973,35.07066290036671,19.362744850699016,16.120689888249643,53.499115054238786,42.544236926522,31.750368443993963,43.45981896820636
Nairobi,Kibra,2024-10-01 23:18:21.952240,6325,41.410916659935396,29.243158292209266,24.339446822468954,12.398226229616876,22.2517467265104,65.70705673565884,39.23410402923241,53.42792399837258
Nairobi,Kibra,2024-11-01 23:18:21.952240,4767,48.06137719247019,23.086031055921758,13.834101790502473,12.123026043912388,27.21322667232553,44.36530907674455,57.44430816978458,77.54718436016114
Nairobi,Kibra,2024-12-01 23:18:21.952240,5684,43.50824680693033,17.55504104955922,24.83878408418957,32.88216917102647,58.486166865642836,73.21030871943395,56.69106940945774,62.07188353238325
Nairobi,Kibra,2025-01-01 23:18:21.952240,5481,65.89058877990149,28.055575929822126,21.85459514503674,24.31383469244926,61.160220807618444,73.48671463664708,62.89352177140839,60.34613825903729
Nairobi,Kibra,2025-02-01 23:18:21.952240,14415,75.87407968003922,34.254755158930784,12.67712883820655,30.341771908357885,46.81834969778541,45.12880092411763,74.49993888250543,45.857493656836425
Nairobi,Kibra,2025-03-01 23:18:21.952240,12715,47.89340229842813,23.70431578393372,24.465492529669646,30.58120813253695,25.703046177647337,74.201329398164,79.98462379863952,60.89670863869334
Nairobi,Kibra,2025-04-01 23:18:21.952240,5916,51.083914317154324,30.44956332628053,21.36324354614397,21.208021174042262,53.55742600749447,39.45468435993443,71.12896049638022,69.92271234601368
Nairobi,Kibra,2025-05-01 23:18:21.952240,4269,76.05067195837321,34.314642828476636,14.385072446338148,11.10728863715049,31.14563035064448,73.315369477405,83.72117711606742,88.23958714845827
Nairobi,Kibra,2025-06-01 23:18:21.952240,14033,33.36851283125508,16.690281538449746,7.40028519733251,29.980919239164944,45.05873678291299,62.3964038456953,31.118920085104154,66.36461227916007
Nairobi,Kibra,2025-07-01 23:18:21.952240,5172,39.391238011089285,22.614980628720538,22.63899160028395,17.774891914105474,27.40827594181627,60.525999645533716,52.75075172392341,59.53818217767902
Nairobi,Kibra,2025-08-01 23:18:21.952240,14448,38.95488190776603,17.169504151747113,5.12165095822867,23.610868481689494,61.726852716348866,71.58674894071699,56.99131402343053,45.09194548660734
Nairobi,Kibra,2025-09-01 23:18:21.952240,10456,39.02007773851253,18.50820310286975,14.792151092605568,12.390520632525472,31.106295945070656,72.25606846650314,30.13195595222996,51.84299691845095
Nairobi,Kibra,2025-10-01 23:18:21.952240,3860,85.30570811769749,18.688290506000975,7.24475137531555,32.96054971801672,62.54301958948403,54.112432632317905,44.76200284037963,76.23999801837348
Nairobi,Kibra,2025-11-01 23:18:21.952240,13706,36.40481240102924,27.530526519704402,15.772168773305085,24.369603802890417,44.69571296976352,49.04774990931129,74.05297756662907,71.15861448448038
Nairobi,Kibra,2025-12-01 23:18:21.952240,2789,66.69691070137151,30.84282988525848,12.613044224179259,32.345107136825526,28.551519501357745,72.46973166578428,57.09170889916575,58.86127469157739
Nairobi,Kibra,2026-01-01 23:18:21.952240,4566,83.79821326670721,24.18098531872967,13.199607596482307,33.026800027400114,59.9563334325006,66.98344653589706,41.542888308700576,64.03837702812802
Nairobi,Kibra,2026-02-01 23:18:21.952240,6076,61.29246654995481,42.80634916794768,20.307996404043163,24.77463874975162,66.83206325960472,57.33908743499483,50.88294584879571,66.10384408430663
Mombasa,Changamwe,2024-03-01 23:18:21.952240,14489,39.70434738425821,34.774778723564125,15.736583495675074,23.2301692111519,59.08670703920338,45.123586605774776,80.8158282267796,71.98171390247431
Mombasa,Changamwe,2024-04-01 23:18:21.952240,13069,38.337013154259566,41.2782004430934,12.631620675005417,31.827500006064444,44.19219318017375,33.3951160974365,56.500228750347546,71.88494230752609
Mombasa,Changamwe,2024-05-01 23:18:21.952240,5036,79.74143598361718,35.58267919324312,8.568694582662157,18.727633742842734,22.375009410557084,37.96499921237187,69.47189296404814,75.10264024466485
Mombasa,Changamwe,2024-06-01 23:18:21.952240,9157,65.9291561240118,42.269895454100165,17.001909075721542,29.035871178343374,58.626869052713204,48.36211437494053,50.00908627132747,87.45920375538094
Mombasa,Changamwe,2024-07-01 23:18:21.952240,9443,36.33126568413923,34.72815747108417,6.331791777642842,18.300817668470028,58.490749780819314,62.903098703597,35.86064822584989,48.856689720482535
Mombasa,Changamwe,2024-08-01 23:18:21.952240,9156,60.74328880364045,41.16891422262104,14.969929665667115,30.597462818298375,69.33684051056747,33.534081976486455,83.60542675287462,53.22102765545452
Mombasa,Changamwe,2024-09-01 23:18:21.952240,3121,68.8229745539851,30.142619930948534,19.28143530409207,31.31339520715087,56.8963324993397,32.32808288963199,75.90612824278104,62.8514406386504
Mombasa,Changamwe,2024-10-01 23:18:21.952240,9778,49.217205494936344,23.754348131325415,15.92271432756296,20.514855189838038,24.15341134127447,50.846878861198434,39.360793227552506,67.27704530913398
Mombasa,Changamwe,2024-11-01 23:18:21.952240,13143,38.952387817544164,19.372496126200943,14.406127465727385,21.172075642437083,37.49574723227139,63.2179878712477,33.89992666251566,47.31558605746334
Mombasa,Changamwe,2024-12-01 23:18:21.952240,10390,30.53117084784789,27.725053289089168,14.766887269986857,15.9116163292558,61.18745788578329,54.21990089317129,59.42340623820043,75.99149044389011
Mombasa,Changamwe,2025-01-01 23:18:21.952240,13116,38.934333904087055,28.852657367306158,10.13875541590344,31.781797932941224,35.78447020445227,52.98737445596589,51.81442510905468,81.79028434958109
Mombasa,Changamwe,2025-02-01 23:18:21.952240,4379,49.90292323643777,29.06766618476392,24.314309084631383,34.593232438776454,46.97422507198036,69.68664173967353,74.7248176319479,65.97347549514184
Mombasa,Changamwe,2025-03-01 23:18:21.952240,8372,92.26556801460154,16.78375373447366,8.077062787169185,17.47288144520378,21.341061192194527,73.41359042968156,64.33147220121782,78.1292261176306
Mombasa,Changamwe,2025-04-01 23:18:21.952240,5850,42.25709938307015,27.005353510883907,18.972300055236495,20.38791050908395,48.10235731669886,27.889351196970964,74.47519300534447,70.00930526448374
Mombasa,Changamwe,2025-05-01 23:18:21.952240,7053,40.172703090042354,27.973646159433315,15.639282478351253,32.19437460140753,25.40929531863881,67.68556254634481,50.836754691373756,62.4929029950667
Mombasa,Changamwe,2025-06-01 23:18:21.952240,3260,65.50864523332089,31.268029274719105,7.3754648232839966,11.292077064694325,27.160363418569577,29.026252327517916,81.76971963701956,62.15306610798916
Mombasa,Changamwe,2025-07-01 23:18:21.952240,2549,58.57712548836141,17.783971285436603,8.254619721087352,26.126756193961413,36.24321403046046,56.55877593109739,77.52103001427903,56.01622556860229
Mombasa,Changamwe,2025-08-01 23:18:21.952240,2354,84.4268195012246,33.02386642226859,20.071028004556368,31.999674641883388,43.90336124617696,72.48925644539787,44.23931828251866,83.81131669035922
Mombasa,Changamwe,2025-09-01 23:18:21.952240,13974,71.63275602436127,16.458206187308036,12.746011001373805,26.77536307030083,35.71994498787794,25.3434064293578,62.44950787691407,73.78633999356956
Mombasa,Changamwe,2025-10-01 23:18:21.952240,8166,55.29944057909464,20.059359800713693,20.539490559875606,11.763884795488396,44.531255505354544,74.62874571415207,78.70982928464505,73.14580031605198
Mombasa,Changamwe,2025-11-01 23:18:21.952240,12378,37.12709789916641,34.48308837173745,13.901241512290587,26.208803171553914,36.21468967406668,72.04490341880276,81.43907838778713,62.89054400735108
Mombasa,Changamwe,2025-12-01 23:18:21.952240,5028,62.93961044670919,23.10676198222171,16.452727804950335,10.934969802207211,55.02333311141652,68.31398333857167,82.70062518945186,83.93499921409973
Mombasa,Changamwe,2026-01-01 23:18:21.952240,4014,72.92392742292556,20.58869745243041,13.095152278023356,29.581646348149796,62.6574852306563,76.28556332786879,63.213040176383345,77.41615532135978
Mombasa,Changamwe,2026-02-01 23:18:21.952240,4282,53.68963611011637,17.709380322716285,6.85751414666075,20.297775703800056,47.34078553039014,74.91915762510872,63.39203574703879,45.92178612348597
Mombasa,Jomvu,2024-03-01 23:18:21.952240,6994,30.252886036409915,36.332544977706526,13.778703457374316,17.03863278464164,33.47605267140828,77.0039832339861,43.23781634060044,89.49584298766648
Mombasa,Jomvu,2024-04-01 23:18:21.952240,12933,70.21026265610293,22.684030873027808,22.033803942392456,20.28245585770945,56.62401962659306,62.42043690347057,58.67970737580583,52.18524599097527
Mombasa,Jomvu,2024-05-01 23:18:21.952240,12095,54.70834754476739,43.5582185899862,6.302061130812677,16.82399851224258,61.94942650668752,49.32938180523672,50.855278353815805,59.77385637602653
Mombasa,Jomvu,2024-06-01 23:18:21.952240,11725,84.28186736129521,42.47059698432106,23.57181138728261,22.88303600224672,27.388312234938,79.36880153874569,31.970872359573587,55.82981426605257
Mombasa,Jomvu,2024-07-01 23:18:21.952240,10674,46.705846503198956,28.338885987008453,12.417820785413799,26.627894820250294,37.65207543099891,65.05682178730923,61.39657391395292,65.13807721967503
Mombasa,Jomvu,2024-08-01 23:18:21.952240,9841,37.64940935153537,30.206180441580123,20.72005958439278,12.393687833213681,40.72744904939726,47.3035957148557,34.148030539059,88.70167611473333
Mombasa,Jomvu,2024-09-01 23:18:21.952240,4988,87.51877364983777,20.68901163042962,17.667951384850106,30.612616638765907,21.516755889115174,26.420067379887737,43.86913732457042,75.16113000668634
Mombasa,Jomvu,2024-10-01 23:18:21.952240,13636,50.19894959980082,26.50363009152072,18.985840321667688,32.75452666138933,59.40344201349755,27.908866571991858,42.62301929065623,68.87971101258896
Mombasa,Jomvu,2024-11-01 23:18:21.952240,13346,91.18296284883402,21.78603519432171,6.210561604774605,11.828721964861396,24.158610598486405,28.489772341760023,30.179424947977363,80.56037752673616
Mombasa,Jomvu,2024-12-01 23:18:21.952240,9306,45.29692452248854,31.986430107726072,21.103016666088042,18.330837542636836,35.624832011197135,56.6862620466087,76.51675506140616,47.99971317008082
Mombasa,Jomvu,2025-01-01 23:18:21.952240,5339,41.95726503567772,28.70635301351613,20.878734744180544,25.13897626833355,45.21260567568635,76.70057460017722,54.045589884496664,80.11189914448352
Mombasa,Jomvu,2025-02-01 23:18:21.952240,3962,72.68903404726547,25.040248565488092,14.746830327825029,34.41355165467717,60.17392612375749,50.45035630953532,71.95274505273551,47.08060971643539
Mombasa,Jomvu,2025-03-01 23:18:21.952240,12830,41.203421386904665,28.851592453041157,5.751417377459984,29.476260863411227,51.359996225831765,73.92532656785619,57.72336417999731,49.916193426230016
Mombasa,Jomvu,2025-04-01 23:18:21.952240,5091,91.43983625058182,37.129292717365296,7.582713405748334,17.536162001928545,63.447232883857296,45.02953815477754,83.17236150488928,62.532418314557134
Mombasa,Jomvu,2025-05-01 23:18:21.952240,13222,65.17493523594342,18.415709664700188,19.57626822163182,30.64217992864864,45.43211545355299,46.262720430187564,38.89606698179515,67.4534913933312
Mombasa,Jomvu,2025-06-01 23:18:21.952240,2939,52.945282271127354,30.791609758150862,11.970705861133883,12.274446138150257,23.77785896598015,67.56323567939884,60.727222735438296,66.5684828706226
Mombasa,Jomvu,2025-07-01 23:18:21.952240,12782,40.594503339066016,35.31526772211468,15.216821812299113,31.14234347794913,20.92563169538671,41.95248697329686,63.20162371491565,44.188962208602675
Mombasa,Jomvu,2025-08-01 23:18:21.952240,2101,77.83364573665453,24.585315226145813,13.736250098560818,34.11858523474889,62.03143865966056,38.77684010287782,59.29026661857865,88.35718461267197
Mombasa,Jomvu,2025-09-01 23:18:21.952240,13980,92.1190153565145,43.903758859366555,20.5568657777496,14.248626853814066,57.87230723679857,77.40591931274909,62.914708481141716,78.40386914999672
Mombasa,Jomvu,2025-10-01 23:18:21.952240,11802,43.12303751938509,41.71193557900557,8.389877199559903,32.73337983499991,55.34550949553946,76.98256777390635,73.69423557738227,67.63857598803693
Mombasa,Jomvu,2025-11-01 23:18:21.952240,9068,37.43761082482621,16.163530570150222,5.475730310244032,24.06724110238523,38.071731539400204,67.92453620068008,43.70269512289205,80.51973970049734
Mombasa,Jomvu,2025-12-01 23:18:21.952240,5524,36.31106092673421,42.39586783146856,20.798410180986856,20.31714279572966,43.14718414867096,66.48254759447077,83.26434000094139,64.23231485766209
Mombasa,Jomvu,2026-01-01 23:18:21.952240,2726,85.54186598971143,24.900251491084124,24.891539273479385,10.34071039590887,42.17978894472202,66.23815255160676,71.48396207583801,53.3176668884855
Mombasa,Jomvu,2026-02-01 23:18:21.952240,7774,52.57527111767233,34.29899325559822,5.9865975758413725,23.9557117857551,57.58167134585285,35.897816165913724,30.525184179827594,80.21405643326672
Mombasa,Kisauni,2024-03-01 23:18:21.952240,11106,35.9988160359858,23.708143224494464,24.134029242698503,13.451152915423311,41.88363363087646,71.91609805306487,82.86641198449146,45.26107981711843
Mombasa,Kisauni,2024-04-01 23:18:21.952240,10200,88.42958566792285,43.3742175185545,9.052345707828025,12.8170424672466,33.08240169433394,50.824612953679825,76.98871291809277,55.61285040079564
Mombasa,Kisauni,2024-05-01 23:18:21.952240,8317,77.0651738614147,31.256473091720338,19.507011399650555,21.78168971744996,21.74617336109746,75.61272222060514,68.915902689522,85.11548061167584
Mombasa,Kisauni,2024-06-01 23:18:21.952240,8448,87.2098736129069,18.943353546169604,8.34936818495261,20.225755236749706,60.16400072988374,40.77309778779157,68.3691055437702,52.41231781550397
Mombasa,Kisauni,2024-07-01 23:18:21.952240,2085,84.62222734185306,33.80292655486019,12.161778144161442,32.51221466505538,28.19107877873755,50.4988932014239,33.830442707766196,75.57869237351215
Mombasa,Kisauni,2024-08-01 23:18:21.952240,11294,51.80886984086648,24.302428303074112,6.2833258466546615,14.27039956707756,27.168656086634666,46.434498962120486,50.96653812416572,49.58121752814529
Mombasa,Kisauni,2024-09-01 23:18:21.952240,13684,36.50382027952647,36.42617799947527,18.168614860951152,26.479291051897253,21.58685209808124,43.38090084669419,61.138144249309335,47.32477797882418
Mombasa,Kisauni,2024-10-01 23:18:21.952240,9137,49.9641479594163,18.110013211880137,6.98360654749798,16.22784053652913,30.30619323285105,35.53017933056455,41.99501549498183,60.41081025198199
Mombasa,Kisauni,2024-11-01 23:18:21.952240,12616,70.32097609648882,36.16723901080304,10.01236462311658,27.596902959388103,49.71964809658519,37.76287609865669,81.95535888712891,67.85769419078356
Mombasa,Kisauni,2024-12-01 23:18:21.952240,10712,69.83128440428393,33.024378446202746,12.429633562378406,34.350670972486725,60.42997163009861,53.29626862144684,69.89389533978093,41.22737459557244
Mombasa,Kisauni,2025-01-01 23:18:21.952240,2910,30.21370574551349,27.91893658286937,7.868649404160381,15.087482196231413,32.39637624045633,79.48722073696092,81.92899365773918,80.26153482432736
Mombasa,Kisauni,2025-02-01 23:18:21.952240,7948,56.474004520028444,41.61069093469232,22.750043576767393,11.100707989226809,52.91154527092904,28.974111624683804,52.45979861315174,85.10802364280107
Mombasa,Kisauni,2025-03-01 23:18:21.952240,12081,36.65628547898175,16.73618076157671,13.756219082246773,10.911053931868743,35.723038674306714,42.50551440307536,78.45403758214496,45.8185384715388
Mombasa,Kisauni,2025-04-01 23:18:21.952240,2108,75.28558710981444,24.788743472021455,12.898069756778456,25.94473168031135,34.53791660375857,37.94810634523439,62.7721820944302,59.07279846594125
Mombasa,Kisauni,2025-05-01 23:18:21.952240,14849,53.80961292654011,33.58416257552231,6.939990005346606,16.87317542935972,52.77323426144648,41.671713291558596,38.32296949689506,41.76652720899147
Mombasa,Kisauni,2025-06-01 23:18:21.952240,7628,91.30382912074194,41.14708413367679,7.603885488455042,10.021162889213322,39.55824740521595,50.969240613962626,55.57689223016862,42.15005881663392
Mombasa,Kisauni,2025-07-01 23:18:21.952240,10987,31.981265877263155,30.69927640116581,22.015880758021577,30.11804050075371,60.4247214402856,71.48845390700703,79.96391481736515,88.50198728151827
Mombasa,Kisauni,2025-08-01 23:18:21.952240,14422,39.99794682940269,15.224661659983589,12.126229385797814,16.704154388043033,55.253934443652376,44.78940918659329,57.50578177367987,50.84432988866729
Mombasa,Kisauni,2025-09-01 23:18:21.952240,7545,61.42644521569007,24.908356537557562,6.294908850727719,22.556738662941186,47.98056995912221,62.72494585388647,55.764270408592026,84.50355941945861
Mombasa,Kisauni,2025-10-01 23:18:21.952240,7060,58.82107539802759,23.972203269971224,5.219526317066084,19.587160853570694,22.089992390060587,42.53058268558519,78.18884578906938,44.018010597985864
Mombasa,Kisauni,2025-11-01 23:18:21.952240,4310,76.83599245280283,27.25921565014561,6.498434103851761,22.96241361431487,31.322572802465373,53.03695112675214,79.75134773631565,73.86199019972375
Mombasa,Kisauni,2025-12-01 23:18:21.952240,7565,71.88585175617669,19.85892613524726,17.30884179562498,15.929684666445473,59.486059930480785,49.267356830040626,64.34630208006203,54.77172750623963
Mombasa,Kisauni,2026-01-01 23:18:21.952240,12964,39.917038303331644,38.76690620096699,13.167976281444329,11.89538839130132,44.5603642855706,76.98620076344011,75.59110256088508,86.53144479908008
Mombasa,Kisauni,2026-02-01 23:18:21.952240,7525,75.70917610577735,38.06980052693734,19.031759606904913,31.80117940706489,61.588144788087874,53.08262099694786,71.76435561945223,70.72795965034015
Mombasa,Nyali,2024-03-01 23:18:21.952240,7053,48.747760827627474,42.925018273409236,23.76390385508685,33.88873780485552,21.304312565450445,36.97986368762616,62.69189112510536,89.66590861390101
Mombasa,Nyali,2024-04-01 23:18:21.952240,13942,91.30681123149367,18.565222179111394,21.605986663366853,24.649510107034452,60.42835681315776,39.3387368091028,55.10319970301295,64.90368084675005
Mombasa,Nyali,2024-05-01 23:18:21.952240,3980,85.47339054268096,19.08314086357431,7.776645615564348,13.239116337445132,38.89468621419297,27.758414827481566,64.33899131052782,47.81638766988142
Mombasa,Nyali,2024-06-01 23:18:21.952240,12264,62.71229105198639,39.04740156505984,8.131369048503476,20.91553425853456,33.34480489198366,70.23639644754317,55.44629124570898,65.8200685956645
Mombasa,Nyali,2024-07-01 23:18:21.952240,5776,48.807161735692716,36.8613044833354,24.457778761890804,28.989078214404774,22.895992403303932,77.09293700791706,70.32660827949559,54.99470108031612
Mombasa,Nyali,2024-08-01 23:18:21.952240,8285,58.402690090614804,25.249790953308914,18.157781687717353,26.51743884542631,52.38972902032457,60.58933470761907,62.50511208008232,51.689449635379816
Mombasa,Nyali,2024-09-01 23:18:21.952240,12564,34.72675053602278,35.38282889174657,8.795776451142764,24.12209223069647,20.868676761497056,54.44464421155196,34.560684058276166,60.821614397954534
Mombasa,Nyali,2024-10-01 23:18:21.952240,9843,57.63711844127441,35.06463670742326,21.72792640032101,20.565694401307507,27.80748364443708,54.40435587132794,65.74125710595504,43.18508597058373
Mombasa,Nyali,2024-11-01 23:18:21.952240,11647,75.86886809246985,35.99834554774479,11.393915184034771,17.062777238423738,51.356837290411036,54.67850983464802,33.57249169967145,47.391731387307246
Mombasa,Nyali,2024-12-01 23:18:21.952240,11992,38.36240780946212,36.93463310299363,13.24789229105643,31.896084780365317,20.124641405406926,60.050418396672505,83.2319707601034,79.03668976036577
Mombasa,Nyali,2025-01-01 23:18:21.952240,14586,70.8730862109891,21.030522166957027,21.73917048983007,31.59801100590557,67.29981823510315,47.858208775854166,72.88976335681946,60.887353186997885
Mombasa,Nyali,2025-02-01 23:18:21.952240,14776,39.621269144891386,36.30305650510931,12.782959358626602,29.355859085963097,52.01370308640274,63.39364645423291,39.030881446888884,57.05300903441836
Mombasa,Nyali,2025-03-01 23:18:21.952240,7318,75.1201689024324,30.760949352421235,12.451093690134769,27.574395593195398,49.72855879029491,63.38152623974591,70.62181592587164,56.007220610407174
Mombasa,Nyali,2025-04-01 23:18:21.952240,3284,91.82220071115083,17.180712500847875,10.772782703730606,17.628077228409563,67.32659684241752,33.8046154282268,52.872820179004634,46.172731250394655
Mombasa,Nyali,2025-05-01 23:18:21.952240,14095,58.97496348335615,38.05184770926839,11.948979941695386,17.030369756397484,52.29896271060787,78.15040668023116,51.60292221481792,51.09116831348738
Mombasa,Nyali,2025-06-01 23:18:21.952240,2368,51.878037529096616,27.019619225509853,21.431811864903963,16.872802482557464,37.81476670228771,73.8664114388535,81.2722854311711,63.812241667238425
Mombasa,Nyali,2025-07-01 23:18:21.952240,8709,36.68145151488964,26.136498119949785,8.68111703627022,34.60097197451611,36.32120710192312,28.31080024921129,41.29916579246258,51.087060903417154
Mombasa,Nyali,2025-08-01 23:18:21.952240,12403,55.544763004330306,41.93892877881042,12.584842123421595,13.587449872857416,46.753703561608575,57.72071976154235,38.05679622649886,65.95283654505404
Mombasa,Nyali,2025-09-01 23:18:21.952240,14676,46.894784923912084,22.332551241482292,13.448730982264717,20.83620503088551,59.81553376271706,58.03228411962413,45.56781039712247,73.24074710052929
Mombasa,Nyali,2025-10-01 23:18:21.952240,14369,91.82790357075618,29.322982659129373,6.603680699943015,17.254240074347276,38.82539937224686,49.575412634303845,84.10970722902348,60.880031559089616
Mombasa,Nyali,2025-11-01 23:18:21.952240,9905,37.3002207673841,26.61935863462754,5.40955375436845,33.19814192853414,53.133012185547294,68.08292041519404,82.09803256860434,51.318961435090195
Mombasa,Nyali,2025-12-01 23:18:21.952240,5286,91.76996344947634,42.298066793217416,16.99562433877788,23.623560656900363,57.21958365739692,77.6262587839314,48.2600521792373,81.46406706467371
Mombasa,Nyali,2026-01-01 23:18:21.952240,11339,42.269625680241965,38.486000263362406,12.585951473894198,31.663018524597433,20.304513382443993,75.55163370598981,51.37560841859262,56.85780903203725
Mombasa,Nyali,2026-02-01 23:18:21.952240,9135,69.52804343504947,33.621652294003255,12.239668353745968,27.00308393626497,39.71796376027818,30.734805685307883,59.95106343648582,69.89165123630082
Mombasa,Likoni,2024-03-01 23:18:21.952240,4560,40.97254525256848,24.21869642348012,12.648634537865052,28.86683510440311,59.79979280802735,46.13514040871616,45.165732262894096,72.94122440518636
Mombasa,Likoni,2024-04-01 23:18:21.952240,2614,80.16012039212673,24.331916531144675,12.630519086349361,27.143550502597186,38.64951130617865,49.87200573009368,49.340500627702525,78.86828870970157
Mombasa,Likoni,2024-05-01 23:18:21.952240,6584,32.101914697568716,17.453805795324776,8.524302187497439,18.585727087244837,64.49978673759057,60.48515671393047,35.19650974661057,76.91892817772725
Mombasa,Likoni,2024-06-01 23:18:21.952240,6118,38.9614583343038,28.026317075479753,20.85216061958936,10.840898895171122,39.70660465469639,56.17336074589064,39.17307362458258,52.85558898921696
Mombasa,Likoni,2024-07-01 23:18:21.952240,11035,59.25828113440886,29.89037542696246,22.021224029397004,21.152425302772507,56.40630568783243,64.65824337071496,53.96256431654412,84.37384074051985
Mombasa,Likoni,2024-08-01 23:18:21.952240,9013,75.19773175701167,41.670939896208544,18.054080716847274,21.159842972421437,36.4866763900129,69.20957182367806,35.04178298791175,42.06062339336028
Mombasa,Likoni,2024-09-01 23:18:21.952240,10810,82.90115872470419,36.57255280287748,10.28772699344906,26.87223350392906,62.154509159233264,33.7055250682305,53.83556081059865,49.54246531921708
Mombasa,Likoni,2024-10-01 23:18:21.952240,5553,69.48104310710778,41.18065246378947,12.946646169748664,18.247373045252196,48.39729606681,64.26396118501899,48.40341556621074,67.41666041053026
Mombasa,Likoni,2024-11-01 23:18:21.952240,3493,38.84596835708198,33.76369090776416,13.538845552198577,20.049130339510914,65.96453498320604,48.099403356441286,78.31949152723085,51.11318907401405
Mombasa,Likoni,2024-12-01 23:18:21.952240,2440,40.97292064218391,22.489707892732348,20.35027470593658,15.591958888099747,32.78342589205598,45.43602570409314,48.348254395996264,49.63758962440878
Mombasa,Likoni,2025-01-01 23:18:21.952240,10220,64.26871755474838,32.57556683564172,10.691521050926497,33.30830547627055,32.08754568769869,68.05666468144457,71.18663770980217,87.25980137140716
Mombasa,Likoni,2025-02-01 23:18:21.952240,2080,74.50761276856832,36.0471854929271,21.280267698085268,20.445655983517806,33.76558777108424,52.215467207978236,47.696354495534635,60.60367460000463
Mombasa,Likoni,2025-03-01 23:18:21.952240,5809,56.33167797297885,15.505558672169137,20.387347874514305,22.88899566355012,56.645023707065484,51.541793289367035,43.30991004685743,81.72131183338882
Mombasa,Likoni,2025-04-01 23:18:21.952240,10721,36.61040345330761,43.192460075014914,18.675763165786464,15.282700165674237,26.71310507756104,79.62945217094733,83.43377787506664,62.7126441278851
Mombasa,Likoni,2025-05-01 23:18:21.952240,3644,47.921888008137664,39.5891316202003,17.642926829267616,30.006341193919607,66.45354086998216,49.52529540190529,35.38269416822172,54.55870879827977
Mombasa,Likoni,2025-06-01 23:18:21.952240,2541,57.56497681983552,15.339528028496098,7.066683284348889,18.48685625759336,59.562610057094666,60.501565568520455,45.14414147280562,43.9866143144057
Mombasa,Likoni,2025-07-01 23:18:21.952240,11113,81.8262753634171,15.664197054106369,10.561287774963999,12.06933068034791,56.23192777477329,60.4891318468621,43.74365355800432,46.43279827378678
Mombasa,Likoni,2025-08-01 23:18:21.952240,11660,57.87467478057849,25.842085722394543,17.402274438054548,10.47780480773493,38.52677068523564,39.14913119646111,42.773538406403645,61.514260949714014
Mombasa,Likoni,2025-09-01 23:18:21.952240,6203,36.35461128708544,22.510202592474762,11.211420302105747,34.92805420073657,35.109826495625335,77.94859149569834,31.808593417627236,48.074981614990165
Mombasa,Likoni,2025-10-01 23:18:21.952240,7761,86.32257746377996,26.447481187313166,16.41805416950429,18.559080887637215,57.01738054421651,49.78084836434401,70.24407690207403,86.44059504468322
Mombasa,Likoni,2025-11-01 23:18:21.952240,4249,41.07153316221203,17.955741637170618,23.355447198187992,18.43708008457583,39.74049297819977,37.967103181005555,84.8897967119797,57.488672253156054
Mombasa,Likoni,2025-12-01 23:18:21.952240,4140,37.81622481873964,42.090729229264085,10.925663050382665,27.219577446096274,42.81410739647181,56.4833299978589,30.586860510531107,83.08074577783202
Mombasa,Likoni,2026-01-01 23:18:21.952240,3269,52.49326967872207,15.338163294631043,22.484533690996912,10.333545090906012,21.20314768537727,30.404585520862184,81.9066467495966,66.99140428314547
Mombasa,Likoni,2026-02-01 23:18:21.952240,14408,33.18513499753202,29.15217728156371,18.009475720927107,30.903362151053674,60.011527392537715,30.613409761243204,66.43994166376237,74.23103510068727
Kisumu,Kisumu East,2024-03-01 23:18:21.952240,9165,67.02889830559184,21.871589881191493,15.485933269935684,34.22046896537838,59.85404765729165,29.21582085325959,80.28206309524109,56.06518161476145
Kisumu,Kisumu East,2024-04-01 23:18:21.952240,14214,80.93252076531451,28.25516401325529,8.005221454714865,13.18142709813708,25.461435314918234,26.012339550399812,73.08349387424877,58.356089377850125
Kisumu,Kisumu East,2024-05-01 23:18:21.952240,3649,66.77404768902997,35.90393354295058,10.336994237498532,22.218217560020904,59.8390286991413,60.10669912143918,39.25906092120614,88.24010806025959
Kisumu,Kisumu East,2024-06-01 23:18:21.952240,4331,50.691054970013155,28.449554729762795,24.786799675487913,16.64419919795414,64.86270616220838,62.2177147395772,57.982872138229766,85.31257140542652
Kisumu,Kisumu East,2024-07-01 23:18:21.952240,6497,75.03862738122322,36.72183042112388,24.190213278688933,32.15676100092742,24.814576529195023,69.69575693802021,32.48215654738262,58.49097278129052
Kisumu,Kisumu East,2024-08-01 23:18:21.952240,2997,48.87511059343532,44.217559660153164,23.41145901936903,24.628122305901748,65.59285522856301,38.883860270439676,44.26722239716867,44.229751165754536
Kisumu,Kisumu East,2024-09-01 23:18:21.952240,11470,69.29764617365389,43.9796625128118,7.710344881802406,10.107886301118482,21.235546061314263,77.12918719762702,72.6029145945563,81.36745020259056
Kisumu,Kisumu East,2024-10-01 23:18:21.952240,10894,50.25945980968847,40.847157724897954,22.218326876493148,26.346697223884696,50.042610303955584,30.831057463161294,42.56174078221712,69.92671819165895
Kisumu,Kisumu East,2024-11-01 23:18:21.952240,14194,32.356944520967716,30.4486483125863,8.025535137110225,28.04669803519299,33.61525392773308,33.72248408966913,77.7523967790651,44.817882017760674
Kisumu,Kisumu East,2024-12-01 23:18:21.952240,7032,52.057339482720415,19.238339788510643,18.49299358247373,31.496967865406035,49.74530562153164,60.913489547012865,51.40053399766845,66.35015031764995
Kisumu,Kisumu East,2025-01-01 23:18:21.952240,6239,85.6295961393776,44.95841073910267,7.872018245082575,33.99901401797835,24.06298163841834,26.180396107890708,32.26046310938372,79.12989241081159
Kisumu,Kisumu East,2025-02-01 23:18:21.952240,10612,46.6132890433952,44.15325845217221,20.573547150545426,11.526777643095917,40.53663120674594,43.12309929448689,44.10821210775099,46.2379375393229
Kisumu,Kisumu East,2025-03-01 23:18:21.952240,14953,60.58335913497649,35.26213528493804,8.085139121187579,24.910491094621342,49.3800480894993,69.0204155946885,34.93133798969556,78.94763460692207
Kisumu,Kisumu East,2025-04-01 23:18:21.952240,8132,93.08146254187875,44.602475785414626,5.8184354272315275,20.97166438113288,20.778588297261397,64.78655501287268,41.11021515214621,74.89450976343703
Kisumu,Kisumu East,2025-05-01 23:18:21.952240,5095,77.95382485979329,29.51647800294328,21.068275145581737,32.457318555203074,49.19978714110084,44.17925314098426,42.821821049410936,63.09358653060153
Kisumu,Kisumu East,2025-06-01 23:18:21.952240,13838,91.88021972996485,23.484391749185036,17.877099931199595,27.20218756974077,28.945360340975313,34.28072145704901,59.101752766358985,69.39351061047196
Kisumu,Kisumu East,2025-07-01 23:18:21.952240,4744,87.10381876268283,17.502326763160184,6.458443702300826,23.20438744683283,54.613704541990046,49.326954808989626,32.42251814610959,60.94392306890836
Kisumu,Kisumu East,2025-08-01 23:18:21.952240,12508,62.86321854218872,28.592397260203594,15.87291762855845,23.284365655935215,20.66533419607271,77.5478816281142,65.9823635742269,84.33483776958366
Kisumu,Kisumu East,2025-09-01 23:18:21.952240,6374,82.18472670187955,23.213466016479067,10.055367477852835,18.912012194779226,43.02462430810476,73.23389842970398,83.5353890917277,72.71640653850855
Kisumu,Kisumu East,2025-10-01 23:18:21.952240,8556,90.72089236767914,42.8217508586176,16.42863185430464,13.942282963981128,59.724514284958104,75.32260528674718,67.24892251383613,73.78217410999656
Kisumu,Kisumu East,2025-11-01 23:18:21.952240,14546,87.41305743138366,44.712597748113545,18.430334089197984,14.519162140938448,36.62274382371517,46.61718384733699,39.58322120532416,76.15576621185917
Kisumu,Kisumu East,2025-12-01 23:18:21.952240,2606,48.64959593639328,26.917933806596864,23.074940439525523,19.55982198387629,35.114861441124674,66.90611501250089,74.17807656950126,49.78966927838941
Kisumu,Kisumu East,2026-01-01 23:18:21.952240,8436,70.68732692224802,41.88016697812379,10.240515593854507,32.06785902308747,65.86619980877373,33.00781343658743,83.29091952778509,61.692083269755756
Kisumu,Kisumu East,2026-02-01 23:18:21.952240,10854,62.14367964604486,19.29545472862221,23.819608422806795,29.477791402069762,60.044296949172626,45.68651760210895,59.98122439551524,65.65012078463505
Kisumu,Kisumu West,2024-03-01 23:18:21.952240,8291,31.706241114217576,21.256660607946827,24.87392774829383,25.06705086326982,56.29982652858205,29.65523586561573,62.190493218661864,54.288739910241055
Kisumu,Kisumu West,2024-04-01 23:18:21.952240,5741,30.64784442361334,19.656953746951885,20.43560362908675,15.153227682450911,40.845024978496,41.86547498260334,70.93094395624655,49.10716665060699
Kisumu,Kisumu West,2024-05-01 23:18:21.952240,3608,65.03154995081347,22.492668693104285,23.389669245816997,34.61443486132435,46.624037644224074,64.2788944781345,53.27161575451336,80.26821238022937
Kisumu,Kisumu West,2024-06-01 23:18:21.952240,7059,39.054209097746224,43.53394979586159,12.34408204861257,31.81735732427379,64.79511123374914,62.8832450736434,79.55018093937804,50.54762562327173
Kisumu,Kisumu West,2024-07-01 23:18:21.952240,4897,65.4634632808942,26.567678644073254,19.090859540005788,13.094715301571943,27.822598713668498,67.98408274434846,47.114876442333156,80.95691395523573
Kisumu,Kisumu West,2024-08-01 23:18:21.952240,9481,74.61110915693416,21.366365053438088,8.256771067843673,21.793840548013918,45.74820799678284,72.7291327024361,61.798383761963755,70.47740895342525
Kisumu,Kisumu West,2024-09-01 23:18:21.952240,7749,72.93963843606863,44.96442705080524,12.306478806097445,34.79695840420564,55.00166809593477,40.67896181333987,41.785284632168135,60.081407631388764
Kisumu,Kisumu West,2024-10-01 23:18:21.952240,10391,55.061073795019254,27.361088126734145,14.411530662723834,23.56871422135785,63.63050217007645,66.01197637317543,40.69718431120413,47.23027556533995
Kisumu,Kisumu West,2024-11-01 23:18:21.952240,6717,44.82961242327036,34.80130046843811,13.31046319271264,15.040571481499134,68.99999102678787,66.29477384414221,41.65523566260106,69.45335036576071
Kisumu,Kisumu West,2024-12-01 23:18:21.952240,3031,72.092115754918,36.85338530852868,5.353071287258171,27.17914675209533,31.22533742982712,51.869917512077635,59.759380725701725,85.57098414264945
Kisumu,Kisumu West,2025-01-01 23:18:21.952240,13946,41.00291136903238,44.52208043637226,14.045828462360854,20.974498999613058,53.17387592154205,54.729125948665384,78.34423548926503,60.58107469489683
Kisumu,Kisumu West,2025-02-01 23:18:21.952240,10250,58.51921767504638,22.080508501571288,15.955074533277644,30.990544793070875,52.87156021275867,78.02957337358683,83.44041652724755,89.80341935910256
Kisumu,Kisumu West,2025-03-01 23:18:21.952240,2503,92.9463417069295,34.170620102511705,9.396588260527587,27.84482621692066,55.798789798431635,42.77904339092826,68.68229253833802,51.70212965721259
Kisumu,Kisumu West,2025-04-01 23:18:21.952240,13176,70.36162839748593,40.118244729973256,8.299871607267074,22.88153876897635,30.884395025177433,32.9232590188475,79.22343577835926,86.61188654757737
Kisumu,Kisumu West,2025-05-01 23:18:21.952240,6525,42.99943573393857,22.48637676261951,8.423491396919793,16.937069500409557,51.25190670094182,73.42204954156958,72.05010980694581,46.88021872723165
Kisumu,Kisumu West,2025-06-01 23:18:21.952240,10678,87.10242981964734,21.737519319585594,22.99727218914056,16.946127670037995,66.70918335342357,66.11703965695551,59.58501253587553,59.94093965595113
Kisumu,Kisumu West,2025-07-01 23:18:21.952240,13268,84.99910708313743,27.21546733039581,5.625182427258528,26.04898093619375,58.883423930036685,35.42631896486726,82.29790305250896,74.48061059311772
Kisumu,Kisumu West,2025-08-01 23:18:21.952240,12844,37.59579620405106,41.991874046074216,19.87005920247615,31.106903560160568,24.09416214811642,48.35182603499072,57.59390420161712,62.4652251041543
Kisumu,Kisumu West,2025-09-01 23:18:21.952240,2407,67.03210364253363,31.802118521587317,23.73047524431078,23.849349605591005,36.28157629527676,26.825865546833228,76.32367040543096,69.12456131264352
Kisumu,Kisumu West,2025-10-01 23:18:21.952240,6391,82.2500511835384,21.921514982487096,20.14839151415635,10.991948149920368,31.526388903634057,79.08030932765648,66.33428737766297,55.265436679489575
Kisumu,Kisumu West,2025-11-01 23:18:21.952240,13359,53.642012901996594,16.22446639356591,14.122663855731144,18.905563070030176,32.20773255548326,42.820272085497564,49.74066400225442,79.23375452269853
Kisumu,Kisumu West,2025-12-01 23:18:21.952240,10178,42.575571834052994,31.192187231332113,17.962851096313763,18.865754187360956,58.22356655417148,42.45479184234385,32.73357564738713,54.41133913804069
Kisumu,Kisumu West,2026-01-01 23:18:21.952240,2456,89.90879264939167,20.335558885749847,8.06864844425214,33.89421028932592,34.844438611411476,41.45447427304587,65.93913934186693,71.05851420952055
Kisumu,Kisumu West,2026-02-01 23:18:21.952240,9470,41.98863636184862,25.264392560844026,20.94980779518689,12.054626821972874,50.5665105871002,46.81490443018003,71.87493655922302,46.70114093524974
Kisumu,Kisumu Central,2024-03-01 23:18:21.952240,2043,81.23640974359418,17.89129891652062,14.63879852311517,21.375135537710285,34.855297556190514,26.93097476148122,67.99923162664484,84.0138863902761
Kisumu,Kisumu Central,2024-04-01 23:18:21.952240,8577,32.49252773806428,22.58253983607786,16.893273931870127,12.33817055831299,40.38451717821712,42.856874577370775,64.33156098660027,47.44946838104892
Kisumu,Kisumu Central,2024-05-01 23:18:21.952240,6819,82.50124536872991,32.493811894600555,11.078821513864114,34.08171110235705,31.93758138480696,61.613641577524554,35.70523634442222,57.26711872782023
Kisumu,Kisumu Central,2024-06-01 23:18:21.952240,13593,80.26299555095277,15.956842450624478,18.310074955536738,10.96890107129625,57.30331926463313,62.95031472273688,62.44227222609563,72.52391993751594
Kisumu,Kisumu Central,2024-07-01 23:18:21.952240,3318,53.199210163773465,22.895982382589157,21.994381337318337,16.908983115702245,59.742781838400745,42.12039144606969,67.03543355077795,76.30692436517353
Kisumu,Kisumu Central,2024-08-01 23:18:21.952240,7809,88.20959176895272,17.500101700464484,8.100965279095497,22.650136895258484,47.07702694861026,41.29003701761127,70.58460501911574,54.436519411251474
Kisumu,Kisumu Central,2024-09-01 23:18:21.952240,12532,32.0800984373622,34.36006772198921,21.654779725075365,26.574562340885997,56.78767787319488,68.79781483580949,34.237612541039596,67.10712350457366
Kisumu,Kisumu Central,2024-10-01 23:18:21.952240,8513,94.82042033567755,19.045313205645297,10.000460088747365,24.481650001726344,33.451347806672125,68.14194145287637,38.4663022265635,86.88212755702384
Kisumu,Kisumu Central,2024-11-01 23:18:21.952240,5343,84.6572646961441,34.86358636215736,24.382480655231657,29.578358010999274,45.452660377724186,60.065751265779234,48.240268610641515,81.21613576599191
Kisumu,Kisumu Central,2024-12-01 23:18:21.952240,14312,61.205231094504555,36.149780170810246,14.483794093336712,13.639023397142696,26.074052956744907,75.95651110032603,68.68326012547111,77.2792961744348
Kisumu,Kisumu Central,2025-01-01 23:18:21.952240,5499,32.3072494435553,39.12039567796462,6.757286824315079,30.56177191950016,69.09119578027423,34.36035743513523,80.89663743200245,72.42589873061394
Kisumu,Kisumu Central,2025-02-01 23:18:21.952240,13624,58.24310768839837,32.43053322097394,13.211773413998309,30.839771697565325,44.43162132309861,63.65135289484891,61.884834797391676,44.09183770754426
Kisumu,Kisumu Central,2025-03-01 23:18:21.952240,14416,65.13362301447515,19.912331390717828,15.053298668334833,20.724374525357206,62.314440195463064,34.012822587330376,51.30536292817322,73.24566220143893
Kisumu,Kisumu Central,2025-04-01 23:18:21.952240,2987,78.49918523542986,31.463830331715585,5.290615297336951,26.900919441144595,69.1205094275154,72.19728613904601,76.55072348592175,51.382015945134434
Kisumu,Kisumu Central,2025-05-01 23:18:21.952240,7628,85.94963899868719,32.140531231047085,13.700102743212012,31.935267350877247,61.94029524253056,57.84185711782671,53.06070300452109,56.645224048347124
Kisumu,Kisumu Central,2025-06-01 23:18:21.952240,10838,64.88668391395669,44.37323068374108,15.923050851614704,18.291766698770118,55.672067032407185,60.510446697784154,64.74759559257032,75.25489789181066
Kisumu,Kisumu Central,2025-07-01 23:18:21.952240,5204,78.00257083956853,38.075411823853926,22.596345487833723,17.00293261773128,49.87698668667127,70.90207155104078,76.76994511065043,87.43347818134117
Kisumu,Kisumu Central,2025-08-01 23:18:21.952240,2564,50.05592429332517,17.176163750297164,7.3652029763460085,34.09248931618749,37.50632631416303,59.83205313203866,63.56976770226294,45.84137833900681
Kisumu,Kisumu Central,2025-09-01 23:18:21.952240,10861,52.313926006387945,23.87120797578708,23.856948446794984,12.627816519244947,68.29368377132198,59.99461710500464,45.964218636721036,49.89196619376375
Kisumu,Kisumu Central,2025-10-01 23:18:21.952240,10746,85.90968472170749,30.319249376599487,15.091064371777945,17.191537325948254,60.523108934319794,45.3620539125985,83.17504215775145,62.56394662759311
Kisumu,Kisumu Central,2025-11-01 23:18:21.952240,9397,41.219039745778225,36.31591961125487,18.97826986737264,31.924819461643562,53.04285582487671,71.02737767102319,67.9379098039907,78.21772325469006
Kisumu,Kisumu Central,2025-12-01 23:18:21.952240,5909,74.88490481729602,41.52462344657948,6.917557145191355,34.29925799688415,51.65907891995244,76.90585510387291,80.88019224042417,56.23238452185343
Kisumu,Kisumu Central,2026-01-01 23:18:21.952240,12713,47.42901924878831,40.22947397458137,19.45746692326602,25.644185780417367,38.63037372101839,77.19313255375698,42.174285125346245,66.42641475245482
Kisumu,Kisumu Central,2026-02-01 23:18:21.952240,14175,70.04108106103506,32.88662962468115,8.122641846044571,24.18812084537559,23.93276417822791,70.65789950425935,63.00124691351894,41.789756518568176
Kisumu,Seme,2024-03-01 23:18:21.952240,10944,70.23045050550641,33.29408229846686,6.103745122291551,23.30503326896801,56.80858847445509,31.767741936739178,53.656114603624786,50.61666252542689
Kisumu,Seme,2024-04-01 23:18:21.952240,5630,77.03554217592065,35.53015709945807,16.449787123583064,25.43023503943157,60.37482897653079,39.035060525219805,33.8065041188146,71.41274703943088
Kisumu,Seme,2024-05-01 23:18:21.952240,5820,42.012000475100024,37.617601263541374,14.133403779103483,12.138112494522225,68.5246420048581,79.06808627141322,77.82384199483401,52.21327904377584
Kisumu,Seme,2024-06-01 23:18:21.952240,13355,60.07320409676168,29.279572557358833,5.563839008987117,17.719544141979135,61.08219254840018,43.88906798985316,31.500775888285474,45.99401111502944
Kisumu,Seme,2024-07-01 23:18:21.952240,4810,61.108616767646296,37.39527603300101,11.224939279362856,13.039194240627442,68.87160091206286,61.11252670906433,43.16779656103329,74.0418647877073
Kisumu,Seme,2024-08-01 23:18:21.952240,8329,61.76276546122973,40.29079478127566,16.715633013170994,27.475060367145772,54.50505687550981,62.814699815624195,78.48935272319174,48.70438153850003
Kisumu,Seme,2024-09-01 23:18:21.952240,9628,42.70090897819799,40.64949323309417,11.829542338514258,33.31604306859032,53.5759572398336,39.81181423710312,41.64278857568975,75.61645077683286
Kisumu,Seme,2024-10-01 23:18:21.952240,12486,66.6961225794427,16.65741260847032,15.33962807093259,28.21919841895663,47.84771783155178,57.807450533889906,45.05424856081875,79.76234566903344
Kisumu,Seme,2024-11-01 23:18:21.952240,5621,63.66452105785456,17.495169910309045,17.64464051820807,29.227941931280903,65.38117882920903,49.5193054828038,83.59416764992163,59.46902937037838
Kisumu,Seme,2024-12-01 23:18:21.952240,7567,67.72816952476498,31.20225937690208,16.0520844890869,31.634605661295506,36.90472223849355,27.866515119023603,60.72007386363428,72.8882416478532
Kisumu,Seme,2025-01-01 23:18:21.952240,11809,80.83835643183994,35.26967255596951,10.380966249260846,18.375650324430225,21.80620146061174,35.451539915205984,65.5368082375429,72.32222841029595
Kisumu,Seme,2025-02-01 23:18:21.952240,12299,39.74805726350495,26.84620879752696,11.48517090988083,33.15486115597432,46.61632383076662,73.71675430650389,68.187901682054,73.35423269192921
Kisumu,Seme,2025-03-01 23:18:21.952240,11329,70.35111325335046,28.28727155910535,22.87472011785845,16.920045783444504,58.4503917897683,65.45129136885566,62.75267648183883,61.76505361038376
Kisumu,Seme,2025-04-01 23:18:21.952240,6839,89.81287557478896,42.37775220423259,22.69084919279846,30.455220236141173,57.28537241323357,28.275623181815064,75.14128673041603,70.49245100650276
Kisumu,Seme,2025-05-01 23:18:21.952240,12149,59.3674087003363,37.6257998145192,10.75032924344777,22.669172522789143,40.35696140679701,34.67946238219774,67.21965989940188,70.61297717845275
Kisumu,Seme,2025-06-01 23:18:21.952240,4336,41.79030248782968,41.601904433283714,7.280851499468309,23.891242909400482,65.76799600867147,53.834648201298265,84.06475791402417,63.37190160984834
Kisumu,Seme,2025-07-01 23:18:21.952240,6001,80.17449639224395,19.920248566080005,9.60159936792454,32.66051686794546,54.98627279079613,50.555891666821736,63.05003113924726,63.8622745896114
Kisumu,Seme,2025-08-01 23:18:21.952240,5768,40.53405908557053,16.709379165997262,23.367502018514504,23.315134308899058,57.601217452229704,41.93243704312162,68.1327118093512,86.88411014474937
Kisumu,Seme,2025-09-01 23:18:21.952240,9627,47.39987570856685,22.057002840800966,15.014668734851277,34.695344701617884,43.68388733347629,48.78815030705607,59.851932726351976,69.01205670480078
Kisumu,Seme,2025-10-01 23:18:21.952240,11388,48.5231121596048,42.7714391638473,13.840103901044351,22.246436274568033,67.63111418321112,41.03048297561308,56.53596335341678,55.23038564813231
Kisumu,Seme,2025-11-01 23:18:21.952240,12111,87.24662773839347,35.57263109902513,24.7342718636537,31.35311753285949,31.209557153509387,31.085321331670315,52.70502159653456,54.139156230473866
Kisumu,Seme,2025-12-01 23:18:21.952240,2420,44.269641347313446,43.146651662702034,5.689725615999088,17.102268271499337,23.17052745592556,38.36663227345918,35.38795860243196,88.36840395992604
Kisumu,Seme,2026-01-01 23:18:21.952240,13131,82.47545735831196,21.833018032811474,16.94424615795999,33.78462080277458,52.53354419441948,27.99555953545761,43.602576343265014,79.16710738317333
Kisumu,Seme,2026-02-01 23:18:21.952240,11038,79.20850208924261,42.400001390629455,21.34300313790314,12.111909840565312,25.056059132476047,40.01728258816603,38.813769599712074,49.68262454329132
Kisumu,Nyando,2024-03-01 23:18:21.952240,13270,64.5937588256453,15.636417906214854,9.051036813672159,23.9809640058781,50.753241593023105,46.31943276515,71.07067721959226,42.13717554862093
Kisumu,Nyando,2024-04-01 23:18:21.952240,11659,94.87657840867402,40.81344556747581,10.8484435662312,15.120796776452405,66.46382436401447,71.29235567889195,64.96992083314966,74.83457433924184
Kisumu,Nyando,2024-05-01 23:18:21.952240,5368,71.25937443150931,32.34678728278796,16.417273241012126,26.011214849758854,24.476444189294725,32.67286383325486,58.53007614910901,69.30434926947419
Kisumu,Nyando,2024-06-01 23:18:21.952240,12419,81.03409265678286,18.309880038872127,18.9069133903443,18.980819641103796,38.038634570738935,54.36071524024878,45.830160879327565,57.44432305205632
Kisumu,Nyando,2024-07-01 23:18:21.952240,13865,70.04908928513517,24.622670090972502,5.451534118402814,14.614128683421542,32.60988625016068,60.15748760445881,55.026206584679194,72.17307998440594
Kisumu,Nyando,2024-08-01 23:18:21.952240,4501,56.3542044388722,21.761332183243965,10.354870246325895,28.565891034754145,63.95178048930604,51.72145201091937,65.67282959245385,47.36661855405121
Kisumu,Nyando,2024-09-01 23:18:21.952240,10551,48.42072098773528,28.260368592497127,15.214150364657495,29.200934427282064,69.0017225768153,48.69037451412589,68.3533308019065,61.733261639792815
Kisumu,Nyando,2024-10-01 23:18:21.952240,4517,85.88504449269084,28.44515816505311,6.788607197418861,32.745249412360394,41.88724780889991,43.240738059926485,60.995341073363974,63.18310000407378
Kisumu,Nyando,2024-11-01 23:18:21.952240,2049,93.66029842590859,42.5249024536604,22.14184194861298,27.178411667841246,30.986168405556434,78.56586611008264,32.62933998522115,87.08319338018376
Kisumu,Nyando,2024-12-01 23:18:21.952240,10871,89.14876052576929,19.27355073189183,8.033616606389689,17.986209381813133,32.884039680448254,57.912433565576656,72.95308244710645,45.91205154172883
Kisumu,Nyando,2025-01-01 23:18:21.952240,8617,60.63073687017766,32.400984347865474,22.428710672712214,25.535216682837493,31.69751275747507,35.929900753337954,37.39151793767197,83.89780455730828
Kisumu,Nyando,2025-02-01 23:18:21.952240,10859,34.96253009281611,44.68817813785495,17.73901496813808,30.916397491789393,31.520073647002228,45.042521177588995,39.666462552974735,52.275476962213176
Kisumu,Nyando,2025-03-01 23:18:21.952240,10222,62.252370817254175,25.092110199983537,8.26723766909663,31.99397285570103,27.427287486395073,79.52722153463631,37.28619311449008,60.439520954745575
Kisumu,Nyando,2025-04-01 23:18:21.952240,6256,84.08763328249974,27.77319580829579,19.84493056816965,14.977899278447179,27.153850482608526,77.53534706048299,76.01982747144828,50.65923160398226
Kisumu,Nyando,2025-05-01 23:18:21.952240,8100,46.387928215653574,16.195216577527933,5.83565677240583,19.078351733268814,45.22920965175655,52.40255070764701,37.005546946746335,85.85360811097664
Kisumu,Nyando,2025-06-01 23:18:21.952240,3495,62.52784656950157,24.891467401722906,5.238299761814464,19.887553308241053,62.88173737031295,33.89071400317094,57.544296448117755,73.65751017305757
Kisumu,Nyando,2025-07-01 23:18:21.952240,12773,82.39846690271168,22.252081436968112,20.35814712681327,10.285675191425765,43.77658077132243,60.47251577107781,41.40305093028932,74.69081945388365
Kisumu,Nyando,2025-08-01 23:18:21.952240,10553,33.03971213784322,42.955307290126186,9.496028760935628,13.720570657217584,22.521289303508617,42.252356341613975,70.81083832551755,60.66223939529095
Kisumu,Nyando,2025-09-01 23:18:21.952240,10460,71.8157504457804,30.93896439849817,18.866096450562367,28.31980830233502,44.56205293056131,64.05484761350354,71.22803865028317,81.61171749237175
Kisumu,Nyando,2025-10-01 23:18:21.952240,10862,49.80749808024851,34.5756091252628,6.889916853891831,27.595019179703993,27.753521411489608,26.63430561044522,77.75745534604825,57.257990323156235
Kisumu,Nyando,2025-11-01 23:18:21.952240,3889,82.47766494163912,22.51060184798802,15.417143033815472,10.053717418157953,26.66912305134281,25.851912148554156,79.7838309604432,55.97565772076848
Kisumu,Nyando,2025-12-01 23:18:21.952240,12777,66.54024600493608,38.69962358456418,9.857531542768507,16.98445660705928,35.15984178239469,25.472734931632253,64.18836082001044,79.17769685457938
Kisumu,Nyando,2026-01-01 23:18:21.952240,7151,50.809340711124335,22.867973091633342,6.3238832883245255,32.762073469257786,40.563002181011704,66.41443885284767,74.72074371752291,53.989149099584495
Kisumu,Nyando,2026-02-01 23:18:21.952240,4952,93.45264887992758,28.71311248296187,21.28825567808135,32.329196636766966,45.3931639649366,33.83665224443992,47.53920020517194,64.0867090145384
Nakuru,Nakuru Town West,2024-03-01 23:18:21.952240,4624,61.77465003523551,30.009411391447873,11.860694258992904,32.40341798310709,61.71997578633426,74.02817960019223,62.339235273903604,47.79112494414473
Nakuru,Nakuru Town West,2024-04-01 23:18:21.952240,2356,72.37915789600424,24.213746651860063,20.10896837319521,30.894810858027153,69.66119482087782,32.70851411388566,31.164881584019618,45.32662498548518
Nakuru,Nakuru Town West,2024-05-01 23:18:21.952240,3982,89.35296262410961,38.63603697450978,12.693231952890368,12.913325765514749,58.334142887076204,47.22039246716078,48.52009149132004,74.31805271000165
Nakuru,Nakuru Town West,2024-06-01 23:18:21.952240,12350,48.85555060017212,40.21797588060349,12.54396233863118,29.13743448605116,33.63103809890287,38.88389315235418,58.432555407248756,89.89419832260789
Nakuru,Nakuru Town West,2024-07-01 23:18:21.952240,9039,35.47482498496168,22.442035787553216,22.11980048826858,17.4345603599484,31.880616529478104,46.50720739799254,64.5415349448758,53.054779272359994
Nakuru,Nakuru Town West,2024-08-01 23:18:21.952240,8775,60.21670449492267,32.35745595467805,7.245421454252828,32.01391589478081,26.348570142238025,36.581751500376896,76.12324188638074,56.982257780018344
Nakuru,Nakuru Town West,2024-09-01 23:18:21.952240,10465,78.7449506372991,29.34916227823183,5.799918706705909,21.015190371991636,33.344123986142094,51.494971646187324,68.41560704661691,41.47056129369268
Nakuru,Nakuru Town West,2024-10-01 23:18:21.952240,2965,92.13297909252786,17.914908814532033,15.9252036690676,15.976501910576435,30.57222610031353,61.99973995004033,68.47602976850561,45.079318192103614
Nakuru,Nakuru Town West,2024-11-01 23:18:21.952240,13219,80.64498093916644,41.90549534965152,15.378476803337067,16.519146720078417,35.63999185000103,39.08220814880577,76.46394897297247,48.361993057500605
Nakuru,Nakuru Town West,2024-12-01 23:18:21.952240,4550,54.949901371905106,27.56123749020975,5.448286226739636,19.584033554589002,52.13837882826776,42.51909690929688,66.91578595913055,57.55965261177123
Nakuru,Nakuru Town West,2025-01-01 23:18:21.952240,6698,75.21738433562433,27.33917558401764,16.6330033727792,21.922850308885593,60.475632020250565,39.51384088709095,61.5532505216356,77.69031581975725
Nakuru,Nakuru Town West,2025-02-01 23:18:21.952240,14852,33.32896941535242,35.17552205891091,12.069359371345048,21.39335494880767,21.923092358895474,70.41724897445364,84.3031877497428,76.4126234128288
Nakuru,Nakuru Town West,2025-03-01 23:18:21.952240,6902,78.32041308284077,30.467639498122324,16.673733370064728,17.54421183815726,47.965545020490275,58.36333632961437,30.331553260490274,47.33305143276529
Nakuru,Nakuru Town West,2025-04-01 23:18:21.952240,5009,37.556344815092906,32.41260147234844,15.224713049452053,30.910289984401437,32.63944683345312,66.4478071924712,37.82013844239005,67.71183373856005
Nakuru,Nakuru Town West,2025-05-01 23:18:21.952240,13200,88.06329694089662,44.52459255285147,15.123078803549138,23.417710100734134,59.08196537649006,27.9127340806708,44.18665860449937,68.02015294805983
Nakuru,Nakuru Town West,2025-06-01 23:18:21.952240,3240,79.85367248186958,25.039972974065346,11.976057183109546,20.371415361220926,46.19335033367523,66.37166873287977,62.717397952774114,42.334388299197315
Nakuru,Nakuru Town West,2025-07-01 23:18:21.952240,14383,89.34168651725767,42.45332961375432,8.775075498935951,26.67417485962286,25.68134830693397,67.2489019471484,76.82958089390159,79.14752794575168
Nakuru,Nakuru Town West,2025-08-01 23:18:21.952240,10504,43.10073538967086,25.382678784658243,24.921054039944718,28.601358307745397,42.6265439801101,55.19562515426098,45.48381787928154,59.20163537495349
Nakuru,Nakuru Town West,2025-09-01 23:18:21.952240,3513,35.754962904823465,26.13133797614968,19.143909702480975,27.20563772029081,27.932755023170568,77.64402470161787,54.21254096391152,47.55780073948759
Nakuru,Nakuru Town West,2025-10-01 23:18:21.952240,5624,69.4269729854312,18.706173820633573,10.453490310756916,11.173316969005528,47.99801879030092,52.273761978291574,57.333995089449246,79.81140961596262
Nakuru,Nakuru Town West,2025-11-01 23:18:21.952240,14298,77.15598465725432,29.334877921774797,6.173193544505566,13.436123855652548,57.4417597840136,74.53261719239876,37.73826094775848,85.2148326889023
Nakuru,Nakuru Town West,2025-12-01 23:18:21.952240,10562,69.59955414867153,41.41334292519076,16.272069290932052,13.082972351225592,30.825822511025997,74.5498640018526,44.31693092890017,50.053687926462004
Nakuru,Nakuru Town West,2026-01-01 23:18:21.952240,2466,91.3349632530632,27.482582783626682,12.105049132419389,16.377982921979992,52.47069137382877,41.70667956483955,39.83296737578537,55.16563486710892
Nakuru,Nakuru Town West,2026-02-01 23:18:21.952240,6848,31.421000743843216,29.131612345848477,23.509696436766,31.40019169444489,30.151454638403912,36.15893526624256,84.64854556177002,46.166270662265035
Nakuru,Nakuru Town East,2024-03-01 23:18:21.952240,5860,78.34125509969729,28.266371901826236,17.203752400566877,24.981739648369967,29.91586226565672,70.60501173511037,43.30203600927459,78.49871597044769
Nakuru,Nakuru Town East,2024-04-01 23:18:21.952240,6249,62.622817384811846,20.555530970321655,20.698527316771965,22.563822624790863,59.976755470532616,34.369573407155436,52.17326748397879,74.935375976102
Nakuru,Nakuru Town East,2024-05-01 23:18:21.952240,6434,48.70986459320716,17.201475587581733,13.45789988391688,29.73842554910917,27.092444653683234,49.242336442028574,40.00860084351224,87.7292581469357
Nakuru,Nakuru Town East,2024-06-01 23:18:21.952240,9765,33.3837990383441,26.37297138580047,22.530011397383674,34.58412878467867,42.16961083693553,43.707335538556805,48.35318858984559,57.14695386276738
Nakuru,Nakuru Town East,2024-07-01 23:18:21.952240,9367,53.9482344770056,42.93014016222381,14.77148097435094,32.32306001809121,24.974955354909927,30.470620556875193,34.185730625618135,81.98877365591034
Nakuru,Nakuru Town East,2024-08-01 23:18:21.952240,10765,48.61280793400297,26.283919613306168,8.568374946972295,29.675509214320634,66.20525154422907,31.925919622279853,67.99013962502427,57.84300412811972
Nakuru,Nakuru Town East,2024-09-01 23:18:21.952240,11979,33.62753017275355,41.8566313436857,13.298420151268964,30.90393921452343,32.96319995372892,36.05128973664219,81.96585955898766,53.82024682242802
Nakuru,Nakuru Town East,2024-10-01 23:18:21.952240,12629,91.29035825708243,21.327616322111425,5.674796724101448,25.310629128387088,49.49589801049548,41.501017976340215,46.051921547047606,48.83649262355456
Nakuru,Nakuru Town East,2024-11-01 23:18:21.952240,10883,78.62868048837794,38.24155146440978,11.527536798254099,18.92878518789039,24.183618753657413,53.8869027732522,34.17192457858212,79.00844886659013
Nakuru,Nakuru Town East,2024-12-01 23:18:21.952240,2223,78.9040610404679,31.764704212090344,5.9781561832957,17.213250095404458,64.81581166045751,28.45694974848838,81.93310056590161,82.60249020448104
Nakuru,Nakuru Town East,2025-01-01 23:18:21.952240,13922,49.26294320371784,19.21686442882459,5.245290141171328,24.0351594714928,41.45637163996561,32.191580879414445,30.580301173291993,55.49598323765987
Nakuru,Nakuru Town East,2025-02-01 23:18:21.952240,13887,94.80829505636049,35.408413545108864,18.108285239813153,23.98359619313868,55.40883992907332,52.4231973206622,49.69164522817876,48.235431104902524
Nakuru,Nakuru Town East,2025-03-01 23:18:21.952240,13001,36.25973726991097,18.18199596753756,21.35934062441711,20.334608188399308,47.166014124061235,79.47080167411406,76.87795427653342,58.49081688517316
Nakuru,Nakuru Town East,2025-04-01 23:18:21.952240,6169,69.88099992404717,38.30861594459613,10.521449738865767,13.595585414620775,21.566110743421678,34.704507580052834,79.19444629089568,44.31406660194263
Nakuru,Nakuru Town East,2025-05-01 23:18:21.952240,3599,58.2788207276228,22.631614531743992,7.506161503539861,10.083480399122655,44.784450508437885,26.74273933179818,52.73470000967862,85.77513504446071
Nakuru,Nakuru Town East,2025-06-01 23:18:21.952240,7660,76.27283403465158,17.859167553097087,24.842571074652135,10.714749844146425,41.836277783218975,78.35257499394133,41.790339673938796,63.001316085186
Nakuru,Nakuru Town East,2025-07-01 23:18:21.952240,9556,48.566314648629564,17.24366333418005,17.23203221453267,32.08622723845089,52.69059759082554,27.353437563712983,83.86548687912429,85.33903347221941
Nakuru,Nakuru Town East,2025-08-01 23:18:21.952240,5855,85.17517453408423,26.449788349649282,9.402005904271336,14.475888985449654,44.68360824182986,39.860668617249246,34.4023673178882,63.18876681634869
Nakuru,Nakuru Town East,2025-09-01 23:18:21.952240,9488,78.76658085744782,31.83553096571911,13.969945430321193,25.56109301347213,53.077347208265934,61.62791551143111,65.8956282074013,82.02433781337982
Nakuru,Nakuru Town East,2025-10-01 23:18:21.952240,6038,43.52044550828877,35.4284263212523,6.739107546882881,21.578300685346285,53.21720940401376,33.47047440577531,76.74076652895832,76.87559343888631
Nakuru,Nakuru Town East,2025-11-01 23:18:21.952240,4164,34.446052908254956,18.989138366579734,23.65325248724863,27.716264833353968,56.59648490861092,46.8165611653199,78.32825397307701,60.30490213949593
Nakuru,Nakuru Town East,2025-12-01 23:18:21.952240,2324,52.63103748865686,29.51517470058058,7.694803688050884,20.17757730721447,29.082234096074025,45.337681796128834,30.4197499414494,58.65561016013432
Nakuru,Nakuru Town East,2026-01-01 23:18:21.952240,6917,68.11803204766781,18.546931704236275,5.662324211246963,13.536783872267025,33.405701358293314,26.25332439043992,60.986876661070625,77.07694359750809
Nakuru,Nakuru Town East,2026-02-01 23:18:21.952240,10812,66.88499610189427,26.251225699256878,13.27646168767705,32.32353363633831,52.687320734645475,32.37160795220403,58.27806642070968,85.97170847581359
Nakuru,Bahati,2024-03-01 23:18:21.952240,9311,33.16483345710781,43.48883935349096,22.212941845664446,27.05523555399864,40.727164230920394,25.888778012628332,78.83073266812738,58.7949626699119
Nakuru,Bahati,2024-04-01 23:18:21.952240,11131,57.67830837586169,15.848277648511734,5.887749956644526,31.30122459094281,59.29230400087545,29.500060912970962,39.506668077468994,60.40639995933988
Nakuru,Bahati,2024-05-01 23:18:21.952240,7150,82.35561122825747,42.656543829535785,9.05025906866259,34.810081847149746,22.2936033152571,41.69100138638244,47.95111987195568,61.450903671187874
Nakuru,Bahati,2024-06-01 23:18:21.952240,10317,63.228109755450795,31.286258781030064,13.814818867234365,24.407075637867678,49.69490687470245,66.2122517393065,70.29774035824998,45.292629740988986
Nakuru,Bahati,2024-07-01 23:18:21.952240,3466,61.42590055090712,40.17869589169801,20.561575864225347,34.93951505424312,46.07166315953522,36.67184528039975,83.28333607994048,41.98071409719348
Nakuru,Bahati,2024-08-01 23:18:21.952240,7715,60.09069721998565,38.32168801024835,16.09342626416931,15.216015505918396,22.7565874045223,37.975377060000596,82.47646905417963,70.03437835541546
Nakuru,Bahati,2024-09-01 23:18:21.952240,7280,36.179671445931916,19.407535402297782,22.82326089745267,29.848243059632853,48.22553114005807,79.69044927671135,69.26532744024641,84.503134186339
Nakuru,Bahati,2024-10-01 23:18:21.952240,5722,47.204255075100725,27.967954381229255,12.18137245838845,10.776263590909295,50.05978153962259,49.44424257909324,74.91067004731468,47.976528045890625
Nakuru,Bahati,2024-11-01 23:18:21.952240,7844,31.592111493617885,27.901991443507384,6.896766616246611,18.620376330120607,25.947585478347186,37.97676329149882,64.4561578235143,51.674756672800015
Nakuru,Bahati,2024-12-01 23:18:21.952240,3024,31.647211911591317,44.86497195884075,12.199804086205166,25.71414751228587,62.447724895957855,64.95107287553995,56.56015197716905,80.75496543421717
Nakuru,Bahati,2025-01-01 23:18:21.952240,9331,49.840900429260145,33.087523109230254,12.845239542231843,32.68883776249341,20.540302319036908,49.30593456683872,79.57616585394706,74.83165402677375
Nakuru,Bahati,2025-02-01 23:18:21.952240,4332,69.38141524133285,18.806576848194066,14.096308229018499,21.103484363794646,52.57263695531252,39.82211224345029,58.032042334471626,75.10892211392401
Nakuru,Bahati,2025-03-01 23:18:21.952240,5481,54.57214519848084,42.44783064549323,15.73652078809842,18.773392250014005,29.14606032362381,47.29640894848042,68.4025540437718,72.2572734551892
Nakuru,Bahati,2025-04-01 23:18:21.952240,3449,86.53601660017307,19.139857553598468,20.2339382797097,24.260133457016153,50.06195222665109,70.91523045439106,34.122182183974516,75.26181500313396
Nakuru,Bahati,2025-05-01 23:18:21.952240,3617,66.09995933435252,40.986232601220394,20.503576951374338,32.38486796656899,37.722455852781216,63.810899290775865,69.43764394088834,50.63128869957541
Nakuru,Bahati,2025-06-01 23:18:21.952240,9390,58.56724454831709,30.120723411179682,10.748864857293084,25.11052243789672,55.54591246656155,75.65047899648425,36.28147094626269,71.04122877730694
Nakuru,Bahati,2025-07-01 23:18:21.952240,11395,61.404892336716955,33.53078804367945,8.879194158237588,31.315113327593043,23.033320238625052,44.736108808182465,49.05734124134882,62.012719382418084
Nakuru,Bahati,2025-08-01 23:18:21.952240,5614,33.82328948571071,19.881099403879425,8.241497588868432,34.287126197298136,30.574457945101045,68.83449618545669,62.753848819209736,87.79150661348987
Nakuru,Bahati,2025-09-01 23:18:21.952240,5776,33.970443264278366,33.08070748884835,5.241082360609206,11.208231825729191,34.12599295334449,74.14361131372732,39.152289206808184,69.88105190068833
Nakuru,Bahati,2025-10-01 23:18:21.952240,9819,85.09048828232228,43.15129982350146,21.266727036476688,34.76081740697124,67.89645990063384,46.166516212408226,42.67145355116145,78.30898524822254
Nakuru,Bahati,2025-11-01 23:18:21.952240,6901,72.14620852927501,41.48468873381226,19.366114309738805,26.229000448457313,31.30518443434606,59.29203642100539,43.727127861886665,42.9006633560756
Nakuru,Bahati,2025-12-01 23:18:21.952240,3251,48.10786088972572,40.41530602209233,7.665500057458536,33.56740695149825,44.79354677659093,63.78402969041193,74.99183720414254,79.69097533245082
Nakuru,Bahati,2026-01-01 23:18:21.952240,4084,39.233311010818035,25.899530285044783,8.269207796507425,28.802680447365656,64.75878308199216,77.81668063967163,77.58210303391866,50.06116879911929
Nakuru,Bahati,2026-02-01 23:18:21.952240,7683,87.25291591061138,35.89600572976383,6.942398184108964,11.037680867786065,39.74144818144215,66.664050291158,65.78839899956967,55.828776500635634
Nakuru,Gilgil,2024-03-01 23:18:21.952240,9727,84.31678592857465,27.672625969009665,6.341654668579606,34.90534514431559,23.15658441227481,28.813680881825178,69.05077276970471,87.45610330916458
Nakuru,Gilgil,2024-04-01 23:18:21.952240,5196,89.65247744532462,15.115878269674655,15.78383086424093,34.59666410989705,63.028410180430996,42.20064791551298,71.68700797822413,65.17771657670292
Nakuru,Gilgil,2024-05-01 23:18:21.952240,7596,38.62893196356301,17.471224327880698,5.437151544598566,15.813352134444644,42.99303906110221,51.213187004568724,57.22776294887562,53.49527617604953
Nakuru,Gilgil,2024-06-01 23:18:21.952240,4891,41.333611922835054,25.172680684720124,17.59610779366075,15.622004818879129,58.324222215342544,77.40196400339927,57.453159050435254,75.42478642645608
Nakuru,Gilgil,2024-07-01 23:18:21.952240,10502,75.87163348957702,26.069685018804385,24.2484250700494,17.813594086634822,35.95916148085811,40.879857608352275,57.18030916235348,85.89852091146574
Nakuru,Gilgil,2024-08-01 23:18:21.952240,7724,71.74059202118096,40.68716061523733,8.10227278370957,19.249197299139517,42.09758323308171,25.112526031853996,50.66441562146166,82.97940050266631
Nakuru,Gilgil,2024-09-01 23:18:21.952240,2052,69.82830595388486,44.18055873065795,18.35352171159481,11.347261449237756,35.41813575393269,77.46811346343517,75.27644308766796,50.03525957433068
Nakuru,Gilgil,2024-10-01 23:18:21.952240,7200,74.84586508715662,39.08785614094222,20.06084700904782,26.37118395818443,32.659443095559034,46.80183702277506,44.991054889767305,68.77706750635198
Nakuru,Gilgil,2024-11-01 23:18:21.952240,13055,66.91533752159117,34.29383089859941,22.444691145082007,26.592654441678384,28.13649009043944,31.666348599367367,50.227556716538516,79.20046234355033
Nakuru,Gilgil,2024-12-01 23:18:21.952240,2616,87.95667386262005,21.99816928156032,19.434507532472253,31.760956567863268,45.4342492641375,66.79119232531858,79.82645550220474,71.68072283446988
Nakuru,Gilgil,2025-01-01 23:18:21.952240,3158,61.47502483240976,21.17697054226867,7.9232317254519335,31.414189229934156,61.886537252729994,47.454023415084016,78.5038609185652,46.918285121701366
Nakuru,Gilgil,2025-02-01 23:18:21.952240,10366,65.73341148495541,21.326504271054716,24.313049196552818,12.95844827934198,47.008428729495364,56.97857065326624,66.58422677514213,70.19747438292423
Nakuru,Gilgil,2025-03-01 23:18:21.952240,6562,62.193464952207236,32.439842497477734,23.898596826922248,16.9347213149185,23.264728429278396,60.627195649485266,46.89444386890551,43.92487402511168
Nakuru,Gilgil,2025-04-01 23:18:21.952240,13133,75.09477165300359,16.182435079853363,18.570430692395327,22.58384415717916,32.076668516388764,28.58728480310093,39.51985260898859,59.21122817559744
Nakuru,Gilgil,2025-05-01 23:18:21.952240,12545,43.92873592416073,22.167580354437554,7.6682151669631615,11.159562340570783,42.677187282358375,60.921889204828005,80.05598767037071,51.71742209965056
Nakuru,Gilgil,2025-06-01 23:18:21.952240,8698,71.2419196531043,32.98251460060945,13.842509744213949,20.835234247563072,21.376108582098095,76.7967923549968,78.15000895440105,49.12883174744743
Nakuru,Gilgil,2025-07-01 23:18:21.952240,5129,52.41788619315089,28.638249568972157,10.519081605608731,23.41278380986156,51.6521254176928,70.64799824899748,42.771829086355204,57.24273564710383
Nakuru,Gilgil,2025-08-01 23:18:21.952240,2623,74.77508189450631,44.199616141106574,6.301424248735257,12.849224106673425,22.82494637009867,47.37542542478661,41.02623899037798,66.38398609898223
Nakuru,Gilgil,2025-09-01 23:18:21.952240,9769,47.519436405250026,25.141826645952868,7.302857019114414,32.364577573877995,52.89563228592845,74.92529363436734,46.99026384611327,79.15198974880775
Nakuru,Gilgil,2025-10-01 23:18:21.952240,6691,61.90141600360617,41.6692626669961,16.476966118478863,26.912393263613907,50.839571189022266,26.447461800643715,33.23607678646498,42.26561523402367
Nakuru,Gilgil,2025-11-01 23:18:21.952240,4033,84.7904258766044,37.88024675836663,22.048482562537536,27.84373272553154,45.36472973654888,77.87619495260726,73.08501209127196,68.84267004841006
Nakuru,Gilgil,2025-12-01 23:18:21.952240,11219,43.386754546043356,17.079024259961336,12.236713801482974,18.874372259413846,58.6890650936794,35.778833061660585,44.899494568245984,54.76147037907598
Nakuru,Gilgil,2026-01-01 23:18:21.952240,11346,60.8958662648018,43.6436886796679,24.219914423453954,12.936787031473646,63.66047652162269,26.03676761582562,48.29694145641438,71.90535115721329
Nakuru,Gilgil,2026-02-01 23:18:21.952240,4319,74.09878054999052,20.89261858094673,23.623242472018116,10.456739919291365,47.65419417465367,79.65564504238344,69.2121000775114,41.410538553830264
Nakuru,Kuresoi,2024-03-01 23:18:21.952240,6505,39.44569137219429,44.96467673834408,21.122331806543187,25.966945208828303,41.963268488033506,73.59037178233898,83.53571273947668,69.6662702291595
Nakuru,Kuresoi,2024-04-01 23:18:21.952240,12616,84.75314741991053,39.30892643877074,23.08579646055567,21.5122095078922,22.909178365013698,35.02629967092037,49.50749224640191,80.38123704602705
Nakuru,Kuresoi,2024-05-01 23:18:21.952240,11774,62.487605605015695,28.772316776091827,18.83224946547836,32.83268274361653,21.460242933637357,75.91484335529451,81.30524144197119,70.64752321279502
Nakuru,Kuresoi,2024-06-01 23:18:21.952240,8437,61.76439996552769,42.272336612303846,17.17302437879351,28.619467281991632,63.80540097459597,75.35678902192716,37.005252331338255,41.47548160629385
Nakuru,Kuresoi,2024-07-01 23:18:21.952240,5442,53.24270923636389,25.819726682237135,11.917549266866557,11.36608772319901,50.55975652330592,71.08667830288528,62.98803074307735,81.52746647760577
Nakuru,Kuresoi,2024-08-01 23:18:21.952240,12442,33.93121410461819,24.97091834647607,7.512898290461734,12.210122198772883,32.06165353622819,48.01766040101104,54.62528688995903,87.64463534247521
Nakuru,Kuresoi,2024-09-01 23:18:21.952240,4291,36.777304781568795,20.05017459613503,14.964492775894914,17.833135332824824,49.779047261680034,70.83159523935109,33.65013891367586,78.45160772350847
Nakuru,Kuresoi,2024-10-01 23:18:21.952240,2354,88.92064135570126,38.7051960002766,18.507228604869933,27.891961243513936,56.29598357170729,53.20571194681203,33.25671724496836,57.65976120753122
Nakuru,Kuresoi,2024-11-01 23:18:21.952240,12769,65.40627566948103,21.319191056516768,24.55051526691547,14.090808397597426,68.62525420879899,35.61204326007379,78.94415429430413,43.39902966371429
Nakuru,Kuresoi,2024-12-01 23:18:21.952240,2325,63.563509061813484,22.20219746701617,14.731000262276996,18.937749554643553,44.03088636843434,26.547112785685126,53.301897222810354,59.87956220314602
Nakuru,Kuresoi,2025-01-01 23:18:21.952240,13994,47.5371074499231,22.964238124922392,5.917178999940358,17.440525004305456,48.569685471053695,62.1292526252389,53.41361033037808,45.79334902922729
Nakuru,Kuresoi,2025-02-01 23:18:21.952240,14178,65.84476005958732,36.29784052717376,5.338088741304015,19.34311404097744,30.458338294966865,50.95673773007137,39.517473459318026,63.16853800562133
Nakuru,Kuresoi,2025-03-01 23:18:21.952240,2112,71.78933272055437,23.130754372696387,5.842618250230243,12.634546574167738,27.30051414036818,76.65262648709741,68.87126014144363,78.86530414784292
Nakuru,Kuresoi,2025-04-01 23:18:21.952240,3359,71.73432121331086,32.66751515964653,8.421120789178435,19.140506333193965,54.34921649194764,50.89030264467441,80.21655804407087,51.27820829631034
Nakuru,Kuresoi,2025-05-01 23:18:21.952240,4735,40.50604542066811,27.070939780691738,10.881045201316246,31.998809084985368,51.76590084441651,75.72619149797066,84.73306107944856,46.78517253349901
Nakuru,Kuresoi,2025-06-01 23:18:21.952240,11526,66.36052551242469,35.25903162157015,12.279528918011318,22.52979090148156,44.113339767736015,36.592073557969705,72.57965569709921,68.22999811402379
Nakuru,Kuresoi,2025-07-01 23:18:21.952240,7841,61.6257906082556,18.5787013816982,7.4944145695984155,10.408128283754088,66.74622337699498,44.87803916581352,47.70452568057928,65.6341722221703
Nakuru,Kuresoi,2025-08-01 23:18:21.952240,12070,35.961217118229484,27.587390511609396,11.195811553495695,10.231102774659576,48.36900434367851,76.02562162564654,62.12070566490792,50.394974007848845
Nakuru,Kuresoi,2025-09-01 23:18:21.952240,3701,77.43869050163819,30.115554022086982,16.870856845530646,33.13716012276933,46.12638321828817,75.32862368639084,62.081471012788285,51.63648919368844
Nakuru,Kuresoi,2025-10-01 23:18:21.952240,10303,83.80276068089097,15.928635978821097,9.72419986324726,29.6445164820718,55.471995038781365,72.79389730344158,67.71313760231648,48.325397991625664
Nakuru,Kuresoi,2025-11-01 23:18:21.952240,6832,42.843334956186744,36.25080465845809,21.34673133106674,15.297910274007542,63.064536637319904,35.88488967343835,58.34221966943862,60.362832169197056
Nakuru,Kuresoi,2025-12-01 23:18:21.952240,7929,79.14738801430117,42.58540404933346,8.653882289552149,15.59411994852799,24.274429926250683,55.06714429930234,64.61401628387134,47.32488532722763
Nakuru,Kuresoi,2026-01-01 23:18:21.952240,4358,86.08118113371626,16.373096356216383,22.35598124798436,26.901350609902327,37.39623235756315,78.45778750135763,74.48036909493999,84.61430309717635
Nakuru,Kuresoi,2026-02-01 23:18:21.952240,7714,50.07054097443833,25.413708016965707,18.704686822522376,32.463122470949514,21.015564249539374,67.80806795935976,57.82257238712759,67.37287683061848
Eldoret,Uasin Gishu,2024-03-01 23:18:21.952240,4569,78.7983426089746,30.928655552602457,21.948007892640153,10.144420831009654,55.33676335798918,76.1358955018155,74.63332879844623,58.39131039132577
Eldoret,Uasin Gishu,2024-04-01 23:18:21.952240,2312,44.05061116831608,41.97240032306425,8.173273711817844,17.32014483522809,59.38143705820549,44.825759296443515,59.29319288764699,60.24026620924241
Eldoret,Uasin Gishu,2024-05-01 23:18:21.952240,4053,36.56481755680491,41.5846900288726,19.552028123043485,25.389288645933203,25.56608891515871,60.10956253054866,82.02584540525507,50.744016645425496
Eldoret,Uasin Gishu,2024-06-01 23:18:21.952240,5225,35.35820801681022,43.432496647377434,20.403380462828537,30.492442899825967,69.66839851832952,26.453152780896403,33.93238937952119,88.8017194685509
Eldoret,Uasin Gishu,2024-07-01 23:18:21.952240,9657,49.396942969118136,16.11431480203825,8.406124725499044,17.976866529132366,59.819126998681256,49.53476564169077,59.42726750093545,67.81011744039506
Eldoret,Uasin Gishu,2024-08-01 23:18:21.952240,11318,93.68065094626596,31.307103209519656,18.063162478782903,13.98858741934687,54.84861293317019,65.86826253520621,46.879877522859196,68.84928751524143
Eldoret,Uasin Gishu,2024-09-01 23:18:21.952240,5568,74.01955600993338,20.54681043661371,13.298959720866977,16.04251017513745,59.70941435537907,67.33140163472905,31.65995763937567,67.46865684864588
Eldoret,Uasin Gishu,2024-10-01 23:18:21.952240,5278,93.26048350925072,29.248068655875493,19.959482108740374,13.524408282693333,45.63851329734183,48.8379511857848,75.3139020937233,88.2160794199437
Eldoret,Uasin Gishu,2024-11-01 23:18:21.952240,11954,80.21886144136417,22.28308339942848,13.225134234018249,18.239811018603667,39.88312561653036,51.28047865617472,59.25131864180461,63.33160578709372
Eldoret,Uasin Gishu,2024-12-01 23:18:21.952240,13002,45.9357135199311,35.79978324151118,8.638135026209646,11.555283923011702,53.86482771231508,61.7176010812933,71.93053876588029,82.98538434947636
Eldoret,Uasin Gishu,2025-01-01 23:18:21.952240,3275,30.047535178572886,29.752447851322014,5.864244238525991,32.43946830249012,40.27652613940154,68.97688232010793,41.17173919612523,45.664341190469926
Eldoret,Uasin Gishu,2025-02-01 23:18:21.952240,5222,38.489924876546254,18.06755409792166,11.964519797631102,13.248361672011697,42.12507179004208,75.9805782815707,43.39286612216517,60.26840668795172
Eldoret,Uasin Gishu,2025-03-01 23:18:21.952240,7509,84.40010761108329,42.8062772072786,16.403985331301733,25.672057885880072,21.49380955203977,66.72734650051446,33.15985772703379,71.39841779223968
Eldoret,Uasin Gishu,2025-04-01 23:18:21.952240,13274,53.567487158649946,18.376434965156065,6.4355580013848535,20.047323922785623,56.706903724672365,29.656646138938452,36.80630349883421,89.4872040480613
Eldoret,Uasin Gishu,2025-05-01 23:18:21.952240,10332,88.8187500865628,27.130591988443783,16.98348379037305,29.404461101480848,54.39767508122915,52.89375931102421,58.29172532599648,83.54918425768821
Eldoret,Uasin Gishu,2025-06-01 23:18:21.952240,12164,84.48905242362116,39.474286150118786,16.11655891646365,21.52896776202526,66.62207116858823,31.55784489101707,71.0517221429344,78.56970186876694
Eldoret,Uasin Gishu,2025-07-01 23:18:21.952240,12907,37.744691604638504,35.579876088069,13.906030208021205,13.750385025440822,24.0410103141708,59.072838890172164,36.153004098559,60.42319470920085
Eldoret,Uasin Gishu,2025-08-01 23:18:21.952240,3422,45.997347786234634,38.42137040761429,12.788248588923254,12.067115974371672,35.61810941154981,45.013259520481284,56.764543950405,82.54479605869989
Eldoret,Uasin Gishu,2025-09-01 23:18:21.952240,6472,70.28292964286058,40.89064992489682,5.95621333098713,30.283931108829954,52.62295805527095,59.14345118389541,56.341956246555874,51.698151474609766
Eldoret,Uasin Gishu,2025-10-01 23:18:21.952240,10365,43.507280492670205,42.31485127502074,16.665426526802744,21.746676751455976,39.84917573835898,36.802683843598246,38.325573757381136,50.699744260700825
Eldoret,Uasin Gishu,2025-11-01 23:18:21.952240,8936,83.27527543059404,28.547399520719473,24.234551026623553,23.975692836895746,56.57781619351571,27.51992255893199,62.666078675776234,70.975840497098
Eldoret,Uasin Gishu,2025-12-01 23:18:21.952240,5888,72.24267494407005,34.290102581440706,17.147837747449834,14.004707566777164,26.18883832003546,32.85103941022939,82.63587631573809,89.22986311902892
Eldoret,Uasin Gishu,2026-01-01 23:18:21.952240,10729,92.80015944373605,15.842231854583893,18.552844958823123,23.819660518186467,43.86188371456592,36.52274767601693,84.70998860464815,85.70470744499076
Eldoret,Uasin Gishu,2026-02-01 23:18:21.952240,14703,93.50543266344397,31.35746584995858,24.126924925742056,21.397976871000907,45.59085125481654,45.29745571873733,67.16283778395218,76.44204280157084
Eldoret,Moiben,2024-03-01 23:18:21.952240,10299,78.57062875668072,41.062347568930804,7.291516345788307,10.452207577466684,52.7338465630609,39.979881469544075,75.98668965512607,65.44109107677852
Eldoret,Moiben,2024-04-01 23:18:21.952240,7393,76.12880516744028,32.717478419285705,13.136140386559532,33.50817919933476,33.3412776903164,48.483305388386825,76.98238472793153,55.60045267887295
Eldoret,Moiben,2024-05-01 23:18:21.952240,12039,87.03431286780256,34.66367408914157,5.937113342227622,26.634985190714133,27.828954241006286,41.95701013267538,66.8627530202605,48.61092037923211
Eldoret,Moiben,2024-06-01 23:18:21.952240,14878,56.859822008400585,26.48927702110204,13.948198337472228,24.3057192699383,30.213673962204595,60.57689105541494,53.938511216089026,79.71762782600229
Eldoret,Moiben,2024-07-01 23:18:21.952240,11409,93.71939328196655,15.69381491317467,11.795184081011474,10.338419790065988,27.39348101804535,31.786757225675288,33.513399358699715,83.83372485557695
Eldoret,Moiben,2024-08-01 23:18:21.952240,8984,41.304943404718266,41.465212399456,20.766914291371705,19.22757392907906,53.77326996920751,74.61599970192714,73.79981479502584,79.25485225510752
Eldoret,Moiben,2024-09-01 23:18:21.952240,14124,59.95564230535072,39.62904296985044,15.069569012834265,24.89724437999304,62.012330759983655,71.38817740340208,77.09301082972353,48.60958176105417
Eldoret,Moiben,2024-10-01 23:18:21.952240,9898,75.43913948584641,28.777851021977625,18.527417910133224,29.79046750847809,29.712549421480865,26.73697963370379,79.11658195036722,41.52926758842876
Eldoret,Moiben,2024-11-01 23:18:21.952240,5023,76.7865914826846,17.958146516143977,22.916793847349773,14.219286031397605,62.033234261267836,55.233680099385346,30.242811117239306,55.10456054101787
Eldoret,Moiben,2024-12-01 23:18:21.952240,11856,80.40458955730466,30.96552050926253,20.35181226258139,26.017061732778384,62.730497325526215,43.935720512167755,46.4556905413433,73.27436537944857
Eldoret,Moiben,2025-01-01 23:18:21.952240,3503,65.20417105739077,23.313486652082453,5.0029433332532935,28.992688371052786,38.2985740173783,76.98275885322658,34.54478967617514,42.25591455504454
Eldoret,Moiben,2025-02-01 23:18:21.952240,8455,54.04281009545883,23.348907325616985,16.597679563219643,20.444183246137605,38.53398072648569,75.61747761475738,32.93837522167,51.72107457989359
Eldoret,Moiben,2025-03-01 23:18:21.952240,10082,64.46532732070722,28.55148391983121,7.9651033283544255,13.912937601992786,50.38157926194464,45.571448620751646,44.77093808654496,63.485203425819236
Eldoret,Moiben,2025-04-01 23:18:21.952240,12734,84.79297775417575,42.35961011981587,24.01059353639574,23.20955159049655,39.880557396003965,52.7176026385713,67.66277299925832,47.82619832360904
Eldoret,Moiben,2025-05-01 23:18:21.952240,7277,51.290892804623894,33.81164289116949,8.582041177900484,24.60707605951987,27.30661597483328,44.081778222528584,32.72686612463839,72.16401925496837
Eldoret,Moiben,2025-06-01 23:18:21.952240,11196,81.7796608198575,28.54034034830759,17.555303226791377,33.999817324883054,62.746985262353455,67.30215300565456,66.80053786532144,54.18950354538868
Eldoret,Moiben,2025-07-01 23:18:21.952240,2723,92.5064552217282,39.743169339893555,20.61674715667848,22.12536861455804,28.10857436027667,35.183403167604375,74.65127453616239,66.06789460502405
Eldoret,Moiben,2025-08-01 23:18:21.952240,13108,34.887848204251135,24.15854390273082,9.44917292517512,32.31345989368966,37.98037954507213,48.11305280272508,62.18992319293277,85.23786477285603
Eldoret,Moiben,2025-09-01 23:18:21.952240,7664,52.38190480155622,42.901013476198116,20.978474436744552,20.710813322221775,30.619303344481764,45.62299572574399,48.5241992938262,41.905349983540546
Eldoret,Moiben,2025-10-01 23:18:21.952240,10634,44.112707458767346,27.427300474216988,11.546421337900103,28.36691246640936,51.7050420610429,33.92284988534917,35.6525570870338,71.5281218576778
Eldoret,Moiben,2025-11-01 23:18:21.952240,4983,92.3610467629139,24.07770060690742,20.9505201106708,19.98810904791818,66.08964398133782,33.115004994719676,59.3682242259262,86.2763145938354
Eldoret,Moiben,2025-12-01 23:18:21.952240,4907,75.9400991559219,26.10000441583633,8.926872113922729,25.307251304637383,55.55358997635485,39.99606203152256,81.89660445555188,67.11556553110215
Eldoret,Moiben,2026-01-01 23:18:21.952240,6313,92.20836942051267,22.63042283551705,20.730177671210864,24.48882073240828,68.40018010020984,68.51560193748449,64.83124166324049,57.9032738037483
Eldoret,Moiben,2026-02-01 23:18:21.952240,6623,87.36846862167697,36.838301204647706,23.300261702434252,25.911901847833,37.344569733285624,58.55838155249863,63.29994113860698,70.96778405728993
Eldoret,Ainabkoi,2024-03-01 23:18:21.952240,7617,52.332396785171426,34.12008356743143,8.672045073733818,18.157689930056904,42.14782770976628,39.1698484542412,43.07834162753527,82.74137397177759
Eldoret,Ainabkoi,2024-04-01 23:18:21.952240,2565,54.416874421817234,28.833182458219135,6.05473619632563,22.636154072960508,23.88955105933732,63.19521240827334,82.34904357182052,76.34136679969222
Eldoret,Ainabkoi,2024-05-01 23:18:21.952240,7901,79.5501008998146,43.684784787314946,10.657740660747772,30.423565259306823,37.76635941042356,59.54734407616365,64.98576656457102,60.638530128737386
Eldoret,Ainabkoi,2024-06-01 23:18:21.952240,3129,51.84852770426075,19.3516849324417,22.39886387045367,22.55655027203104,39.61905805807024,52.19627310544295,37.107670149945505,74.12721943607752
Eldoret,Ainabkoi,2024-07-01 23:18:21.952240,13267,67.67848590215105,34.42979959316311,22.78621500374783,34.92207407446543,38.96286180946308,58.662345855479295,83.84665510364707,83.76594274157506
Eldoret,Ainabkoi,2024-08-01 23:18:21.952240,6418,74.02427324675705,26.47213048353442,11.528455802484174,10.11550218566739,51.902717705396334,51.04345392684303,78.09462280920118,56.237596871947034
Eldoret,Ainabkoi,2024-09-01 23:18:21.952240,5276,57.8553150149131,30.690304296251355,6.657762418668504,16.899794331510268,50.990860197579366,36.125455405737206,43.58101043300268,57.285112901694
Eldoret,Ainabkoi,2024-10-01 23:18:21.952240,12497,36.072762132848815,16.016008948385963,22.55018046333338,15.33033567919588,25.083572491222444,48.73430979827852,82.67158707942596,75.2047646855401
Eldoret,Ainabkoi,2024-11-01 23:18:21.952240,9813,55.57899537455939,38.66129668257447,5.34025771749854,17.353576203528526,41.493649537650334,42.21542693494308,80.96520978704068,83.80406207636184
Eldoret,Ainabkoi,2024-12-01 23:18:21.952240,7745,50.736700503565466,24.244125042099192,18.42750195192795,17.84850114817077,47.810722731905074,73.04314790074416,84.75312389220133,51.80134777979487
Eldoret,Ainabkoi,2025-01-01 23:18:21.952240,14444,76.0605239666184,18.485263687855152,6.33995655633673,18.947617670531827,56.07433037017914,73.33625154335238,82.2428626965727,79.4543800512383
Eldoret,Ainabkoi,2025-02-01 23:18:21.952240,9630,36.488114553940825,25.38461751720096,21.123584304140184,34.45435542245907,36.461947243339694,75.95244252734855,42.55702828438207,89.5081301724538
Eldoret,Ainabkoi,2025-03-01 23:18:21.952240,7393,55.47676398087538,42.97830159455252,22.856026477194348,22.982314877556625,48.7205965926686,72.28710048892904,56.58276208695477,61.154090385610004
Eldoret,Ainabkoi,2025-04-01 23:18:21.952240,6879,42.34441827576359,20.502597577213066,20.664368921116633,29.43409222915968,20.47263099849112,49.19170662479483,74.21921861057606,85.58308042184737
Eldoret,Ainabkoi,2025-05-01 23:18:21.952240,4237,73.8003129924885,30.742461700547448,12.697259097973019,16.656189203857807,54.38434643677977,54.05210346876835,67.90162764177606,61.51152427340409
Eldoret,Ainabkoi,2025-06-01 23:18:21.952240,5945,82.62720781369364,43.75868695651279,15.403343260354925,12.917494218844771,32.4366499454868,40.75498246726949,64.42990624894827,56.035888402854255
Eldoret,Ainabkoi,2025-07-01 23:18:21.952240,12230,64.16613253418029,19.72866976730913,20.511976022119306,17.96529293585153,22.862159380149553,64.31789522482657,57.81079000638471,84.46667534776904
Eldoret,Ainabkoi,2025-08-01 23:18:21.952240,3344,84.91230384163815,25.202390153995893,5.475169078651911,10.35623990320755,37.69940557083939,60.066181635910034,34.0944886295658,67.91858170979907
Eldoret,Ainabkoi,2025-09-01 23:18:21.952240,6372,55.728687852459544,35.1550424323365,8.829122452798128,18.400800743891768,43.664239385090475,43.42030140738355,70.14932984216291,58.39028075703933
Eldoret,Ainabkoi,2025-10-01 23:18:21.952240,2053,45.29660959882291,41.60380078661673,12.920205544015902,17.638040812575824,39.865416017442726,29.678301244088264,57.46634541123266,71.0554192661152
Eldoret,Ainabkoi,2025-11-01 23:18:21.952240,3913,74.16591826295904,31.172167595182213,20.598876763883982,13.592172598542204,24.108380039209987,43.1321346026463,42.32971228277079,88.15428060201978
Eldoret,Ainabkoi,2025-12-01 23:18:21.952240,11819,81.62180667097799,20.27874357155582,21.297701893962156,20.53990650439451,47.89645898958176,41.9826489343951,31.701468696237313,72.54749954236598
Eldoret,Ainabkoi,2026-01-01 23:18:21.952240,5650,33.46893976654554,16.27129076486817,19.239313052800902,15.50503482508487,56.41183870133817,46.2745207034219,44.43971841677512,60.485920080681275
Eldoret,Ainabkoi,2026-02-01 23:18:21.952240,7930,70.65364354492436,34.14027082787733,15.451752096871754,29.09302872964075,50.77136542592356,50.060205549399086,56.89920212782039,63.07643782285438
Eldoret,Kapseret,2024-03-01 23:18:21.952240,4675,94.88422180329721,24.86277016208689,14.93778651008869,28.160881251395313,42.49533119432461,50.80700580597419,40.51540052219053,84.88156445437475
Eldoret,Kapseret,2024-04-01 23:18:21.952240,14120,93.69784752407547,24.931217506334264,18.265392338321895,28.503777774015816,24.534863251373032,27.157868854839293,83.56654795025956,83.77297007180118
Eldoret,Kapseret,2024-05-01 23:18:21.952240,4878,73.75756547782879,36.682502102844666,11.747782155001268,34.62579783026392,62.90131384106138,77.72720986523115,79.90547896311665,47.30377491748496
Eldoret,Kapseret,2024-06-01 23:18:21.952240,2007,40.23108776928621,38.454458229801816,20.209785048356878,11.0025128634583,45.96673408523442,64.74523640733193,54.13128679121249,59.381223763170986
Eldoret,Kapseret,2024-07-01 23:18:21.952240,3433,77.83861303483235,41.75021945339395,11.342365964487023,24.25677170576705,58.49121599496298,33.24239061554414,47.83821881282219,59.90260698214493
Eldoret,Kapseret,2024-08-01 23:18:21.952240,2741,80.43848741335353,44.54902376459408,9.966756632974372,33.84369823492669,27.635328645931814,56.8144603498901,50.177392294352515,49.959636759087005
Eldoret,Kapseret,2024-09-01 23:18:21.952240,13440,52.76844941590656,29.408767074635307,7.3594458583660565,11.671123789980413,31.302954290424466,33.424953258395995,72.85599292345118,62.353213462802636
Eldoret,Kapseret,2024-10-01 23:18:21.952240,5342,54.88892022746309,30.74205571278709,17.944340087257842,17.10836248802289,52.1375141486023,69.14995504498643,84.47934569710472,88.90317011274757
Eldoret,Kapseret,2024-11-01 23:18:21.952240,5015,85.26212143459497,19.83265061813713,6.007602480452327,21.577712044871,48.14505117038655,65.61995286580142,41.30075863093903,78.07574651081526
Eldoret,Kapseret,2024-12-01 23:18:21.952240,9765,38.86255171697343,19.720630723254935,24.7976440560643,29.4042047458479,47.955780604525074,70.97067577524967,50.90722787159342,50.442599495450295
Eldoret,Kapseret,2025-01-01 23:18:21.952240,12281,72.3503071278592,31.947671298418914,20.770420488273732,25.856987988874852,40.493852040222464,63.54835883479126,74.25226833838973,80.93089797908742
Eldoret,Kapseret,2025-02-01 23:18:21.952240,2912,74.73983984219925,27.760090199968797,6.940808385270463,17.37253731994808,45.29991923166419,47.95290065950569,40.91006904248363,49.538353949591745
Eldoret,Kapseret,2025-03-01 23:18:21.952240,5438,51.19528077663584,26.937466473332634,23.308979072615465,29.21517524135321,29.310972123634127,78.38166872594851,33.41686029877389,45.541396438609894
Eldoret,Kapseret,2025-04-01 23:18:21.952240,7941,67.3442370785139,32.92618173485994,19.579386755583194,26.89591280286827,56.582655740818815,32.45602434966419,47.58437915978293,70.09909614634623
Eldoret,Kapseret,2025-05-01 23:18:21.952240,7997,46.387862839466294,30.967673813247593,7.00481448160692,11.388945487952215,48.127084317665094,55.56662411244746,75.42301487244757,81.7009098806391
Eldoret,Kapseret,2025-06-01 23:18:21.952240,10101,91.0978412424924,38.70238651246875,5.953695978665001,29.577588465543585,25.16900305375492,67.26786505276749,60.634452649717105,70.77613436563456
Eldoret,Kapseret,2025-07-01 23:18:21.952240,5967,34.817221210073875,24.22923762481691,13.717578013995443,12.543429853941,57.04136064725442,70.82206986018537,78.7130878110853,65.28701170280705
Eldoret,Kapseret,2025-08-01 23:18:21.952240,3092,60.65669715092505,30.667574005570362,8.620220347028972,28.057238092661887,38.833786126634564,71.67236934374392,41.06916308531746,73.69299530644051
Eldoret,Kapseret,2025-09-01 23:18:21.952240,14110,93.3658274614638,34.65682981556775,20.72136138760048,13.957962361051965,38.48346756438623,48.71229793286676,56.51233043400719,75.33357635169024
Eldoret,Kapseret,2025-10-01 23:18:21.952240,14058,74.61498171491041,22.771552637723865,9.561826888418455,19.359043782281503,22.30928748786588,54.868886742095455,49.35999337845217,80.73370023510832
Eldoret,Kapseret,2025-11-01 23:18:21.952240,6180,68.03856621549238,36.14616245344504,5.739817629827309,31.066664934604866,51.155169171158626,49.08746275749161,46.278550364637525,50.83902593400109
Eldoret,Kapseret,2025-12-01 23:18:21.952240,9540,46.47232699289948,17.223037164690155,12.894256783840511,25.445439340299142,31.548830343407595,36.242402478218274,76.53783209993368,49.84856027470812
Eldoret,Kapseret,2026-01-01 23:18:21.952240,8224,38.97427059271061,22.942687824719858,22.177222455224904,10.649859796081717,22.899585973317205,25.035763465752442,71.31554305862008,64.1987589711353
Eldoret,Kapseret,2026-02-01 23:18:21.952240,11583,40.017216348296586,22.45186611414913,23.153281155344743,21.292784438242744,69.44847155475013,28.060255708577543,53.33664296866001,46.52430084344442
Eldoret,Turbo,2024-03-01 23:18:21.952240,13984,65.11003362223538,43.77521743248022,5.0677169755737195,28.693378407287653,28.09648014597895,54.07547468029456,31.811964545070435,69.91000218310593
Eldoret,Turbo,2024-04-01 23:18:21.952240,5851,51.031718970526995,29.083940341118385,9.695230744297858,19.15259116398522,21.378580860942048,40.232317757681784,30.61402452953508,73.63375535134614
Eldoret,Turbo,2024-05-01 23:18:21.952240,9392,57.515011558193606,36.44275991481703,14.806020137410707,13.677977276444498,56.131290375966216,57.93740339525975,33.44757471840927,79.18816383816878
Eldoret,Turbo,2024-06-01 23:18:21.952240,7764,63.687458248932266,16.32751602693771,22.402709734258583,20.692960085372324,41.00464880326744,70.79218042932081,30.225938790440274,63.436918539815345
Eldoret,Turbo,2024-07-01 23:18:21.952240,10390,50.200062332371395,35.99846404462852,17.852366932812323,11.352080446244075,46.68771783793916,54.09737648783152,80.5515389437384,41.32014169485571
Eldoret,Turbo,2024-08-01 23:18:21.952240,14619,64.57151228893261,36.052366615435545,16.718010839886116,29.202253185522544,20.373699366303136,60.544787254515285,40.78679847288366,71.77456741457239
Eldoret,Turbo,2024-09-01 23:18:21.952240,12861,40.18975966648469,28.98038794909094,24.75797444991471,33.951789243601155,34.54906628443467,60.59477963063219,78.04342933936812,70.66780423316446
Eldoret,Turbo,2024-10-01 23:18:21.952240,12367,62.783850258021936,34.74547195661439,17.846084570110023,20.362567639307926,64.87809312659151,53.521733711930764,48.029880407157876,54.67499597864744
Eldoret,Turbo,2024-11-01 23:18:21.952240,5587,47.23770793079532,22.731095394277176,17.989146347517853,29.24789985780891,64.27082740534405,48.64854933061528,31.311730909174006,54.41890914646008
Eldoret,Turbo,2024-12-01 23:18:21.952240,6407,91.94926092704512,31.886435963924384,9.690026090491566,23.0253175557661,56.54838740323248,56.6511503298469,49.007521510004466,49.00390155451411
Eldoret,Turbo,2025-01-01 23:18:21.952240,10747,89.27674017158277,38.262153890968534,19.0790934525991,23.69927627343116,35.55920658405706,45.37562196613719,83.043449121355,57.279576217251346
Eldoret,Turbo,2025-02-01 23:18:21.952240,5200,35.048304788512795,34.2995119392549,20.898425371534888,10.632692491165926,36.958453628762925,35.794093102153546,82.4328554419589,84.20486357259233
Eldoret,Turbo,2025-03-01 23:18:21.952240,13337,58.35763945616745,28.316068224314634,24.9168879924081,22.184933752415247,31.64233930270341,61.537398118184534,84.16347385484991,62.25217919862495
Eldoret,Turbo,2025-04-01 23:18:21.952240,3147,39.68342489164566,38.55204312654715,19.01176548064612,32.96319805603825,50.698040257171016,27.90948345486201,84.04702895031772,54.04461803255509
Eldoret,Turbo,2025-05-01 23:18:21.952240,5539,50.99249697127718,15.773202474071994,9.146515146358604,31.191115735288673,50.939645652676866,34.51468197033288,52.559790843391966,74.13584864213873
Eldoret,Turbo,2025-06-01 23:18:21.952240,12477,74.00140129096667,38.623050028335996,15.011460968920957,33.12871538835844,41.47995996199384,79.54225471298798,43.06355412049729,74.63336211629132
Eldoret,Turbo,2025-07-01 23:18:21.952240,5856,31.994401501581564,16.06934665332217,14.426761812287465,24.588202071823094,42.00736522431411,71.38366888696146,84.33521030870611,86.67821060893593
Eldoret,Turbo,2025-08-01 23:18:21.952240,12257,73.6590273766219,35.928805552306,8.21890352269518,24.032967970222195,61.30164799234334,42.27296061419432,61.942040575688665,50.953089576056485
Eldoret,Turbo,2025-09-01 23:18:21.952240,5742,76.85786504667126,41.43808099279581,13.676795780865195,16.700017649008494,25.015271136030194,76.31411595816536,71.36203717743678,72.41970140621434
Eldoret,Turbo,2025-10-01 23:18:21.952240,2425,94.65719174017606,23.08330330334937,7.091911275753187,19.754503100379573,30.75125640347863,33.776465596784774,83.09322280304629,72.56699056313306
Eldoret,Turbo,2025-11-01 23:18:21.952240,10288,47.525682855536985,19.103590640128743,11.082456678800785,22.846279752352565,61.500569499655555,71.32812471537059,67.45449504640166,45.085562365552256
Eldoret,Turbo,2025-12-01 23:18:21.952240,9530,60.04946394491668,29.807096904164716,15.558539664320907,27.10553931781808,21.817728054357982,35.18165163048271,31.092279353984495,89.53897052787799
Eldoret,Turbo,2026-01-01 23:18:21.952240,4079,59.90805941999466,42.7946155196566,19.918473209968457,31.476384399640402,41.94790510317828,72.62941146704975,84.08961854554613,41.89670106736428
Eldoret,Turbo,2026-02-01 23:18:21.952240,8148,74.88530838710301,42.96453583178095,19.592098596654395,12.43237591590658,50.943576506731276,48.034979311528176,40.72920430560211,68.69824645208931
Thika,Thika Town,2024-03-01 23:18:21.952240,5028,63.35585369034157,25.49517180360011,7.848004593239901,32.06587410996305,43.62259105811442,65.95799157942773,84.75596036004357,84.05246111711993
Thika,Thika Town,2024-04-01 23:18:21.952240,2093,68.24585907314733,30.662915880164856,5.84588220171211,19.066938392297907,46.69154602408006,35.18841120766848,46.38469045578824,78.74706235635554
Thika,Thika Town,2024-05-01 23:18:21.952240,14236,47.83795748566598,17.775265778665084,18.767280499260423,15.376167089238187,35.295672676739215,33.05976999542787,30.649454664804285,64.91390294522958
Thika,Thika Town,2024-06-01 23:18:21.952240,3852,37.86289166086934,15.7561540380897,16.69715559825425,11.184534266983395,48.32384586637797,74.48721746049338,37.863475858065144,62.77524184541929
Thika,Thika Town,2024-07-01 23:18:21.952240,5259,68.55435718734834,37.536310812728885,14.407036494195594,11.030814457850147,57.270340540459806,28.223541750111142,67.87939287205734,80.16610718726324
Thika,Thika Town,2024-08-01 23:18:21.952240,6082,38.74283156546506,44.59083842070262,16.72976784680862,20.602771248954458,28.325142507595373,28.585229888606946,74.93078693072958,61.80074100259145
Thika,Thika Town,2024-09-01 23:18:21.952240,14257,60.40010657767562,41.26900154670145,7.885639525077677,28.892714530754226,52.680462643263134,64.61433706554708,75.0794162010657,84.66308872186775
Thika,Thika Town,2024-10-01 23:18:21.952240,5604,89.37707116504363,42.98483676664104,24.834025723778634,19.69242417582645,63.80018202472268,34.21469444351578,67.07118963318102,78.17344134310295
Thika,Thika Town,2024-11-01 23:18:21.952240,4033,42.182939989485114,22.351401908147533,12.901746977411932,26.81567646115528,58.76644433056815,36.18679594034365,84.40203456817386,84.60439846950145
Thika,Thika Town,2024-12-01 23:18:21.952240,3317,33.578928214217164,38.75266806484336,16.89969897406343,21.859953597855018,49.8042149367251,70.01342123266085,61.12846358841017,54.071194140558404
Thika,Thika Town,2025-01-01 23:18:21.952240,5386,62.98242247343642,39.66711066101008,23.1318684579352,16.02890414846315,51.29177527647951,33.66174218350053,32.65416606230468,64.74418104068036
Thika,Thika Town,2025-02-01 23:18:21.952240,3571,39.15419445123283,30.432322129477964,6.927206741828091,23.08150488164201,62.45350412743525,60.02299493596552,47.47332779830478,66.33686311232093
Thika,Thika Town,2025-03-01 23:18:21.952240,12260,78.00384682821914,19.470745243012136,16.67525368396302,21.084530595908387,47.77282835518257,57.39980775290354,72.75842843214973,87.4242499513812
Thika,Thika Town,2025-04-01 23:18:21.952240,8281,86.02852024612076,30.896355789213764,17.973925865794882,21.578842284047425,21.723315081462022,39.602853062551816,46.83927915757104,64.99930135693658
Thika,Thika Town,2025-05-01 23:18:21.952240,3333,78.56226097233963,44.67260443454228,9.462265777459486,34.34056022800024,45.67818484022433,41.83017584894592,75.19431938494473,49.12744897339875
Thika,Thika Town,2025-06-01 23:18:21.952240,13780,42.755423461260186,32.53562323063544,7.103599292984269,31.79477751500249,41.10212105983275,77.71463576857751,64.98948209750694,80.12309790207473
Thika,Thika Town,2025-07-01 23:18:21.952240,2220,70.32816557274205,36.13523788839688,13.53737048957619,23.26076460510594,69.85204563556641,41.7203042498174,60.793853891598815,62.0558264135836
Thika,Thika Town,2025-08-01 23:18:21.952240,8659,68.00044545200464,19.372288788599985,5.529013169582251,29.839455990129668,54.61550602507696,79.11828349065082,44.61854313854284,63.37337031543762
Thika,Thika Town,2025-09-01 23:18:21.952240,5875,53.705496468205276,25.18695455867008,9.703290648647982,17.25880584936019,64.8799326281605,55.427063611077905,56.906466112020965,59.34785671420054
Thika,Thika Town,2025-10-01 23:18:21.952240,10189,37.636033614663674,44.67831662544196,20.31839370204878,29.48319667705487,58.80987970483798,41.462227462521355,68.00947046764834,80.66551049619282
Thika,Thika Town,2025-11-01 23:18:21.952240,7179,86.20480676442624,36.38833261640189,19.784386377530602,25.51403580179012,26.320303169397775,34.336949310430676,43.9010048518803,77.22324868136675
Thika,Thika Town,2025-12-01 23:18:21.952240,6180,82.34732634532027,27.792929385541846,5.012012006683733,17.39744250152128,37.557149970451256,70.45570779480418,49.740396755640205,71.57029073766294
Thika,Thika Town,2026-01-01 23:18:21.952240,2564,62.9308820271415,42.730322124488595,8.983222257269613,28.03808189770474,26.754378198071652,63.0891255195381,52.897697588766974,57.71901046331321
Thika,Thika Town,2026-02-01 23:18:21.952240,12735,63.75872998950851,28.505004845692792,6.072860585571107,15.618291502558714,42.803491767038224,77.40475431112185,61.00697572744498,56.96143994453557
Thika,Gatundu,2024-03-01 23:18:21.952240,2381,46.01212340923257,23.27640838857246,15.989670852274628,29.640361249438453,47.06181161585861,33.387803967486505,78.09737013635177,76.02631936114877
Thika,Gatundu,2024-04-01 23:18:21.952240,7539,47.817019332461044,41.216678362507515,18.9056363142141,28.740957885136165,55.07317025623265,50.09731285056779,59.1681788304241,79.00485275102167
Thika,Gatundu,2024-05-01 23:18:21.952240,10630,90.79954478500105,32.824465610695526,6.792177237407442,10.325704270735436,35.374233232910186,28.80951338938357,83.34507623366397,80.3786153606429
Thika,Gatundu,2024-06-01 23:18:21.952240,14722,76.75213286665658,26.421351950157664,5.055127456924115,22.419562958034156,52.95951767686568,43.79761451529472,80.48801576146937,40.70171516706488
Thika,Gatundu,2024-07-01 23:18:21.952240,6143,79.6356556190342,33.15344421879877,15.634378641142334,14.0450426405258,54.300941261400666,65.84568771835214,53.32868895940831,41.16943402368063
Thika,Gatundu,2024-08-01 23:18:21.952240,4694,59.97823550468134,40.55970088434886,10.816750941973698,29.488827530062515,56.899863906141576,27.667028737960475,78.16157234967879,84.16861340386164
Thika,Gatundu,2024-09-01 23:18:21.952240,9161,38.10636092846513,40.95980371254869,13.030810745335636,33.565218493352184,58.98492139893154,66.00363899624227,82.14709592656104,74.53827348659148
Thika,Gatundu,2024-10-01 23:18:21.952240,7179,40.09692402923116,32.74067516572764,6.991036321004504,23.47361827631689,33.05449782035658,67.00560297100793,38.15978042119464,42.7727717188228
Thika,Gatundu,2024-11-01 23:18:21.952240,6939,33.86055699607048,26.487043332443847,11.839829284746283,29.597207798962664,64.52780050360849,72.05763775781395,31.572678283679387,48.45641820624785
Thika,Gatundu,2024-12-01 23:18:21.952240,14771,40.921108086800885,36.72541288860385,17.917172978525414,28.40865055890663,39.29541182412997,51.10104997194388,77.71622148178102,43.661912858602285
Thika,Gatundu,2025-01-01 23:18:21.952240,3622,93.83679477395262,44.89655661416485,15.000072899676823,21.387080338042303,41.95377954261787,75.78215990977716,83.61922287844133,47.311818738177585
Thika,Gatundu,2025-02-01 23:18:21.952240,9933,49.64969262119462,36.81369110509448,18.154860208648255,12.945704883931977,33.932758899920614,68.80032781877233,36.29988382570903,52.15544155682965
Thika,Gatundu,2025-03-01 23:18:21.952240,6150,34.06522410497494,42.80027800734872,9.265141260321759,15.170259828341404,57.482429023833795,58.81331849894914,57.09986842040388,55.0486699872706
Thika,Gatundu,2025-04-01 23:18:21.952240,3008,84.49310032443611,26.733139067555374,13.143867375767762,11.11440157791796,56.91929138895446,32.89602170742794,68.86496541722205,63.43150513269209
Thika,Gatundu,2025-05-01 23:18:21.952240,12226,36.49549481289507,29.60292382741615,14.953915352627313,33.1492109844735,29.520487006089972,28.976214108643145,33.58649315244919,85.04219128763182
Thika,Gatundu,2025-06-01 23:18:21.952240,11763,65.44112323683676,15.204472079401581,11.838392536587541,33.985007756827216,49.612315437010764,45.85244040766794,37.273635624063175,51.7865877313457
Thika,Gatundu,2025-07-01 23:18:21.952240,6846,58.610763494081496,32.134289448336496,19.389873708215138,13.494221815200085,30.30809935608622,29.269809478821035,35.248834657637154,71.0460833226954
Thika,Gatundu,2025-08-01 23:18:21.952240,7117,69.12748802129377,19.882942025916975,24.649645699682928,25.955063761358875,65.13544966742171,33.80273901050794,55.85535617397271,71.10339094175261
Thika,Gatundu,2025-09-01 23:18:21.952240,3618,42.70674279232118,31.911339743479445,11.886529561284632,28.87737918429046,41.46053456586142,46.433240362311054,65.5023010891426,62.616824510966794
Thika,Gatundu,2025-10-01 23:18:21.952240,3266,45.7220409031131,40.55018545048247,9.056674450895784,11.166863278499273,26.177242919547353,35.352294886043296,76.54076325523812,49.46963737991352
Thika,Gatundu,2025-11-01 23:18:21.952240,12778,41.36875051361102,43.184622839808334,8.79940423299888,15.334698786368925,37.09652605312747,72.98320516282922,73.3650520436966,88.43084504624845
Thika,Gatundu,2025-12-01 23:18:21.952240,3200,70.06382992943584,28.200984787972978,11.390992165370173,16.731036545975954,28.687494099160766,27.63040246045712,78.10050854961216,66.52063148880532
Thika,Gatundu,2026-01-01 23:18:21.952240,14198,75.74351773524211,36.117163391040954,10.973949120926987,33.425224223808115,34.289878478851094,51.66745510520662,61.27300386243632,48.07921948618943
Thika,Gatundu,2026-02-01 23:18:21.952240,5000,38.84833975294461,20.977562587264845,21.370040610057043,21.81076783013417,44.94503662932769,73.63467450423603,45.956313880100026,40.73815224131738
Thika,Juja,2024-03-01 23:18:21.952240,6920,54.98631747475031,37.74166862012128,14.16437745367496,20.50302112585895,31.314701274262113,70.48883995249408,40.48755134361132,40.79791538141073
Thika,Juja,2024-04-01 23:18:21.952240,8821,35.8171099062537,30.380739915626016,20.41259144776066,31.425970191494788,62.82062495023954,78.82733756102026,74.17925117942625,60.624967168832626
Thika,Juja,2024-05-01 23:18:21.952240,12391,85.92105380184631,24.555667287274577,7.278748302925848,30.47163506497319,36.9451115355324,67.71628340740389,30.877474964356914,42.13800746518105
Thika,Juja,2024-06-01 23:18:21.952240,8876,35.059768851601234,39.34136267848106,7.197982019574891,13.973693621379052,22.286568795841582,32.161245823931175,58.42401814335123,89.44259553318531
Thika,Juja,2024-07-01 23:18:21.952240,10313,65.7121540423033,22.256885239774167,14.836661337999042,22.773621650451982,29.49829956581013,31.647256419301133,62.81496748024629,86.23656669451788
Thika,Juja,2024-08-01 23:18:21.952240,6606,67.10614967159528,22.173041390769267,24.34546226146655,19.97812066457307,65.09930421847656,66.84739809807434,69.6691703824211,42.31928299333098
Thika,Juja,2024-09-01 23:18:21.952240,12424,34.248819122336954,40.84975047087233,21.873526294995436,25.68942627096951,54.20539552780683,74.64669948979952,76.64949394050814,77.63978483032452
Thika,Juja,2024-10-01 23:18:21.952240,7533,65.40361344682897,16.442120617359734,11.787074658916609,20.472711832541155,66.71962372698621,67.09390317025026,62.043115643004214,69.48152491872732
Thika,Juja,2024-11-01 23:18:21.952240,13696,31.32107269500561,23.634823207830987,23.965084642171213,15.630824618690674,30.0614571505484,57.32895918166905,82.42853043119906,63.48133086721247
Thika,Juja,2024-12-01 23:18:21.952240,5809,30.43421659338662,19.321383169319787,24.80620503619811,32.44200228207873,27.934643096435828,68.58763021463602,52.22656224681669,66.41959581565978
Thika,Juja,2025-01-01 23:18:21.952240,10691,59.52791092374137,24.892619168350738,23.03923557525845,16.78878211168032,46.56066274199892,53.68878874601705,34.48160101107548,71.19494786555163
Thika,Juja,2025-02-01 23:18:21.952240,13522,78.07715524353364,33.77423378491851,21.470903899170438,25.670474562871917,45.24029630228425,35.77705844667109,47.335767490104146,59.190742486096184
Thika,Juja,2025-03-01 23:18:21.952240,6386,69.67688109487077,25.888932174056794,11.335753335690828,32.9948086000679,32.89947353336238,35.75341866005658,71.27957264203953,68.37813617465741
Thika,Juja,2025-04-01 23:18:21.952240,6908,91.696645542874,40.88876562605607,14.342132778255149,27.01019975365961,55.31776282927942,39.241119606992186,53.28797875618881,72.17189956480667
Thika,Juja,2025-05-01 23:18:21.952240,11190,36.94514080375914,25.011197175081925,21.523322952467375,15.76128296484355,25.824702746630585,65.73022859777461,34.179602220657046,79.16109003764109
Thika,Juja,2025-06-01 23:18:21.952240,13724,64.14389998660673,37.91092415598234,11.159966083042479,32.45311258131139,36.421992842496564,67.8730906113387,82.66867376557326,51.414520602937266
Thika,Juja,2025-07-01 23:18:21.952240,13197,41.98818347646159,44.64824493373506,9.654070036282537,26.11458925554936,47.49050958013949,56.91290690498137,78.25413110347411,67.07509681085764
Thika,Juja,2025-08-01 23:18:21.952240,5723,74.88707713165384,42.50089618624911,19.51389570005746,25.151187368041285,42.615479953010734,67.57445650225961,73.55167389659077,50.477131272522996
Thika,Juja,2025-09-01 23:18:21.952240,12596,52.2163383221707,42.527748990363065,12.722915168396566,34.044709440929644,28.7856945439372,67.62936754273484,77.7699637791897,65.4232938025975
Thika,Juja,2025-10-01 23:18:21.952240,7265,70.63197667071236,38.33451063033612,18.79834545348443,10.20788147987589,56.432372809525795,63.96217470407171,46.82983385558752,58.29691282398717
Thika,Juja,2025-11-01 23:18:21.952240,7232,30.344609805403643,19.751601868765423,15.294664155562145,26.31329270590746,23.15670930421813,53.917604759761986,48.60477070937739,60.46003562412771
Thika,Juja,2025-12-01 23:18:21.952240,8731,63.72755347944188,42.185208696858396,19.547660673369197,10.111848305213647,50.0514366592805,60.10605622703296,31.13397202648289,88.47802462760686
Thika,Juja,2026-01-01 23:18:21.952240,11325,76.16197911717025,35.416538517595086,18.92970433072709,12.451973468796734,51.22216124439542,54.62884331683996,33.92234503446105,60.45730799810694
Thika,Juja,2026-02-01 23:18:21.952240,13700,85.70813122648084,42.681099431245514,23.349401166490797,32.26697101547949,56.76740970991171,54.410086536266604,56.457812494223234,62.299137740010934
Thika,Kiambu,2024-03-01 23:18:21.952240,14438,85.97971994907269,33.19464314665068,18.28504316905988,33.768293214741846,46.62342803311495,65.39394413735926,53.94624434715956,85.20835667972352
Thika,Kiambu,2024-04-01 23:18:21.952240,13878,67.73359712794631,37.769336088676006,5.251933802780817,32.62444819504387,63.65357714724864,52.117925031313256,79.6955699086235,47.15887998941564
Thika,Kiambu,2024-05-01 23:18:21.952240,2457,62.954601174316366,31.242824356157254,24.09986478323663,29.689073859047475,68.05536332809676,36.73125509387726,83.48901653309234,58.7132633162411
Thika,Kiambu,2024-06-01 23:18:21.952240,12746,78.92179662228736,43.52202348980708,12.075448539933824,17.03967526334054,55.06596296069421,51.611735041944925,62.493607659605075,83.95877190042984
Thika,Kiambu,2024-07-01 23:18:21.952240,13042,79.16120852789732,32.154594675941766,10.98440749079673,23.064746249231106,66.81757903971152,71.86202808830427,70.65624902780704,77.25373287277036
Thika,Kiambu,2024-08-01 23:18:21.952240,7510,70.77920240302456,20.924606308103577,18.376414403904555,31.498616158293594,33.34088321638545,79.35070342936659,67.29135515721657,84.10474905770418
Thika,Kiambu,2024-09-01 23:18:21.952240,14457,57.78729492109244,22.16920402824108,5.471175507243311,13.284243761664374,60.69800173419417,27.650157303779956,78.78947437710366,83.05429812019672
Thika,Kiambu,2024-10-01 23:18:21.952240,14666,54.22901516397488,33.24769365610075,17.767714665920153,10.752412554751263,67.4939686123307,74.35900802678162,61.17189502715746,41.67399394952003
Thika,Kiambu,2024-11-01 23:18:21.952240,4319,85.69146586326377,38.47599226287866,12.453994837139666,24.667718865514644,48.152625223691615,35.20979033920154,35.26377217524606,55.26567334617454
Thika,Kiambu,2024-12-01 23:18:21.952240,11038,81.15823550452001,24.204649307629793,8.070207157026598,30.759729799145614,27.837429017066743,37.98871738520076,45.181328826575594,82.03190696885197
Thika,Kiambu,2025-01-01 23:18:21.952240,13736,51.94156257338912,25.98863558538499,9.147918495219214,22.77535341024667,60.33073625920176,53.39160363851672,41.377934919463755,85.60678833094798
Thika,Kiambu,2025-02-01 23:18:21.952240,6080,80.95743185078994,34.10701925291252,8.12208590483458,30.18036845665732,60.053300309459225,39.410530596213846,63.066356995937994,50.39643018484418
Thika,Kiambu,2025-03-01 23:18:21.952240,11144,90.17650158067545,44.088261612773664,21.864705839653094,11.668036971786849,26.056302472963324,39.29151183368453,69.09581394998071,86.25507318544116
Thika,Kiambu,2025-04-01 23:18:21.952240,10807,43.106527948591065,20.805820226391276,19.83524965660681,31.865187157570706,51.293654134487035,65.57872345112185,46.21337084679208,57.112980978490484
Thika,Kiambu,2025-05-01 23:18:21.952240,12205,34.25591063850376,38.71183943069271,24.768532420608,31.570166674472823,67.40607512650459,39.3949998572913,61.08128703858527,41.573626813040576
Thika,Kiambu,2025-06-01 23:18:21.952240,5598,79.65070588309604,36.38462497417349,23.004777634113204,22.10587225210191,48.92482224185434,57.59681175956928,43.54650870073321,66.00806832529616
Thika,Kiambu,2025-07-01 23:18:21.952240,13496,90.23720087173228,35.5899828865615,5.486105462621462,13.734976769007297,53.22654313959127,32.21461878965796,69.25896690976614,46.651286087491094
Thika,Kiambu,2025-08-01 23:18:21.952240,13030,79.71681463779903,42.71524539811601,19.793775355708988,19.570794549657315,36.15304583343281,68.82634862281114,43.71555275900746,55.07567624629956
Thika,Kiambu,2025-09-01 23:18:21.952240,9099,33.05636247312979,34.34930173485428,11.752366061713147,22.193810930120435,26.248784680959563,49.9555679325688,41.91808019078865,78.42703707006271
Thika,Kiambu,2025-10-01 23:18:21.952240,9550,35.14515917682198,30.083653497422553,13.07543467687471,21.016152860234577,44.4747322674272,70.48189052522656,40.58796473890719,61.192391245441726
Thika,Kiambu,2025-11-01 23:18:21.952240,14396,90.98785981071958,30.691087454788292,24.415337888290146,34.36684257779025,63.99616311515671,49.27076814189704,76.53890727616721,82.0585938446585
Thika,Kiambu,2025-12-01 23:18:21.952240,7366,73.6892585447068,44.48881834468531,6.304122425087253,28.743255094619414,62.987363547927764,54.11041177303219,37.81284768612606,51.36072117742884
Thika,Kiambu,2026-01-01 23:18:21.952240,5256,63.967656999279555,26.190446589624763,21.796965234092152,18.362586181294418,29.276357535817738,36.11404371237261,43.05196593916767,86.55825695356906
Thika,Kiambu,2026-02-01 23:18:21.952240,11548,60.25878663910551,42.56327457716395,11.615686187595625,27.08843134416476,37.85942932169277,26.545223165970867,77.91007093097326,58.39563145157342
Thika,Ruiru,2024-03-01 23:18:21.952240,8814,32.753641492149605,42.69899850477411,22.30119535956554,34.89400619349564,66.25148586028631,49.114000803770594,35.223768527297906,86.94715909617416
Thika,Ruiru,2024-04-01 23:18:21.952240,7848,73.72349075773548,22.366829343117374,16.450706762116603,13.48415536559017,45.423550573710735,31.1471290506259,35.234460042070516,59.25429694928201
Thika,Ruiru,2024-05-01 23:18:21.952240,2151,61.96937554208027,21.358570956316953,24.541310413489065,10.973964173835357,42.31194800141188,46.08113290882301,39.15097609637937,61.38434957977324
Thika,Ruiru,2024-06-01 23:18:21.952240,12635,62.714201944416494,40.072909302136566,12.88848677277315,29.909801247759454,41.97453955352322,76.18490542482445,59.60935488796421,78.65487502436896
Thika,Ruiru,2024-07-01 23:18:21.952240,11352,84.55770816194487,19.93023402287386,14.536093465517478,17.810767913604167,49.256267312197124,67.05328631401372,61.059857497064584,74.0979724345505
Thika,Ruiru,2024-08-01 23:18:21.952240,5452,30.709522897538257,17.220577198435812,8.844172455356587,28.458782013153847,23.377407018484902,45.10842605785591,78.58304830262267,61.19568421914333
Thika,Ruiru,2024-09-01 23:18:21.952240,6479,92.923880069921,34.09412550769626,22.392174213527806,11.282712361208596,51.847733283907836,63.25943928962134,78.34540349527516,40.16070338246348
Thika,Ruiru,2024-10-01 23:18:21.952240,11516,70.03433550237095,41.949366654206926,7.0550002969903485,33.35897339246634,46.247937289918156,46.1977890576986,73.34037374846203,73.57163840016463
Thika,Ruiru,2024-11-01 23:18:21.952240,7299,40.50443964877458,23.185954589680208,13.092056234195633,31.869924822940604,51.28657492681924,48.02512954110273,74.84488798136229,56.30850792197438
Thika,Ruiru,2024-12-01 23:18:21.952240,10573,82.43830600682335,33.6805928011901,17.46843166544361,12.364206382475912,60.17847119512064,79.3364305222185,60.00997248165103,63.73188225852738
Thika,Ruiru,2025-01-01 23:18:21.952240,5796,93.88675548582495,18.602186559060357,6.118987584027666,12.632553290352666,59.82509991847435,59.26643974481747,30.826155088342674,57.879661976362826
Thika,Ruiru,2025-02-01 23:18:21.952240,8120,38.39582148528523,44.87908713829914,18.29608990013529,26.269678283775107,29.584928452156344,29.559150722019275,73.66477138920752,79.23484626592716
Thika,Ruiru,2025-03-01 23:18:21.952240,9292,77.12058394818807,18.279728432803214,24.20748214404658,18.45654521584982,25.497717801966886,40.859641519987875,79.77628745414938,74.16059326477486
Thika,Ruiru,2025-04-01 23:18:21.952240,5454,85.63078208177356,17.102814017567656,24.389067448132376,14.668892458916785,42.398649299847555,32.96156065072461,61.477640733188565,55.95062980305094
Thika,Ruiru,2025-05-01 23:18:21.952240,7308,77.42466209727927,40.100926862971676,11.215639691492871,33.38395193629816,33.52043379719389,43.6366417440467,53.99262399109119,82.93544140864424
Thika,Ruiru,2025-06-01 23:18:21.952240,3259,91.34605846178576,15.077777371872822,18.6617077715416,10.574944613965355,28.561698073122358,55.01676461394716,60.67595925340551,80.62274346649916
Thika,Ruiru,2025-07-01 23:18:21.952240,7976,70.08394847399137,21.767051316586404,8.014366645318647,21.338335552011173,20.049615783888125,62.091357610629906,36.714446125361455,81.237594252006
Thika,Ruiru,2025-08-01 23:18:21.952240,8747,69.70076739758073,22.62401036831347,12.608073901700362,14.327771613176509,36.07924547102141,66.20285758832765,57.46413606922894,45.92120033459494
Thika,Ruiru,2025-09-01 23:18:21.952240,8732,39.0900881534846,35.322854989853084,16.650047635171624,11.572676797508446,64.32610832439164,27.73274246158698,40.956761877234705,41.64209708170699
Thika,Ruiru,2025-10-01 23:18:21.952240,14053,58.83723488224109,31.258599028906126,19.612378385701618,13.47602380067765,56.613457054823854,38.16338364494159,42.75281650604813,61.78764304028347
Thika,Ruiru,2025-11-01 23:18:21.952240,3904,66.51099387399454,35.694702205242415,17.058111242357054,26.688402351848264,21.62480379885283,51.86835136629091,55.33595807385841,75.42569536574565
Thika,Ruiru,2025-12-01 23:18:21.952240,10186,81.56986111358688,31.766081221424603,22.547176018695634,31.4436314925924,25.962224723071806,72.96057914929139,61.413656732622265,79.34398511600574
Thika,Ruiru,2026-01-01 23:18:21.952240,11081,37.55667090214348,39.906882829344795,16.662068548433037,33.68398680044868,53.94819497947646,52.40418004943234,76.93537178036856,56.440415050675824
Thika,Ruiru,2026-02-01 23:18:21.952240,12267,41.71012333018791,40.77895772789462,14.100235988513937,20.889465240451877,36.419600326025105,32.26691117706602,55.72873401159332,88.02903655304712
Kitale,Teso North,2024-03-01 23:18:21.952240,4127,52.3027987375476,36.22232558208686,19.112234554716988,32.15601229098033,53.960272697593844,27.701455030289438,83.34285995384944,45.00843767257428
Kitale,Teso North,2024-04-01 23:18:21.952240,10686,34.07089305127593,44.13606197727575,18.395117732934864,17.89589043954264,28.194077382204302,52.52245194163911,79.53976889660717,64.05380138149776
Kitale,Teso North,2024-05-01 23:18:21.952240,13205,58.921086010468976,30.294740050296106,16.723214152451384,22.636705504775655,33.1217586886084,53.4652665599986,30.46279860614262,66.64836670385641
Kitale,Teso North,2024-06-01 23:18:21.952240,7140,33.44320213421263,18.277980760745177,16.3007341567279,21.72785997447889,24.22795943610259,41.926292584403065,72.26361117395876,51.75051243201782
Kitale,Teso North,2024-07-01 23:18:21.952240,2076,37.733405642310885,30.66062080556138,6.709479303942816,24.43024523841077,49.13659479620664,41.71938352449586,71.67563990968925,51.50789031605345
Kitale,Teso North,2024-08-01 23:18:21.952240,7912,91.83549608128051,16.928969930339612,8.728406204597231,18.22731700471541,41.19011915485722,73.16538299559022,65.52480693303602,87.15661899471075
Kitale,Teso North,2024-09-01 23:18:21.952240,6851,84.84838190695334,39.60991113949011,24.4064043821446,30.022152427624484,29.049440069409435,25.146158080021905,62.26122747284557,66.94637573515487
Kitale,Teso North,2024-10-01 23:18:21.952240,4226,87.82274913629882,17.86875871537955,19.74965167457527,14.68096863886732,58.9574937488025,73.15227939277759,77.97619072088355,47.636557927328155
Kitale,Teso North,2024-11-01 23:18:21.952240,9505,83.88641861927285,28.716289950546898,6.513593358155254,24.916357835839705,48.535095280102865,29.386081306036665,43.8883537429321,64.80391052170359
Kitale,Teso North,2024-12-01 23:18:21.952240,11533,37.10678504125122,28.148366162537194,12.650360016093167,14.786468575264996,26.916154361150546,37.451455125756965,71.04768588720115,42.4087381307323
Kitale,Teso North,2025-01-01 23:18:21.952240,9670,35.05640420809096,35.6703118873931,12.86496333177616,18.477021231484194,30.49278928571163,48.23944411205066,69.88731360162039,63.772629156163816
Kitale,Teso North,2025-02-01 23:18:21.952240,8908,44.162968504680116,25.961442874948354,10.831374748282936,30.00808678344369,29.770212014567825,48.622155799973115,48.39152646610968,45.338495875397136
Kitale,Teso North,2025-03-01 23:18:21.952240,3458,88.52391418395605,17.547269377245396,22.80644965225348,33.74545350171211,58.682440823125894,40.688984343204524,56.948243200371934,73.95361937176939
Kitale,Teso North,2025-04-01 23:18:21.952240,10786,53.00618099647568,29.25883224292574,20.49860214241182,34.80209979020934,37.33139216341942,71.61097495912438,39.79004882959022,41.50840321310796
Kitale,Teso North,2025-05-01 23:18:21.952240,8826,55.27613052472444,23.091691057104164,8.727598102566038,23.998156617201243,51.90345588088567,33.98243771538537,33.974651071200746,85.67438635890105
Kitale,Teso North,2025-06-01 23:18:21.952240,14352,84.48055829668581,19.034772774655092,18.588871657212632,21.362235656671217,22.914285548320926,42.55619870792497,74.39963685970997,68.88505351708824
Kitale,Teso North,2025-07-01 23:18:21.952240,5578,86.449176021396,15.954802747699993,23.317065437169862,22.81872167985356,42.246633255284806,42.80377036715762,57.585579834349446,58.238933951609155
Kitale,Teso North,2025-08-01 23:18:21.952240,11503,52.3888689705557,32.38465534102954,20.581916059305833,19.813757054456005,38.60917952282253,27.637189743626497,68.43911566743787,74.51375949175429
Kitale,Teso North,2025-09-01 23:18:21.952240,11292,47.820222404983994,34.892790699345454,13.85090798800136,30.583272947977715,34.05182721772296,45.926033753728234,62.41980002494774,79.07060552688279
Kitale,Teso North,2025-10-01 23:18:21.952240,4457,46.651520829860175,35.72862885712175,5.542692077083613,11.451447266305586,66.93482916082841,46.08278444459583,54.413025171073656,89.31017170286347
Kitale,Teso North,2025-11-01 23:18:21.952240,8514,44.65517495073107,38.923731318106064,16.946468926172564,23.222477147242614,21.521464350529328,78.65277622697727,32.60459917170254,48.671266325893264
Kitale,Teso North,2025-12-01 23:18:21.952240,2057,67.15733050096644,15.26672434081025,10.316447072679376,13.289624954424575,30.57676836555713,72.39135991080478,35.368233199084045,87.05763246328091
Kitale,Teso North,2026-01-01 23:18:21.952240,6150,83.74767135522555,17.609662120039154,8.53953915822219,15.25026982461672,58.946568040801466,56.26728781978094,79.32017927407952,72.00695737331594
Kitale,Teso North,2026-02-01 23:18:21.952240,10416,70.30263140057758,39.433586942689615,5.066537816151884,28.81368968062798,44.133836906104015,38.75759429294079,42.19284043308968,57.553822732559475
Kitale,Teso South,2024-03-01 23:18:21.952240,11960,87.02749863452058,30.25750484607007,8.403571263467644,23.620538997040143,44.20122142265731,51.621930136596674,50.924268487503326,47.16063107855849
Kitale,Teso South,2024-04-01 23:18:21.952240,10219,74.59440371830922,16.472401161164854,19.17485853601313,32.47933851632145,51.25041267321528,36.17237954742505,32.01046149145584,70.42270613579088
Kitale,Teso South,2024-05-01 23:18:21.952240,3862,66.71659436233843,26.846708428605744,15.064607361348523,14.495430096025524,69.68399491112575,44.5315876519559,77.95226805113666,75.27406994165045
Kitale,Teso South,2024-06-01 23:18:21.952240,13485,76.9915092177973,23.211754443417437,11.018692460300144,31.62209551495346,27.798007196624585,47.25926262074586,33.6493388273586,80.50712276068342
Kitale,Teso South,2024-07-01 23:18:21.952240,14497,41.01273022337517,22.548161794328365,16.621280014403883,20.838608412686753,61.4509496931845,26.147580658500257,45.67857210792037,67.4439442581632
Kitale,Teso South,2024-08-01 23:18:21.952240,2239,65.98453806217543,32.21434143127081,9.437001605186076,27.58202754179006,51.13755726203557,73.15260327363755,59.29981116755273,65.6951411083287
Kitale,Teso South,2024-09-01 23:18:21.952240,12446,66.74987758323101,28.057573932288207,22.292736257833603,20.909193905782693,29.99517789410677,54.654138231645256,64.40379741453216,83.48937601437916
Kitale,Teso South,2024-10-01 23:18:21.952240,7879,50.37022331736442,37.2695523391217,7.604086328789048,13.44418670716625,42.48356445180332,67.95263821783846,59.42360030740615,85.52115095713475
Kitale,Teso South,2024-11-01 23:18:21.952240,4705,94.93577332055705,21.112560355820573,5.109771597570607,30.183642973805398,31.043043887083613,48.494931297224255,38.34553842978988,67.70087882671406
Kitale,Teso South,2024-12-01 23:18:21.952240,4534,77.37022466267224,33.423648691474526,22.776417024033236,32.7968759883283,61.75864162769026,36.11410301360075,66.40763133669667,84.13953581076092
Kitale,Teso South,2025-01-01 23:18:21.952240,9884,52.95516763642124,37.859131978549,9.82831043208607,30.757464319647887,35.4815487314241,46.47553305299372,51.13446419956372,64.00707117854361
Kitale,Teso South,2025-02-01 23:18:21.952240,3974,37.29037232187345,42.05948105405267,23.645267462458584,26.78399009534951,63.29567355459075,43.301411855829,30.339357117457176,57.319871101224436
Kitale,Teso South,2025-03-01 23:18:21.952240,9060,85.75835812666816,37.662772033624094,11.481933577519662,18.675187212516896,33.51290038287797,30.44351804590775,47.43406567152513,50.579736684777615
Kitale,Teso South,2025-04-01 23:18:21.952240,13517,91.86637924339279,29.270339916910117,20.98805258403135,15.480832102739297,22.874816616519922,42.92835223476273,37.42511995743825,56.732756590409394
Kitale,Teso South,2025-05-01 23:18:21.952240,3761,88.82381925601788,43.988693051557874,6.179748969266448,11.727539292132002,32.782996023628186,77.30384898033998,32.01421339995779,44.54665482200418
Kitale,Teso South,2025-06-01 23:18:21.952240,4466,71.74504351297654,32.74341704349436,21.903142450331877,23.380174013984714,55.51072694827691,64.23731119001428,35.99540907206166,70.01996512013594
Kitale,Teso South,2025-07-01 23:18:21.952240,10248,59.73594319621448,26.364912626036237,10.787129510638316,24.663108384362022,33.764000452939,63.85287282679237,67.94682012888804,43.89122825894033
Kitale,Teso South,2025-08-01 23:18:21.952240,7570,43.40665774676841,25.90540042751735,20.971696255403064,10.409871386906676,64.76046644127891,43.07574314056192,40.88788903640876,49.94083240204658
Kitale,Teso South,2025-09-01 23:18:21.952240,3219,62.20005737092153,31.807178222108988,5.400918476383161,11.547675069418847,50.92183430225952,27.97350518015699,63.46583117349814,49.08384572292664
Kitale,Teso South,2025-10-01 23:18:21.952240,3910,50.958436543674296,40.6638244614697,12.117832161115016,22.189219877319303,47.31764313651658,70.6931592559055,74.382386440087,42.057024430175105
Kitale,Teso South,2025-11-01 23:18:21.952240,7883,73.58102223818256,17.48904390573556,11.141636180552164,29.97375455264819,22.23989470973658,43.78818622478592,56.30864147498957,44.71485434516068
Kitale,Teso South,2025-12-01 23:18:21.952240,6745,73.03663733463256,23.675280710902868,20.350486715215368,31.770399073990244,23.146021702421987,57.92479077198299,58.4915723326912,62.35427213725958
Kitale,Teso South,2026-01-01 23:18:21.952240,7108,92.0061337147927,42.03316385078617,17.639180907248274,21.56248806648538,23.847257254549874,77.40584908307208,60.279465593150704,81.710313875405
Kitale,Teso South,2026-02-01 23:18:21.952240,9653,77.72972827335292,16.584661523139836,11.026121499002407,27.336469390561476,50.41150103636802,38.948405359561676,71.14950939670265,56.765298734698696
Kitale,Nambale,2024-03-01 23:18:21.952240,11665,43.32095877093968,22.939595647730844,6.426893315557569,12.533018652523383,61.01660246530513,39.112780100466296,38.27955039734153,77.72902467154378
Kitale,Nambale,2024-04-01 23:18:21.952240,9569,78.34095116263899,29.526109354056757,5.790237441537331,17.554670385068878,31.49157152148262,71.49461318985946,73.30269372743987,56.20136157068048
Kitale,Nambale,2024-05-01 23:18:21.952240,2806,43.46333204764124,40.38535298760097,13.967477503381494,29.059237735866688,35.87723281946653,52.09641238875042,51.557039478521816,82.39537291703633
Kitale,Nambale,2024-06-01 23:18:21.952240,9922,41.28119399778397,32.39681873112985,21.564601386060865,28.049305862431105,47.98794133682349,78.27819310058345,33.58266753070452,62.626501589564114
Kitale,Nambale,2024-07-01 23:18:21.952240,3450,55.30970836513133,30.197088639775608,5.426826170932991,20.075640571591038,61.49255662224811,55.444764313867296,54.07174028342723,83.4971237264272
Kitale,Nambale,2024-08-01 23:18:21.952240,13345,33.92835047295412,20.055194554610942,17.769987772672785,23.43058653920192,22.814667377549863,47.004022645438496,41.207162811051845,45.700651979309804
Kitale,Nambale,2024-09-01 23:18:21.952240,4890,55.00815955288428,31.653310484803395,14.386350358837346,26.40077586268037,21.349913104701432,36.38953073917461,41.63905173516338,46.06232571919831
Kitale,Nambale,2024-10-01 23:18:21.952240,11560,81.61845485707593,24.93726607148578,15.585359469623349,29.510687502893273,29.53739608050075,26.141799750494616,66.32116597045967,59.747574651982674
Kitale,Nambale,2024-11-01 23:18:21.952240,3876,93.38324144933135,43.3435618421003,11.95891725484891,27.98862752186408,59.04277569126348,48.2356850812514,32.39947223899159,80.75394192077347
Kitale,Nambale,2024-12-01 23:18:21.952240,8513,91.56445844872852,42.737747055140275,6.282432084953697,19.53829961604866,57.71182136985162,55.37569119904844,63.09541786336312,45.46867426257893
Kitale,Nambale,2025-01-01 23:18:21.952240,9657,37.83547959215408,42.950271037556064,14.708656204547125,24.45992839671522,37.43005296128643,77.71037184042413,69.82323329503998,58.66629357282658
Kitale,Nambale,2025-02-01 23:18:21.952240,14183,62.83987717337145,37.795570763982184,6.029172230328834,29.667640457707964,62.19835089919844,36.24125498717407,79.70758816056741,76.004644072308
Kitale,Nambale,2025-03-01 23:18:21.952240,14864,58.554559024820925,29.118806278929107,18.099886706266602,29.459085330359667,53.06724922859436,30.96782425654554,58.65373750562942,57.53694505471312
Kitale,Nambale,2025-04-01 23:18:21.952240,6761,81.63527391151035,16.93947559205798,12.144070812809499,20.784003920813298,47.21454175850573,77.29481118821855,46.33785608271016,87.91555599251616
Kitale,Nambale,2025-05-01 23:18:21.952240,2799,38.02683276494812,29.14901038141983,7.834629138635163,14.899246946582618,25.6191052802376,33.717163564204796,54.71273122616459,51.0750246698783
Kitale,Nambale,2025-06-01 23:18:21.952240,14203,70.42424706295694,22.916421686974708,19.212715509584843,11.7281818304508,63.126946299115346,44.82645710114055,72.83131741113863,49.65590216268896
Kitale,Nambale,2025-07-01 23:18:21.952240,8775,60.80567394184151,42.87913809729111,21.32252360190131,21.239229811750484,66.19412388350665,72.67745780684919,57.5703802265605,76.71258340451557
Kitale,Nambale,2025-08-01 23:18:21.952240,4365,60.84426735371015,16.379696276081024,12.530754211816799,18.69505692362997,48.04681916958016,50.464570050183085,57.057283823104626,66.21432204891397
Kitale,Nambale,2025-09-01 23:18:21.952240,4177,89.85788770519301,15.254956636798962,12.54234889795871,23.149334270303967,68.58577343061867,77.27253052442728,73.64040967834399,52.521842976445335
Kitale,Nambale,2025-10-01 23:18:21.952240,8685,53.24612436411144,37.064989875040844,6.840465436332601,33.04183461412434,54.41080661495254,58.80862341010822,44.6622346561711,80.95683563607429
Kitale,Nambale,2025-11-01 23:18:21.952240,6091,94.23796605111173,44.710074028677866,24.05238168378496,12.095472397587262,20.25841517425098,58.802313346193394,79.1154838073059,69.59139043299703
Kitale,Nambale,2025-12-01 23:18:21.952240,14140,69.04945841448595,43.75159510723392,5.771729599280198,27.898824362914585,69.60271515878824,37.150610531661115,67.07838544543128,64.38914923999636
Kitale,Nambale,2026-01-01 23:18:21.952240,5495,91.72524541828274,41.16700404819589,21.61938788708104,15.013333846783983,24.39743800481454,48.591249858786306,80.16344735945793,81.26012160584644
Kitale,Nambale,2026-02-01 23:18:21.952240,9913,58.40810825302002,32.64002178139656,17.652603572269065,10.434069523569786,24.82932826639559,76.41350958317767,59.37406824490164,43.483836398346405
Kitale,Matayos,2024-03-01 23:18:21.952240,11161,92.66959310819185,15.153349055594312,12.672878659023361,15.152800709501959,24.725344433792216,57.0612732266456,80.63673380384031,80.56345388744936
Kitale,Matayos,2024-04-01 23:18:21.952240,14751,77.40408273442033,40.0863535532564,14.5836685648605,26.521337808295495,59.21929055392864,40.46318051350908,51.341590451262334,89.9948446658706
Kitale,Matayos,2024-05-01 23:18:21.952240,7769,67.59556489489002,44.69909494269276,6.379075845010553,24.883676301529,37.75610454103593,26.32542671656264,68.28739816645734,72.01628082180088
Kitale,Matayos,2024-06-01 23:18:21.952240,8669,54.75916618699277,15.684634941763822,16.43065775960369,20.88747930153593,35.815655200111976,31.506501401075628,38.6104811153708,81.35413966221489
Kitale,Matayos,2024-07-01 23:18:21.952240,12942,92.07861855370106,39.7153388468709,16.500128707051523,21.95875654225036,36.89710092786003,70.89483690869481,34.54163486370321,76.94571992091755
Kitale,Matayos,2024-08-01 23:18:21.952240,14728,64.935060280752,20.3714223181011,20.938257197819212,13.556587069854086,67.19044070247293,44.39044590768833,56.31177302942158,88.67736163885246
Kitale,Matayos,2024-09-01 23:18:21.952240,6324,30.299000026128372,34.77227618424601,5.021668165285393,28.867038463416073,66.76330606703388,65.03349506112096,66.33268428051394,58.37903059716357
Kitale,Matayos,2024-10-01 23:18:21.952240,14261,55.38842181326015,22.07392887818673,17.188354137387982,34.07265276095527,33.92834136697217,74.30436942335146,84.39614183154325,41.280632730216944
Kitale,Matayos,2024-11-01 23:18:21.952240,12232,52.24720110459543,44.649942583802854,10.424389858420513,22.349448555876375,67.9460040839271,33.85471098434037,71.15348828455699,54.17760608582059
Kitale,Matayos,2024-12-01 23:18:21.952240,6861,94.99120584612149,15.341882444475758,7.595693415970192,34.49785246194094,66.39979834903357,25.15958470518956,76.4056574258893,65.92302377020803
Kitale,Matayos,2025-01-01 23:18:21.952240,8658,89.39945355518864,40.59816886048749,23.657922173278326,18.477819997196512,43.68529418329281,61.440498409657714,80.73235860623615,82.14728898381446
Kitale,Matayos,2025-02-01 23:18:21.952240,12936,79.76679347148513,26.397527728975646,15.631849493712993,21.594657395493766,55.938970578662435,66.50341491236915,74.62924252574388,65.09321460656385
Kitale,Matayos,2025-03-01 23:18:21.952240,2290,92.67230594405233,33.48269410689133,19.674710203041993,17.40387960227503,24.44415282303632,74.57595378013531,84.85780809304028,67.07359640122785
Kitale,Matayos,2025-04-01 23:18:21.952240,4510,59.16169597748227,41.54224197157312,23.70029517906931,15.219432116226738,49.68357264828992,75.77750601657866,34.55345007067578,62.087237340250056
Kitale,Matayos,2025-05-01 23:18:21.952240,10228,51.59517433457841,29.740756169330325,20.044780769806394,19.567137145675332,54.757300856633734,25.877155815727182,59.83668127239139,87.12757553785087
Kitale,Matayos,2025-06-01 23:18:21.952240,12040,82.63190691190421,23.367191366985992,16.91195661321865,10.104114024380491,44.75030271563024,30.393209741101316,70.94935310867683,47.49156700162503
Kitale,Matayos,2025-07-01 23:18:21.952240,14384,92.46859990381333,15.805362248426713,15.251959443168708,24.554976474681432,56.758556707029435,68.44198269066223,60.5612608902632,42.734066203587695
Kitale,Matayos,2025-08-01 23:18:21.952240,10289,90.95188768769734,40.35300919218869,9.414669858005617,14.405732234834975,65.48510503324938,49.40463648657284,54.10185825780614,54.697258044091996
Kitale,Matayos,2025-09-01 23:18:21.952240,6249,81.33622570260766,33.56722277454992,11.949197351149465,21.41264078617644,38.233164247998644,57.23290700407439,67.40146319961613,42.58565821144758
Kitale,Matayos,2025-10-01 23:18:21.952240,10243,45.90104413540729,20.53630564276977,17.330795542139292,19.056221875762006,38.54532005608009,76.25352794671335,41.052039235815116,54.041642428797374
Kitale,Matayos,2025-11-01 23:18:21.952240,9291,92.37612574145982,22.28653205137811,22.09156926797498,23.923727128847116,69.04412347294901,65.95328026535554,38.8636550101845,47.113184273102966
Kitale,Matayos,2025-12-01 23:18:21.952240,11751,41.96547973445327,34.44875359983598,21.167893343815482,15.569017964029888,26.386273965132645,62.0044491314171,46.55275979776952,85.18434466396073
Kitale,Matayos,2026-01-01 23:18:21.952240,14923,66.55510250456412,26.48246084145753,8.025965433633104,19.29911743752275,52.093930066618,41.55225376833931,45.021594879772856,60.85033824909577
Kitale,Matayos,2026-02-01 23:18:21.952240,8448,78.17245530986878,27.296597793115012,15.531501536149836,20.379516191890353,38.33627420653365,28.941315504005736,39.350013927915,40.24321749401115
Kitale,Butula,2024-03-01 23:18:21.952240,12647,75.36427601658934,43.73401891302829,19.53272197789767,24.684557420069236,30.50648858325089,46.38513967445141,64.01059559493986,52.96137008960079
Kitale,Butula,2024-04-01 23:18:21.952240,11400,36.73783445798983,44.63558276519649,10.25841017130022,28.66648409931264,45.040653430815375,31.039703785878693,73.49369075051831,57.201728616136805
Kitale,Butula,2024-05-01 23:18:21.952240,5052,50.51793513378456,30.11325922749971,7.45733886781905,24.430902022504608,21.831239776381317,70.1132327223543,81.65560199972685,50.17579669910895
Kitale,Butula,2024-06-01 23:18:21.952240,3936,81.9689933687006,19.174663829585526,14.719988365369083,28.674167412280013,25.584097685689066,26.95032429515326,75.50175086480313,78.20027259983709
Kitale,Butula,2024-07-01 23:18:21.952240,8363,33.0456216308289,39.11003737236106,13.148660529094347,11.663608951169357,49.320079607009944,63.41846908734374,51.89684706372138,61.9552189535372
Kitale,Butula,2024-08-01 23:18:21.952240,3471,78.7220588117905,15.708278153198123,7.082720208729388,19.758227276500165,21.67764908429119,62.878473408643174,45.221121062145045,53.74784480114602
Kitale,Butula,2024-09-01 23:18:21.952240,3045,33.427769597600005,40.08140841287155,17.468543527672573,24.857850237214592,40.49762544313366,59.93676693549293,77.40647227854245,45.0722935163014
Kitale,Butula,2024-10-01 23:18:21.952240,7722,32.23456700709515,34.57808184846658,21.97641538069458,27.858755715778045,33.15335679516638,35.23470938648994,42.44903975362395,82.03188206868163
Kitale,Butula,2024-11-01 23:18:21.952240,6321,73.08779315845597,32.45494675025465,24.956980732942743,31.645349797486464,45.86951412568779,59.956446887271156,51.30537772937711,48.76004491960812
Kitale,Butula,2024-12-01 23:18:21.952240,9242,72.47577656744689,42.04870288247437,14.295747674002918,32.33006614124122,62.12097159215318,58.1922560252999,70.27206833607161,63.32632914102099
Kitale,Butula,2025-01-01 23:18:21.952240,6174,55.85286624478047,37.76757849444127,9.416989490486301,26.278308437629235,24.64672647517827,71.96742930377347,77.12055636874571,84.67260260503215
Kitale,Butula,2025-02-01 23:18:21.952240,9577,79.15110126962489,38.8190609691795,10.788782648295829,11.248034908491375,58.18122576806949,39.96671005427563,37.98822031099092,52.3175364466246
Kitale,Butula,2025-03-01 23:18:21.952240,2013,91.06391507055372,44.021512491666996,23.542015649244984,29.13820198092173,66.07569783768648,45.63217392743687,62.70400586140641,64.84916137371512
Kitale,Butula,2025-04-01 23:18:21.952240,11084,94.61002266731656,40.90893585225795,13.879423415757648,26.509207549850036,52.06033252517326,56.36263742571671,33.00734677274226,41.29991798756292
Kitale,Butula,2025-05-01 23:18:21.952240,4612,33.37562888783245,36.37701905438313,7.061591514354346,20.205622784051187,23.010621934734875,78.01983190391451,68.39481025702172,40.448563500849644
Kitale,Butula,2025-06-01 23:18:21.952240,4126,87.63671515961975,38.693434417567104,8.815705553333398,21.567915930585627,20.018251140400054,30.935311852028374,83.32410942897121,60.532394707718
Kitale,Butula,2025-07-01 23:18:21.952240,8327,53.77694585203602,30.14226661228161,24.32344653632,30.98771414529836,39.161065365124806,25.49389217819587,52.79005017874134,66.30460024578218
Kitale,Butula,2025-08-01 23:18:21.952240,14630,31.44097935029401,33.28062501728003,16.733999637336822,22.796521422092788,47.35498552165343,65.59396745893625,54.745629650620316,73.55800905497085
Kitale,Butula,2025-09-01 23:18:21.952240,3532,45.69002545164644,42.17191603881584,19.61094850698095,34.98879469315398,64.2076506084103,36.044420057560764,32.499074520670725,58.13422090454813
Kitale,Butula,2025-10-01 23:18:21.952240,8732,84.18218948463922,39.10573872623047,10.846886332987642,18.177382995306104,35.80819273117757,78.95215798889929,32.45364670058561,59.63805402247803
Kitale,Butula,2025-11-01 23:18:21.952240,3849,41.96178514273092,15.23716085413477,10.502902815253158,31.609851989877757,25.581013729158297,69.34164798537915,60.76550011832421,70.2776495459724
Kitale,Butula,2025-12-01 23:18:21.952240,5270,49.96512253248011,30.12178968188194,10.476256577331704,20.711090360320554,55.862695792004665,79.66134978953629,46.864301587818524,87.21690206286544
Kitale,Butula,2026-01-01 23:18:21.952240,6822,90.2572798648271,25.296605616501466,16.73368247973829,20.588586604893983,46.373676078982015,75.37717701384234,59.40263685435298,56.46946274169291
Kitale,Butula,2026-02-01 23:18:21.952240,12999,79.92889083188632,18.657725086321708,8.948613338050302,11.341583597820549,28.342696043803784,40.47869573776609,82.39789386242114,89.0052088468391
Garissa,Garissa Township,2024-03-01 23:18:21.952240,2726,78.67298090437119,18.020497897593536,12.568861773397451,17.371258833373492,29.07317315261482,27.42715430922727,47.5305531928783,43.40418578540567
Garissa,Garissa Township,2024-04-01 23:18:21.952240,6273,75.22198339409678,24.327150524955712,12.479664743262017,25.55872900953472,46.39760005921628,54.9374992894968,38.369994437681825,84.85585100647874
Garissa,Garissa Township,2024-05-01 23:18:21.952240,11430,91.31382067798452,44.77502510818137,18.098994931282,15.762785831618652,59.20857383467645,47.412038097499604,35.78265326512739,77.58400072207101
Garissa,Garissa Township,2024-06-01 23:18:21.952240,8437,63.54146750468277,16.782448987422484,23.068649016647953,27.255185755750748,38.02221960465954,76.39254142070112,34.76676771581338,83.26470878283749
Garissa,Garissa Township,2024-07-01 23:18:21.952240,3027,78.71431145579778,42.08017950013026,15.048768258769394,10.220507841081915,51.85492288341221,66.16888403095945,51.906764034557696,52.760134824467514
Garissa,Garissa Township,2024-08-01 23:18:21.952240,5583,58.594071990497284,27.12571625624993,16.125144370106007,20.80276050189658,48.55617599854544,72.7380314015935,52.14050406113502,57.420819207739235
Garissa,Garissa Township,2024-09-01 23:18:21.952240,11179,74.53952231495981,24.984857404997186,9.894358357806247,17.281501492565717,65.69402243406734,42.4261376293059,48.13096599153573,45.333219848148936
Garissa,Garissa Township,2024-10-01 23:18:21.952240,13776,49.31958504372864,42.993320779019044,12.886333573931116,14.386272564017453,66.4453502633369,75.52612783635203,37.78409369301479,40.51249157688165
Garissa,Garissa Township,2024-11-01 23:18:21.952240,8558,34.237827183869506,22.61532122923343,12.930398595262853,28.883439184597115,41.04589781049829,56.59144896205548,82.45433251580862,44.212463208265895
Garissa,Garissa Township,2024-12-01 23:18:21.952240,14672,70.26341498812366,36.43554544104563,11.708891918155294,18.743823760543727,33.424130904994804,53.99262376474846,60.752067503291755,55.207583055173274
Garissa,Garissa Township,2025-01-01 23:18:21.952240,11545,83.45621444184331,21.586046261801798,16.287837901550116,13.788950336810395,60.51037994875665,34.35932894264608,49.33314062742351,55.72899332765239
Garissa,Garissa Township,2025-02-01 23:18:21.952240,3903,48.90989866193536,29.010604631286085,7.866461432870658,23.61214669588889,31.100202523527386,41.68905086780531,61.735912980627525,51.44110545075537
Garissa,Garissa Township,2025-03-01 23:18:21.952240,13199,48.03963935954633,17.638352180316225,19.794453508072195,13.297603459968999,60.4989329144685,53.5443155345494,83.311547993525,76.33606673446258
Garissa,Garissa Township,2025-04-01 23:18:21.952240,11760,61.984814571041454,36.74183035400732,20.641923138362554,13.480731357550141,40.73439128468152,66.67806098250249,39.097625958632264,87.87353011307539
Garissa,Garissa Township,2025-05-01 23:18:21.952240,3117,60.11393983830958,38.81399381677902,9.313948494171749,10.505924512933245,33.61692672178814,64.06319558582433,58.69533829161125,44.5593605676794
Garissa,Garissa Township,2025-06-01 23:18:21.952240,8884,75.45508724977009,24.393904610014307,19.268836356769697,11.491920928196217,44.00343715126876,43.61680604588882,60.08065239387008,68.31156198878313
Garissa,Garissa Township,2025-07-01 23:18:21.952240,6540,35.744928960131276,17.741367161361424,23.27852551237668,21.21510774088401,49.72620381735928,47.595877953244646,60.086995651726426,42.07389019293171
Garissa,Garissa Township,2025-08-01 23:18:21.952240,2660,71.99686590139044,23.52093502820187,5.5789277390001635,10.359751359600452,34.483728113641746,77.72873658492776,63.1818493488651,66.27069129161916
Garissa,Garissa Township,2025-09-01 23:18:21.952240,4476,70.71421958985425,16.898885160661152,6.932761334439467,31.09276883646843,69.18571690999728,25.703985669506558,64.77099101536078,49.5751566837123
Garissa,Garissa Township,2025-10-01 23:18:21.952240,11148,72.72103287230246,43.76124249701397,12.08414563116114,12.592572543897528,28.543322628925754,48.31671775033978,34.93169926680524,40.404024879242925
Garissa,Garissa Township,2025-11-01 23:18:21.952240,12988,55.43753220324266,30.541850227585716,10.066217630339501,28.15060787254333,63.2955215391276,60.94090008602483,63.34734280224386,67.7940726163065
Garissa,Garissa Township,2025-12-01 23:18:21.952240,7527,82.3783131420466,40.12994384931343,20.744628651576658,29.886086692918898,68.97796845456207,46.916459297081104,72.95886335366149,47.87999311938688
Garissa,Garissa Township,2026-01-01 23:18:21.952240,14564,71.19729298190589,42.8606038727831,23.944547187120417,18.3092031190211,66.42559484517442,75.92959075244902,60.12799870463021,51.416121549223
Garissa,Garissa Township,2026-02-01 23:18:21.952240,9143,54.841771930945725,41.41074359667813,22.37152373894267,13.100952798900849,69.57550891970966,65.90425561513428,46.2693589633222,80.33482102754775
Garissa,Balambala,2024-03-01 23:18:21.952240,2862,57.005327821491946,17.672735010802974,8.99980152145309,30.123058684386542,65.0881413306812,42.096859294064025,62.11149684342897,72.39938655754736
Garissa,Balambala,2024-04-01 23:18:21.952240,8684,92.97509811454421,26.48306421043823,11.881719461123737,25.76069491663951,43.783113186815385,69.4013101140028,49.39537758288695,63.90572600058354
Garissa,Balambala,2024-05-01 23:18:21.952240,4973,36.02942124381014,37.319093037154076,5.01601032493933,25.610384916963557,30.254598944461264,37.88530895400693,60.49415355059857,81.70474974287063
Garissa,Balambala,2024-06-01 23:18:21.952240,5232,65.94994496080643,43.709716128924406,24.099280638596525,19.41529457389835,34.96583780914983,40.53678440995928,73.11554769426068,67.89609824284052
Garissa,Balambala,2024-07-01 23:18:21.952240,12855,66.42288935094608,27.53956867623315,11.837725310242796,32.73729654746307,21.60906680664681,27.939537929543466,62.27472851008494,57.360412915907
Garissa,Balambala,2024-08-01 23:18:21.952240,13497,53.68351760910736,23.803861756049123,7.82946600089746,18.124264177649135,20.973386542359016,67.1692854084555,73.04013658963521,73.81070986666627
Garissa,Balambala,2024-09-01 23:18:21.952240,5495,88.86310425751012,33.76720084430431,17.057505819222147,28.955757887633144,25.87307488759749,56.21587875476594,46.47865414896617,52.578364925233316
Garissa,Balambala,2024-10-01 23:18:21.952240,12889,46.381959740663646,19.67946379422495,18.002828511686502,23.46663633522298,46.1759534573112,39.37035828848967,78.54914405422376,87.49238826609853
Garissa,Balambala,2024-11-01 23:18:21.952240,14067,51.07387659204994,32.04779562708346,15.528131440902452,20.264331648072613,54.22901848297934,55.48226110299717,52.17194077103769,68.11673536032217
Garissa,Balambala,2024-12-01 23:18:21.952240,10372,59.09023074426378,25.751277464297544,9.989027338990208,30.102734453856996,23.511404483790542,60.886524782451005,42.78361519248118,77.97316026250508
Garissa,Balambala,2025-01-01 23:18:21.952240,2296,31.23815943347237,33.355844815066995,5.199693259471907,20.481295410806034,56.57517223876589,29.49940893164389,42.02152879907473,80.31997041834414
Garissa,Balambala,2025-02-01 23:18:21.952240,13298,89.8946158150211,38.916165169822065,5.68452294467934,23.17696342508495,58.44506259170213,48.21962088483403,37.65450393009743,47.6832698513035
Garissa,Balambala,2025-03-01 23:18:21.952240,11148,86.54271080942442,31.683978225197162,24.93891187919607,28.34567084699569,56.154471946931054,31.88807937290276,58.242838871729504,81.78184527230584
Garissa,Balambala,2025-04-01 23:18:21.952240,14727,68.97648647288062,26.960922704818252,11.752389743713865,26.83246007987731,29.59047812322143,36.29165842816667,52.391093329572925,75.06255081194007
Garissa,Balambala,2025-05-01 23:18:21.952240,7849,53.90499590542734,33.84911493204282,7.256977081883802,29.062619411408324,22.34937840480427,69.82182044819092,36.88708100535362,60.25161719810884
Garissa,Balambala,2025-06-01 23:18:21.952240,3512,86.12649846909468,38.65511482198346,18.874221709718757,26.963829615208738,36.15178524377443,34.97238397393692,47.68039338813698,83.87737211104458
Garissa,Balambala,2025-07-01 23:18:21.952240,5976,67.31669297548916,20.4017362734786,15.73148578750949,26.474242678404476,32.30441738591605,76.76373347798992,30.496881624929625,82.33503032484077
Garissa,Balambala,2025-08-01 23:18:21.952240,4544,86.25527107652391,39.01314460714403,18.31793821504322,19.01169379404356,31.610942263178345,73.28947468586601,64.66696885017782,57.09404664636411
Garissa,Balambala,2025-09-01 23:18:21.952240,14232,76.3702619320338,31.018901231820653,13.877325158634275,11.893092914092929,29.639495095814777,66.532222737143,67.44157384631826,64.94773570144042
Garissa,Balambala,2025-10-01 23:18:21.952240,3601,86.53186846758284,34.79221732620604,16.286873615936358,12.024664994414966,29.87096150018676,28.516228506697963,39.70476179933267,71.28032412179941
Garissa,Balambala,2025-11-01 23:18:21.952240,14114,40.72384337903951,22.805863975088187,23.431139515377673,27.700193483682238,68.96299793846015,58.76733926888284,82.90609430025344,82.49628149607982
Garissa,Balambala,2025-12-01 23:18:21.952240,7978,71.52839269606137,25.38590161774178,19.970521271190023,12.069027810117149,61.83461838677234,34.419795888569226,32.22927993718277,40.51147168522656
Garissa,Balambala,2026-01-01 23:18:21.952240,5210,38.89322227997006,22.659819799416148,7.941883704718324,13.734941119280316,47.12345420761207,65.04363291017002,80.83832886032855,58.647168594454754
Garissa,Balambala,2026-02-01 23:18:21.952240,10445,33.26793233636611,37.935259248643774,13.26621183962634,30.5683312246722,62.14187074188005,72.10792851718193,84.55844284906156,71.10112697565089
Garissa,Lagdera,2024-03-01 23:18:21.952240,3956,33.820820016285175,15.576204278014673,16.559740397580505,31.010257827691877,69.37913001343338,40.938653522437185,73.66421210648781,46.26701613118878
Garissa,Lagdera,2024-04-01 23:18:21.952240,7140,83.23522521562555,27.35990821738421,24.848773072363628,18.28447150640023,69.17853350058957,33.973273048252366,63.1685058324299,82.96325698712982
Garissa,Lagdera,2024-05-01 23:18:21.952240,12378,45.54233103258019,20.187770963402038,14.219845829152693,10.195966182473025,55.75476351257228,41.978222083497606,66.98976537590802,64.58092251898883
Garissa,Lagdera,2024-06-01 23:18:21.952240,11406,32.92788290607469,19.87945946091373,22.256623251357407,33.805797200395006,54.919997091877754,46.172428347651646,45.81363642994295,67.27012738577994
Garissa,Lagdera,2024-07-01 23:18:21.952240,7553,62.68276132995603,35.22220736653334,7.106075572741554,24.571640738529876,44.50197500468835,74.4154085330122,34.436714142519506,49.14366177531295
Garissa,Lagdera,2024-08-01 23:18:21.952240,5591,30.254450047398116,16.607095822466228,21.511896481928925,23.03508988728185,67.3037279609928,73.39767298800825,59.69659400926278,67.13589532045232
Garissa,Lagdera,2024-09-01 23:18:21.952240,11712,38.12562880080151,38.583708552575835,15.136400537073406,26.803535591446867,68.029757371084,26.90212453850876,53.60023921565683,45.67979170462653
Garissa,Lagdera,2024-10-01 23:18:21.952240,2013,42.67059065992074,34.9279868312227,6.633451409375672,20.293082124880982,54.252494688492455,49.86321693254381,66.75783454956309,54.18754029925057
Garissa,Lagdera,2024-11-01 23:18:21.952240,9240,93.95623921603837,27.587420949661357,18.437170735970085,21.038395458698908,45.035839786028426,52.39299001111136,81.59282120409489,85.68395877038893
Garissa,Lagdera,2024-12-01 23:18:21.952240,4297,73.14042377843211,38.10805599676891,10.181644786280549,15.105322157470166,58.75759089669012,55.33755795092844,54.216353041303364,85.63904317640078
Garissa,Lagdera,2025-01-01 23:18:21.952240,10737,53.48206742723255,40.81582742974744,22.090207140107655,18.650257230259456,51.85129374595503,69.32001339978696,80.34893925760028,72.60213769654194
Garissa,Lagdera,2025-02-01 23:18:21.952240,10272,34.19921629293641,15.238769841367331,20.29897121892752,26.434400507970192,63.24921408106096,40.35296306256309,38.72691296994006,85.42109987499919
Garissa,Lagdera,2025-03-01 23:18:21.952240,14608,87.0167915033774,30.324483443965164,13.953691583485927,29.000097568904977,63.662641208936,32.59190244231396,30.69616258370598,55.689045003652396
Garissa,Lagdera,2025-04-01 23:18:21.952240,14031,39.88115529182469,25.560779484139434,21.69851431719199,29.20147607064155,29.882887910464866,28.886141902735176,38.48645780893009,53.254404901379026
Garissa,Lagdera,2025-05-01 23:18:21.952240,2738,72.93484547007301,15.5645043415635,14.531430870175603,17.617454813748502,33.941085474082385,65.91399424697249,49.412579227999174,77.00483060174807
Garissa,Lagdera,2025-06-01 23:18:21.952240,7980,71.65029741277701,25.9886575496419,20.99406189868316,18.346005843024827,46.338798113031025,38.90632256809452,49.95642404282039,58.745923631857266
Garissa,Lagdera,2025-07-01 23:18:21.952240,8669,31.411234490703855,30.570246585659127,10.264212892700975,12.444279723667941,45.11892749274047,34.240230121264105,36.99939021724107,72.03615725279522
Garissa,Lagdera,2025-08-01 23:18:21.952240,9322,46.84049278792702,32.06209222805069,7.7604041437669675,31.3037582752234,41.64782494969678,38.08036408342598,77.02108734807202,57.342791165527345
Garissa,Lagdera,2025-09-01 23:18:21.952240,2579,67.18298431476859,35.26472995289801,20.755589687611227,18.043993064466626,68.2461439573554,78.50201935674576,41.65544669878925,57.936946230502684
Garissa,Lagdera,2025-10-01 23:18:21.952240,12579,35.839020089735236,44.26914429038928,9.799062102689579,19.360374198232957,38.233665977556484,43.71622855296907,74.98643934985247,72.94881031470048
Garissa,Lagdera,2025-11-01 23:18:21.952240,4980,76.78779222574296,17.094605972767273,24.535382377253047,18.677780085373243,35.506839693164366,53.348219799118084,77.7342198623113,78.77694904071791
Garissa,Lagdera,2025-12-01 23:18:21.952240,4225,78.4686950355293,36.10676813311276,19.411053448308326,12.654337179451494,34.76203418105895,42.273592717778925,57.7315145431668,45.60325513586287
Garissa,Lagdera,2026-01-01 23:18:21.952240,8508,59.47039438203943,27.003629259463885,19.46936747573996,29.730660467924555,22.380572829947525,44.12650244060143,75.80161554284126,72.2425884193707
Garissa,Lagdera,2026-02-01 23:18:21.952240,11341,75.24935495302171,23.04572233005821,5.906001592034398,27.466985270899045,58.31518284239224,76.85429752202549,34.39157664121112,65.54438185517651
Garissa,Dadaab,2024-03-01 23:18:21.952240,14387,71.39030924601883,27.235525119839327,10.02840610880397,16.38375562920051,65.17651180228106,75.77751952718154,41.885746484093325,69.68349026719964
Garissa,Dadaab,2024-04-01 23:18:21.952240,7108,79.14779523612648,15.827646508241168,8.643951306596486,29.166643893442373,33.901129497171716,79.44116809691221,45.44159424315014,44.33821966791691
Garissa,Dadaab,2024-05-01 23:18:21.952240,7209,76.90063421298677,23.919558256389983,17.194441543813404,19.434734491211167,26.606973279857687,66.35223273472016,63.37836293982394,40.19116837948812
Garissa,Dadaab,2024-06-01 23:18:21.952240,2049,63.86290597361283,28.13937623992581,22.52783329760177,27.417134500146208,49.882618620098505,45.49707837187307,71.50622568892678,53.547107552702094
Garissa,Dadaab,2024-07-01 23:18:21.952240,6082,31.391164728027675,23.277181171442038,19.323811108058536,33.6122002004358,69.48820779668358,78.4447785217798,74.8964101048681,82.16015025855461
Garissa,Dadaab,2024-08-01 23:18:21.952240,7000,52.4578593367856,31.070909823559962,24.686213493046473,17.880140028551313,35.80844737349466,55.271465972681284,73.93540115525863,45.73075543701194
Garissa,Dadaab,2024-09-01 23:18:21.952240,5026,78.95774977111012,42.49271731971358,14.90213397475449,23.909609694225097,42.81771109894045,28.024713927072934,49.998261731258516,60.33203216876022
Garissa,Dadaab,2024-10-01 23:18:21.952240,2865,65.33729053876785,43.248147871366875,13.257273432504185,28.46420167921853,61.28028572242701,58.777846898844764,56.40200586110641,46.406058328237236
Garissa,Dadaab,2024-11-01 23:18:21.952240,12973,70.39524719875257,31.558255653885432,14.613574584104569,21.217970149213457,47.417819280757406,58.75460150023705,33.518214531173065,79.01734244020378
Garissa,Dadaab,2024-12-01 23:18:21.952240,14019,44.56194398906671,36.78648591790818,17.1391512657557,27.580846234477086,50.44654819410644,36.27620775664498,67.53058569196727,59.814115184549834
Garissa,Dadaab,2025-01-01 23:18:21.952240,13147,43.84736782760493,21.828857307277634,6.8792367325164205,33.58952427085387,43.999384686554066,54.49385145654441,69.09541028378348,43.56779031040273
Garissa,Dadaab,2025-02-01 23:18:21.952240,4230,55.86085888049604,24.6007819220462,23.518949275766982,22.160275262086916,40.78649389266559,69.51495666431178,80.23520572255751,69.19119108052143
Garissa,Dadaab,2025-03-01 23:18:21.952240,11657,60.49493676071907,29.86675552332308,15.29176107387126,25.9152436064063,61.583291663955336,65.64008864171859,71.91469319757876,73.16796170963296
Garissa,Dadaab,2025-04-01 23:18:21.952240,6767,63.34975814424928,42.89744785650082,23.90329426082134,33.534831562598214,54.01554642991684,74.91468802096932,78.07458957357537,80.57512070924737
Garissa,Dadaab,2025-05-01 23:18:21.952240,4641,72.00972216518589,42.15528402136335,17.939796890367248,10.258812592442462,54.55592644005148,56.802382136710754,55.2964929576905,42.13265295970692
Garissa,Dadaab,2025-06-01 23:18:21.952240,3315,36.88728960517642,32.186266665494415,11.432716175254994,29.578992557489304,29.796635460599568,51.28792422575496,34.28904345945055,67.54142116829082
Garissa,Dadaab,2025-07-01 23:18:21.952240,13649,82.85644347178454,36.437155494365584,12.29272309293357,22.915002929767518,62.04139751051054,77.1161285703225,83.53252510173851,81.4905653734048
Garissa,Dadaab,2025-08-01 23:18:21.952240,9844,55.92812725058082,41.604113737461354,15.924985405966755,30.478332698506797,50.5712411441435,54.59056431721153,74.86346176865581,83.37485233495649
Garissa,Dadaab,2025-09-01 23:18:21.952240,12952,83.82444189110511,26.90410034895701,18.254746395081234,19.50463058296689,47.76437980807502,73.47430484867269,76.39485254593606,41.77067370457768
Garissa,Dadaab,2025-10-01 23:18:21.952240,14737,92.5375628147932,33.28538499522923,16.893126047718944,27.58068067877599,56.79839712623528,45.93168618052303,77.8618669904146,65.04398846663136
Garissa,Dadaab,2025-11-01 23:18:21.952240,8815,38.13012283555092,32.432079396834325,10.053309258325566,25.3116857122729,30.515019722936703,40.68551916999864,58.358986478326955,46.32910437011453
Garissa,Dadaab,2025-12-01 23:18:21.952240,6105,55.68470983781597,27.963182722238034,22.233685245510785,10.389818482103035,49.40384490831652,32.176301006306566,32.88662836888262,64.88200403589548
Garissa,Dadaab,2026-01-01 23:18:21.952240,9864,84.75643083853933,38.57087725496494,22.811052488483984,14.409184250905042,65.19805117842654,29.170656201351377,30.049258404221437,73.86792495449009
Garissa,Dadaab,2026-02-01 23:18:21.952240,14636,75.84301253932506,34.03643581351092,20.725568957115726,32.323773905872734,52.533795622886345,77.89803994261239,44.054436268993996,79.24090966797124
Garissa,Fafi,2024-03-01 23:18:21.952240,3647,56.09841240506493,19.294297315102984,9.6071167093484,12.003516123378098,43.177210349735894,52.12287246171971,61.00449712962844,46.754982762279596
Garissa,Fafi,2024-04-01 23:18:21.952240,14336,43.064492669904794,17.7529676414403,13.402139901671937,28.001702878302865,25.060839731093363,76.28365601111383,42.78389568496351,61.24051000124744
Garissa,Fafi,2024-05-01 23:18:21.952240,5149,39.31137134435802,20.92150283279882,12.609776743122218,34.66506747629241,59.84625754843377,39.91999353365884,39.830129403279635,84.12190083266327
Garissa,Fafi,2024-06-01 23:18:21.952240,13354,77.19595469549006,31.813793796597317,11.861797930314236,30.428653378530505,33.78915462665174,35.765047798124634,30.768404677748197,61.79219176259741
Garissa,Fafi,2024-07-01 23:18:21.952240,11356,75.0009868876378,31.362132920950245,23.743961878774776,20.92260308539297,26.372185187249702,67.38118886025916,58.353403612075155,54.785244451491586
Garissa,Fafi,2024-08-01 23:18:21.952240,4058,89.86008877439177,35.03033108489872,6.936897498188674,13.792598722472265,42.725846132165515,70.98264231795856,58.90808400240586,71.4353612596096
Garissa,Fafi,2024-09-01 23:18:21.952240,9066,78.34263704964786,28.64538760532818,7.736062484513299,12.710767657133648,47.90164502612611,79.5615102956246,53.68692740511274,82.92169524785028
Garissa,Fafi,2024-10-01 23:18:21.952240,12848,67.37975522799627,16.12156541273854,21.890345486719404,10.355873335611346,38.669897622528666,71.71963006102408,64.81659968708652,72.49416058970846
Garissa,Fafi,2024-11-01 23:18:21.952240,11639,30.726201875120836,20.478569118295255,10.732730313741285,11.472403779309625,47.385528693671944,57.22475420583071,79.39211012899356,40.765142367373386
Garissa,Fafi,2024-12-01 23:18:21.952240,7051,36.305331905383284,16.941876260516402,11.307161497371565,24.95891692665047,26.285246286182723,38.78317559060958,54.599655973615185,79.6532570988332
Garissa,Fafi,2025-01-01 23:18:21.952240,13929,41.770005426958775,15.180067270977002,22.99925687704719,19.81238285624738,48.46800224219342,43.17437847628538,70.80085845391184,58.32345690970597
Garissa,Fafi,2025-02-01 23:18:21.952240,11495,50.0318341482504,16.97005714392155,20.15683577,34.846248508501496,20.161064177229136,74.5180545902819,77.66138630195321,63.54057522126816
Garissa,Fafi,2025-03-01 23:18:21.952240,14834,80.58250069307152,32.95045504860812,20.404118867881365,23.809919629524725,62.25384260142835,39.937686706090645,55.45722797378272,49.72102469053891
Garissa,Fafi,2025-04-01 23:18:21.952240,2995,91.08348469191534,35.93132820160355,13.520656774595487,25.97438692365052,21.39342292725417,31.34871632952584,65.41968792426104,71.6798697777818
Garissa,Fafi,2025-05-01 23:18:21.952240,10634,55.9224055632458,28.262819274060394,12.845648628233413,15.203664530629664,50.084699650685835,54.219802258457996,41.22087933438955,50.28177940475377
Garissa,Fafi,2025-06-01 23:18:21.952240,14590,55.42233622331496,37.85541641295387,17.142701875929834,34.546282480145116,45.955161960224444,33.76953452182184,50.75796493427987,51.53929779643862
Garissa,Fafi,2025-07-01 23:18:21.952240,10245,34.31813471095084,19.066874296797188,12.474881511322248,19.274578691714208,31.85960718712529,36.70702717031285,63.8165976724355,61.24749252504145
Garissa,Fafi,2025-08-01 23:18:21.952240,2258,58.75093019074971,18.123278125113323,15.437061710920783,29.188884482884397,35.27675110187118,63.63281423762402,80.54133569351816,75.60660293404544
Garissa,Fafi,2025-09-01 23:18:21.952240,11090,49.681771297171636,39.029614662483674,13.175732565272796,13.947583083867881,48.51603790970084,58.93757344435352,80.8934931476943,80.96800596034433
Garissa,Fafi,2025-10-01 23:18:21.952240,11647,93.55356482169437,30.11006972434819,12.801709555585948,25.63591880078723,51.725964011895975,34.93863174711166,54.26074324728004,84.61523009826736
Garissa,Fafi,2025-11-01 23:18:21.952240,7557,64.14435519454841,22.660387403997394,20.536559239348353,10.482841686420423,24.832159357214515,45.246338239202096,69.28370475168622,48.0688021573689
Garissa,Fafi,2025-12-01 23:18:21.952240,12266,34.25325060571992,30.957294750507412,12.268461640356382,10.378919699947385,34.80440704327845,32.74424559413013,76.32199637846333,75.33116721800322
Garissa,Fafi,2026-01-01 23:18:21.952240,12078,73.61292722426654,23.77573015596367,21.641825051654827,16.49418271842004,69.99075171788343,34.1101493201846,33.1380838277838,89.55170410119666
Garissa,Fafi,2026-02-01 23:18:21.952240,9481,87.04956336292821,41.44074732763188,13.764315949435705,22.40421128341354,30.98612378371136,62.3935361853652,60.241384972759505,76.36386107890831
Kakamega,Kakamega Central,2024-03-01 23:18:21.952240,5880,47.83512616487259,25.175936761058644,9.525454222801956,13.50150549914939,23.701358954714586,25.52397189127792,42.86366075382391,78.34388101406262
Kakamega,Kakamega Central,2024-04-01 23:18:21.952240,5413,72.05225726228122,42.92382327700494,19.667686039430983,15.537910228125948,39.8276623004852,70.82294371140131,30.991900718456236,83.48981363759768
Kakamega,Kakamega Central,2024-05-01 23:18:21.952240,2596,87.38049654381143,22.781640213564902,13.993108854129527,10.504154010963001,30.069884691417087,38.28795886522881,69.70645983510641,63.8852069349679
Kakamega,Kakamega Central,2024-06-01 23:18:21.952240,11568,71.6685338366092,26.854260724698054,18.259901437241737,16.452997542344214,31.742408943497693,41.80959215643737,66.50297142716497,42.79386849148132
Kakamega,Kakamega Central,2024-07-01 23:18:21.952240,3518,83.65041585055525,27.35829472405623,10.244559490523113,13.515644887780084,23.746555824029592,34.9435369348096,67.17474429303488,44.40573026483492
Kakamega,Kakamega Central,2024-08-01 23:18:21.952240,5096,75.733577285898,22.138844958103302,19.306306172173322,20.84213384521379,28.83220472557512,56.05269707134926,60.849730182696575,54.92941781007717
Kakamega,Kakamega Central,2024-09-01 23:18:21.952240,8799,42.72623928380719,18.967745837454643,22.741377526217242,26.302443910950785,24.346069220170783,71.60849730155445,81.56931315268719,67.59012192115087
Kakamega,Kakamega Central,2024-10-01 23:18:21.952240,6839,80.9715971095543,41.52060875138373,11.32732568995964,15.844724613536886,56.41671847095589,27.264927550399193,38.22096905669323,62.78931732578917
Kakamega,Kakamega Central,2024-11-01 23:18:21.952240,12454,61.21566764769419,22.050689703545167,10.661257832302622,26.74817366759247,43.67267233734841,66.79938863889697,63.349124357173565,47.11750499239145
Kakamega,Kakamega Central,2024-12-01 23:18:21.952240,11432,81.26252560196468,20.00768303675933,16.423935977219738,10.645082953059035,30.23291997666456,41.746413170259,62.03052224755162,55.17574875675962
Kakamega,Kakamega Central,2025-01-01 23:18:21.952240,13350,68.93185812270406,31.703885714360645,13.37367390258092,13.583795403544517,31.571490840615134,45.3747338837713,51.227998534700475,84.88122882636259
Kakamega,Kakamega Central,2025-02-01 23:18:21.952240,11185,72.95959583172403,25.698629684002263,6.4293959627370345,33.09760531507478,38.17208314140285,32.55059893523655,30.419974068239366,40.324531431423644
Kakamega,Kakamega Central,2025-03-01 23:18:21.952240,10472,50.78335388483562,17.440361494683337,15.790044606391529,10.257949823031778,44.754795134505216,32.26743324900062,67.61341126472617,68.42569626744293
Kakamega,Kakamega Central,2025-04-01 23:18:21.952240,14277,44.42291258116257,19.72901517112139,22.700941744227787,24.679537492887782,51.356325303900704,75.18529225954805,63.01549757053252,66.366444598614
Kakamega,Kakamega Central,2025-05-01 23:18:21.952240,7616,46.58235249825532,24.061057748405062,7.614858018493999,12.545597397078424,48.38418894290842,49.104534910186075,63.37479324315918,53.8636817859479
Kakamega,Kakamega Central,2025-06-01 23:18:21.952240,6526,50.84733641575731,41.79120049958383,23.465293399000537,23.746891359744986,38.37748034169885,27.618354148952662,36.255144330990696,42.75055545846038
Kakamega,Kakamega Central,2025-07-01 23:18:21.952240,13617,59.04409375458434,31.657959715735863,23.568095685517598,17.526383610484007,67.10901774636892,28.95825724744259,33.71255003198717,73.49695558590567
Kakamega,Kakamega Central,2025-08-01 23:18:21.952240,8713,31.660950331966568,21.452038057830183,9.90067872250157,22.014064495933418,69.6859560442783,54.729204379990506,63.100094789249724,88.89245062852117
Kakamega,Kakamega Central,2025-09-01 23:18:21.952240,5295,56.32217459431166,43.95289544926227,23.415832282975142,20.774401229508456,45.21744553756315,54.51803004846643,81.78499884880367,49.281893765202355
Kakamega,Kakamega Central,2025-10-01 23:18:21.952240,13998,38.469596998479666,20.149618473985818,19.944893413298747,27.814862950280702,29.46415061944922,79.09233852009984,80.77226209320119,89.46591797992401
Kakamega,Kakamega Central,2025-11-01 23:18:21.952240,4188,45.36096090287479,32.04133949953054,13.128695326429622,28.266534624840432,44.80878457433009,29.944329289293016,84.67288146491538,62.794993500281066
Kakamega,Kakamega Central,2025-12-01 23:18:21.952240,11598,47.229322294668506,20.51774538985569,5.1107760815693615,10.774206240051528,24.89683146977348,64.99094605996646,33.95717607764981,77.99586046640874
Kakamega,Kakamega Central,2026-01-01 23:18:21.952240,11798,54.88525711114338,42.99109055308166,10.61625863313989,12.728394687875866,50.547039423800896,71.15369856833206,52.72245092234854,64.74406907492697
Kakamega,Kakamega Central,2026-02-01 23:18:21.952240,12899,45.55998458282012,38.06801822110415,15.852683616950591,22.134695769539668,21.221054994061817,56.98725018954413,68.68845892368687,68.78736773943902
Kakamega,Kakamega East,2024-03-01 23:18:21.952240,3210,68.09511051500277,23.606143351033275,11.628024537166489,29.12771466582172,30.471234595878798,38.024602002225826,39.2187898805318,60.97686663234143
Kakamega,Kakamega East,2024-04-01 23:18:21.952240,4894,56.0699118809042,41.50922244482223,14.472819769067126,17.184318909076566,39.05439473014055,54.289053508209136,34.9799624435918,64.9457773645238
Kakamega,Kakamega East,2024-05-01 23:18:21.952240,4978,54.20835935688351,27.69653425780735,18.670235185623042,18.01633946176853,26.744552695746,35.26433556180423,44.14561068212534,72.96872251824072
Kakamega,Kakamega East,2024-06-01 23:18:21.952240,5438,73.82613459752639,34.65193616537954,20.15316121736318,21.727234840212034,66.9821666007894,26.78488637213002,54.433749929844524,67.66968027028044
Kakamega,Kakamega East,2024-07-01 23:18:21.952240,2852,42.737302727750205,44.11918110700765,8.645488628995109,26.88463884350203,32.83608712380202,33.642732153805156,42.00939305182333,60.016616496677784
Kakamega,Kakamega East,2024-08-01 23:18:21.952240,13906,65.68767969767148,28.67843272510072,5.230151571242114,10.767960800425458,58.40857329027869,52.194163408704114,54.007610638838955,54.61089833566744
Kakamega,Kakamega East,2024-09-01 23:18:21.952240,9822,65.02524320130739,43.826920161589314,13.56671621551608,11.678118219455344,64.13203397811469,32.681618289489904,46.6575490402838,64.56137338211349
Kakamega,Kakamega East,2024-10-01 23:18:21.952240,12844,74.0212402501542,23.132300892088473,21.75921296308415,23.016786295531475,51.452844992562206,61.509547349619396,31.319830458160318,41.558166151011186
Kakamega,Kakamega East,2024-11-01 23:18:21.952240,14571,77.89161294100832,34.649812969954425,21.947239939763868,18.597915398235955,24.33545576078673,63.87706146970638,40.43004404371029,43.348771924264064
Kakamega,Kakamega East,2024-12-01 23:18:21.952240,3598,81.17554548802896,26.88157153611448,7.649001917891067,13.672722001259189,60.70226602377412,36.58391309535317,68.50607010495293,67.50301221220234
Kakamega,Kakamega East,2025-01-01 23:18:21.952240,8312,71.28689414216413,35.69426715269894,9.838304284937937,28.939751188431806,68.96943923007976,51.80417266640657,82.20840665877807,74.74748467731118
Kakamega,Kakamega East,2025-02-01 23:18:21.952240,7468,45.64928857163565,38.22634836133068,13.218299487112894,28.703396032161983,39.20719865899153,78.26654141409247,73.48607078452673,78.73879701798825
Kakamega,Kakamega East,2025-03-01 23:18:21.952240,9127,72.90637864096028,16.330210216748135,14.236606154015398,23.708312512532455,65.90380140088217,56.846732207937876,67.60021143172801,85.91376134429932
Kakamega,Kakamega East,2025-04-01 23:18:21.952240,4745,57.37609341503182,23.173379477524673,18.69113808257279,10.37616486175995,51.2413171290958,37.81866416350336,84.37772810453056,69.76363650210398
Kakamega,Kakamega East,2025-05-01 23:18:21.952240,9074,81.56819810971314,18.678798519810783,7.361361894884806,19.592246894655332,51.69000508458288,56.89393007322821,81.40664908369524,77.02726639625556
Kakamega,Kakamega East,2025-06-01 23:18:21.952240,13702,61.78237294810595,38.981787364376274,15.878628496787776,10.112292940925093,36.24444109249893,31.396157000599004,83.87667040500122,42.60921078678957
Kakamega,Kakamega East,2025-07-01 23:18:21.952240,2509,31.84951857382023,25.81052040570775,22.12914214653177,10.015993967964295,31.29716718441973,36.80260031965241,78.39941913171717,68.28923491295436
Kakamega,Kakamega East,2025-08-01 23:18:21.952240,7774,88.40004461400636,28.86502936607991,24.57592557463149,30.22820954357826,31.125446977006916,65.83090916981207,59.92246961833011,63.27481539541712
Kakamega,Kakamega East,2025-09-01 23:18:21.952240,2302,82.8833998613342,17.96231545014183,14.52546014308579,10.02194109154562,46.52839706512952,48.55027414550321,37.51086700613031,86.53114310971867
Kakamega,Kakamega East,2025-10-01 23:18:21.952240,14647,88.42725883221533,35.26483734847999,14.486080002830237,31.662985924037507,59.72727659044388,29.50880435477613,63.428104094201665,85.84357876996661
Kakamega,Kakamega East,2025-11-01 23:18:21.952240,8224,75.46612319784643,31.924597862765957,9.785691079843783,27.114609616567343,56.45371771010223,64.10973961958416,83.14918384012441,74.88224796767065
Kakamega,Kakamega East,2025-12-01 23:18:21.952240,9651,82.2385572748642,19.02251247541816,16.011384177422702,31.667541297166494,22.21838937745735,38.48918864018954,64.24350262360113,69.67545377256528
Kakamega,Kakamega East,2026-01-01 23:18:21.952240,6355,77.50013544868625,22.228176536335344,7.945070814838435,31.837744245328025,31.114649888369698,38.10461225061127,65.96531089066546,81.3126400063548
Kakamega,Kakamega East,2026-02-01 23:18:21.952240,6596,60.4923425964637,38.10186512341172,21.6900336346225,30.047360920082262,40.917484502437745,45.643360241674486,54.36145131491941,43.63977669534881
Kakamega,Kakamega West,2024-03-01 23:18:21.952240,8141,80.42549099242402,44.41641531639682,19.24112471174906,17.971374979844086,39.922907223763474,58.440128669150795,78.80946342923801,64.61695697864047
Kakamega,Kakamega West,2024-04-01 23:18:21.952240,13920,78.18112706456756,26.134830763458453,12.370680043209257,18.764534415715673,68.89094090564448,36.23486709333301,56.2004482037868,51.18178975430348
Kakamega,Kakamega West,2024-05-01 23:18:21.952240,4105,52.085664867867614,44.324950225307674,13.047081409874206,11.165934179259759,41.666077896906586,41.34355170665704,34.478357774785565,89.030853773972
Kakamega,Kakamega West,2024-06-01 23:18:21.952240,13068,59.8602022477842,37.93391558417103,9.515158618689448,28.140292992418512,34.92136649756583,34.65575485882146,40.60272136641697,40.73972141485904
Kakamega,Kakamega West,2024-07-01 23:18:21.952240,3469,52.170251262479496,24.33029007354932,20.57219191782177,25.270822178425632,25.520775917152356,40.672085633696405,63.7879324927887,89.4501696731772
Kakamega,Kakamega West,2024-08-01 23:18:21.952240,14672,56.7564743867958,44.31479748873073,17.2776490695902,33.269566479047114,33.247759675513024,54.43256799644138,78.72784611839876,52.27131395372597
Kakamega,Kakamega West,2024-09-01 23:18:21.952240,13732,80.48154219549181,23.3798999001635,12.289839713154262,18.3180748865786,22.75521077104178,58.56144005769047,81.60730170307181,69.43773788094046
Kakamega,Kakamega West,2024-10-01 23:18:21.952240,11716,44.068516313980574,35.02874790496514,14.493188062310608,18.845535293135484,52.21759909736915,41.92221214118663,63.74920269085748,72.69226821341599
Kakamega,Kakamega West,2024-11-01 23:18:21.952240,10854,72.22565983907461,17.785637513293626,17.44841030449653,13.554897925126296,22.08429726512351,70.78731288396376,74.34270863003258,51.49275256910309
Kakamega,Kakamega West,2024-12-01 23:18:21.952240,6780,50.75791023332996,17.329000884320113,11.177380174500943,26.096159835411868,49.79953389650046,75.96556648411843,60.5197189687281,54.09329155354885
Kakamega,Kakamega West,2025-01-01 23:18:21.952240,5020,80.33680341726414,33.463986317910866,16.215609660827752,18.34681650415148,41.776655452437815,28.871475669420192,61.715803124275695,79.7657303369935
Kakamega,Kakamega West,2025-02-01 23:18:21.952240,9433,76.15615187278252,20.41359445957754,10.731710303497282,19.307536891041103,20.20708309043689,72.15916713312231,42.85868102094641,52.40090126594583
Kakamega,Kakamega West,2025-03-01 23:18:21.952240,7550,82.87978836588317,27.142318086403968,12.38701402104011,21.005536592097403,41.98316349083392,71.9242709415496,32.284061225047225,43.47074418088978
Kakamega,Kakamega West,2025-04-01 23:18:21.952240,7399,84.68084613832013,32.902924750715485,12.265763529926481,16.55339988999197,44.1933583631081,75.72729415254152,44.07830373305801,75.8830714584822
Kakamega,Kakamega West,2025-05-01 23:18:21.952240,8579,37.907612788088485,19.681296394078018,14.072894132506079,12.06071131503288,64.73027762529435,47.92537288108973,45.343415341486626,81.99466318426035
Kakamega,Kakamega West,2025-06-01 23:18:21.952240,7619,80.5477689627298,21.13637804851514,18.987267339936146,17.88830126260854,34.056585532162764,73.60711911932148,67.624015696051,66.1735842418576
Kakamega,Kakamega West,2025-07-01 23:18:21.952240,4841,51.32950517758658,27.318902306837458,13.581217320025853,33.036383943567756,44.95501962397543,73.06955977565497,77.63905932685955,64.6676939718064
Kakamega,Kakamega West,2025-08-01 23:18:21.952240,10072,39.60933464138119,34.66191580484765,5.212718325348556,20.490716032309933,61.95558187801795,62.51701043683373,80.24196823419857,71.62880922086077
Kakamega,Kakamega West,2025-09-01 23:18:21.952240,3682,30.908505963426318,23.757216081526433,16.138273074134325,32.76179783727634,61.76145822315259,51.97818523879746,59.87768797094691,67.25884757406244
Kakamega,Kakamega West,2025-10-01 23:18:21.952240,7113,40.00383031253551,17.337691729107632,14.420647206233777,17.16138473511642,61.85015539672411,48.85490336566113,70.44076518692783,53.225475990535706
Kakamega,Kakamega West,2025-11-01 23:18:21.952240,6335,53.394423380317036,31.158989912936004,20.897316748060717,22.577902444214445,64.37399654848869,66.14489357105731,71.93931311755411,60.51186028618366
Kakamega,Kakamega West,2025-12-01 23:18:21.952240,11957,71.19263946316998,22.086256431186833,24.96887512036234,32.99596061645097,42.604004192802435,63.86190473390349,74.11911653556288,51.735584174763666
Kakamega,Kakamega West,2026-01-01 23:18:21.952240,6730,57.29186398799631,37.14255917197899,21.276246182402925,23.046795107756935,55.841878335633744,62.66095135925953,40.4259594988761,53.23824814251866
Kakamega,Kakamega West,2026-02-01 23:18:21.952240,14299,56.258192658765324,33.297723769394096,19.70110375626619,26.943718049341797,45.05228613921754,64.02091398608908,47.04036447775056,41.531415240311816
Kakamega,Lugari,2024-03-01 23:18:21.952240,9387,51.884421234342526,17.469367020730466,9.172748146516149,23.36985611508088,31.810045448948607,46.46054805907794,30.280160727420004,65.82208440907806
Kakamega,Lugari,2024-04-01 23:18:21.952240,3844,44.62615264732578,27.32754550413553,6.248113565095979,21.3819211646164,23.40442234861283,66.93272863024714,66.78796694375565,52.80922062476629
Kakamega,Lugari,2024-05-01 23:18:21.952240,2401,60.52884328748344,30.70663706088831,5.4358521653263026,10.329468647806944,52.95171397937845,26.36932166189146,32.55759727316261,59.132254161941916
Kakamega,Lugari,2024-06-01 23:18:21.952240,12677,94.92718332337547,16.330079077086097,14.51324531805758,23.03012035571328,21.47321857526984,32.75345464745067,54.54796642386404,68.50933244823472
Kakamega,Lugari,2024-07-01 23:18:21.952240,12324,84.76399534940161,42.206927529814266,9.283273550013952,29.542381388981823,28.767001062906765,73.90109090212326,30.625591195412902,81.23842407415233
Kakamega,Lugari,2024-08-01 23:18:21.952240,4081,82.76994134255142,20.98248378997734,8.566781210391134,28.155067287202133,35.65772770009767,71.24441517664835,38.590048600507885,78.74106271871341
Kakamega,Lugari,2024-09-01 23:18:21.952240,4868,76.01809666510488,28.925906742304615,15.109198450657209,27.41820443922194,56.31272863271748,68.22480428998675,81.56799674106185,80.8772635231531
Kakamega,Lugari,2024-10-01 23:18:21.952240,5247,90.24243101834392,18.634731211882638,9.587147033631812,32.5509320578108,59.578580304479445,38.25771498597891,31.25589029477186,49.31299215876654
Kakamega,Lugari,2024-11-01 23:18:21.952240,6908,90.59003161063445,36.43569667746204,11.000287152609545,23.39893664748176,48.64030446789978,69.71653564945163,84.49486009428767,70.32905143722562
Kakamega,Lugari,2024-12-01 23:18:21.952240,7351,40.518709916088156,39.86310355109386,24.360212153969172,21.578150395623943,27.577214215936383,39.92256892098163,62.599872937346355,83.00804557668857
Kakamega,Lugari,2025-01-01 23:18:21.952240,12528,33.4104332998443,38.69357960644317,5.302973861965084,15.463159816339711,67.51366101781406,73.84007673745944,30.178802336274178,84.46727466247734
Kakamega,Lugari,2025-02-01 23:18:21.952240,6854,37.701639470488416,41.85690856695076,23.72729894517123,21.20590418700133,46.10734788220982,39.26568298899225,50.76909487621886,85.26855697920124
Kakamega,Lugari,2025-03-01 23:18:21.952240,12889,39.74021837243549,20.916980771786296,16.55429240158199,27.289292361312977,32.2494255707341,51.3538409686751,70.14161833938934,63.93911439956335
Kakamega,Lugari,2025-04-01 23:18:21.952240,6735,32.50780874350879,21.19811158610903,10.673697870508718,14.054906707226547,65.65715195647462,56.6257903667307,73.97203649298956,70.81805752531747
Kakamega,Lugari,2025-05-01 23:18:21.952240,6156,60.11372215887032,15.709809918579952,5.816708542510658,34.40327827483928,23.316797251490705,52.780612599484314,63.17891111633157,57.65021168525206
Kakamega,Lugari,2025-06-01 23:18:21.952240,3530,88.98670032054315,44.066786877786726,11.5944642269751,23.575389207042473,62.43243277668241,28.807156684275686,60.89613190867833,75.04671499563005
Kakamega,Lugari,2025-07-01 23:18:21.952240,14182,81.81050250372022,44.30762325570979,19.484395897418956,17.07242039448121,34.58535061735334,72.66886894194357,80.80220400006368,54.47312684936654
Kakamega,Lugari,2025-08-01 23:18:21.952240,9494,35.0223945353197,38.32607311881825,19.875132872971097,31.65654850890913,49.87031961303858,57.53383217336982,41.10297928842853,40.32581048768978
Kakamega,Lugari,2025-09-01 23:18:21.952240,7935,37.16092722238835,34.40765455569215,13.453161829915722,24.29096947906447,30.298351156368934,59.001405653077626,64.10751003120933,71.20841484024396
Kakamega,Lugari,2025-10-01 23:18:21.952240,14888,65.58156952118216,17.81462210803474,9.85782701359671,33.93001889789143,50.909060391327465,69.35000716053418,60.35906574851992,57.49106408489652
Kakamega,Lugari,2025-11-01 23:18:21.952240,4615,72.5292536412701,39.96772567936992,10.53075378552103,34.931887229797155,25.492839913976393,62.65431818140808,70.37750157607454,54.20701768614338
Kakamega,Lugari,2025-12-01 23:18:21.952240,7147,71.56209955541817,27.793096010632325,20.0836836438581,34.08419774636407,43.36794737824812,56.81291477207849,46.782840414567474,62.25360366020961
Kakamega,Lugari,2026-01-01 23:18:21.952240,2389,73.85462372419009,44.474544687673145,9.590120686057302,26.589429460060934,69.931803029516,40.143377766225925,38.59691633821966,71.29443156852253
Kakamega,Lugari,2026-02-01 23:18:21.952240,14392,79.26531794766507,21.432545707672034,13.336002089101239,15.742920957969211,44.949284737208764,48.63815669000998,57.53039433151775,41.907064030791425
Kakamega,Likuyani,2024-03-01 23:18:21.952240,14957,42.5580072572878,19.195782987242485,19.74874996987643,19.92432377377882,21.72709857710549,25.774895615398492,46.554556326147065,49.06926517633863
Kakamega,Likuyani,2024-04-01 23:18:21.952240,9709,78.4631908553895,18.96416020943537,24.337447147083473,24.7168037807563,39.689984735992795,51.30576942334946,37.59238439709932,47.39903625020414
Kakamega,Likuyani,2024-05-01 23:18:21.952240,13146,65.74305988756012,27.338372758719963,10.926139603417926,18.354528291763764,63.36966850325629,54.696094712872295,44.75148553615855,80.17902524331582
Kakamega,Likuyani,2024-06-01 23:18:21.952240,8254,55.073802553108365,30.50587363168259,7.623100790471771,24.555223111001823,29.45297428235099,55.993777831369215,74.65144393941155,45.69900156248008
Kakamega,Likuyani,2024-07-01 23:18:21.952240,6236,63.69067205066426,15.52185800706847,16.689227342525008,16.463424986385466,44.78622133712,39.769200723942056,50.390150941422625,53.87416631651116
Kakamega,Likuyani,2024-08-01 23:18:21.952240,7356,65.69938262133257,43.457344090991725,5.867579152061422,29.039200661768128,58.235349521174825,28.837727612191806,45.14530279326973,57.84137552902279
Kakamega,Likuyani,2024-09-01 23:18:21.952240,4975,38.18953721790055,33.21285113722097,23.91099606790235,31.115154384460737,48.71319655262999,69.15689255440878,66.99199076885102,61.017568356128166
Kakamega,Likuyani,2024-10-01 23:18:21.952240,13396,69.51407215810349,24.618256659957645,18.99532846851603,15.627314366923205,65.49712198367094,76.38615975077305,40.50108811240652,68.01267593143999
Kakamega,Likuyani,2024-11-01 23:18:21.952240,9716,86.70046585241293,34.25713183049682,5.750228368138714,22.397622818094554,52.303436020745444,50.13882546666056,57.575469027750174,49.70497600717766
Kakamega,Likuyani,2024-12-01 23:18:21.952240,5233,92.03988966887987,34.54707043606503,23.128096007587953,12.288433332678814,25.258436797689754,60.01095323932922,84.90386351518532,71.80526182439806
Kakamega,Likuyani,2025-01-01 23:18:21.952240,7350,71.96318826304915,42.79290257443616,6.674421976623394,26.91011721196587,41.05425517672949,35.77813733728384,71.0443978199149,62.26353994760336
Kakamega,Likuyani,2025-02-01 23:18:21.952240,4946,30.66979981989114,17.25846847884617,17.046976233495048,31.93004824004427,44.56172346799896,75.68028296106446,34.32464580478077,89.69627570274534
Kakamega,Likuyani,2025-03-01 23:18:21.952240,13795,60.35829810021781,39.51012187893009,24.82829788400537,11.434083577182458,20.674882786606563,73.94626062257598,79.8600017167765,61.54232235981489
Kakamega,Likuyani,2025-04-01 23:18:21.952240,14918,58.49069143892734,42.161244590961616,11.665829916829775,25.322742670909733,48.09723616142573,66.64744434799967,43.600025800486094,52.921722841571324
Kakamega,Likuyani,2025-05-01 23:18:21.952240,13776,62.412420821484275,33.04958618661567,23.54381539773852,33.00136657017698,57.36187624512089,37.779960936063716,62.409501120267066,59.532529963879696
Kakamega,Likuyani,2025-06-01 23:18:21.952240,11150,74.54750020414608,40.20623282901067,8.031467259354844,12.653764285612445,57.36757249726843,71.88301577202941,83.5585965396589,87.4333211308367
Kakamega,Likuyani,2025-07-01 23:18:21.952240,5918,50.694952843973624,24.823189202300483,10.878711300836393,10.907890972574489,53.944178673282835,64.87686223161425,49.534557881513535,67.78080235618992
Kakamega,Likuyani,2025-08-01 23:18:21.952240,10348,85.65863724642841,26.003316585987918,16.126989337214333,16.843643157832567,43.54905289233166,26.42427362629422,34.77375177973384,65.08955371672356
Kakamega,Likuyani,2025-09-01 23:18:21.952240,5547,34.769218195945726,15.228687351562202,10.588366243628615,13.898728759506987,63.25457378966624,34.800098148020965,36.723694826317235,54.03418933464228
Kakamega,Likuyani,2025-10-01 23:18:21.952240,3798,94.52459214872587,43.22949506090195,14.629925183106916,29.97882255333975,53.06837553626421,78.18749609008472,57.986803261299485,60.67058080949804
Kakamega,Likuyani,2025-11-01 23:18:21.952240,14216,55.783068707055705,16.48283338976848,15.813517647482184,31.216650271079985,58.655209709199454,77.5845739441928,62.07234614406612,73.79464690398046
Kakamega,Likuyani,2025-12-01 23:18:21.952240,5657,56.507500072677715,16.097469372771005,9.047852151510376,18.50104951263186,33.39645043387778,44.99589048687814,41.67698839750139,83.71740300710657
Kakamega,Likuyani,2026-01-01 23:18:21.952240,6394,93.8761234870091,34.25425042866907,24.369515877627506,33.014484670202066,65.43839878604948,39.275037520409455,75.27472573708442,87.5135216070304
Kakamega,Likuyani,2026-02-01 23:18:21.952240,6873,36.85858392372407,27.70166825529074,13.967940019428973,10.298045783317624,38.10043309760614,43.0378941009088,77.34540080293593,53.16230907163774
Malindi,Malindi,2024-03-01 23:18:21.952240,11069,50.17848014964727,27.44990564112378,11.707404151389111,28.271844303915092,30.728995200824254,34.60070520761228,72.57776939333031,61.71467479042137
Malindi,Malindi,2024-04-01 23:18:21.952240,9370,63.99581932736208,28.21385962820803,21.23818382140924,14.176123644495819,39.56272048035051,68.22778309238126,70.18232540893811,65.3547281126445
Malindi,Malindi,2024-05-01 23:18:21.952240,5938,83.03128281857958,41.78713793722797,10.190957530700555,12.565617706791823,20.612054066839274,52.856383248009664,43.056115421371125,78.37144227101791
Malindi,Malindi,2024-06-01 23:18:21.952240,7973,73.75371764642696,25.836079558809462,15.232121745456215,21.216083353455225,60.04329103578417,76.91874734544298,74.23740951611927,67.28724567526892
Malindi,Malindi,2024-07-01 23:18:21.952240,2924,90.5172791510734,43.863673167841846,6.306164366866085,30.075202048250816,54.86443820435277,75.18621395278862,75.37199799114595,68.16914928030408
Malindi,Malindi,2024-08-01 23:18:21.952240,3772,46.69137619671702,21.732566594639085,8.242353903145627,33.62448145931155,66.8936576092585,63.33033809076477,53.81476262692655,55.96365930815193
Malindi,Malindi,2024-09-01 23:18:21.952240,13003,49.04827200235118,23.068951137457347,13.02647491633933,29.248288589662966,34.16564688699612,58.161570193027565,67.0722801638496,61.61846610693472
Malindi,Malindi,2024-10-01 23:18:21.952240,4510,68.11173314637983,23.719740905816515,14.12890956311709,30.43952976538807,55.32143060045437,75.31082135203198,72.53703747911295,82.62767843349494
Malindi,Malindi,2024-11-01 23:18:21.952240,7345,56.92769261835354,17.110887910884788,18.64667597128488,13.166537581170278,38.0995576053673,54.24103439471338,55.870755138274376,44.33734720843103
Malindi,Malindi,2024-12-01 23:18:21.952240,3846,36.19238652365055,41.78637509235125,7.428253465280985,10.666322961320468,63.85262137078351,31.175795337363212,73.5446893585106,80.3385621603031
Malindi,Malindi,2025-01-01 23:18:21.952240,6055,56.75644428473944,30.419395219662928,11.701978668679882,22.670553903632992,59.9577319716399,60.02879605265463,38.286139557274716,76.93365538147626
Malindi,Malindi,2025-02-01 23:18:21.952240,9682,94.81463830163776,36.016525267120926,13.801675801134039,10.13162103499274,67.31956901944952,67.44975058083861,62.4221402737278,86.14381887238827
Malindi,Malindi,2025-03-01 23:18:21.952240,6007,71.36935999453128,32.46888867169894,19.737237758456676,15.408232618791907,52.23516115595034,45.15519931683369,49.59177664534602,42.35915754043921
Malindi,Malindi,2025-04-01 23:18:21.952240,9654,67.92343933779847,39.33129530434255,10.816574145963232,30.41259922329549,24.05899010314052,60.0182744659037,56.43849724226787,40.18885785527328
Malindi,Malindi,2025-05-01 23:18:21.952240,11132,59.823869585669016,40.15736104727638,19.228975925470138,29.620446345532212,52.08407156139344,51.63122355830585,60.6621850534403,81.08992626101355
Malindi,Malindi,2025-06-01 23:18:21.952240,3309,38.84214661809348,40.4756258350899,20.57654144131255,29.79745990681308,48.106791936015625,46.57389120095659,69.34036308714121,88.94000363888853
Malindi,Malindi,2025-07-01 23:18:21.952240,4572,38.0673381390305,23.030381512781794,14.471097026334437,16.022251072735507,33.69757562930184,33.94310905343522,65.17274269692086,49.14507377220952
Malindi,Malindi,2025-08-01 23:18:21.952240,8011,91.63591420685664,39.66387978001623,13.37302260921865,28.854686187542274,69.78339073441231,62.92706382733604,83.25216545878206,50.44079817390796
Malindi,Malindi,2025-09-01 23:18:21.952240,10621,51.744800146416324,16.948416133422782,12.51543651229823,11.31795646202958,41.88439564395051,50.34355048715941,75.62876299537366,43.330928805982644
Malindi,Malindi,2025-10-01 23:18:21.952240,10336,77.59417828106382,44.87582846185863,10.807506140742865,31.34096452835115,23.750648888942454,30.13622679127137,81.64287493038141,64.01094320679839
Malindi,Malindi,2025-11-01 23:18:21.952240,8510,54.83960868956814,15.462120282495706,5.408103679319762,17.386869256227584,24.162970079911766,56.37041947463631,81.68304513282499,50.9290569403659
Malindi,Malindi,2025-12-01 23:18:21.952240,2015,49.75980554705579,22.465778107744626,7.780986013833655,15.894039208821965,25.944705255794357,57.622884751619075,71.89456544411763,81.15169440175427
Malindi,Malindi,2026-01-01 23:18:21.952240,13314,46.420143868095316,26.13489803005824,5.0933122990964215,24.8751184421501,48.55297681547299,54.09352544882266,54.53015352523414,57.04173114268882
Malindi,Malindi,2026-02-01 23:18:21.952240,14694,72.75199749846618,33.11076512743267,23.5704250448368,12.371955870328001,37.871516338923115,72.95611464228703,40.501749207618644,41.80628914133006
Malindi,Magarini,2024-03-01 23:18:21.952240,5223,56.925969949443456,38.89969843284561,21.91514579169707,34.087464724504294,50.72381245535327,66.21042812700003,60.31117096076569,49.963431322603725
Malindi,Magarini,2024-04-01 23:18:21.952240,14099,56.77908015249072,18.672089330216163,22.167369271432833,21.91207987745704,37.7316701212315,29.85808761594895,72.62900203265445,43.75953014073194
Malindi,Magarini,2024-05-01 23:18:21.952240,12849,34.097631847216945,37.36859008944044,15.103091297270739,25.241901884231716,33.721209882563365,70.83962407546267,65.9569597788452,85.71658734416675
Malindi,Magarini,2024-06-01 23:18:21.952240,6316,40.853625353531854,26.384177853748355,17.46697783320969,30.88729983117688,69.70872986118302,59.51256630988456,80.98211247332986,74.634744783926
Malindi,Magarini,2024-07-01 23:18:21.952240,2077,52.301852282061326,25.267276277578794,8.634180884225529,30.8030491693011,44.92371430181414,57.95945494373317,45.46370009680769,80.77930674736096
Malindi,Magarini,2024-08-01 23:18:21.952240,4669,49.93963861154714,39.34523021631182,10.942655035028409,26.711245347328116,69.12346253760794,42.971468095884575,40.891992543159056,74.04040902912465
Malindi,Magarini,2024-09-01 23:18:21.952240,8762,54.129958377135694,36.12297993656114,17.760698896290055,23.54737952203102,34.30317917529496,45.70750190840232,54.47301729959227,86.84475265060829
Malindi,Magarini,2024-10-01 23:18:21.952240,9357,32.98147230596276,19.565152577547696,5.291073526559719,20.373514784816546,65.00817552012,50.32928762227141,40.17717075772332,89.60941577959574
Malindi,Magarini,2024-11-01 23:18:21.952240,4655,40.24249169919629,15.658551340413162,8.70102567439401,10.496844891776613,30.58571004544884,57.47910610623058,76.27820432696743,43.590737573331374
Malindi,Magarini,2024-12-01 23:18:21.952240,2394,84.90808817789873,23.630211941664776,11.490042378542826,21.3508396062028,42.64259026339283,70.21801431193164,73.3653661973884,83.36790429906196
Malindi,Magarini,2025-01-01 23:18:21.952240,12197,87.60248518633352,19.40506297536349,13.147524012401991,25.3146574608576,48.556184043188516,68.39697333974502,71.92992905255846,58.55920773443024
Malindi,Magarini,2025-02-01 23:18:21.952240,14698,57.9802374163813,17.159582389338073,11.995252934824407,13.796027116374825,51.20090539029036,63.879112475831896,81.23478083203717,51.461109270324755
Malindi,Magarini,2025-03-01 23:18:21.952240,14968,32.036136457289984,37.95823870272735,21.6889273457694,27.724704793871478,49.917117956931136,49.41798850523,58.580481711693494,53.46248128307099
Malindi,Magarini,2025-04-01 23:18:21.952240,3218,89.4121121251954,22.207850159316855,14.642053847694672,12.717854460680169,50.42741436209759,27.769364293443616,49.70007837643382,41.85255196423549
Malindi,Magarini,2025-05-01 23:18:21.952240,4283,81.25627359599966,44.43576198440002,19.013874072503242,28.737423846206262,33.10521124416466,75.62327158864065,67.42190482141561,63.64737150038819
Malindi,Magarini,2025-06-01 23:18:21.952240,8124,78.75663558593361,16.1125474683385,11.531603687544646,11.025809624168385,66.70310152434395,40.96182311619713,83.254535429649,88.32932851849327
Malindi,Magarini,2025-07-01 23:18:21.952240,10009,52.06680416123671,28.995185896242702,11.173188762908069,13.946753628315466,61.71335512633204,64.35404659822325,57.552761421460744,85.63338875535928
Malindi,Magarini,2025-08-01 23:18:21.952240,7004,58.03957732482603,44.80254309986898,5.115800774945265,27.3878761336134,21.262772900805675,38.316088681667914,54.313610659401704,76.0657321243549
Malindi,Magarini,2025-09-01 23:18:21.952240,4025,65.51192353278574,40.1404112797609,11.982218553234889,10.44534586893516,41.408249023301266,46.15901667812798,51.03991430679781,84.68642532561913
Malindi,Magarini,2025-10-01 23:18:21.952240,5968,74.2382655899823,22.178696687324937,16.95828904552652,26.59453906118319,31.463476504648746,58.90170444227602,60.19642607611143,65.2418584951578
Malindi,Magarini,2025-11-01 23:18:21.952240,4654,79.2371814766394,31.88388059665658,12.382275022408958,18.458643550154257,56.60944125553186,73.27475704260215,56.932248503423935,66.60786057837203
Malindi,Magarini,2025-12-01 23:18:21.952240,3609,80.16138372879396,16.24006690284362,8.761548613443033,28.540184201344665,53.81612883238153,70.8893067883896,32.47961120370383,57.64999423203343
Malindi,Magarini,2026-01-01 23:18:21.952240,11827,58.3528175073871,42.62646370208106,8.1911629569887,15.197139715383027,40.85338474330315,76.2924660031762,64.41479844337839,81.81551399048081
Malindi,Magarini,2026-02-01 23:18:21.952240,8294,56.59668961057598,19.524897321321703,19.92363757501407,34.52983786583695,37.01903095017393,71.48431125017838,65.33434292930056,87.71065564605095
Malindi,Ganze,2024-03-01 23:18:21.952240,7735,81.26908989413394,44.15115862135604,12.642804014596983,17.412038053208818,53.09883715855741,42.22618092764832,33.325666517311774,80.02434923554267
Malindi,Ganze,2024-04-01 23:18:21.952240,6558,35.85648153241354,16.8444703398409,6.898557327711576,12.064302556023705,32.741617577986204,52.48771217015444,65.57977369938855,62.32813451962241
Malindi,Ganze,2024-05-01 23:18:21.952240,8122,72.65124700082092,32.734266049177485,19.441167697264213,20.25998496382895,33.68782934374036,46.209293642624786,66.84126498715138,76.13549767019404
Malindi,Ganze,2024-06-01 23:18:21.952240,7420,50.792442431512754,42.10785995640706,5.624594617490628,11.553583928696861,59.42648817645262,72.43121846689468,32.1857875202701,70.74364726713408
Malindi,Ganze,2024-07-01 23:18:21.952240,4839,36.12667175733656,37.21940678223267,12.576688888443767,17.66092932974088,62.900567067546724,28.548157614582806,30.4909836470195,42.643778622180065
Malindi,Ganze,2024-08-01 23:18:21.952240,10630,47.89420148359373,22.680663318848488,20.389499274609005,13.365364641056683,50.54034473104791,79.06617708398758,77.18563098532593,61.63551725657857
Malindi,Ganze,2024-09-01 23:18:21.952240,9257,49.06588360256096,44.323941763695856,11.907253170261313,30.6315464753456,45.508745165924864,35.16419460687369,81.6456215075932,68.53153391068612
Malindi,Ganze,2024-10-01 23:18:21.952240,6374,92.92808678251203,30.492222789723982,19.750338270733863,22.036860782088684,36.250244151778865,41.575709726039335,49.33260668723355,89.78636463672956
Malindi,Ganze,2024-11-01 23:18:21.952240,8940,38.40744069825797,26.273700833825014,21.593159965849132,15.161935923834548,41.10845072015291,28.197178878714993,49.23320465304426,75.40155865885204
Malindi,Ganze,2024-12-01 23:18:21.952240,8294,82.24217614950757,41.54006766600679,5.760247330531079,22.681618696319035,46.99063808001451,67.68457718955463,70.6119802651339,47.895364204574804
Malindi,Ganze,2025-01-01 23:18:21.952240,12852,91.75575005112911,39.57936045549552,15.04767279648509,29.442494317601298,37.148918317543156,71.61437879295592,40.153129402786696,75.39210099924559
Malindi,Ganze,2025-02-01 23:18:21.952240,8691,92.82612921096745,22.760169926445577,6.366300677571366,23.22591155104478,63.99499863657008,68.85587239361406,32.01970684255675,57.87303669808484
Malindi,Ganze,2025-03-01 23:18:21.952240,8548,70.42537272313297,20.709122319820352,10.847781536226309,18.088525423793968,64.80388735048436,34.144397394519174,31.20236689739504,76.33488647661478
Malindi,Ganze,2025-04-01 23:18:21.952240,8005,41.948302336165554,35.69255209909002,15.99210822314273,21.785615132608633,33.023716736996676,57.17309418246588,78.14879820517258,41.225576188257165
Malindi,Ganze,2025-05-01 23:18:21.952240,11963,88.07148342232026,28.117420639887214,15.976550000833829,24.11580903628755,25.871050988885674,69.91707366624865,31.580653811607984,58.46410184544291
Malindi,Ganze,2025-06-01 23:18:21.952240,9609,90.89668115552001,30.601308075737343,11.650012310081824,17.539869650548322,62.56039818985376,61.762814788383764,44.179441049150235,53.6453537968102
Malindi,Ganze,2025-07-01 23:18:21.952240,13993,30.503575519429216,35.5072268253287,22.3851207122499,12.774252944278357,22.08278144061918,53.625237241576556,54.52756545836792,73.40366106936688
Malindi,Ganze,2025-08-01 23:18:21.952240,6677,32.94483993785005,41.96782749460256,21.355259873404467,20.606012391795396,64.4620216495187,76.15303937337711,54.2756496032955,59.809554244408886
Malindi,Ganze,2025-09-01 23:18:21.952240,10492,79.33748818199652,18.661522570573585,16.920183816689917,26.23970921309231,56.403880384491465,70.78246822193869,56.82988140240796,64.36409035765398
Malindi,Ganze,2025-10-01 23:18:21.952240,7218,88.21623189252531,19.980755539243766,19.409569056062825,32.276248650802266,56.49925969458851,26.65888862867664,34.795546834805,74.73186678848319
Malindi,Ganze,2025-11-01 23:18:21.952240,4180,41.50734781922676,26.849264038005458,9.034079472149752,30.004718765743053,45.024638085168135,46.584247071521176,48.969438408583876,72.25339206543433
Malindi,Ganze,2025-12-01 23:18:21.952240,6672,31.978517216904265,39.17988298935881,9.016487213124414,13.981118961614246,61.50154774160894,59.19172472721782,34.04773817931507,71.58603919509724
Malindi,Ganze,2026-01-01 23:18:21.952240,4925,68.14642665946118,41.126538478790934,11.98224912778064,28.152441280092834,63.40486993369437,46.61620493883451,40.85871409715821,62.60828148440734
Malindi,Ganze,2026-02-01 23:18:21.952240,7123,74.08043365501167,34.083169322466446,14.633489413983973,22.761968776449592,23.61308883624915,25.213536903401202,75.2457503123663,59.04778072901819
Malindi,Kalifi,2024-03-01 23:18:21.952240,14849,42.689793373459054,42.23644152832147,14.311316968595673,24.920989840578972,61.37138067423505,49.84831381900386,50.78200835749275,66.60362032002327
Malindi,Kalifi,2024-04-01 23:18:21.952240,11104,38.97151136430264,42.04897364105358,20.29010431853284,25.785851324449304,29.724039778019467,70.51808972909146,38.020723888234116,59.62209029487424
Malindi,Kalifi,2024-05-01 23:18:21.952240,7015,48.27086114166043,24.172267200720057,8.253405002539662,30.0880923265894,55.268884644750344,50.10072616861681,60.76946054783732,70.92558669773045
Malindi,Kalifi,2024-06-01 23:18:21.952240,3863,67.04487225881371,19.6977670870894,5.799971124244154,12.881210466681203,20.996339487077165,51.97345199383129,56.708139451428096,80.73559700522478
Malindi,Kalifi,2024-07-01 23:18:21.952240,6612,36.22937012401502,41.12904979783001,22.14633042608808,19.977892668979482,38.1319156046171,34.39728600970597,74.76095171766033,65.63981829830651
Malindi,Kalifi,2024-08-01 23:18:21.952240,5320,54.87638784233314,44.83476933627639,14.762567790496137,33.15278928122872,35.09215921743226,41.611310019892436,75.33602757672061,73.43909086036427
Malindi,Kalifi,2024-09-01 23:18:21.952240,3238,62.0597259379464,19.593404109232885,7.921010871313867,17.733417115111564,44.4882226368306,46.94303712334101,44.16187283093396,53.72844027036804
Malindi,Kalifi,2024-10-01 23:18:21.952240,13698,70.4602494368191,27.655761560528276,23.46783281806976,28.41804018696762,50.2925604467365,54.027639254544354,71.50777644443315,42.450770865256715
Malindi,Kalifi,2024-11-01 23:18:21.952240,3251,31.128545818938104,41.578537535421646,14.339195556469129,17.12154521579627,41.48962480991182,57.63271726124791,37.454210445032246,78.07639483002913
Malindi,Kalifi,2024-12-01 23:18:21.952240,4843,88.93728229408461,26.909082445604007,16.54515798801094,33.413390716524944,27.66875965851648,38.64238272255419,63.1826046768543,82.44269988758163
Malindi,Kalifi,2025-01-01 23:18:21.952240,12326,74.12148523088334,21.392337967069814,14.260394603892617,14.460361407224635,67.47669903886177,35.03326800861446,35.915466142793086,68.75529750548564
Malindi,Kalifi,2025-02-01 23:18:21.952240,2658,47.851510340271304,37.4796470411641,10.332113360632572,25.371707644469808,59.6611467780588,76.17501593872811,79.96552319425695,51.208674988388566
Malindi,Kalifi,2025-03-01 23:18:21.952240,14889,63.16056676067669,27.222893994067295,10.66868774062025,30.234056868655532,65.99458636412662,65.48877509595852,70.43038597042852,65.6479890381226
Malindi,Kalifi,2025-04-01 23:18:21.952240,7711,59.85538293090237,17.752603121747004,17.539043999118046,30.245955956031906,62.463935229031634,64.46862704726786,84.90723668737269,50.33967377917219
Malindi,Kalifi,2025-05-01 23:18:21.952240,12534,74.75079253648323,19.503740562347613,15.508886598525065,22.75372399705978,20.0921155085977,28.01001401181062,65.16942994239477,82.13555023624401
Malindi,Kalifi,2025-06-01 23:18:21.952240,4365,30.352923356980703,25.956263305022773,13.782175462276848,22.700871038818526,54.16036438185146,34.49053987960578,47.59962523112611,73.15356084832256
Malindi,Kalifi,2025-07-01 23:18:21.952240,12007,49.87940928683669,15.213785853420964,13.290774180552331,17.31502325003155,35.130848520089344,62.849827797223625,45.62018200007783,82.19565757654836
Malindi,Kalifi,2025-08-01 23:18:21.952240,8253,34.67105115708122,27.42586905970694,22.08603530351872,32.37553070267046,61.3241711679915,63.75938945307536,79.93916745806658,85.49525031875856
Malindi,Kalifi,2025-09-01 23:18:21.952240,10003,35.887593129333574,26.149239319404447,7.355813138508072,21.124174899919602,64.61016340856347,38.839510149998574,73.62714518066613,61.999453340878276
Malindi,Kalifi,2025-10-01 23:18:21.952240,6243,42.282209993718794,33.80302749844,10.039255238455794,10.103459272112572,29.669957850105952,53.44209315682072,60.27844193533373,87.27115598131009
Malindi,Kalifi,2025-11-01 23:18:21.952240,12279,87.27143078191011,22.749464581437515,15.71961281436674,21.79343683629751,67.81764228107454,69.56939417165235,33.168916405736375,83.30292446048072
Malindi,Kalifi,2025-12-01 23:18:21.952240,5847,31.04194054237296,24.46485007250901,7.262055409400292,21.358178275650594,60.102887294731595,78.6039358198106,62.18197576522181,70.08621608705477
Malindi,Kalifi,2026-01-01 23:18:21.952240,12496,86.10533079564931,29.741353022058462,20.190623689085413,20.22305169892032,65.46240754423096,58.655313971421464,65.54127857073485,85.44122504104149
Malindi,Kalifi,2026-02-01 23:18:21.952240,4064,69.38802443818201,23.81842894644798,6.481661197758397,22.766291650498964,27.381378738437384,33.17413387180177,53.40406119369392,73.80357322973606
Malindi,Rabai,2024-03-01 23:18:21.952240,9112,89.0080407349935,16.14386509386761,7.497717492434517,24.95998108412772,57.50230736337037,67.87219227208683,37.52530680069156,71.24291448546197
Malindi,Rabai,2024-04-01 23:18:21.952240,14802,59.16836262236285,32.60175623599298,15.267921716440148,17.67100213671401,20.834539206439207,29.09339774402677,74.7994512166915,58.77612524417614
Malindi,Rabai,2024-05-01 23:18:21.952240,9698,49.17505109890875,28.561407826263988,18.137652571665946,13.258210269396574,22.02869244223331,52.55858657672988,32.341427583614006,63.667933462108806
Malindi,Rabai,2024-06-01 23:18:21.952240,5467,35.092067057051935,28.65938980436816,15.151353641470859,26.484055219150363,38.979039930084284,48.666541115902334,30.1599173036192,59.7250962623519
Malindi,Rabai,2024-07-01 23:18:21.952240,14446,49.580047293666894,39.26461013997105,17.369414740086107,15.601633100006005,68.44096633151617,71.65139487817883,30.507874164191506,51.59906073529248
Malindi,Rabai,2024-08-01 23:18:21.952240,7185,30.170637564866755,31.573280923147024,10.58824903961983,11.448477923092595,50.26017404082884,73.69695388530957,82.52556741564112,77.84310148456964
Malindi,Rabai,2024-09-01 23:18:21.952240,8546,39.54564593285521,18.641335466733437,17.78416325350007,28.416761713895934,46.81120540358514,66.79631812863857,78.32474043373652,66.3103028830703
Malindi,Rabai,2024-10-01 23:18:21.952240,9514,87.7343308267404,18.008291987058932,8.046299343575845,14.75462039857429,21.097661724010585,34.77538440691223,71.46482958573085,75.39587779446146
Malindi,Rabai,2024-11-01 23:18:21.952240,9293,89.66541662173228,34.25488695532185,9.111808578694005,24.043374898407727,27.81777371498993,66.88292695583904,39.26099891343637,89.01796513108457
Malindi,Rabai,2024-12-01 23:18:21.952240,2465,75.62395042316228,28.844822874368816,8.837856267277527,19.302737315047843,31.886659010402262,39.6429995657778,70.84272315882788,60.087854708275785
Malindi,Rabai,2025-01-01 23:18:21.952240,5683,52.53467408236342,27.91496604200465,20.275706222089877,31.03444909441431,65.94940707446732,43.2257555994282,84.88903454528656,81.75689907125576
Malindi,Rabai,2025-02-01 23:18:21.952240,8369,45.63300565016706,30.15141018484875,8.031311622644433,22.190811903451895,64.75116002738673,71.84708410621829,46.41693438497417,52.62205277483846
Malindi,Rabai,2025-03-01 23:18:21.952240,5938,93.20431233883679,43.92361755556445,15.008058464195074,11.576463763553887,67.09703103353215,38.056884439730894,39.60394678747564,64.29258498853372
Malindi,Rabai,2025-04-01 23:18:21.952240,8866,41.53439260575492,23.813623889254707,19.119142409477032,33.33015959752616,24.192124337614928,78.70824566485382,77.61904000245252,86.4718861348666
Malindi,Rabai,2025-05-01 23:18:21.952240,14559,33.49788122836319,23.39350729664271,12.032306899963833,26.611347356516397,68.89632439372957,44.75067111923227,79.68877036132068,51.23280041761947
Malindi,Rabai,2025-06-01 23:18:21.952240,7856,38.848664896281235,16.421551654074552,10.033156320151466,21.72184829759852,58.67976831378196,52.89628274719506,50.10154201530183,69.01522250360702
Malindi,Rabai,2025-07-01 23:18:21.952240,2818,83.2991411266309,33.20838609135953,6.124316133667238,33.89469882866655,65.68623396746597,78.10784490265686,81.37446533391832,77.55753089779908
Malindi,Rabai,2025-08-01 23:18:21.952240,14035,39.26762504845526,22.13582908635489,22.84724769316903,16.245826353329967,23.098997606473596,74.60278780767854,59.19468746227186,58.83214621006009
Malindi,Rabai,2025-09-01 23:18:21.952240,3211,85.37103440729447,29.255307738856054,13.50811949874695,15.23593785185002,45.42196668235445,53.46244742356855,41.41429303129559,56.140413526305466
Malindi,Rabai,2025-10-01 23:18:21.952240,13038,80.50458196337365,37.16669281008647,23.802803943894165,29.480692904813445,46.90642658408144,45.43202626600066,66.96026344315365,63.89654894054827
Malindi,Rabai,2025-11-01 23:18:21.952240,3685,33.637293009068486,40.499547452055936,13.422678372764288,32.16001888001233,45.3685847687872,77.0485949972703,36.236283519629836,43.64581171105492
Malindi,Rabai,2025-12-01 23:18:21.952240,5576,47.81102725676023,17.076691696956946,12.882100079809081,24.837249116231735,68.3649628884728,71.00818890196209,65.03195847168952,41.74826874818835
Malindi,Rabai,2026-01-01 23:18:21.952240,10573,47.44047624192605,24.29729084550247,10.023246038808411,23.717205166717267,20.344624179398938,60.57885507656221,56.621390291908796,45.951972364600806
Malindi,Rabai,2026-02-01 23:18:21.952240,7494,55.86224902090632,31.14748636211495,21.430960865152954,16.1780724497067,44.095973438491434,40.22858711749058,47.34501505041606,83.5237325493766
