county,sub_county,date,water_access_pct,sanitation_access_pct,handwashing_facilities_pct,safe_disposal_sanitation_pct,basic_drinking_water_pct,hygiene_promotion_coverage,community_led_total_sanitation,school_wash_access
Nairobi,Westlands,2025-03-01 23:22:43.086192,60.80789599257019,49.93718954426548,42.7773223486299,80.52457046738593,47.86785926148955,56.282092524682106,54.62367293051119,38.40491803450071
Nairobi,Westlands,2025-04-01 23:22:43.086192,49.35484553858565,84.99850186541485,72.34234063574557,37.39117982131251,46.29404988451492,69.15550801868318,50.76296701474329,73.86590065142693
Nairobi,Westlands,2025-05-01 23:22:43.086192,63.34718687967099,90.94655325590415,52.37460525133956,72.06625208850085,57.422634478501166,79.73684927861451,24.235149966364272,45.39047326549051
Nairobi,Westlands,2025-06-01 23:22:43.086192,88.18872752322571,53.05592516348808,28.583431004663357,48.60584468274426,55.305284460018456,63.98331886518869,48.02170487001737,48.92888141164293
Nairobi,Westlands,2025-07-01 23:22:43.086192,64.3257921331552,84.70696706664677,65.55570077598964,66.67846260902839,86.38811503800906,49.63990627834272,56.80742074105302,41.65967028326805
Nairobi,Westlands,2025-08-01 23:22:43.086192,46.51885008266177,90.41125923257842,76.57453607294387,42.053246650676236,68.12289892835497,33.219685729806116,46.41623203781605,41.72870991538375
Nairobi,Westlands,2025-09-01 23:22:43.086192,90.27115225949359,81.28494515283086,57.381870890966425,60.9086819157647,51.43888512755027,48.162512740359226,53.07416267842738,37.33140092061861
Nairobi,Westlands,2025-10-01 23:22:43.086192,79.69238402856124,60.30536108961227,59.542532707605446,38.46752445824765,49.04606460023263,44.14536446023249,52.64710255196326,44.967313661864935
Nairobi,Westlands,2025-11-01 23:22:43.086192,42.148029854916714,53.992891672211556,64.12993307720237,69.03463777431003,45.3827832218018,74.18190745442385,56.60367539108171,43.58412099942435
Nairobi,Westlands,2025-12-01 23:22:43.086192,94.59299748392121,54.34427721358479,42.59589835582072,82.73585807992896,89.73952653343572,75.44750008443236,10.975130974442743,47.814360081642235
Nairobi,Westlands,2026-01-01 23:22:43.086192,92.10363028653427,37.73474262481286,79.61419714182287,41.71269759855605,48.88472683319178,39.13788485974416,24.07476215529219,42.57235862088347
Nairobi,Westlands,2026-02-01 23:22:43.086192,79.93587887202432,62.57361092462279,59.268232992285846,33.73137077684062,86.94129110860437,73.48131045882539,50.0388605436056,79.55401272929473
Nairobi,Dagoretti,2025-03-01 23:22:43.086192,61.51698133170082,46.28144714236963,52.721729238165054,30.968134042305064,73.99208949234003,76.21084848371177,37.2848447745415,54.94853948061161
Nairobi,Dagoretti,2025-04-01 23:22:43.086192,51.97842283505875,89.12478073521757,64.18841669326935,73.10433113635509,73.20817917596068,59.792278617627574,17.729984966122856,61.254710515446064
Nairobi,Dagoretti,2025-05-01 23:22:43.086192,75.39157007206936,36.34633844430345,29.94250738841956,69.28810193084956,78.21841933277886,57.51750026060592,11.443181396653973,58.82104569470792
Nairobi,Dagoretti,2025-06-01 23:22:43.086192,67.3544106942305,49.669133480053716,65.15957459869519,71.36142039130064,53.68013617401161,33.508781471441864,38.3427910171025,34.15877667702739
Nairobi,Dagoretti,2025-07-01 23:22:43.086192,78.44420632436257,59.58193196662754,29.814661074584208,83.10416924956688,89.3158077838398,49.44300978041341,10.342040804507382,57.69360650334296
Nairobi,Dagoretti,2025-08-01 23:22:43.086192,92.14472660748531,70.3709967487265,25.72625418188979,74.64501728957308,95.24836169396069,38.255656985619936,60.24728547526327,58.39785644036049
Nairobi,Dagoretti,2025-09-01 23:22:43.086192,83.20056784048529,83.56151748048472,50.2512975288153,72.12783474440474,48.01578465476704,59.30238520733391,68.81402387486317,58.72707859313171
Nairobi,Dagoretti,2025-10-01 23:22:43.086192,62.176502605594635,40.76943749308009,60.538663497833994,76.13377301807911,93.50946170605587,64.21074724842995,65.31776501551735,84.5957082225663
Nairobi,Dagoretti,2025-11-01 23:22:43.086192,85.73021564085926,64.31463794505109,44.68819444826743,64.81227658140098,86.0596140742411,58.64483926974343,50.550822924108466,63.583982890609796
Nairobi,Dagoretti,2025-12-01 23:22:43.086192,87.94776851507115,71.90498587760774,78.47792717997262,71.87482509333142,51.643854438846574,32.935768778771745,41.55723061826934,76.73074016175826
Nairobi,Dagoretti,2026-01-01 23:22:43.086192,88.40442640638875,36.988888452214105,42.76783084303301,32.85530369689033,48.39670595121299,30.725251727332434,16.223133957457442,78.6058781276725
Nairobi,Dagoretti,2026-02-01 23:22:43.086192,52.47194187834209,92.80672426692009,72.44312436760225,54.83321108851362,52.99494785182274,36.57886617036236,13.1727573863085,54.04381159996561
Nairobi,Kamukunji,2025-03-01 23:22:43.086192,53.098704012230435,74.29524549207312,26.099142030080323,33.26346325779839,95.30956812272224,78.90826409339036,41.902094065336925,70.74984836325095
Nairobi,Kamukunji,2025-04-01 23:22:43.086192,50.45669679259086,71.91313190618078,30.6481814903848,40.024173750953395,54.93365359389361,41.809352967900494,38.36678654292933,78.11772505129895
Nairobi,Kamukunji,2025-05-01 23:22:43.086192,63.62332543414236,61.8806000852959,33.95593487867998,81.32794782830305,70.68946517913363,48.333094473596404,21.80597705648414,34.08508780023701
Nairobi,Kamukunji,2025-06-01 23:22:43.086192,93.8555417311762,59.997167453145096,47.67168540036857,88.19613783619437,65.22678816835023,75.04292882136953,35.62695658023875,45.48283349794375
Nairobi,Kamukunji,2025-07-01 23:22:43.086192,91.82012239909103,79.55162969428662,68.40389102811997,54.2892758387901,54.81412411322174,43.24789949395746,54.70747856766223,32.04960083737087
Nairobi,Kamukunji,2025-08-01 23:22:43.086192,96.80065347770712,66.00048240168415,63.18212834587061,32.9465039296676,67.21613935504558,54.177475547972655,16.49882836984091,43.1043839624366
Nairobi,Kamukunji,2025-09-01 23:22:43.086192,85.36244809004884,88.58444890780379,27.44041287563174,42.33028951798426,88.848943508102,25.612490216348277,42.991256417757505,71.15605617961583
Nairobi,Kamukunji,2025-10-01 23:22:43.086192,48.36545884253042,39.470160805969826,70.67899307481117,37.00386275227506,68.43408213989292,22.088837638886616,16.2445372777796,73.12434992474124
Nairobi,Kamukunji,2025-11-01 23:22:43.086192,44.59594981259187,81.01367599979193,46.614821048457806,66.67700166413371,82.70547689467574,27.278541458645897,63.975442196532214,63.40502002912924
Nairobi,Kamukunji,2025-12-01 23:22:43.086192,69.71068069331442,44.90995358361482,37.81382493083404,78.42915849589934,51.54466066830106,57.37119637583931,64.87680743825827,68.57389965150948
Nairobi,Kamukunji,2026-01-01 23:22:43.086192,44.05024075580959,44.34297783297836,45.081651815790615,70.59466756418954,66.50953399537006,65.95140731847151,43.17157598213172,83.82244496722626
Nairobi,Kamukunji,2026-02-01 23:22:43.086192,94.77325871589254,45.741054251166275,76.71858486241277,58.345412427615784,87.71235616934001,63.7175841518256,36.43805667867309,75.87216986599995
Nairobi,Embakasi,2025-03-01 23:22:43.086192,77.541908950927,82.2032527594639,77.56681219979481,75.53333596782574,55.8383167133501,24.814688225133047,42.96041943786626,73.15704951548315
Nairobi,Embakasi,2025-04-01 23:22:43.086192,59.27056848480672,39.847849512248324,25.713702130877913,74.36348804447056,76.26383903892446,61.36874594843509,24.163049284389807,76.79990255304821
Nairobi,Embakasi,2025-05-01 23:22:43.086192,81.43503003363338,66.10982601850327,61.87172332641263,30.65733515477294,69.95989830901291,27.54948494855571,24.100777783415666,81.93944931704581
Nairobi,Embakasi,2025-06-01 23:22:43.086192,93.77287016853397,43.76422052396455,48.46793763760878,81.92164337875164,87.31281906606485,25.9485278440445,22.838497604006985,30.210954325324405
Nairobi,Embakasi,2025-07-01 23:22:43.086192,58.98338806580401,41.238292675889085,57.76477466783285,40.23353406311799,86.66727250567473,75.3761642748106,62.48089425058787,55.70424635361006
Nairobi,Embakasi,2025-08-01 23:22:43.086192,48.55039443632054,63.596261098781,78.34341800536956,76.97373028799562,94.0348939232552,43.687104620766064,67.26638133345888,60.01629229461655
Nairobi,Embakasi,2025-09-01 23:22:43.086192,78.90213895437775,63.76732298272656,47.46484355021637,48.59737702237739,79.61389129204687,23.851043851997876,53.29577467553087,40.01360621465024
Nairobi,Embakasi,2025-10-01 23:22:43.086192,83.82156739659254,75.09139412357979,81.00243292970049,71.13127901298563,92.91518980330835,43.81338661704308,57.84239455061442,39.63316465555279
Nairobi,Embakasi,2025-11-01 23:22:43.086192,85.55530412415754,86.60769031953282,26.42826697811525,79.13905283918109,52.261454177079386,44.37144563153893,45.301832092627905,31.87488732025522
Nairobi,Embakasi,2025-12-01 23:22:43.086192,74.21416921919163,35.34432919642714,69.82542734197617,53.703787847034505,64.7737349541064,75.67175795930268,30.982461213331987,68.33648101145654
Nairobi,Embakasi,2026-01-01 23:22:43.086192,65.15234906777101,89.72353688917991,43.12484947555531,66.76462809013324,85.0592332688806,24.490038200142507,10.933269996354012,79.43170512389929
Nairobi,Embakasi,2026-02-01 23:22:43.086192,66.50743383643226,70.58228901378666,34.45047805283495,70.41856354955985,80.28228831294739,51.067626098330756,63.331410992089836,36.61446457128049
Nairobi,Kibra,2025-03-01 23:22:43.086192,55.89704584183024,60.65185388550103,74.07156043691816,45.865725096720624,60.308553815436866,24.231884108599616,11.030636345437483,73.70688722528124
Nairobi,Kibra,2025-04-01 23:22:43.086192,59.94226143824649,84.87935277837296,69.98649260943083,62.981080193645745,66.10139789587438,71.63045528013248,10.4296931751906,73.40567522759699
Nairobi,Kibra,2025-05-01 23:22:43.086192,80.29895651369318,94.17870781109642,43.56536822189457,34.93199649476055,70.86272263100571,49.89881625268213,47.41246699692168,38.178234093464106
Nairobi,Kibra,2025-06-01 23:22:43.086192,79.96405666911542,40.82350565755327,52.50588192911826,70.60210552933634,74.83960005094181,77.16410814205297,50.625618752683906,61.77434768568421
Nairobi,Kibra,2025-07-01 23:22:43.086192,75.86916738523878,61.28890536823799,38.455326085745504,89.9109655449726,70.70195832837715,33.97030097000655,31.321314256368986,67.35787377069863
Nairobi,Kibra,2025-08-01 23:22:43.086192,93.3364100666229,93.81478249772744,70.7435740319805,65.73530729597607,69.33713260459152,52.81237307138724,25.385784091547734,64.37951090768095
Nairobi,Kibra,2025-09-01 23:22:43.086192,60.91630385507068,69.48356874346283,47.77222174716852,73.41392340388501,86.4758782806752,47.734766484445686,41.4779828796762,31.28221885708948
Nairobi,Kibra,2025-10-01 23:22:43.086192,89.01473616332378,88.24913726307364,28.017101277205235,36.094769068215996,72.69000356451991,24.799958157992293,48.37454730619675,78.71606428869507
Nairobi,Kibra,2025-11-01 23:22:43.086192,96.7700545024723,71.5779673167888,69.48571980549295,63.496620058637724,85.46956665087134,32.30250758509722,26.10379926060989,30.7185195746201
Nairobi,Kibra,2025-12-01 23:22:43.086192,86.84722760675487,56.10288883076529,35.086390326819206,62.718716349342515,55.11792727060718,43.852101575349124,19.735939274499714,67.00659719665472
Nairobi,Kibra,2026-01-01 23:22:43.086192,53.43349204310203,43.53493422962958,36.3413364240057,59.28773675527483,52.20086282082011,20.64544893800951,61.234530382391426,50.24912232745201
Nairobi,Kibra,2026-02-01 23:22:43.086192,89.20111499728546,79.79780671731325,37.10385573311096,83.830062697261,64.94237375393197,44.12133623809575,40.14717906106368,84.13666407688015
Mombasa,Changamwe,2025-03-01 23:22:43.086192,91.33614289208549,88.63550377964484,52.131121399227155,62.326937657763644,93.18972559779122,37.37587044765276,59.69767311355844,67.49581856978224
Mombasa,Changamwe,2025-04-01 23:22:43.086192,45.87587850380115,38.24847290385397,43.27743454602201,67.15839514238344,58.056321348206815,62.873237051491316,46.12943162040964,47.34030460852576
Mombasa,Changamwe,2025-05-01 23:22:43.086192,76.28174183013618,39.877649417801024,66.18725183615082,65.02260241681174,92.71432589860024,54.29049368848517,31.752599965992044,47.58557202397898
Mombasa,Changamwe,2025-06-01 23:22:43.086192,44.00758612885302,58.27280288424977,29.653908287700197,52.86378741263218,90.3812120119212,31.58815824008342,27.983300463322372,47.94702194111532
Mombasa,Changamwe,2025-07-01 23:22:43.086192,75.92248401706328,38.54318779458511,77.30686112813223,52.09124057102285,82.58000752167844,40.09147687360475,13.982321549202165,64.58291817500606
Mombasa,Changamwe,2025-08-01 23:22:43.086192,82.75832949876329,90.95815001050782,48.19307090185161,46.828481794905635,69.57725502552648,39.57068574604084,33.53530346646754,50.59348806030586
Mombasa,Changamwe,2025-09-01 23:22:43.086192,61.155835704191965,55.81049520147393,64.97708834914282,87.80961913923568,95.36541476998613,53.628440767225506,20.76403020109013,53.23401817479146
Mombasa,Changamwe,2025-10-01 23:22:43.086192,85.32188595759743,57.93697453940935,80.34613876231305,65.31097244272536,71.4975607717981,50.288458289622184,35.893748813172806,74.74522364623991
Mombasa,Changamwe,2025-11-01 23:22:43.086192,60.2572527436681,37.49176852941221,50.534178598868664,39.15530881435002,75.21701700069725,79.90474247370965,21.417482844596847,77.60521991045067
Mombasa,Changamwe,2025-12-01 23:22:43.086192,41.814374335909754,70.81473141009135,61.06069351353327,32.10869889711065,52.10203690360096,64.05136403847291,14.689176793290324,50.03687006011725
Mombasa,Changamwe,2026-01-01 23:22:43.086192,71.15402215632534,72.75545790188207,80.56604970249694,69.29571543387826,82.56754397716327,25.443235720280697,54.093944551571404,65.06945329468962
Mombasa,Changamwe,2026-02-01 23:22:43.086192,63.794028513728975,62.292331209372115,27.596466077117807,89.45414281873843,47.22746995242583,57.964240580194904,62.32247118825313,60.31224894382678
Mombasa,Jomvu,2025-03-01 23:22:43.086192,57.51869963731345,46.24163454578253,48.40780413836515,41.85671304443343,96.38191701098683,65.11339830769373,26.859732053524795,36.122020036635476
Mombasa,Jomvu,2025-04-01 23:22:43.086192,94.12225446734521,65.21624941591554,31.188951091359172,75.52920716767892,66.33089425004563,21.481440889198332,29.514306141315974,75.90875620301323
Mombasa,Jomvu,2025-05-01 23:22:43.086192,44.04346879127617,56.66184345590612,35.515971031248476,75.55763353510702,80.06754589908965,57.799412496245246,18.514661788192775,55.71939417851714
Mombasa,Jomvu,2025-06-01 23:22:43.086192,47.64440100801983,59.08533267330625,47.73353091809507,46.950504651125755,46.740050833187645,44.14218045855065,10.52574761497124,33.929533868230756
Mombasa,Jomvu,2025-07-01 23:22:43.086192,61.022846532912745,72.146522269829,39.230229868970085,82.48575606689593,81.48816036026987,54.82057192645923,20.255899876996022,41.037514937582515
Mombasa,Jomvu,2025-08-01 23:22:43.086192,86.55664981520212,83.73985280595812,27.641565715063415,87.91848767755513,57.97093650682481,57.60841999873366,19.552319725420173,80.46111780304626
Mombasa,Jomvu,2025-09-01 23:22:43.086192,78.6763949893226,68.02750156486417,64.62059733047967,52.29903821827449,77.73152074024213,47.26619311857523,25.050539700569164,53.88238906138747
Mombasa,Jomvu,2025-10-01 23:22:43.086192,40.341414992921436,45.11348084899714,43.952060707869066,44.87263559992484,93.53683776618553,62.19432653987694,16.49146427362711,44.232637435492435
Mombasa,Jomvu,2025-11-01 23:22:43.086192,70.99551791025868,44.160217378967985,54.54124387975635,77.40484010225252,76.79538644388205,28.529669474609015,68.04484134670778,35.53438185071271
Mombasa,Jomvu,2025-12-01 23:22:43.086192,48.25042139886907,37.56788186124202,65.81895245514582,48.03535521950858,92.13135681144325,36.215996363478354,49.45925862220859,45.81419571015508
Mombasa,Jomvu,2026-01-01 23:22:43.086192,81.88114384412785,61.9406160260044,84.38255110423457,55.893013851943834,61.07484782718083,37.451793264399356,27.436821516645654,33.168402669891776
Mombasa,Jomvu,2026-02-01 23:22:43.086192,50.727535915484175,93.15232703992277,50.685660679331804,54.62389682999999,51.144263373000825,66.65348836753489,31.669347037582863,68.32303665439198
Mombasa,Kisauni,2025-03-01 23:22:43.086192,89.95815605676808,59.70247207069867,76.19716524683234,88.70636910082274,82.76499369176221,79.10653140405293,13.507065071637411,65.08622489284053
Mombasa,Kisauni,2025-04-01 23:22:43.086192,69.99959478827246,84.70410651493691,84.99380597645177,78.60530314244433,47.428480832746466,61.93723951299926,59.248173231108,78.583302109586
Mombasa,Kisauni,2025-05-01 23:22:43.086192,89.78107837104511,79.20310197659825,80.1215513548299,33.85590408476741,94.81247502119126,24.28093949670502,26.884263266584114,38.05881306921501
Mombasa,Kisauni,2025-06-01 23:22:43.086192,64.60798839009951,35.06635113184366,26.085773609985733,52.12032886469635,61.01317840599228,78.228004406502,50.38777593541413,51.7685931045624
Mombasa,Kisauni,2025-07-01 23:22:43.086192,88.8658435852251,36.052342012305495,51.226384288159394,86.83202302606276,74.37256105802079,73.69530399038821,35.35804263167877,84.01353574080233
Mombasa,Kisauni,2025-08-01 23:22:43.086192,81.84951205998013,72.8530413843697,82.52496090453008,58.72299918997058,93.7309480054156,66.66325404328387,56.32501448200195,83.99577880398496
Mombasa,Kisauni,2025-09-01 23:22:43.086192,79.65602183685115,45.455453332963664,78.16875072868768,83.38230047915832,53.97299610848982,24.23437995752977,60.58391901913252,47.33134335830612
Mombasa,Kisauni,2025-10-01 23:22:43.086192,77.77659258876675,61.9370610904695,43.96951615526933,34.89234237290117,78.23125955118363,20.39446806236802,64.32194434173283,70.4276196410869
Mombasa,Kisauni,2025-11-01 23:22:43.086192,40.04953835575628,63.68139423954033,72.35169470930818,63.006780439812765,93.68464804180587,55.03541359978831,41.74407487170441,48.88112611392279
Mombasa,Kisauni,2025-12-01 23:22:43.086192,42.5666558937341,36.149168425541035,83.23793828789307,60.84513321390769,51.73111841225286,48.35890709906588,33.59533902409494,55.394278146190054
Mombasa,Kisauni,2026-01-01 23:22:43.086192,66.5006376992061,36.527091472959206,79.85120726539927,86.62872404107459,92.93394487243415,68.2716382139673,18.08827525982857,77.9039007311816
Mombasa,Kisauni,2026-02-01 23:22:43.086192,63.48169759510186,60.40144228530543,35.77760517749199,60.88192334137489,78.86751450109271,43.99310096099,21.866072750358867,76.08602783734233
Mombasa,Nyali,2025-03-01 23:22:43.086192,63.90405218934788,89.01730358466997,28.200994997061912,76.45781815835898,95.25717024647005,78.83557188311497,62.4159721472749,80.54687256066586
Mombasa,Nyali,2025-04-01 23:22:43.086192,90.28855561681638,56.515828897308396,69.84293159994331,79.98210325366455,62.19830882074653,55.78392820943654,16.506467292954696,74.37407486336548
Mombasa,Nyali,2025-05-01 23:22:43.086192,62.78762586465098,51.329990996603044,79.2235644409874,80.40602350061098,56.820898438630806,54.907664037171195,55.77170901046705,70.51865340501618
Mombasa,Nyali,2025-06-01 23:22:43.086192,63.62525953539264,55.10741133838472,57.42681246496086,60.68225683569205,53.95917489395884,71.82022704650218,23.389469265440596,55.44133163935784
Mombasa,Nyali,2025-07-01 23:22:43.086192,43.269169159104564,71.3467607383464,31.841949478016275,37.05689456196927,96.88302072052761,58.31708252554981,24.96571546998142,62.69508372164485
Mombasa,Nyali,2025-08-01 23:22:43.086192,70.94023800524562,38.87145887493898,72.97057892443749,48.30465401729978,65.03929917386712,67.23554315115322,60.92497451685501,46.90998205569923
Mombasa,Nyali,2025-09-01 23:22:43.086192,67.46415153246535,86.43717686585424,65.27984315210304,73.99669065177525,95.46891951915991,63.586623825914295,65.11370151274542,40.904200024393035
Mombasa,Nyali,2025-10-01 23:22:43.086192,88.35159624632172,57.54464611491113,79.6092954239803,87.13953408487575,65.64473033271155,57.74803856924281,13.540104879188517,72.96161610984561
Mombasa,Nyali,2025-11-01 23:22:43.086192,70.61266553432635,78.26255260148383,78.12147767206534,56.493505588464394,94.51065536181662,46.9411566617339,17.001483847078052,75.88533895263465
Mombasa,Nyali,2025-12-01 23:22:43.086192,73.87523064232198,73.91585907433564,65.77482316290204,74.5357818153957,81.37524842032957,38.73681173895759,45.389348252168766,43.734514780503204
Mombasa,Nyali,2026-01-01 23:22:43.086192,54.962945715358515,78.07731465228557,61.80363936765696,48.7737817909711,49.76001104146847,67.88871967677844,18.871626677710413,40.688106973396486
Mombasa,Nyali,2026-02-01 23:22:43.086192,42.15793336753086,90.82658010682533,66.22965350915749,39.10977942563464,85.88968356108899,48.11741206025634,16.47586532039895,31.186244467343528
Mombasa,Likoni,2025-03-01 23:22:43.086192,97.81468897506235,41.496359567366724,59.84041546025824,48.49857502358414,77.70077766072103,75.4395681771838,68.9607894063667,57.95689090797092
Mombasa,Likoni,2025-04-01 23:22:43.086192,45.718968787563846,81.40739635691403,64.93664825304302,77.58120825725243,54.57223190327419,68.4937076924015,51.81908104739055,30.337712150480098
Mombasa,Likoni,2025-05-01 23:22:43.086192,42.418851714578544,82.03959056386574,46.67333100866642,75.22858227184258,80.63431098141967,78.34014601983475,61.22877134206904,31.938698962124302
Mombasa,Likoni,2025-06-01 23:22:43.086192,82.02993163496967,51.14635665127781,62.62003994166852,56.71728643045341,94.13621910583998,56.601371435894514,68.93177352935751,35.52359958970079
Mombasa,Likoni,2025-07-01 23:22:43.086192,86.03202086136221,82.62310511423274,49.468787216863475,84.683481343877,64.69651994199904,38.59147748863932,64.59143632836435,41.69553335791204
Mombasa,Likoni,2025-08-01 23:22:43.086192,59.97796135974403,48.326311440588526,65.02165286184334,58.760785166234534,68.57501525428867,63.65890472014575,66.35309655979938,37.73090292809659
Mombasa,Likoni,2025-09-01 23:22:43.086192,67.44205137203168,38.08230337598818,32.50716546029613,57.97024436986658,66.36900324927572,23.140008421922094,58.16735222530683,55.5568637766618
Mombasa,Likoni,2025-10-01 23:22:43.086192,75.19561676663537,54.32377565444015,30.74578932832575,46.359199336499486,48.12427262573007,78.92713244399636,12.615935475060947,60.67274750325575
Mombasa,Likoni,2025-11-01 23:22:43.086192,76.82819324490174,37.45200677543918,63.87594766756011,41.390209531143896,89.27158288694918,46.06967745000774,10.04310346097962,76.06536233781183
Mombasa,Likoni,2025-12-01 23:22:43.086192,89.94726017291734,54.50203751170572,82.49539343586153,80.67839064859473,66.10572675784061,70.81962400690615,39.39389605103352,33.454426871523985
Mombasa,Likoni,2026-01-01 23:22:43.086192,60.595433010409266,78.10783365195678,47.6974981433209,52.09170907241284,63.12918509097915,55.61893524886925,17.268145929712155,46.3765078243638
Mombasa,Likoni,2026-02-01 23:22:43.086192,59.07213748473416,59.269344859998874,37.082464593075755,80.07931402061375,57.120468621352856,21.219345455306065,63.69432574063973,30.17059863630425
Kisumu,Kisumu East,2025-03-01 23:22:43.086192,48.74674590274744,65.42309474691291,33.903722971473506,30.032466567539558,73.22867336166095,63.469748273101,15.589937162365109,37.67251972977718
Kisumu,Kisumu East,2025-04-01 23:22:43.086192,56.44873020458382,50.1535225340928,31.278477792463804,80.41892676900684,72.80768248333092,27.894012838669518,34.29010020090375,39.06878714925814
Kisumu,Kisumu East,2025-05-01 23:22:43.086192,96.29305458079392,43.64645147292836,28.144252327402985,46.2676271477616,52.23603173708937,49.26924740042221,16.279473456712445,67.95697824233872
Kisumu,Kisumu East,2025-06-01 23:22:43.086192,56.506044303736005,81.28876164060623,36.978620120425305,89.1874098140965,81.75236417914542,42.35040216478721,55.60450776604784,54.181508477614784
Kisumu,Kisumu East,2025-07-01 23:22:43.086192,83.55739976653743,47.40005426949611,54.57930923157245,58.217553483584624,66.43894936945955,68.6128070237958,19.184257155404065,75.6784960387462
Kisumu,Kisumu East,2025-08-01 23:22:43.086192,87.79581887624164,77.5717416921456,43.23917565458203,67.39419515191844,50.95398677085301,60.11144314359324,39.31867545659545,58.766317947973775
Kisumu,Kisumu East,2025-09-01 23:22:43.086192,52.67277858447559,90.61020006289928,34.9053456416635,39.3365187201116,96.66715167086082,43.96118472905146,67.94920408760868,77.4232876846909
Kisumu,Kisumu East,2025-10-01 23:22:43.086192,70.57626747651486,63.81174177933182,68.35213423045269,89.73251506798286,45.64442146295233,48.35574228423985,28.53231373914451,76.1057232486005
Kisumu,Kisumu East,2025-11-01 23:22:43.086192,70.90111365794613,87.21937324873568,63.940595801057874,88.64198928635182,95.58870556410095,46.094550516539734,36.45321927671077,49.33031884379609
Kisumu,Kisumu East,2025-12-01 23:22:43.086192,65.82454980285195,84.6761060695523,84.10690629771187,44.88019291121044,53.43560387667242,35.52833344994717,63.467444725279094,75.29102621419298
Kisumu,Kisumu East,2026-01-01 23:22:43.086192,75.70993222118616,69.36778042020887,43.79531804289077,39.913598768666574,89.67447527065244,20.506985943360917,57.671329415575094,34.29660120041679
Kisumu,Kisumu East,2026-02-01 23:22:43.086192,40.253823978015305,77.763853349562,40.938709325588135,36.06861473546528,88.53628505787597,36.56379213339727,41.049206014053034,55.38535817660984
Kisumu,Kisumu West,2025-03-01 23:22:43.086192,53.36388683864855,94.8883424025297,81.89898770636057,60.602823764445446,86.17035256305024,77.55281897200018,29.16957615590659,83.24551953237801
Kisumu,Kisumu West,2025-04-01 23:22:43.086192,90.20891271321008,86.87014743372595,81.96970419893174,30.184141646743846,79.65492606853925,61.04551852771001,15.341288433714658,57.067162401746245
Kisumu,Kisumu West,2025-05-01 23:22:43.086192,67.40822965164648,51.730007121372424,25.02780136922774,46.5962401642788,49.21206622784555,45.55487751900844,60.665071465491444,59.37041369114131
Kisumu,Kisumu West,2025-06-01 23:22:43.086192,59.7970320575115,82.2822754842991,39.133895030661286,32.57529820350679,51.59070059294283,32.75602198410716,17.107457517092755,35.47079546075456
Kisumu,Kisumu West,2025-07-01 23:22:43.086192,72.85223254735776,54.603496643970345,60.632656715253674,57.754640885937945,66.03357327914411,66.85703559458167,35.34632208002126,64.11370339854774
Kisumu,Kisumu West,2025-08-01 23:22:43.086192,80.35933832944298,55.062589424963875,67.52767541082773,78.54820116559958,86.24111672105374,62.2969439116637,32.1658280794197,72.07289201005278
Kisumu,Kisumu West,2025-09-01 23:22:43.086192,40.236195884994636,53.434787691076345,79.21775591476276,48.74392255616752,74.5352700775473,54.8172047919273,48.97201325544293,55.162975291136775
Kisumu,Kisumu West,2025-10-01 23:22:43.086192,75.66604297353538,66.70115528496792,41.90587139522563,37.30514537573248,86.26957295600053,53.30822945205025,28.72565471824175,81.51253309901662
Kisumu,Kisumu West,2025-11-01 23:22:43.086192,56.27013871501523,35.3399513053828,80.12743372785529,75.00661672455144,58.4319323469949,49.68744494066632,61.588260990454486,54.16650751697813
Kisumu,Kisumu West,2025-12-01 23:22:43.086192,74.69811384384167,77.49988103895603,32.93912086124394,53.80824389394887,70.35090994789621,27.81365541324025,40.090510396062015,34.759047022071755
Kisumu,Kisumu West,2026-01-01 23:22:43.086192,95.27054369200435,65.99528850247454,25.527017023619308,30.63915789788603,78.66599609869698,70.22402297964946,31.357265503559844,71.78424362540332
Kisumu,Kisumu West,2026-02-01 23:22:43.086192,54.262748903962716,39.14406033561184,73.49948027105373,89.63070788015203,71.07342491629547,68.30802677001878,60.42009531763165,56.13278852979106
Kisumu,Kisumu Central,2025-03-01 23:22:43.086192,82.32006698256289,61.341004227284266,77.32068642031459,45.66173849312799,77.06620810712914,23.39387401336012,30.51517136971844,47.32583793654615
Kisumu,Kisumu Central,2025-04-01 23:22:43.086192,61.907415509658705,88.83804381586816,60.576167146834116,58.708684177736146,71.7829472028547,56.230297749779965,50.18468569373798,30.7284235553219
Kisumu,Kisumu Central,2025-05-01 23:22:43.086192,91.01726803649699,91.0309790675274,48.6487356891822,69.46448939853096,48.90797418057067,53.12874525377452,62.36594779701575,83.90431827630458
Kisumu,Kisumu Central,2025-06-01 23:22:43.086192,75.83245373893098,58.89813339505613,84.23059831247767,68.90093874124881,73.32305721843373,28.589227012231973,22.696784292390927,79.85068417426149
Kisumu,Kisumu Central,2025-07-01 23:22:43.086192,48.16141351743906,35.06482453450198,53.69295770478419,66.66539303790822,66.59997843240365,32.07937918139071,24.101069612467576,51.5035048239504
Kisumu,Kisumu Central,2025-08-01 23:22:43.086192,52.947272261871866,77.71439576250489,63.29148389645956,36.081116134329264,59.49803502800488,71.83001206789987,48.04818041937242,47.532601828526516
Kisumu,Kisumu Central,2025-09-01 23:22:43.086192,59.365310578872,59.25753422507038,83.53953799539244,87.82496286448138,79.83155234212771,30.936464775620983,54.63867102520647,65.85759096233963
Kisumu,Kisumu Central,2025-10-01 23:22:43.086192,84.3150607459877,37.29063730295941,82.40253511160597,81.7110455510498,84.96459072359012,59.372983860311955,34.697535546518495,41.58229773376347
Kisumu,Kisumu Central,2025-11-01 23:22:43.086192,62.78206709961846,84.04670335168863,61.67158363215955,69.2172499805599,61.75002332197066,54.03755435229042,38.933962293487596,34.75686551648595
Kisumu,Kisumu Central,2025-12-01 23:22:43.086192,92.84158365360065,64.15717016870747,33.601990531210355,57.50737194754713,47.571955257497564,57.058674112306065,69.53436582124539,72.32016460315569
Kisumu,Kisumu Central,2026-01-01 23:22:43.086192,73.04634259060961,80.58568964361329,62.7423839994259,46.90754722601517,81.33191142502804,50.097949871798,12.44955233379541,35.656536040874464
Kisumu,Kisumu Central,2026-02-01 23:22:43.086192,85.91861991923545,79.56299551503636,42.82438708853889,89.46403358805284,78.77503718794239,48.65700025250459,25.604354664434467,32.39352273578436
Kisumu,Seme,2025-03-01 23:22:43.086192,94.25403590610952,70.65483948680532,82.77112949185235,79.49418161648452,74.91712212152478,55.45886346047395,13.856971078608254,40.55385245815981
Kisumu,Seme,2025-04-01 23:22:43.086192,63.37918761843485,75.95771202664903,42.35807642800839,47.36199625194088,88.88994568335852,53.19269138299656,33.41244182942775,36.351160513657035
Kisumu,Seme,2025-05-01 23:22:43.086192,78.86067320005995,59.46989283338968,36.61046775837576,41.48809767778429,69.17131795303544,57.91041944049175,29.888631417408334,66.60300948056965
Kisumu,Seme,2025-06-01 23:22:43.086192,75.90492507174227,78.53270340410202,71.7763705050136,69.69725779351506,90.32964874687201,27.931903547901758,68.66046512200796,82.72872909600319
Kisumu,Seme,2025-07-01 23:22:43.086192,44.19083169083457,79.47004882396857,74.85776645923957,68.65509856207544,77.7283792924207,35.478424493574536,13.723927528613917,33.92444149960539
Kisumu,Seme,2025-08-01 23:22:43.086192,42.18274361138208,44.68235952718058,28.62659759684529,85.45133428947565,78.06976843852792,55.68830127931952,60.61563157481381,34.924315652158654
Kisumu,Seme,2025-09-01 23:22:43.086192,64.14545979794391,88.73094939529351,45.50388994103889,49.88009287681213,53.68434602874095,44.968234082653666,66.68391127424292,84.43817058962898
Kisumu,Seme,2025-10-01 23:22:43.086192,95.19417540418928,65.06666591137298,53.37671117843877,57.11265270384417,90.7026553725087,29.909867159028387,37.04000052404076,79.48470615699438
Kisumu,Seme,2025-11-01 23:22:43.086192,91.67211939992005,35.45678301993761,58.81323972799591,39.306689289061,79.95631007405939,45.931835281212116,30.694679987565355,56.29408621954931
Kisumu,Seme,2025-12-01 23:22:43.086192,48.45235298144536,86.88497140687454,31.037502364942718,64.48260263257798,60.10071846194213,47.930865319830225,25.32762047769458,54.78005967197825
Kisumu,Seme,2026-01-01 23:22:43.086192,51.831587010551296,81.94350236702947,64.14306840879169,36.171037119494805,89.65610548168534,52.92671665863039,23.006201161943643,74.43179534795169
Kisumu,Seme,2026-02-01 23:22:43.086192,46.20587486408194,55.98077849225864,32.38261065426269,36.707122910308854,65.5692062130124,31.137996982870938,24.353849018338813,73.42067185175242
Kisumu,Nyando,2025-03-01 23:22:43.086192,50.92064695527262,50.01371284006887,46.82063723274681,77.94795738006738,87.04897748538284,30.836764578792543,23.935327236303426,46.630206958979606
Kisumu,Nyando,2025-04-01 23:22:43.086192,93.00293792408658,92.6405655524588,36.61851948237803,57.894027864199074,71.8609656528935,31.310575379115818,34.81165615017453,66.12791487774271
Kisumu,Nyando,2025-05-01 23:22:43.086192,45.853230623112765,69.63416171180418,37.16572962497187,45.85523100123631,63.030464412395276,46.976794272071544,52.010390344435564,55.53908013463027
Kisumu,Nyando,2025-06-01 23:22:43.086192,49.227453079185125,82.90556728597267,49.06866853066954,35.05941347383281,51.821547678995074,28.50315455872348,65.12829419074836,48.42877212141475
Kisumu,Nyando,2025-07-01 23:22:43.086192,78.93587022431086,38.496450440902365,58.679709596094476,70.19274438648571,56.59585381560511,35.54562754942903,62.4121172830785,33.17404176323979
Kisumu,Nyando,2025-08-01 23:22:43.086192,87.71725495783926,63.984546607687584,70.62154431581754,39.569635152244814,93.93239920568836,31.888331976791974,44.400623072821354,64.89698664528825
Kisumu,Nyando,2025-09-01 23:22:43.086192,70.51597158430734,78.38543558454427,28.74037050153546,71.71314879265591,71.53146532030748,63.67645607756146,42.78074069652301,36.12641305708354
Kisumu,Nyando,2025-10-01 23:22:43.086192,70.9425083739956,66.7940273626594,30.416408487860167,88.98572716932802,57.930775496209854,33.87391231862401,26.511667164430513,81.97079724432112
Kisumu,Nyando,2025-11-01 23:22:43.086192,96.8023101723997,53.89459554317166,72.55629990491684,48.60616771565762,86.3007629490347,31.32706867147259,63.40065296155974,61.01787546869321
Kisumu,Nyando,2025-12-01 23:22:43.086192,59.98242857810841,54.03406961972874,40.55258760048327,41.09139650118496,84.85533501039416,38.727657475517965,52.23500258452184,44.495506172147095
Kisumu,Nyando,2026-01-01 23:22:43.086192,45.869494663608535,52.64695730274619,33.756741356572405,63.12779972426094,51.195061457087036,54.8936788774901,49.738731181522326,76.48573993888479
Kisumu,Nyando,2026-02-01 23:22:43.086192,58.08006084989469,93.58495085777648,71.06561391618433,76.06595098400489,80.57676380675724,59.478109967174944,49.12995705234035,30.138679456322606
Nakuru,Nakuru Town West,2025-03-01 23:22:43.086192,55.20614809525032,54.92654911458884,39.8945450367385,86.45470283591452,87.51804595938859,56.74770051016148,62.54090744389261,48.06519278162878
Nakuru,Nakuru Town West,2025-04-01 23:22:43.086192,69.6826899565861,48.11735142492599,29.624246341988446,52.334123522264505,81.46226330756454,28.40182347140204,63.72736341994554,63.81481451185462
Nakuru,Nakuru Town West,2025-05-01 23:22:43.086192,60.36548172593578,39.554508310360376,26.847035370419775,56.28077631663848,85.68896200025242,65.38930862935564,58.44186909051448,55.20922709447973
Nakuru,Nakuru Town West,2025-06-01 23:22:43.086192,67.19730438915107,38.23447739128669,82.67915257135995,89.0827323976678,76.61221714847947,37.94068259835871,68.33211597696419,60.39719033685947
Nakuru,Nakuru Town West,2025-07-01 23:22:43.086192,89.87096739181263,43.71841035675135,66.07521705920246,76.15017211756711,50.23955604832582,71.03192921752364,65.49075739262658,54.79095338120912
Nakuru,Nakuru Town West,2025-08-01 23:22:43.086192,70.87659970311836,85.91071197602923,42.21359952996764,80.72008085463906,91.70528376201352,48.63029550164174,58.50516568839857,53.633053503674276
Nakuru,Nakuru Town West,2025-09-01 23:22:43.086192,68.28785219022824,64.32523174068541,49.93718686168256,54.868522515822946,80.48829258412417,58.25887683198347,68.56416850231881,35.1017692665431
Nakuru,Nakuru Town West,2025-10-01 23:22:43.086192,76.10733431232396,50.35516389743224,52.401033316102755,47.411153477483076,83.16180768851495,45.356985724850674,33.20480793205607,48.76308385330569
Nakuru,Nakuru Town West,2025-11-01 23:22:43.086192,81.68758472647731,56.10423085992775,44.104882650782386,50.39690342749706,56.8869179808721,60.81981748286764,34.63803202748652,56.65876117944377
Nakuru,Nakuru Town West,2025-12-01 23:22:43.086192,78.44851346708742,91.29300701967253,39.12723080397445,57.75506424257621,87.62156752921746,77.79933088822851,20.334910522870995,70.75348081351484
Nakuru,Nakuru Town West,2026-01-01 23:22:43.086192,66.63976879345998,89.45789730384143,35.82293009283832,55.266320856667306,68.41215899821759,60.32808345435102,50.16193152041159,80.38400220490864
Nakuru,Nakuru Town West,2026-02-01 23:22:43.086192,75.61583589481899,42.05329891929958,40.595929316088096,49.39737494272687,50.8677247328522,65.72962232785358,12.618409649694451,52.39115742805477
Nakuru,Nakuru Town East,2025-03-01 23:22:43.086192,45.23912358214392,91.93473008923186,80.59384460638383,61.21428806196318,81.22225148064379,60.16597566618641,46.820111241859145,67.6726015243558
Nakuru,Nakuru Town East,2025-04-01 23:22:43.086192,85.24697650361713,45.08879169364099,57.66769189212588,85.66115919710319,89.0199303174314,56.10837190315824,26.859783030218495,49.96285346375504
Nakuru,Nakuru Town East,2025-05-01 23:22:43.086192,60.746322763697876,94.71835246851056,34.323585151916696,76.43252042074536,55.21813701714367,53.96487896962266,36.961218496368154,37.147723639616366
Nakuru,Nakuru Town East,2025-06-01 23:22:43.086192,84.47669183477788,87.5312014096786,82.2997019774371,78.76064551795118,69.16230350391785,79.47450705122078,64.86467098525685,60.12235908660196
Nakuru,Nakuru Town East,2025-07-01 23:22:43.086192,82.56502537811159,47.6489411511552,81.66172701897938,72.75944863806964,65.01909597034154,28.887073146165513,51.66864859634715,56.61384892514205
Nakuru,Nakuru Town East,2025-08-01 23:22:43.086192,84.37074574691951,39.68735141227468,79.11031916386955,89.54480791741099,48.5827528834155,70.39274228138453,68.91360043562682,44.37749373821017
Nakuru,Nakuru Town East,2025-09-01 23:22:43.086192,44.74275220624149,79.6192045565146,45.50652648664024,69.32224457426648,81.63434213728611,63.15102833533819,53.005846548282285,69.47157835355023
Nakuru,Nakuru Town East,2025-10-01 23:22:43.086192,61.077550693900555,67.82320287679559,51.62356215486325,69.40023542837358,93.08506788316221,68.1520158107573,54.03170572951172,59.20478786598246
Nakuru,Nakuru Town East,2025-11-01 23:22:43.086192,65.6285222787196,56.727690934266775,51.81437743334557,79.62284673764555,84.90063978491455,39.52103361316618,27.530580761477395,34.51380366808748
Nakuru,Nakuru Town East,2025-12-01 23:22:43.086192,77.54446123819685,86.5276078343629,48.65184095067413,65.04539154838491,51.598771745141406,34.87781532504718,58.9492323787311,72.27100206294085
Nakuru,Nakuru Town East,2026-01-01 23:22:43.086192,64.85611105460512,77.90819016972898,75.29807451606857,73.31615463557692,51.2436005487741,61.3854422071673,13.429965251269323,72.72618731092307
Nakuru,Nakuru Town East,2026-02-01 23:22:43.086192,55.715432665550935,40.641139809067866,48.78037690387226,69.86856360248808,52.48919256520031,38.04034535614035,40.37455507651716,34.330273526253755
Nakuru,Bahati,2025-03-01 23:22:43.086192,71.67175401605039,88.32426590547342,75.17357609412385,43.46089597257698,82.97649071141672,64.87826400874516,32.127936344029976,77.87002809893517
Nakuru,Bahati,2025-04-01 23:22:43.086192,73.33701458992142,49.52983565859955,62.08613265716267,73.9427682767359,74.455661051231,21.517067270424985,37.25696704800677,45.08657117589886
Nakuru,Bahati,2025-05-01 23:22:43.086192,79.14811526248499,90.71123969150784,74.99292791046904,61.3863029437149,86.75950275832324,67.94699050029303,56.30199812523127,81.90967287973504
Nakuru,Bahati,2025-06-01 23:22:43.086192,40.624706428647826,40.78616558798161,60.91929961306728,83.11684968237884,76.61068164963157,22.118524823083213,48.06123760273495,68.6159085585899
Nakuru,Bahati,2025-07-01 23:22:43.086192,74.62950058330455,90.67852094950373,78.72002714424285,71.77335969339654,93.48621049420848,72.47560954660364,41.973815024643955,77.8650224378243
Nakuru,Bahati,2025-08-01 23:22:43.086192,86.47109053853823,57.23621180980255,78.29089846731193,70.13392632954314,55.50496842606077,41.767762716810005,34.923214714818,79.05821020162043
Nakuru,Bahati,2025-09-01 23:22:43.086192,72.36611835026707,70.79131029799791,83.69428051099003,70.14011338916555,65.10736198264448,39.42653363488954,41.42750514183895,66.62475355517239
Nakuru,Bahati,2025-10-01 23:22:43.086192,56.535573706705414,86.23878158203874,30.153692042707817,86.03288988621354,83.23446935435827,54.332052078948365,56.482754805266936,32.086293914170106
Nakuru,Bahati,2025-11-01 23:22:43.086192,63.84769089735275,93.19250516140949,63.00544428438114,58.4390065716486,89.95572613269994,50.04727299864065,24.19597380771851,79.27119530015011
Nakuru,Bahati,2025-12-01 23:22:43.086192,71.26390464207014,78.93878088540198,52.48416120863114,64.51366897590802,81.88897691144591,55.595824640202025,65.26759580625125,61.51461832040661
Nakuru,Bahati,2026-01-01 23:22:43.086192,55.42813541230011,78.69997106845585,78.02889201227072,54.160735004357655,69.99785051876307,64.66588925157126,23.1398526867789,52.33753977089144
Nakuru,Bahati,2026-02-01 23:22:43.086192,52.289813579370374,65.89663579858711,70.3687990348534,55.86060599533603,75.41498218094706,46.11869675891725,34.585928793602704,64.88712418259433
Nakuru,Gilgil,2025-03-01 23:22:43.086192,74.62497558868026,44.36404791266838,75.08351440622467,70.8226504534151,80.71088964978858,29.84863357073906,30.4084817541479,75.59937609631106
Nakuru,Gilgil,2025-04-01 23:22:43.086192,79.65460393560281,46.12064670425649,81.64457002201476,54.45997054198266,88.65516506905959,41.92527467348564,57.08288406359188,63.79258353933488
Nakuru,Gilgil,2025-05-01 23:22:43.086192,57.61916480788325,76.32886476929238,35.568140263385054,57.039526927054524,78.53602252954694,21.01877650515383,43.247903402144004,83.17990108355501
Nakuru,Gilgil,2025-06-01 23:22:43.086192,53.458562056853154,78.57008037468745,75.91434196636386,30.966773420491933,75.76221980029098,32.95130940115388,36.46051834802077,80.04612369352007
Nakuru,Gilgil,2025-07-01 23:22:43.086192,84.25461097163506,41.59771348927641,82.46011780031866,48.75286936409595,91.32040818226687,41.205095280411,40.126048878968625,67.89852658108053
Nakuru,Gilgil,2025-08-01 23:22:43.086192,72.59150450990711,38.120175697032145,29.17949114824131,58.95552469940799,46.856870525321064,73.36570288961072,26.426029692141828,61.01621833889567
Nakuru,Gilgil,2025-09-01 23:22:43.086192,69.68055696463037,39.68832036462699,84.63022995718632,71.64507660545064,55.25338852271448,55.65104280534824,63.659847143487056,52.56119812660749
Nakuru,Gilgil,2025-10-01 23:22:43.086192,75.80028473213873,54.488369622995585,73.31297551615168,48.162734324257364,52.39243330836569,30.00876508822128,19.5743379662458,80.7192200638473
Nakuru,Gilgil,2025-11-01 23:22:43.086192,53.7285323532464,75.51823316246407,42.346239126360466,70.63224885741002,76.36389737774904,70.99419556228605,29.781615161172674,65.50527879865085
Nakuru,Gilgil,2025-12-01 23:22:43.086192,66.15628526031378,35.994127085034805,75.01064667273607,33.46242967982722,62.67440883967837,74.45760860361447,43.687838238863094,44.65670132116402
Nakuru,Gilgil,2026-01-01 23:22:43.086192,57.91814836995084,87.1024969935462,50.54060804598243,30.72675991547017,81.00569009128611,58.58418355080798,37.83127947633018,67.78351038888317
Nakuru,Gilgil,2026-02-01 23:22:43.086192,45.29407021921296,89.18424781234413,47.843580824612886,48.63905069220233,92.36355141032877,69.0854000546484,19.71322298671725,45.621087795919394
Nakuru,Kuresoi,2025-03-01 23:22:43.086192,78.48969058682025,70.98860790310654,28.02258612495403,49.555432923132585,72.00882928513454,28.77986615970137,57.30631469559155,51.59817199131335
Nakuru,Kuresoi,2025-04-01 23:22:43.086192,64.4342639772852,67.7807666643399,39.1995752602509,58.48766452193188,59.029034624856024,49.42399895463089,55.40503082993087,76.79571305762207
Nakuru,Kuresoi,2025-05-01 23:22:43.086192,60.32717559161571,84.03849379630279,35.40919065059917,33.26907324441047,61.14846361518791,57.117781085075904,55.80027957946303,44.54732277889562
Nakuru,Kuresoi,2025-06-01 23:22:43.086192,95.66106926186055,64.34380733321157,30.60176353840915,81.79795749195215,93.9895970849802,55.375920483169814,62.079595662405616,80.09218712307977
Nakuru,Kuresoi,2025-07-01 23:22:43.086192,47.885126441790064,85.49016011645583,47.259352824627726,60.263860422333536,59.84308141822325,40.96167303919749,50.52912121951353,37.638084794312036
Nakuru,Kuresoi,2025-08-01 23:22:43.086192,88.25199004508,77.52771696953326,69.97850013513047,82.42192849792686,82.65794867731861,52.09583028007823,46.911039349621205,57.75738140188474
Nakuru,Kuresoi,2025-09-01 23:22:43.086192,65.93053063903999,55.295621827148615,30.096417229060528,32.944005929285105,64.60874906938346,73.6761617728713,25.961045933001056,79.88213979568883
Nakuru,Kuresoi,2025-10-01 23:22:43.086192,63.85012154213118,40.30468983645853,78.4025761926651,43.3294017411513,86.03076926235634,53.64887558575721,67.10682470714193,75.48318096521953
Nakuru,Kuresoi,2025-11-01 23:22:43.086192,71.74477026021844,61.02409529702875,49.81440971349886,35.631899736606876,52.4711007477286,39.831495486007604,26.738032921754012,60.49822512557117
Nakuru,Kuresoi,2025-12-01 23:22:43.086192,96.26561491332035,51.635460142343376,28.033330556259635,30.681226801187464,92.71973905140362,73.55573502803675,57.16821190425225,41.72820352804598
Nakuru,Kuresoi,2026-01-01 23:22:43.086192,52.79542317446412,52.36723398131704,25.804255906024338,70.08065525327343,72.10398179078791,22.41595283784138,45.80936646931116,67.20431997287457
Nakuru,Kuresoi,2026-02-01 23:22:43.086192,63.50232209281811,38.05997021665051,65.0322260011693,44.04559877937832,47.17846464594811,40.3536356673088,12.922019652407705,61.387143403891635
Eldoret,Uasin Gishu,2025-03-01 23:22:43.086192,53.02449884322549,43.63649674905279,84.87308272262798,70.2808341693485,48.33367808953863,47.47846678664748,56.25856014765424,43.087909595713
Eldoret,Uasin Gishu,2025-04-01 23:22:43.086192,51.40215761169092,77.85501465265052,81.42582421913102,54.995615338160974,55.50675129100968,78.66112250787455,67.1247426089185,33.16492248114395
Eldoret,Uasin Gishu,2025-05-01 23:22:43.086192,48.32787866724218,54.33094034159885,41.809823716841024,68.50355838193131,77.48076160171951,57.92386608270398,48.82441441274606,62.08069638484723
Eldoret,Uasin Gishu,2025-06-01 23:22:43.086192,79.2411685681229,54.5212090951856,69.06469338050502,59.12257261679976,81.39284907709681,64.35890146879899,39.482000004977984,60.45372978369882
Eldoret,Uasin Gishu,2025-07-01 23:22:43.086192,80.47839994293363,66.52523457909774,64.69356186038786,63.3362471659882,95.91734775675371,42.53842585169828,24.982688145302216,81.54318725818402
Eldoret,Uasin Gishu,2025-08-01 23:22:43.086192,65.79469714087848,53.85931126440868,66.29569755035342,56.54585913711283,51.275868823267245,40.71529272063479,14.752052805852493,82.79228355339586
Eldoret,Uasin Gishu,2025-09-01 23:22:43.086192,77.11923949179453,89.2470227989019,82.56281865078024,57.03781793506488,89.5571794881099,28.95952269749348,48.9933369776105,66.78160409508585
Eldoret,Uasin Gishu,2025-10-01 23:22:43.086192,83.40974921008689,72.78515225519737,69.68095849383607,44.97586731761937,50.14426747951592,69.79777261809059,38.289183290004296,53.82087393789487
Eldoret,Uasin Gishu,2025-11-01 23:22:43.086192,87.03498182073051,86.09833823128645,75.96273865761933,79.74154675020236,91.57250258967099,52.79299800535517,27.349605660270782,33.03488951232106
Eldoret,Uasin Gishu,2025-12-01 23:22:43.086192,57.100554704287575,68.40548590035164,61.349058445646286,49.295951979235575,60.624133295439215,37.36836645399855,48.96355336245623,53.6823537430292
Eldoret,Uasin Gishu,2026-01-01 23:22:43.086192,97.61459368692532,81.04685717163251,54.782240483292114,86.01856142616158,65.44190487499336,50.37934185934779,62.28074351132909,66.23438562740279
Eldoret,Uasin Gishu,2026-02-01 23:22:43.086192,85.13358893483812,65.78863539317724,29.073849547273966,83.59533869373217,46.91194960248738,72.0990961381901,11.816317068663885,33.76695388953099
Eldoret,Moiben,2025-03-01 23:22:43.086192,58.68912838606471,51.59201702167612,43.207442038031864,44.29266152185476,85.02150339871727,61.35897844905572,39.17325303862895,47.6395654853891
Eldoret,Moiben,2025-04-01 23:22:43.086192,90.75685463276339,75.51456732300758,30.03512670062211,86.06331228472712,73.33054520146638,35.063468005185,13.569244048239216,54.72893792873941
Eldoret,Moiben,2025-05-01 23:22:43.086192,60.37823089083612,41.581853584172514,28.92427450433676,52.76563450057505,83.61006532855934,28.841121123067982,11.276649141258119,82.459225992417
Eldoret,Moiben,2025-06-01 23:22:43.086192,50.4420116874227,56.57648993656534,35.4351326766044,51.298841477428525,79.95025983275134,43.2091922697884,42.967409918687885,81.90231443357288
Eldoret,Moiben,2025-07-01 23:22:43.086192,66.62433928794006,62.30409384172317,59.10626361082523,84.34328900572169,67.32117164726026,72.2034433756971,41.417381085456434,72.33901537361604
Eldoret,Moiben,2025-08-01 23:22:43.086192,91.48975673643938,51.55641675676745,78.53673704566194,84.3615968272802,56.60530786289504,20.522453436152535,25.08412321129039,67.968547528774
Eldoret,Moiben,2025-09-01 23:22:43.086192,88.19091846547057,88.52612046923738,76.39142264376666,64.25891841838747,85.38677644567835,54.25057488915158,15.73673490408752,58.22044089821861
Eldoret,Moiben,2025-10-01 23:22:43.086192,65.1028722757049,65.0610777364307,29.5306215083559,65.36020244034825,76.69579978639993,23.73159742497283,38.948932325480584,49.947274920094365
Eldoret,Moiben,2025-11-01 23:22:43.086192,43.2176480991175,85.15929016251879,46.8134254623044,53.174301878211025,90.78535767229525,42.74236091042707,16.53989448676092,73.05408027324428
Eldoret,Moiben,2025-12-01 23:22:43.086192,87.68210330073029,76.24343407846035,38.86574351157877,43.51115934812105,59.565789663198856,51.18201637405525,10.19592603748899,71.3762801047481
Eldoret,Moiben,2026-01-01 23:22:43.086192,61.19300696190579,44.5245647846669,37.06991981915991,32.440770534658974,68.67711747131084,74.51526352238794,40.505104358105285,66.37668180356678
Eldoret,Moiben,2026-02-01 23:22:43.086192,67.23361429510896,51.48962838136834,58.43942178119855,41.84458558841693,50.720244525457446,44.37556452337665,38.15913912048107,78.68427445659412
Eldoret,Ainabkoi,2025-03-01 23:22:43.086192,77.91181040938363,35.23378634214429,49.891737868497025,68.30678061157444,87.68346022452837,44.042913285188845,24.273114059591137,78.2701153067911
Eldoret,Ainabkoi,2025-04-01 23:22:43.086192,57.166312204677084,52.14268211742414,61.118862700854926,45.83641730887862,80.68930871892674,78.74363220199857,42.91930962099027,53.54341586380644
Eldoret,Ainabkoi,2025-05-01 23:22:43.086192,95.15378789930068,40.717244709832165,81.8553037263037,51.98586140920773,58.45500151078593,31.650065745553093,38.07015204442203,66.50964651423446
Eldoret,Ainabkoi,2025-06-01 23:22:43.086192,83.34941938809936,78.9142934240268,81.24740582695176,70.70155637089161,65.39027814141399,55.58068071509466,67.42754832703969,74.07756376637624
Eldoret,Ainabkoi,2025-07-01 23:22:43.086192,66.65288465547621,40.872840672987714,39.20721184262113,80.00637640557342,79.22135565893328,56.598095543363065,44.734980961516015,35.76420954248823
Eldoret,Ainabkoi,2025-08-01 23:22:43.086192,92.3040693891211,50.985486899803455,42.90230022292832,85.60875948427532,56.00911267631065,57.70698104584482,46.90379899102453,55.68939407780645
Eldoret,Ainabkoi,2025-09-01 23:22:43.086192,46.399362178598935,88.21128394334914,83.18268778769615,68.07453893973872,58.41574729448526,58.226144901216614,67.79783432747146,76.54532747349208
Eldoret,Ainabkoi,2025-10-01 23:22:43.086192,61.62005923281871,57.45937039820494,68.87444133912227,81.58073038692055,51.58030597118514,26.686622973121498,42.58658259214994,82.91040628207534
Eldoret,Ainabkoi,2025-11-01 23:22:43.086192,47.013535014393455,54.929467741772704,45.13021391411431,43.954040598975524,57.56514538154021,55.91895005294953,32.99492336906344,83.45235902217168
Eldoret,Ainabkoi,2025-12-01 23:22:43.086192,86.19180634113496,46.4072155742556,41.80396835481503,60.7074471754843,51.44535087869909,25.430416052289008,47.631581560033354,37.47369429035153
Eldoret,Ainabkoi,2026-01-01 23:22:43.086192,76.48468717318174,77.41664515203759,54.646391056738636,53.1869496753842,63.3739622949846,60.57548182058507,11.593541725176994,32.24397539695305
Eldoret,Ainabkoi,2026-02-01 23:22:43.086192,53.43692820380801,60.31209737921622,34.41140258019932,31.537854098119347,80.17610367031078,77.34658414249789,63.34264070572567,49.281127005991294
Eldoret,Kapseret,2025-03-01 23:22:43.086192,56.67299999237312,91.63850357465356,45.051673602952526,38.986185888053726,72.8462272880203,25.201031076648455,55.18760373924121,36.65115556421977
Eldoret,Kapseret,2025-04-01 23:22:43.086192,82.53740496029423,50.617455625873816,81.9279867298417,42.85699779810541,67.8705126637048,29.4705719039512,39.89024707916195,67.3719140079712
Eldoret,Kapseret,2025-05-01 23:22:43.086192,64.88636919946423,37.57582918685864,60.67166358745327,76.78537807533651,50.766682769210334,28.616664803094274,18.313225972441245,60.08337132120158
Eldoret,Kapseret,2025-06-01 23:22:43.086192,82.18153753522662,61.36617470478406,32.521978268717874,60.915379098023195,46.324675535536926,26.525718156379032,48.82030244849473,54.52165472144867
Eldoret,Kapseret,2025-07-01 23:22:43.086192,49.70515924522165,81.81382656229437,38.48478198993823,78.03217690413203,81.29882313709084,72.87882349302853,13.154734634335776,76.42086211843184
Eldoret,Kapseret,2025-08-01 23:22:43.086192,86.98685813715844,94.56511306221051,57.04919619188392,42.421606801680156,58.26560703792406,78.02957663339762,64.74825988508103,74.630224527483
Eldoret,Kapseret,2025-09-01 23:22:43.086192,51.8561043855849,71.02929429954483,52.20121563290847,45.31857300942576,83.95206692282825,61.833687549627584,56.31956160171649,48.62184510679605
Eldoret,Kapseret,2025-10-01 23:22:43.086192,73.42029360684222,77.82515430539428,65.84193227764018,80.10059320274759,91.20930735682904,44.12100148151527,16.10029695612296,65.7909328883109
Eldoret,Kapseret,2025-11-01 23:22:43.086192,80.7411776459984,52.321265683127265,78.30694714144482,81.7020074000855,54.65197460865959,60.796949508627485,10.42168947022879,79.92751604569503
Eldoret,Kapseret,2025-12-01 23:22:43.086192,60.66184372057077,70.39837514679408,45.60365512223771,78.44955237456205,81.75223485182696,56.98402291822503,34.59655046213477,62.71886891981424
Eldoret,Kapseret,2026-01-01 23:22:43.086192,91.80866410886227,71.26403620583476,77.73463704616367,38.472719821337016,87.40935353275941,61.76645887200706,48.475790219422535,48.28623589094374
Eldoret,Kapseret,2026-02-01 23:22:43.086192,88.95292158910578,78.34226173433775,63.091510503024445,59.19511820705845,84.41434871024865,71.75423687027413,22.833217013718226,60.22183142194986
Eldoret,Turbo,2025-03-01 23:22:43.086192,52.51675147719594,76.58185965709885,72.96149406908526,85.43312999194116,86.32874180139902,30.657070908296674,45.004312546754804,35.92377990453127
Eldoret,Turbo,2025-04-01 23:22:43.086192,88.07182713855279,65.5142172207004,63.73444087674976,71.55114830644693,57.69064896153798,37.882750803577096,32.18404276013694,77.39787080615643
Eldoret,Turbo,2025-05-01 23:22:43.086192,61.33150016549672,72.13712894866889,29.584171106945693,79.88877201368074,64.5652453823705,32.87106944298206,55.12356678568245,40.97161443826724
Eldoret,Turbo,2025-06-01 23:22:43.086192,92.7663063382001,85.95108259948447,31.8410954409016,35.44172220114033,83.70599497201681,68.06906726276868,16.29205862792667,76.70696628926439
Eldoret,Turbo,2025-07-01 23:22:43.086192,54.984130934996955,49.35306683892783,70.35683616053635,74.57934074902545,50.17439684838173,60.582215568745795,58.4547960586347,67.91626081853039
Eldoret,Turbo,2025-08-01 23:22:43.086192,92.73696386183968,92.71026810323309,84.65054991874594,79.30255974787968,84.66250950687567,58.486387945421534,38.29169704393905,50.37574779800493
Eldoret,Turbo,2025-09-01 23:22:43.086192,59.74882975287275,39.42769550082835,69.63271445382736,88.28203701596972,78.75304242554662,36.63968223540621,48.17029660818502,51.244224371912395
Eldoret,Turbo,2025-10-01 23:22:43.086192,96.48808895637535,36.963088262891176,83.53164295914773,84.77778182140361,49.919621490782234,47.779888884952214,28.29508686381138,80.18694801976636
Eldoret,Turbo,2025-11-01 23:22:43.086192,93.15857360403689,76.9780513474627,50.279546534014365,63.662257817789246,59.034953810091494,44.12290610972779,25.273206390494945,32.77136191029128
Eldoret,Turbo,2025-12-01 23:22:43.086192,90.48420496649078,70.86607711664915,75.51895888104926,34.4972542429714,80.53462066428776,54.31838750696125,14.553996271660107,79.6808191540835
Eldoret,Turbo,2026-01-01 23:22:43.086192,95.90905298193738,38.946231396036744,46.57465159037143,32.79480574183044,82.69481388271502,20.18642060489499,50.918714427583474,75.53312397137682
Eldoret,Turbo,2026-02-01 23:22:43.086192,83.05041058238858,78.08874105787416,55.62184337985389,53.34835267798368,55.5275704162629,59.51316305890214,61.823526742148445,64.70094155259467
Thika,Thika Town,2025-03-01 23:22:43.086192,49.49549017062948,37.24126604655086,42.52113583168956,76.5453429555121,66.67476490719835,28.900059296738846,24.588580238451744,45.5714397275153
Thika,Thika Town,2025-04-01 23:22:43.086192,93.30090431055919,68.08675976392351,45.26150737552779,64.54624475086932,96.24333814341837,68.62905406047238,21.970101103086318,30.77813986698336
Thika,Thika Town,2025-05-01 23:22:43.086192,95.69514016861865,83.62555394423171,80.52035045831491,85.77613799688804,65.80877410363723,30.212142293046686,12.344856073767982,33.38795348881254
Thika,Thika Town,2025-06-01 23:22:43.086192,72.44565672712993,66.38321513091834,77.20226838058053,42.269479089521894,92.71827199532001,79.04343175780811,48.7415203764537,69.53313436243508
Thika,Thika Town,2025-07-01 23:22:43.086192,81.82835417691912,68.62427801178004,81.45816913600113,54.84748905198856,51.324385457749095,57.78058383631618,62.45756521330834,56.2271417622005
Thika,Thika Town,2025-08-01 23:22:43.086192,54.70915526223823,85.50619285060509,37.575216835020974,35.22522754608836,53.164059030990956,55.38726050364762,29.446236933613292,38.82358484982546
Thika,Thika Town,2025-09-01 23:22:43.086192,54.78202942630486,47.59222210943972,71.73163283521595,32.94959329152268,65.58426648256982,32.39770539087777,10.73245618457225,40.2580203031682
Thika,Thika Town,2025-10-01 23:22:43.086192,84.89154656523588,77.31752819606912,40.91849947931395,71.89365513447564,59.017277851677704,60.7946908206293,20.621005248194756,84.45743633540752
Thika,Thika Town,2025-11-01 23:22:43.086192,61.95534299665056,46.02959706486278,33.46786464691176,47.42924291393294,83.78068601168984,46.79676095937384,68.80818881958591,51.51419727329197
Thika,Thika Town,2025-12-01 23:22:43.086192,69.5408383917939,75.86781465147934,29.29027444243372,84.65975735343005,80.34444020939029,47.313179900715596,62.56738441444277,32.09516763210111
Thika,Thika Town,2026-01-01 23:22:43.086192,74.7779658266495,71.92937165418894,38.200497984783894,87.11448965647415,56.8454008031115,72.6740839583185,14.279860566818034,50.06429741684177
Thika,Thika Town,2026-02-01 23:22:43.086192,81.29450079645599,80.05510272340956,47.047882740768685,89.6320462781211,79.066677430066,38.54982423932948,61.406451742879604,59.34484643897146
Thika,Gatundu,2025-03-01 23:22:43.086192,86.64084688670039,76.68875397690837,75.20164812669168,64.66454315026695,63.861119701425665,61.94474105783884,51.77377721265466,62.551733606263205
Thika,Gatundu,2025-04-01 23:22:43.086192,73.67610501632359,85.6186380399894,36.3229447737561,44.00296862958622,72.99935316610652,72.12841482327012,30.36335213425144,33.87991285087244
Thika,Gatundu,2025-05-01 23:22:43.086192,61.5224025587148,87.70246641513552,33.77658269922486,36.94900613533157,72.71403585495166,52.54594843542367,20.6829146848806,49.077195296462136
Thika,Gatundu,2025-06-01 23:22:43.086192,53.79527886538685,94.81072945408172,35.61161039579848,52.935908789757754,81.53752770442753,43.67702879952439,34.30518512194859,32.9028773648688
Thika,Gatundu,2025-07-01 23:22:43.086192,85.11519859181043,40.59915316798078,55.76929912483036,37.0714113011126,48.946051539526636,65.37548299916196,16.473127558862707,39.430277131236274
Thika,Gatundu,2025-08-01 23:22:43.086192,84.29578903884727,74.17631394847848,43.662764656890054,79.30820888906266,73.28893859335881,61.250848330922985,17.706208435083344,50.2332334670969
Thika,Gatundu,2025-09-01 23:22:43.086192,88.89460756799392,74.03101501266947,79.331988082148,56.60098361804701,89.53955226962748,56.549627751435395,65.95545013956453,80.74710099868452
Thika,Gatundu,2025-10-01 23:22:43.086192,86.92752472458527,87.23715848669502,71.8900026766965,52.37052085342154,90.86785165114998,73.22590423646601,34.81612023838388,39.66242426196308
Thika,Gatundu,2025-11-01 23:22:43.086192,45.859855423877974,43.626534727223095,78.27413594875706,38.32442178595066,91.46316196166691,31.805839308796564,42.072571340185604,40.49857818044588
Thika,Gatundu,2025-12-01 23:22:43.086192,69.4456900422172,57.6418353700111,83.8142060203889,47.33626981044556,48.78346037894368,20.068180893596555,42.352834723438974,47.60556415849441
Thika,Gatundu,2026-01-01 23:22:43.086192,61.13285980551173,39.624503874625276,56.61244857405849,36.21769675456223,81.40059708542422,66.20990625715334,47.86316932052548,46.44460151855483
Thika,Gatundu,2026-02-01 23:22:43.086192,77.51138454307461,88.44072392802897,37.826171928618166,44.229928287380545,70.14012501229567,46.30943447000794,59.71397170354982,44.527057433366544
Thika,Juja,2025-03-01 23:22:43.086192,78.58460237126113,84.42553965342773,25.11373391091542,80.415733882094,70.66598031426601,58.58114915508276,44.7241943528037,30.519125256772163
Thika,Juja,2025-04-01 23:22:43.086192,78.10462697911382,53.92194970189579,72.88602021516226,49.2219790604639,74.82335252874384,24.56009724697385,19.546428064164758,69.90563240265215
Thika,Juja,2025-05-01 23:22:43.086192,83.0738953349937,47.141299829178294,43.0492987905885,80.0928475019347,77.14812696040116,30.70303757398148,58.14809785049735,57.64003694802987
Thika,Juja,2025-06-01 23:22:43.086192,50.364918882552985,66.58504239612421,59.96240487292838,32.49419756964178,93.97079564721234,76.64920744176584,26.59225941331129,69.34799538016843
Thika,Juja,2025-07-01 23:22:43.086192,96.2624863016952,79.21863419404818,27.180354712025817,81.38611645739462,52.77119989033348,33.574287764993215,29.14357875537179,75.47513408982972
Thika,Juja,2025-08-01 23:22:43.086192,77.85722571684265,83.68050431288086,64.12955117981755,60.40026802988277,77.5997945229499,64.06330755529703,56.034350966598076,43.680064851839994
Thika,Juja,2025-09-01 23:22:43.086192,72.47084779091156,35.875776974494286,31.376828532205202,43.52035216541071,76.6389846244819,53.68332251037385,63.088556220553684,45.44800010093159
Thika,Juja,2025-10-01 23:22:43.086192,83.4563084609598,54.01352866861435,81.66157307869094,41.63931780334085,80.86349240592206,57.591984811309196,46.911252705481786,84.87498362336551
Thika,Juja,2025-11-01 23:22:43.086192,78.29384317318855,42.835943918482435,75.30470406945811,61.13137674993378,65.1301422622833,25.767652235514042,27.60027962809221,69.32117977506458
Thika,Juja,2025-12-01 23:22:43.086192,62.138361459411584,51.9341842269248,62.25761134639163,79.76828609536264,85.1759904729304,61.67054147015931,23.256293927250898,54.83656031424941
Thika,Juja,2026-01-01 23:22:43.086192,44.685132214258275,46.65623290929293,69.73873303765592,86.81272232947738,51.129873772350145,66.3878642797134,49.23487402533402,33.15755959547083
Thika,Juja,2026-02-01 23:22:43.086192,80.1073074861271,47.65567062339965,42.70470478281218,85.43573594852192,96.50540883457792,63.90929495474204,58.76211733663087,45.70255509959673
Thika,Kiambu,2025-03-01 23:22:43.086192,54.93519514400151,54.20221157791147,38.58900031958513,82.11369464938718,58.907860769245815,55.652719044247725,43.82036389088447,83.06785160151246
Thika,Kiambu,2025-04-01 23:22:43.086192,60.14334387020324,91.42421941527694,61.026237754793684,84.81288890805746,91.7244305817731,27.87849862868775,15.734758919070522,44.60691927919975
Thika,Kiambu,2025-05-01 23:22:43.086192,63.45524429966335,74.11546286268918,72.36194212861498,49.33680171895108,59.18938955591918,33.81772606832919,67.97409064693562,35.39060630416865
Thika,Kiambu,2025-06-01 23:22:43.086192,84.18599260375152,41.570406239993844,58.53659040112326,70.65437689274805,59.95813381271909,37.94636227601225,20.266411533031274,60.35109820057744
Thika,Kiambu,2025-07-01 23:22:43.086192,75.98465002055343,72.6333776859316,73.00854937754033,49.26483352035339,81.68996654084529,73.45507875108005,43.92140600097179,47.08142382099149
Thika,Kiambu,2025-08-01 23:22:43.086192,58.48008015447122,62.736919795334934,78.02018871186759,32.517329579252284,85.17543331362768,54.47905938846792,20.40077113689585,34.94061519092212
Thika,Kiambu,2025-09-01 23:22:43.086192,64.24776243934195,59.273145690185814,70.73067433109031,32.983314733340166,74.45588557320302,65.1468660051085,38.76383861018495,71.68752742725601
Thika,Kiambu,2025-10-01 23:22:43.086192,42.12069138421128,58.79896004373542,83.08483799511072,82.59904923237175,81.22546665796168,71.39783777065453,24.291095344414288,77.08074684273416
Thika,Kiambu,2025-11-01 23:22:43.086192,93.15161849618946,62.48915197927741,65.64511870353233,80.4629551107123,84.65936456545523,22.64380679183614,19.571607868110664,80.71651044624784
Thika,Kiambu,2025-12-01 23:22:43.086192,95.77436253013865,61.65297516311887,37.395747824019175,30.930955840514375,91.29783602539803,63.53403603181506,38.29859911630257,31.028531111932757
Thika,Kiambu,2026-01-01 23:22:43.086192,49.98969794425996,77.86093436255136,27.44415669473661,32.85621599782337,67.48958111104034,45.76501296242607,47.673646507661566,73.85204219423423
Thika,Kiambu,2026-02-01 23:22:43.086192,76.97122389509732,64.34574739252021,48.60159375844634,67.43632343853852,54.410878018378526,43.59102419584657,46.840608536458916,53.27662597154429
Thika,Ruiru,2025-03-01 23:22:43.086192,78.11189587588859,94.0810229295289,41.39420977651518,56.31431586987624,93.97335867306003,65.6380443125746,58.74098858336713,82.04543143963197
Thika,Ruiru,2025-04-01 23:22:43.086192,68.37804381718337,39.884584685689276,83.42130288274343,45.771253907452746,65.84077677875823,21.673114250054674,69.099525846268,63.99239470250593
Thika,Ruiru,2025-05-01 23:22:43.086192,59.469007817583794,36.25838269825531,48.480404129597716,60.849761874112616,72.23962165369394,70.41900998933168,53.441684748689546,79.25064903202795
Thika,Ruiru,2025-06-01 23:22:43.086192,54.256231612221285,57.59068930528142,84.28002714362592,65.6111134787576,59.50319810230203,59.72615170089935,31.72086758357578,41.930547588414726
Thika,Ruiru,2025-07-01 23:22:43.086192,43.6734420404124,70.07618930318247,83.84422082723188,74.39211937622818,69.81272606711124,29.195793565942992,21.53285878634997,66.81977426364725
Thika,Ruiru,2025-08-01 23:22:43.086192,59.72305515038067,51.832720254938074,58.36320541924022,71.35182120302511,75.67213009311126,21.023774191253107,13.740598016208214,62.98608782405326
Thika,Ruiru,2025-09-01 23:22:43.086192,49.88342999990039,68.01586516670795,68.74761585844188,80.13627657353987,45.257665737145444,47.947448371479965,67.53310074049827,30.515910030644488
Thika,Ruiru,2025-10-01 23:22:43.086192,88.4232620350954,89.21042522085445,46.48648691143554,56.76710120207119,45.57684091418081,30.899308763685138,52.98807248232846,79.89296365318526
Thika,Ruiru,2025-11-01 23:22:43.086192,53.48924775907245,90.67885101930658,37.576664118166725,54.09389304427998,56.158812642851714,59.211346960755534,64.48381287169086,31.198076799762582
Thika,Ruiru,2025-12-01 23:22:43.086192,88.89026861145098,66.77504816549867,25.29777765030556,70.41262168140175,56.79701226284855,21.356663368955438,11.413362171658395,80.83595827912144
Thika,Ruiru,2026-01-01 23:22:43.086192,66.55715579721375,54.10121469738729,73.61533251527484,33.438289393421606,86.23144704988508,23.677553638768536,24.33877350989178,50.55456452020468
Thika,Ruiru,2026-02-01 23:22:43.086192,73.82916633683445,41.49106717556998,76.22467991189939,65.65734661315243,68.80107751511969,26.59965806652499,57.44990319491702,35.78045536007446
Kitale,Teso North,2025-03-01 23:22:43.086192,59.8320871833906,70.00569613116473,31.503922973721934,82.86445570025148,47.77362711942644,43.38836141788377,57.905683919564076,33.83434084065863
Kitale,Teso North,2025-04-01 23:22:43.086192,42.588655487806506,92.70458031381158,54.87901448466103,56.06000898206089,82.15716966423486,59.21105991062259,63.53171145663766,50.179611242440416
Kitale,Teso North,2025-05-01 23:22:43.086192,56.47069068835334,69.05473491521293,30.35447068419868,88.15777055586886,51.91132673469089,51.19693674945929,60.03681675469372,66.33627990140249
Kitale,Teso North,2025-06-01 23:22:43.086192,78.25918636438806,64.87750411106254,81.33917486627331,73.1217896513979,82.7893505779883,71.61700608227126,31.5735623153559,57.00047277889607
Kitale,Teso North,2025-07-01 23:22:43.086192,78.03581673220283,64.1641632880288,52.245882570053794,74.99947835908246,47.69178182149086,21.868737385847417,59.69575919499223,49.18759310147281
Kitale,Teso North,2025-08-01 23:22:43.086192,68.12708442032303,36.37573050509058,37.03321461876578,69.50083924817187,87.07585907230711,52.20695641709883,51.49749946373165,62.87859900162503
Kitale,Teso North,2025-09-01 23:22:43.086192,64.51562762045145,63.40934524951358,31.414120118352344,66.81571127873744,76.71371005604178,33.88364540891131,40.80015826073721,77.7871814951663
Kitale,Teso North,2025-10-01 23:22:43.086192,40.76563884752097,55.110542543557415,39.36222149469806,70.07836425401702,64.869362381893,64.35050756837009,15.342763206669867,49.395625485873595
Kitale,Teso North,2025-11-01 23:22:43.086192,94.37448705997133,74.36311044602911,54.88351631101392,52.476751646986095,90.68990773258855,57.687717921849504,67.55361503812499,49.2038283352636
Kitale,Teso North,2025-12-01 23:22:43.086192,87.4559355330932,84.41345915551197,53.19250903990288,37.22434831448335,83.44416417061743,47.17461959185462,46.970963670150574,74.44570286524021
Kitale,Teso North,2026-01-01 23:22:43.086192,93.287149878563,62.35619225468291,63.99692550107412,42.032140646570646,62.39497299118837,33.395602639156486,64.93716300991326,45.980291039883525
Kitale,Teso North,2026-02-01 23:22:43.086192,95.47608471506109,41.41747568152895,34.57514126254294,36.02786771356445,71.0168124364381,50.627036510411486,65.2203874122296,83.42690385336698
Kitale,Teso South,2025-03-01 23:22:43.086192,61.834808306545625,82.55883612686489,44.575076723732906,37.27804523825204,87.83673180735889,43.823116728691744,13.52160385080487,34.97881564368653
Kitale,Teso South,2025-04-01 23:22:43.086192,44.72500388162277,58.14397789014704,82.10562219638186,59.66775923784954,63.80988481993113,74.93072615002707,36.543858654394995,80.20562164915398
Kitale,Teso South,2025-05-01 23:22:43.086192,46.63261983013932,83.16811287352272,52.744210196063634,47.575960131705905,92.57046371253624,42.75280129218624,20.67454235170566,72.99081903180748
Kitale,Teso South,2025-06-01 23:22:43.086192,72.8751974972377,67.70713975670137,57.33364094008746,58.606256352255656,91.31974364690018,63.21574911368865,42.55868413852078,41.247679444532636
Kitale,Teso South,2025-07-01 23:22:43.086192,61.986694813680955,50.93520097047614,80.0157508742625,40.06110915480556,65.0605217862895,36.85424663204557,13.423129824010026,57.2025690805903
Kitale,Teso South,2025-08-01 23:22:43.086192,97.31914176946324,74.5798251508532,29.552608090556067,87.92380054253377,88.78162812157098,20.55619795039213,12.445322888616914,38.63934820780844
Kitale,Teso South,2025-09-01 23:22:43.086192,96.40662080938293,66.72646148629461,68.67743981243183,87.50233547931886,55.71916063879764,47.99585619196512,51.966335053566574,33.500816641462016
Kitale,Teso South,2025-10-01 23:22:43.086192,55.29277291390646,45.03864657979384,36.413658862839284,67.34476860152279,77.86462863273665,79.40828084699513,37.18104945928858,34.07637265417433
Kitale,Teso South,2025-11-01 23:22:43.086192,71.23315421358565,35.21602337570301,27.500088197109513,55.0954939367569,85.2894076484595,49.05330453461777,15.002733658359514,55.09935056265097
Kitale,Teso South,2025-12-01 23:22:43.086192,95.073995648951,55.927392848557474,60.91217635538822,43.74414793697431,82.30687903820252,57.329108149994745,44.35139841504197,47.713395695826776
Kitale,Teso South,2026-01-01 23:22:43.086192,68.49267502223267,62.625347813447426,27.92369723408776,39.14511128790271,86.14105890469041,50.173222187749374,45.50474483212943,71.39465852537836
Kitale,Teso South,2026-02-01 23:22:43.086192,83.91276381657767,45.42107111557769,52.46373410120371,73.82350103767448,55.563133003575125,50.96455911893559,33.02825350488908,57.56835048215176
Kitale,Nambale,2025-03-01 23:22:43.086192,65.97319895623558,83.62331819055859,34.32183500321622,69.48569395789514,77.30841096819458,72.92218782150118,28.060085169582155,57.39223996250331
Kitale,Nambale,2025-04-01 23:22:43.086192,82.65738471507353,86.05106352242257,68.44062400293087,59.2275522488402,56.87609601091076,58.83675006842495,16.935146174661124,45.298065240603144
Kitale,Nambale,2025-05-01 23:22:43.086192,48.28732111531875,61.9497329065368,76.46225678734405,89.31550569190676,70.94058760085477,38.95947048047998,23.914379687107502,66.84152005375647
Kitale,Nambale,2025-06-01 23:22:43.086192,52.569997942033424,80.34642247707146,68.99007381177127,44.906687092298576,68.86538435908551,35.45145005616631,41.30407510154224,73.49969239056762
Kitale,Nambale,2025-07-01 23:22:43.086192,69.22376189676717,93.34056900454134,27.358429067010213,64.53938884482741,93.48363815074595,77.74166170267915,14.753053153584544,44.753499024494666
Kitale,Nambale,2025-08-01 23:22:43.086192,81.43524173935009,69.67295552182011,42.13276453894558,59.78350209043165,74.64713058061098,21.70878132384154,17.176351449412536,53.37977888206804
Kitale,Nambale,2025-09-01 23:22:43.086192,63.4705085667832,81.14264181554634,81.19141212177155,53.79351853645674,52.968941690227894,63.5319448920219,27.46793803058189,77.68709299672112
Kitale,Nambale,2025-10-01 23:22:43.086192,48.681254483962874,69.55220310974043,45.01250742841852,56.73307482784029,47.73993593182012,59.20923133486666,46.743722548403056,75.14245763952172
Kitale,Nambale,2025-11-01 23:22:43.086192,96.39684617700851,45.916314259442416,67.70151344085149,70.98588885770019,61.62707930106778,64.32348812534268,21.60695653860426,38.64518716769415
Kitale,Nambale,2025-12-01 23:22:43.086192,62.46878350238234,50.58349390516568,52.164587849620766,59.526312158602124,68.23543657385434,37.75194294873273,12.004261854610768,69.66617811126942
Kitale,Nambale,2026-01-01 23:22:43.086192,64.16082418805357,91.93736991862708,44.001066820221986,66.85297565210966,48.6562760031967,73.68022552798894,35.69934060394014,45.53041915276666
Kitale,Nambale,2026-02-01 23:22:43.086192,64.017493993812,71.81410539603883,75.56256799295,64.17192459044446,85.54747082911007,38.12303933538663,42.58502822112402,41.144153315532655
Kitale,Matayos,2025-03-01 23:22:43.086192,88.30103349334016,57.615500338589506,27.27540170439451,33.278177578509975,55.86641316458666,32.68626591911402,50.36192550742436,30.466687755626243
Kitale,Matayos,2025-04-01 23:22:43.086192,45.79616885482177,46.40358735943471,61.75143120165184,56.43440953600786,95.02577488735,60.038969266042216,27.02326619462728,70.39350007026027
Kitale,Matayos,2025-05-01 23:22:43.086192,51.07517477693002,60.999141791662794,42.353700225031716,63.29240443241162,46.22132959765355,49.40268177774897,68.73325314566206,80.45893184058194
Kitale,Matayos,2025-06-01 23:22:43.086192,97.20488171956774,46.398400062851806,38.02588233526076,59.45415655162837,83.7777707832405,67.12573935664624,67.105696461298,76.37463358022941
Kitale,Matayos,2025-07-01 23:22:43.086192,42.74179803680304,63.63984394005137,63.08068035365983,40.10715705370214,65.63734247057712,25.89901212639194,11.660962467102234,80.04065934053332
Kitale,Matayos,2025-08-01 23:22:43.086192,85.68281312898671,79.84788485964974,74.0045977569106,64.37699322375131,56.19912256237408,73.56099412716507,54.527899310258064,82.43587723593298
Kitale,Matayos,2025-09-01 23:22:43.086192,93.73908445388594,72.83147762136295,64.93184064293857,62.574958970987794,69.54043548488885,36.70844363593889,38.67232797381671,55.71743948548925
Kitale,Matayos,2025-10-01 23:22:43.086192,55.452794547998074,70.98755915831397,72.9539188886504,32.355645177311004,46.21140218989008,50.75982934450549,26.323758281115907,66.08627003770485
Kitale,Matayos,2025-11-01 23:22:43.086192,76.68798135410118,57.23889288647425,46.804106305216074,66.58874627411467,51.96600607286952,22.337831742609197,26.77776957878373,60.26960196471963
Kitale,Matayos,2025-12-01 23:22:43.086192,55.561442926577385,63.014591904652185,62.661091739089336,84.47545969375929,85.36548789681173,64.40491868196705,19.970923791930826,43.79435085959129
Kitale,Matayos,2026-01-01 23:22:43.086192,96.4594551891399,94.03753589939899,50.74007869733427,68.7538322155827,69.52617921712746,21.856349630896283,49.52661664367625,58.67416673717254
Kitale,Matayos,2026-02-01 23:22:43.086192,59.58386029917793,84.20741036902271,52.1633998652956,64.66036832626969,96.4933015565153,66.48003127402781,11.11066434988431,59.00826569390449
Kitale,Butula,2025-03-01 23:22:43.086192,89.47492391654811,64.71661933540938,79.1251685462919,88.94046791599914,54.73961126263898,35.04041714234671,53.733829022274,51.646858819960684
Kitale,Butula,2025-04-01 23:22:43.086192,96.85718317237087,36.09624106284261,49.025026896684345,76.14419068967115,92.90786622978987,29.85990964328904,55.59278686611252,80.57717802577244
Kitale,Butula,2025-05-01 23:22:43.086192,91.2685758467533,55.63599734293972,79.9625235295204,32.686187973679,47.361404428251824,49.199117136718954,68.25375555726674,68.8431326437422
Kitale,Butula,2025-06-01 23:22:43.086192,47.70245561736392,94.125866234515,48.82534636453725,44.47432734369755,57.80886041631871,77.58765800445593,47.576441307642675,56.44858209070671
Kitale,Butula,2025-07-01 23:22:43.086192,56.20547985416416,71.92608715670207,31.115853055321548,71.0080018041273,54.78681429100546,37.90386883874303,44.484856282176224,41.31695749052236
Kitale,Butula,2025-08-01 23:22:43.086192,68.5478378515983,78.54846494706197,56.01147891606531,72.71650181331603,62.49397925834518,54.49055481060058,55.03897202810588,64.54752059346242
Kitale,Butula,2025-09-01 23:22:43.086192,75.26977789660117,42.81903677053151,59.24345951042258,82.96066295669033,50.619100755140224,69.6041732523726,17.12422104559426,32.00987138971065
Kitale,Butula,2025-10-01 23:22:43.086192,51.23566288137579,82.65849955635855,25.666241805954165,76.0604604054216,95.47119323523617,38.44580036306024,20.125145086973212,65.1388788564287
Kitale,Butula,2025-11-01 23:22:43.086192,68.40813929157423,80.46010571270247,65.24866333551262,81.24539559158686,53.75598829870211,69.32857747437521,65.72653178330663,62.204582294176575
Kitale,Butula,2025-12-01 23:22:43.086192,82.72023716175357,88.20436210865444,74.58757162198155,36.85268633760675,48.098578775390166,67.37407151627289,30.933120544104284,34.476244364390276
Kitale,Butula,2026-01-01 23:22:43.086192,55.1494305572395,61.98620920759629,51.665331430287914,38.946751674091374,76.46622233159563,24.15981582974496,58.35980169667887,47.08539614193401
Kitale,Butula,2026-02-01 23:22:43.086192,62.03035366443611,91.83617416370731,35.07260542152275,36.39676371975888,72.07008058970813,71.9520942496769,15.679012003690008,62.251110264228025
Garissa,Garissa Township,2025-03-01 23:22:43.086192,65.30276917996773,63.064351257642464,57.177250005838886,56.32713127857454,82.7787812979551,49.32340145759612,68.37733966774692,65.73485100485202
Garissa,Garissa Township,2025-04-01 23:22:43.086192,58.801848233246375,81.93845987789658,46.066824567516036,77.76403159640886,50.52050397947885,27.6671478323769,17.95009721333828,49.60690900426346
Garissa,Garissa Township,2025-05-01 23:22:43.086192,50.59512929948684,91.9083423170431,29.710828436764988,58.47917811628143,84.56644701105441,59.66723167566896,45.30132954429697,56.45792864236829
Garissa,Garissa Township,2025-06-01 23:22:43.086192,65.00789810459685,67.24663845068338,43.80664204426381,81.14298613471342,63.89856582411226,39.36576700383118,69.48902179696668,56.339407768127465
Garissa,Garissa Township,2025-07-01 23:22:43.086192,80.17852486677951,57.24329101732263,60.592493043314064,76.76256400512494,86.2756755569919,63.114753623479224,66.3429605170385,48.77971745694759
Garissa,Garissa Township,2025-08-01 23:22:43.086192,68.0944776446425,83.6663908936566,83.34533887532149,70.87311977737124,91.13162272848729,32.82043480520361,37.79641415117261,39.140979760745964
Garissa,Garissa Township,2025-09-01 23:22:43.086192,72.0142567387802,92.67586429406086,30.333883748948594,58.892733343700925,67.52864040495395,64.74982642895594,69.93287869979892,60.92322733626304
Garissa,Garissa Township,2025-10-01 23:22:43.086192,91.69068949586256,44.07205421969995,53.93492001446984,85.49510666429642,83.02979541124988,53.27058673040828,68.33867887994222,50.365159246504064
Garissa,Garissa Township,2025-11-01 23:22:43.086192,74.7641629358117,40.80808320447455,53.568286216767184,65.21729483279455,76.30225959219631,58.0602586656878,16.094614506748574,35.06003039181864
Garissa,Garissa Township,2025-12-01 23:22:43.086192,68.7031676267588,92.74708460296304,65.05348869068014,41.56340821253404,70.03535917268992,50.10661643184706,44.03709748962999,45.02554474229891
Garissa,Garissa Township,2026-01-01 23:22:43.086192,68.6461919099592,92.65164191953909,60.736849978309166,53.60291342761394,48.69684397423093,27.660631827225544,15.331505836585018,80.62150533354796
Garissa,Garissa Township,2026-02-01 23:22:43.086192,90.00846028183534,35.32446991592291,45.877881352323186,58.2828093812805,69.3876744166981,23.04087879327776,16.18727213565193,49.45867727758662
Garissa,Balambala,2025-03-01 23:22:43.086192,61.41533301458858,84.52848301325348,43.31187162027883,70.18968856227664,61.11719016046548,77.65932809273761,23.172542051166587,51.89305318217947
Garissa,Balambala,2025-04-01 23:22:43.086192,84.88080363970623,89.75770768877157,59.43482760557398,35.15731496099643,56.53355064523417,57.00923536001629,18.53883085130985,81.9158209183148
Garissa,Balambala,2025-05-01 23:22:43.086192,42.44106691937648,35.476529426126184,46.52465194188838,36.89718695439021,55.51672511940103,67.32732511394858,22.352327358537032,49.470171044257214
Garissa,Balambala,2025-06-01 23:22:43.086192,59.75079013766118,47.676369360997285,35.452930568412214,89.90906316590178,65.38571090533932,52.16312197396544,67.67259420152045,46.353461764411634
Garissa,Balambala,2025-07-01 23:22:43.086192,40.33456130953913,89.44068905652158,45.215021855022,33.814745344842976,93.55275774693277,54.207682190888434,23.874199361617407,55.80709435099541
Garissa,Balambala,2025-08-01 23:22:43.086192,59.040869658014685,74.12531283431747,81.64546349999355,88.27635471484425,65.29328175054478,23.598987647725,11.357804067649447,65.91148667256263
Garissa,Balambala,2025-09-01 23:22:43.086192,41.14168881552018,86.87140351051819,60.256483140742596,78.25021415105682,73.50109393500342,68.51960726391735,24.818489731590287,63.492705610912914
Garissa,Balambala,2025-10-01 23:22:43.086192,80.01480613254512,56.87070248643783,38.51241992354517,51.846277538835935,57.770198526324286,57.54637101932707,31.036824705695455,58.89196551462483
Garissa,Balambala,2025-11-01 23:22:43.086192,51.77023586175585,57.95559855144273,68.90063134765042,53.78112529122636,60.623658331930656,64.90429171580126,47.38923450039837,83.37152772948977
Garissa,Balambala,2025-12-01 23:22:43.086192,89.98267047965916,84.58950484939555,62.58708362785576,38.59133297586029,82.45665080238246,45.753986055475465,38.42738767861292,54.763048563466796
Garissa,Balambala,2026-01-01 23:22:43.086192,54.63879054669732,75.73358836737651,45.501090622282824,64.79755914317207,55.02015335670782,64.39454618067612,52.91850761302682,58.63725292459364
Garissa,Balambala,2026-02-01 23:22:43.086192,93.79607329355332,43.94957914094684,40.524960149757455,31.276393591292898,94.34429468775053,78.04612003005428,46.6390656509956,50.037064682207074
Garissa,Lagdera,2025-03-01 23:22:43.086192,80.86458974907899,49.108689725768315,72.89566447288126,64.18351194806712,89.02566091486253,27.085739399855974,55.34096310842441,73.63308869238574
Garissa,Lagdera,2025-04-01 23:22:43.086192,53.266121620419305,65.00153875273602,47.582997927888684,51.8469842172686,82.6838010440546,31.450046746086215,62.59143706634394,54.03472544179755
Garissa,Lagdera,2025-05-01 23:22:43.086192,42.6894684103737,39.24155793718808,39.28109875832929,31.212682976066507,69.84287679057363,25.622965685072128,34.31993516448837,43.65395772177053
Garissa,Lagdera,2025-06-01 23:22:43.086192,65.39737750196986,65.08576725291262,47.95996819764788,39.91928348913422,62.51326478628779,55.82170901663637,40.10642696806483,70.79372754630235
Garissa,Lagdera,2025-07-01 23:22:43.086192,76.15845608525166,40.53181739676843,54.16796766968709,55.4646325463855,81.0811416176388,75.60224296701647,32.69369259446939,40.2927870764284
Garissa,Lagdera,2025-08-01 23:22:43.086192,94.3141362690425,43.69915535827998,57.49965169186622,55.907213299049054,45.32911112265742,45.66322428263674,57.54581449918948,64.70611763662316
Garissa,Lagdera,2025-09-01 23:22:43.086192,63.62434219774039,37.2556109876681,75.83876794624288,70.02932787010513,81.65779485382707,20.864737890389442,68.98817381643958,36.52516577297509
Garissa,Lagdera,2025-10-01 23:22:43.086192,83.19506126745998,60.45826768453677,48.387872927184205,60.07763855396455,87.03151936337878,29.23691590778168,40.25755394028722,45.611484669575496
Garissa,Lagdera,2025-11-01 23:22:43.086192,56.53090230034066,35.14224249783927,53.318567551352366,80.67913967437946,45.92188412021025,73.06250659198754,44.92367310103237,46.833998815460674
Garissa,Lagdera,2025-12-01 23:22:43.086192,94.87612168636895,90.53701333839155,25.108952946469824,83.47383621833461,70.33711498705671,51.76636103638105,65.63021018567457,59.510607424050356
Garissa,Lagdera,2026-01-01 23:22:43.086192,97.75811834780629,52.510799617841776,74.98382686737753,60.41897405890951,75.40939368014718,59.94749050944413,39.29366910672191,71.66334271260334
Garissa,Lagdera,2026-02-01 23:22:43.086192,87.30473058751996,49.553647025551285,56.74078932053699,33.45599858021932,88.1297692713589,68.50209248359027,59.134229058825014,42.67679139502772
Garissa,Dadaab,2025-03-01 23:22:43.086192,93.85346965443537,57.34214085566556,51.83848579114535,47.732156103763394,62.1760606265491,58.64332922120996,46.23787081846262,66.16257665332039
Garissa,Dadaab,2025-04-01 23:22:43.086192,70.32491149529501,75.79716649451049,34.176110331243066,86.02943676361093,80.25215726705824,67.44855107183528,55.467756794805105,68.510244522591
Garissa,Dadaab,2025-05-01 23:22:43.086192,60.711585082212125,77.64890928025217,38.03555033948282,55.94549266666717,63.45077915553045,57.59535406653723,68.58141486607593,35.903611454472006
Garissa,Dadaab,2025-06-01 23:22:43.086192,87.33614820113215,74.07926466050824,75.92916247948668,74.94559707801525,45.535922396922714,70.73226608206326,27.58040568462724,66.02427773596028
Garissa,Dadaab,2025-07-01 23:22:43.086192,56.88457716825157,69.47404394287187,68.66181556790868,46.574820144220226,56.81258977548758,30.726355555976046,24.495030255463668,61.051635342952494
Garissa,Dadaab,2025-08-01 23:22:43.086192,54.22792530618818,92.1194196749909,41.81147755460941,78.38815980363674,93.55278981835713,34.599030813163594,25.248488700447318,82.23856786369342
Garissa,Dadaab,2025-09-01 23:22:43.086192,82.85616583741555,72.36168589460243,56.21804303144512,68.14425766945894,65.98546012061925,20.15652785156129,37.66119574139347,71.23030577230276
Garissa,Dadaab,2025-10-01 23:22:43.086192,67.22302355670698,47.16642379426608,71.10694892352873,52.75992118515828,90.93782929354185,55.73768414347459,62.37555149980241,59.29927766300172
Garissa,Dadaab,2025-11-01 23:22:43.086192,89.73902894088152,45.707602301740096,56.572951328829916,76.35491264067505,55.71206625454944,74.78907011069617,69.8560586335025,44.073602413316465
Garissa,Dadaab,2025-12-01 23:22:43.086192,62.42527382726007,48.9816761328275,48.87495794100411,50.65771542151451,83.44028220597994,38.29594291804656,34.99620388788676,46.831245223871974
Garissa,Dadaab,2026-01-01 23:22:43.086192,40.67397314291268,73.88716677043917,65.83238274603013,61.39958462665065,89.41842645591808,66.50062078881797,65.30696752204182,78.2842789089523
Garissa,Dadaab,2026-02-01 23:22:43.086192,73.27069401488662,72.11245986398418,47.02638633795249,36.682371776088345,66.88552126561169,27.238565289978656,23.690456586658605,45.50096401603046
Garissa,Fafi,2025-03-01 23:22:43.086192,84.51437555392128,65.15151620783843,80.4186780552977,83.03166416287607,96.20779184574616,67.79290039593994,65.20261279722939,66.24648995481564
Garissa,Fafi,2025-04-01 23:22:43.086192,77.16455278835527,54.9704999837564,63.73133298324493,44.500649368947606,78.8789148120448,68.4420773465061,46.19687325207649,60.2332345926054
Garissa,Fafi,2025-05-01 23:22:43.086192,66.48150271458897,65.80427139107731,39.56180434116002,86.47107659627375,53.41708292234492,48.6672311270663,10.733382283855423,59.8576560727593
Garissa,Fafi,2025-06-01 23:22:43.086192,40.62065377468019,80.41360379611726,60.12044507561332,80.32991078442414,47.2573155517833,77.2426765612191,23.264201643109672,51.1338255670874
Garissa,Fafi,2025-07-01 23:22:43.086192,84.26301350078421,79.78482869154922,63.90034445230158,84.25112642031118,89.74788205641545,59.334864402752864,22.086965207551863,58.3561927989565
Garissa,Fafi,2025-08-01 23:22:43.086192,68.4521158590907,86.6598643485562,52.426937661650854,52.69480002366022,56.39985504695239,72.42366852015343,66.10869690897766,45.910986207014375
Garissa,Fafi,2025-09-01 23:22:43.086192,75.45562954696275,52.714014525458026,55.21969813623893,81.62784508025226,63.98864102369004,76.70204964198277,25.24592971612673,49.741656084563594
Garissa,Fafi,2025-10-01 23:22:43.086192,45.96401568573809,87.77511394858027,34.83972706708774,32.86144443982447,56.10746818197248,40.623275930648106,31.50871561373474,61.59249634793629
Garissa,Fafi,2025-11-01 23:22:43.086192,68.78495167166278,75.1699272626518,49.703398058154704,53.23515203955104,78.51897847894911,27.06984322548815,22.5477073735489,49.421604795964114
Garissa,Fafi,2025-12-01 23:22:43.086192,44.16224491110383,93.96065491395707,27.748787068406866,71.55818646914653,63.110016933003116,65.41351246092275,18.70028285010699,38.485136879123345
Garissa,Fafi,2026-01-01 23:22:43.086192,93.3386008899671,85.89889255970178,71.93632471228838,81.29268073493782,83.96232450228972,37.66858027671554,57.92312489427372,81.9037067320364
Garissa,Fafi,2026-02-01 23:22:43.086192,51.73142879206866,57.61626312748051,35.54665201983619,36.556371390623205,79.64372004240138,39.497851302874935,22.4935752033363,78.182628448868
Kakamega,Kakamega Central,2025-03-01 23:22:43.086192,89.68077694958305,67.04392251160827,47.306550614021916,69.85260409044798,92.76068976037354,40.50561783080626,21.394816392327414,80.29652533871466
Kakamega,Kakamega Central,2025-04-01 23:22:43.086192,69.52341889817122,40.73602403581971,37.396925552496434,83.2253433141031,94.66922951864326,36.86719218465733,13.999794431469262,71.62120367457646
Kakamega,Kakamega Central,2025-05-01 23:22:43.086192,87.4406975495414,87.92222294229396,47.167314206431286,47.71118678024851,68.41836917140978,57.53486700728885,28.763512520329268,39.19548602551437
Kakamega,Kakamega Central,2025-06-01 23:22:43.086192,82.90881985309292,48.57210630206184,58.702355197060776,56.43472352117226,82.78828794115125,63.80420537199439,46.55047699406809,48.590247520333186
Kakamega,Kakamega Central,2025-07-01 23:22:43.086192,92.79640282269807,58.08164780009743,74.92430285995022,86.2056171314553,57.53778004875378,47.04002192553277,14.184407651993194,30.441514494018428
Kakamega,Kakamega Central,2025-08-01 23:22:43.086192,80.0590027433564,68.16525041409176,75.1696054872295,49.046156318592665,79.65465077235538,65.21804599415248,37.61686497538889,46.81297393810085
Kakamega,Kakamega Central,2025-09-01 23:22:43.086192,55.80172187751009,58.08650343980065,79.93106742561417,36.88092569455027,61.10647653575601,76.12723469695044,66.01942142340164,45.3293028616899
Kakamega,Kakamega Central,2025-10-01 23:22:43.086192,71.39525935553021,48.429748052883475,83.82616170107244,82.10256753111804,84.07916406395367,56.33473052747989,38.766877311535914,32.15020936996807
Kakamega,Kakamega Central,2025-11-01 23:22:43.086192,54.730201117022766,46.90395842670153,52.46133657296339,53.95861259257211,56.70067900214539,39.285383703020244,49.241252611020876,46.56873867793032
Kakamega,Kakamega Central,2025-12-01 23:22:43.086192,86.14875988664986,44.41071884408163,66.77103023167732,31.3534695127803,72.85050486894129,55.336531621890884,57.645248167961206,65.12316696337918
Kakamega,Kakamega Central,2026-01-01 23:22:43.086192,60.844672926025915,89.40067645185869,73.69712537570179,65.51790682756598,85.71351551516035,54.06523962714745,54.99936935056039,47.89642647980935
Kakamega,Kakamega Central,2026-02-01 23:22:43.086192,86.28462112564682,81.46895901905805,51.437991891095926,58.89366300431445,48.30141463148615,44.999257454381386,33.15439860813025,68.19501146072756
Kakamega,Kakamega East,2025-03-01 23:22:43.086192,72.9580038582258,76.37793849493907,39.50362491707058,49.352143797766246,61.023204490792985,38.19978248321415,32.853299234559685,63.270933256856985
Kakamega,Kakamega East,2025-04-01 23:22:43.086192,43.1501937407116,44.884522139898856,35.094854024941895,63.809459383003194,55.60556222111701,50.737408969552604,66.3423238274932,40.874283190702705
Kakamega,Kakamega East,2025-05-01 23:22:43.086192,91.63135855596188,93.38314177242268,39.997083853610654,62.9465453347626,77.34515545068206,73.4558443159571,37.74043152328363,31.696856902934936
Kakamega,Kakamega East,2025-06-01 23:22:43.086192,59.446432806580546,60.12242473815094,46.71663741636195,69.15537541862399,85.76558258440953,21.769991682408904,20.17796639934813,78.09432280167677
Kakamega,Kakamega East,2025-07-01 23:22:43.086192,75.07636096253148,94.58059912543706,50.456457567737615,50.861502874096956,86.07689147161489,23.754018092801232,31.877468589415837,47.234373538779806
Kakamega,Kakamega East,2025-08-01 23:22:43.086192,79.86485675810209,53.572119605994004,64.71931867150454,50.96388481910617,55.555509469298535,49.23657583690091,31.96223008709577,54.3473705485179
Kakamega,Kakamega East,2025-09-01 23:22:43.086192,91.26980849017254,58.59635937406077,72.49739437080872,62.935241780254124,73.16455201558921,28.010580987014468,17.564884380873686,74.1657319524914
Kakamega,Kakamega East,2025-10-01 23:22:43.086192,49.175169288883,90.33612114065161,40.480327048878785,72.41282429239726,75.63673254366131,53.870668703688004,11.31689002329123,67.36217887910752
Kakamega,Kakamega East,2025-11-01 23:22:43.086192,54.9274339048616,88.593101916118,35.42851181096272,55.29095740512507,93.5551421797487,64.53525109584103,44.043323462677556,77.60561428852402
Kakamega,Kakamega East,2025-12-01 23:22:43.086192,76.0281261930977,69.94517679588186,40.262943116815265,52.05434156340843,60.67377538060799,75.9291216130018,58.26908063154826,53.860829816526845
Kakamega,Kakamega East,2026-01-01 23:22:43.086192,85.80283519999267,92.1226672747845,39.59621050898348,34.101576853176745,77.07350064470305,51.42258734462072,69.31094176271131,44.50103825680801
Kakamega,Kakamega East,2026-02-01 23:22:43.086192,78.73348795710105,51.31079104123273,29.318269126005283,41.1705576267608,54.0234389926793,45.319707946386714,49.91312220086597,34.68623900914082
Kakamega,Kakamega West,2025-03-01 23:22:43.086192,61.0035304820551,43.17041792606122,47.38843863216874,69.66174539929628,54.77917966873734,45.07227329722836,37.21797303960901,44.444790037671346
Kakamega,Kakamega West,2025-04-01 23:22:43.086192,92.5156277441924,71.76774898162627,47.40050826238468,70.45524578256604,88.6532747908249,56.41996165937071,55.63196944416373,72.15772128105863
Kakamega,Kakamega West,2025-05-01 23:22:43.086192,43.162316144203515,87.2866446740139,43.14413283363518,54.8751237864225,95.69401570310009,75.02579365820176,45.91752265774524,37.51597653397313
Kakamega,Kakamega West,2025-06-01 23:22:43.086192,93.54171908033805,35.486521116519995,69.20244275329578,58.402354445374655,81.93409621730024,72.13588224316716,61.46751817168434,46.319783728290304
Kakamega,Kakamega West,2025-07-01 23:22:43.086192,61.75632001658826,57.491632996715,64.07841504963923,38.89225645778533,47.76968044107644,27.220722919643478,35.63060856091556,64.65907337516126
Kakamega,Kakamega West,2025-08-01 23:22:43.086192,90.70174847255082,46.821896070444055,42.32861966030691,65.69464524525914,52.56902911740046,33.61153839922783,46.974498083399844,62.03869661188335
Kakamega,Kakamega West,2025-09-01 23:22:43.086192,86.56502941065712,43.80950718650065,44.45886604572545,67.5916124728428,80.01961317839627,79.91996684321448,68.95067177714063,72.87012258638427
Kakamega,Kakamega West,2025-10-01 23:22:43.086192,53.036342788646294,59.31783681440741,59.06394681363283,79.60137056084909,91.80801441830486,23.33914680443909,66.89041054006316,84.75899694298528
Kakamega,Kakamega West,2025-11-01 23:22:43.086192,85.10572961979773,74.00731976614497,34.54762939677082,37.70800380416887,46.29118806058819,31.35944483899901,24.920407808934744,32.00282503456985
Kakamega,Kakamega West,2025-12-01 23:22:43.086192,78.20164013114123,63.042091438509566,70.80759487980683,67.60636281106281,48.39427630848196,57.447505652726015,39.17096418137041,49.16513985798758
Kakamega,Kakamega West,2026-01-01 23:22:43.086192,48.26855984375108,66.97440861746638,49.409394679101005,35.85392925309022,58.747199089807836,35.45795141503345,59.23594238290436,32.85732807291013
Kakamega,Kakamega West,2026-02-01 23:22:43.086192,77.72174708623734,83.95650422282552,52.51320050424545,58.278023150862154,81.1052645627964,44.866297859373084,17.91900160439533,82.0033331961204
Kakamega,Lugari,2025-03-01 23:22:43.086192,58.22900844883697,57.16310187490258,28.91573564758899,67.0815163395844,90.81035168786876,46.51086004636643,51.9782664985305,77.8947473068807
Kakamega,Lugari,2025-04-01 23:22:43.086192,74.23974724498076,74.0758217057182,77.38051847046302,70.66703521535857,72.94835531793814,66.11210475571114,46.1807876407586,44.58117714013184
Kakamega,Lugari,2025-05-01 23:22:43.086192,71.92173415530283,94.69929490939077,44.66760583110035,40.10944146104683,66.9973258020259,73.07260798767378,50.819661834148675,33.972189014199564
Kakamega,Lugari,2025-06-01 23:22:43.086192,82.0958363833374,49.42036578719019,42.292627828758384,81.84453347709805,62.32955576521463,65.46826979866728,12.568409524419785,75.73851095975431
Kakamega,Lugari,2025-07-01 23:22:43.086192,51.2241192180605,68.44605950222852,60.88389810236877,85.94798036157414,83.12173144821708,51.85869702072236,52.90835142917677,84.96550956951009
Kakamega,Lugari,2025-08-01 23:22:43.086192,62.14878917853086,37.624801018317285,71.74178643609454,65.97523284411906,62.729765039739036,30.722608294830863,11.029744734393041,39.84425633932124
Kakamega,Lugari,2025-09-01 23:22:43.086192,48.80019470488237,61.98495284006708,51.54001157947994,36.607916898420335,61.096238035146044,36.231620129289325,25.26797270343348,66.23620941727268
Kakamega,Lugari,2025-10-01 23:22:43.086192,43.99166181806058,55.28772014829602,30.043674480593968,81.23116699299882,65.74219609039665,73.88867737093483,30.462970482065913,33.63398771842475
Kakamega,Lugari,2025-11-01 23:22:43.086192,68.00338712809645,69.98531513064006,29.372693535668233,61.223313106152446,59.32881142606024,29.434536058198695,10.064952270571776,77.62193059859871
Kakamega,Lugari,2025-12-01 23:22:43.086192,43.89279168106198,66.33366859485,54.84412254405811,51.344495355842,77.51070563538289,60.44916966567627,56.87643607646313,39.64222101358869
Kakamega,Lugari,2026-01-01 23:22:43.086192,44.39448741724339,92.44467410427768,47.77665600560273,32.5559119890742,69.04117738876425,29.290875338375958,55.42201984689436,49.67495336265696
Kakamega,Lugari,2026-02-01 23:22:43.086192,63.571601703041054,60.04135617740312,45.317476047093585,35.136556168183546,47.31164693876964,78.49600481098955,39.20557349791571,65.8013409380035
Kakamega,Likuyani,2025-03-01 23:22:43.086192,61.11836219079598,84.53264201973279,52.8911999631928,86.13306260124682,55.69812049456049,76.77541125078375,18.55076614077492,37.03662649553199
Kakamega,Likuyani,2025-04-01 23:22:43.086192,83.35537586614306,71.86626923998003,42.25178834773663,67.93097584860703,71.25885561324858,67.00533863496342,53.731611809391325,54.88490227499307
Kakamega,Likuyani,2025-05-01 23:22:43.086192,60.482628554555475,80.51786197529525,34.44449830361171,83.02295636792911,60.941017172319526,54.61581410089039,40.59829968059186,32.14073547876668
Kakamega,Likuyani,2025-06-01 23:22:43.086192,93.77214034718986,86.8101553819106,63.85085239116283,31.158755844313323,53.99613480779986,37.15102562036983,22.675041887594823,45.94015664517584
Kakamega,Likuyani,2025-07-01 23:22:43.086192,61.365706583366816,93.71250092999288,76.47385759196221,48.68137737987625,62.04452805142305,61.72458198055073,59.16862939184617,46.37557056260904
Kakamega,Likuyani,2025-08-01 23:22:43.086192,71.1823840544973,93.14671987554917,59.9678186959642,89.98808619912151,87.73235026924604,75.0434418258792,52.50100285202059,46.44311382718337
Kakamega,Likuyani,2025-09-01 23:22:43.086192,53.432253971734255,71.14729944373752,45.085737509344085,42.13800545045064,48.545138911764774,27.523519206960795,56.40761036877696,69.62910497056536
Kakamega,Likuyani,2025-10-01 23:22:43.086192,52.33164871602598,65.81319477826668,63.71024572654336,76.24513102042371,45.11797519921163,43.30369221684704,56.156539977242716,48.356817534911734
Kakamega,Likuyani,2025-11-01 23:22:43.086192,75.4592112990168,70.68451501883322,26.81320271586707,53.361986321185256,48.85108928885527,33.61986002516179,40.25908835805132,71.03719561849488
Kakamega,Likuyani,2025-12-01 23:22:43.086192,49.08489858941387,68.3261558905436,45.97608891898341,54.705133895104396,73.8241827284394,29.993097929518015,15.645301626221277,40.48190196556009
Kakamega,Likuyani,2026-01-01 23:22:43.086192,93.04254207438196,72.37391400368293,83.07531948842188,51.16767214400494,88.94224199663003,25.588409904650455,53.41520700999448,35.585921498330855
Kakamega,Likuyani,2026-02-01 23:22:43.086192,48.66630211377033,37.11864061065349,81.95776429291341,89.0019129415615,79.74225173166998,48.94806411974806,21.4174559683423,42.39935181100621
Malindi,Malindi,2025-03-01 23:22:43.086192,77.19518909674238,88.28519386964962,25.182691511013378,81.73237548789845,70.25413129834628,43.69096851016889,63.581139145303275,49.753469311207695
Malindi,Malindi,2025-04-01 23:22:43.086192,59.14801049735915,73.14056324735685,72.88313415671098,38.72144364700989,48.96184459273168,78.86600233402442,23.306731213489883,54.3448118444865
Malindi,Malindi,2025-05-01 23:22:43.086192,86.44120564494789,79.40722826459879,47.82432858630713,39.743663294978646,74.53783410273871,79.120969365077,22.280652706307784,49.961509623159714
Malindi,Malindi,2025-06-01 23:22:43.086192,91.21300792935848,62.57853533846381,27.99770987457189,81.38560610419363,91.29923880305992,52.177424503970975,31.535474146921324,49.10423046058087
Malindi,Malindi,2025-07-01 23:22:43.086192,81.45789072766632,44.34145020419892,49.712023602424836,48.8049181433266,72.45002612941619,49.16546182363081,17.09873590801049,67.64739965211064
Malindi,Malindi,2025-08-01 23:22:43.086192,41.95990727596975,65.2278502732524,53.637608244728646,72.36286259208566,59.31504856700508,61.02754784333475,28.090675917928593,68.84183102486026
Malindi,Malindi,2025-09-01 23:22:43.086192,54.92149859161819,46.796627205072205,72.69095399169797,68.23533462804987,48.04374115928205,75.99761559891019,40.23597445087562,32.114414190270736
Malindi,Malindi,2025-10-01 23:22:43.086192,93.73176877356869,85.51629576089714,67.13309710214617,47.427693652292525,46.1593327291101,32.061853679362656,10.96681216169086,30.566286271875917
Malindi,Malindi,2025-11-01 23:22:43.086192,64.76599523281499,36.022840319034344,54.334802008701104,46.25745922839626,71.121089040077,28.269186335590046,48.71559865622007,49.80206725781835
Malindi,Malindi,2025-12-01 23:22:43.086192,46.86917194129378,92.96905479464786,54.78848386032879,52.053566515928196,77.54807530980219,58.22784162795616,55.73090317225986,81.2847407913362
Malindi,Malindi,2026-01-01 23:22:43.086192,50.433195092503865,42.74944224713456,75.47648934548104,87.58802337530172,69.18523282238215,66.76092930841968,68.90684982435955,38.10038172170022
Malindi,Malindi,2026-02-01 23:22:43.086192,76.68536204405424,87.78944955037677,83.70385703708064,64.28597588950134,83.36029367075216,58.24762468422541,59.283921936722216,34.85798521692773
Malindi,Magarini,2025-03-01 23:22:43.086192,61.06100922782435,72.3981492780226,64.17318197973917,37.04613057942589,63.28884113367693,79.75508595955887,28.399237397470493,42.19093397604227
Malindi,Magarini,2025-04-01 23:22:43.086192,68.68830908254799,37.700211903896616,57.43969250731997,66.9496297499183,49.31527019807995,38.7829345534399,19.452125341411993,53.88170555667795
Malindi,Magarini,2025-05-01 23:22:43.086192,48.40533091286583,49.313184942741515,61.904787808214536,86.91451218093212,77.5438098944206,73.16180426358665,55.195744789053904,59.21513035891
Malindi,Magarini,2025-06-01 23:22:43.086192,88.84269060121851,40.09789295553836,33.3730261252405,80.7265996731294,60.7086097757316,41.98763168016973,42.97151801193609,59.45575556231105
Malindi,Magarini,2025-07-01 23:22:43.086192,78.37201481361609,91.4633294671262,44.230371169506654,74.00718971762686,91.50700430464025,41.79666948708399,42.076606518590616,80.36082776692848
Malindi,Magarini,2025-08-01 23:22:43.086192,52.66970723078119,92.04389283091095,27.427844007769313,34.392520522626604,48.80127775265781,23.399834487115292,45.15878035640743,78.63681435756828
Malindi,Magarini,2025-09-01 23:22:43.086192,72.0054896642637,79.10750250641405,60.87532225412731,58.08075442549004,74.05072055523678,47.40102840739839,36.46830384483806,77.88243718798016
Malindi,Magarini,2025-10-01 23:22:43.086192,64.64180423147519,82.66898917290291,82.96883031455559,86.08743616481475,63.79141437786387,47.57194005188983,38.54062977105987,41.25085112432834
Malindi,Magarini,2025-11-01 23:22:43.086192,87.77950016962187,64.78001493169312,73.9379556487289,74.89925170834655,62.29262398013711,49.05395135008985,22.73956784752862,45.459522669878226
Malindi,Magarini,2025-12-01 23:22:43.086192,46.7520823070604,88.50815936051015,41.51968974177244,70.76735194275128,67.69960016567806,62.390156073086445,28.35589425013011,44.37503822947506
Malindi,Magarini,2026-01-01 23:22:43.086192,85.21717545018438,53.0543595928638,78.56598458288103,77.65356264902911,87.23533049458973,41.455609915595936,45.851164147899766,43.74433864150866
Malindi,Magarini,2026-02-01 23:22:43.086192,62.64715959907608,81.29899694687447,44.81625161993884,32.796788900172075,61.236774026096484,45.69878175967719,58.19623553882947,55.76824229398967
Malindi,Ganze,2025-03-01 23:22:43.086192,80.35494663236335,43.5458801232507,45.89269054059821,53.40483441770135,64.44885014551369,35.92194232304787,31.16830589065464,40.601216439021016
Malindi,Ganze,2025-04-01 23:22:43.086192,79.59564675616431,39.578716868157876,59.146720263401,86.01018669075361,80.68818150471989,49.95482320843563,11.63286588164775,60.730083991709925
Malindi,Ganze,2025-05-01 23:22:43.086192,51.423648953564225,83.66858980688858,58.371651135039535,37.44147439421202,52.62280354671164,25.86529839975228,41.70217053491142,76.84938121500907
Malindi,Ganze,2025-06-01 23:22:43.086192,61.658002445743634,61.82437307530233,28.03515056368137,50.10508401933892,50.800494757259514,37.132033495079554,17.443646000244804,78.09980195445627
Malindi,Ganze,2025-07-01 23:22:43.086192,47.36379440196518,40.41844476457078,68.46253935060224,68.35377087152182,91.25233523288418,38.97989335494251,20.571683668465468,39.011211825118636
Malindi,Ganze,2025-08-01 23:22:43.086192,74.17639571088742,81.00089956327852,42.32190354759087,55.74834884308521,71.20456582714345,58.477395746557406,43.3945191413238,68.3233961612271
Malindi,Ganze,2025-09-01 23:22:43.086192,81.30137048889043,87.3797569568624,60.61992191191082,80.39845507786414,67.71685892609622,41.2733294343604,44.399589727096235,34.45850164453971
Malindi,Ganze,2025-10-01 23:22:43.086192,54.027942512585014,60.51770474752192,47.81520140526378,81.39165041944759,65.21498291687877,60.24478390626059,11.070017075892801,51.13174904341463
Malindi,Ganze,2025-11-01 23:22:43.086192,67.57514121177512,91.06885423884351,32.24401257679482,63.43321368020171,58.71597601633856,41.30195200623335,40.80603496813923,46.07452549106549
Malindi,Ganze,2025-12-01 23:22:43.086192,62.478256235625466,52.382795859080936,79.96396215443136,36.861243685795145,87.32142121772196,46.81871801749282,61.33140143626966,78.91789470939287
Malindi,Ganze,2026-01-01 23:22:43.086192,86.06381853435472,87.50794141591737,74.7271209979611,48.7334114173183,86.06038427370586,33.847689861754205,69.75282265775363,66.6594706979196
Malindi,Ganze,2026-02-01 23:22:43.086192,40.75714933848078,56.19449169711906,70.42258106573476,31.063197533024592,45.04357689973149,34.82379262477208,57.5818035281294,41.074959183477574
Malindi,Kalifi,2025-03-01 23:22:43.086192,77.19413113320942,88.44897554811186,74.74631553606042,41.768423002768344,91.01985356824142,65.98003206442867,67.85791790281189,41.76599043505779
Malindi,Kalifi,2025-04-01 23:22:43.086192,65.90070131091831,65.58611252425993,50.91966578586457,34.81689108413194,53.03711233972865,75.35945662712294,40.46543031611434,66.63503947620111
Malindi,Kalifi,2025-05-01 23:22:43.086192,89.69092121689773,85.39085153470288,54.65794210895359,68.0938736796583,77.63458223560656,62.36176217825579,46.50572966446908,34.283740993743166
Malindi,Kalifi,2025-06-01 23:22:43.086192,85.75451935905558,44.428797279774706,39.8093622164844,49.17086585543443,83.13462789053838,36.74025659696437,62.47353995070508,57.47304470272795
Malindi,Kalifi,2025-07-01 23:22:43.086192,42.51663783659931,63.3038740774544,48.255565189200226,30.209809418032158,54.739575239022926,78.54592666079915,34.9757846129727,58.60393318708995
Malindi,Kalifi,2025-08-01 23:22:43.086192,46.22624953495675,81.66973578948577,32.5441880877105,60.63027684645378,90.67977450807102,52.15739540791498,24.359896345981163,48.39262917854187
Malindi,Kalifi,2025-09-01 23:22:43.086192,79.45798748823265,40.88564457642797,69.930538656212,76.52611503243094,91.25959597234419,56.04505616078995,44.149814566613095,31.13153373253077
Malindi,Kalifi,2025-10-01 23:22:43.086192,71.70376669336565,93.19187290913472,36.87179705549258,83.722410816109,52.72831883969065,50.54923769183303,37.096147586117446,47.75246229154989
Malindi,Kalifi,2025-11-01 23:22:43.086192,54.96349726919336,89.5056204697675,74.41070834086855,42.8582366291122,50.63996830573457,39.31007776247077,14.546604195213247,74.6547435558231
Malindi,Kalifi,2025-12-01 23:22:43.086192,97.3421993287605,93.51552090614153,45.643507100059615,76.28184148758834,83.38664741885096,37.096423861654685,21.711729936492034,33.02443508374532
Malindi,Kalifi,2026-01-01 23:22:43.086192,87.51335040158702,70.98735263918309,32.35970000145247,75.10600604125767,80.45980582819917,27.90820185398332,35.32590842514237,68.80205079691515
Malindi,Kalifi,2026-02-01 23:22:43.086192,92.59566405926361,68.89704721623983,57.5444396640304,51.930397664471215,94.98060921448096,51.889093868765016,14.938837320267444,40.89087313726356
Malindi,Rabai,2025-03-01 23:22:43.086192,71.23849073181047,45.88257822844662,53.28944806990247,42.9724871649492,85.7727345878993,76.50169503483914,13.707690265971905,37.16107092966977
Malindi,Rabai,2025-04-01 23:22:43.086192,66.07574755726561,84.1847079849885,56.19823310584685,76.74176849379313,82.12266002222474,49.237536261368255,53.16686452337882,33.53203856428175
Malindi,Rabai,2025-05-01 23:22:43.086192,54.03311285895638,37.43779205204605,65.58409670854074,46.10433134012746,81.53925364207278,41.803465694009326,68.31921086614261,73.33849231120925
Malindi,Rabai,2025-06-01 23:22:43.086192,83.35430306884399,53.15350616163265,36.856384449272,34.83038654489397,81.08478956605398,43.19363955552227,41.8403767493274,72.06385891601066
Malindi,Rabai,2025-07-01 23:22:43.086192,91.96240509787636,37.8898340867181,54.88748032550251,67.87095243378813,61.64849992734293,73.3662321007968,37.671552984140945,65.62826857869214
Malindi,Rabai,2025-08-01 23:22:43.086192,71.08953802407923,68.3532874077979,41.11466395939166,75.42287671104401,89.5870894363197,42.56776374097812,64.01984531488473,45.39960750828959
Malindi,Rabai,2025-09-01 23:22:43.086192,78.05149145535714,43.83491642197508,64.3864056511988,57.216268530615736,66.08440358616932,32.98450808053248,32.523495636372594,80.34801933635137
Malindi,Rabai,2025-10-01 23:22:43.086192,67.5150967501457,69.78833480089834,62.35773925769461,32.897551532394864,56.78321973748891,41.58167450826343,16.179385575773487,61.06906040095221
Malindi,Rabai,2025-11-01 23:22:43.086192,83.07717144110251,92.56633488888568,81.49594899017063,65.80600039449203,59.17411042986467,44.64116958533154,19.262734932402267,40.5089096573655
Malindi,Rabai,2025-12-01 23:22:43.086192,46.393883641610515,67.3049962212124,57.02082840330326,75.315930477857,92.4258706228861,52.93384115500938,46.578944150686546,46.63331683234593
Malindi,Rabai,2026-01-01 23:22:43.086192,57.38768405452947,91.49745769874444,27.152090905015125,56.99798601058108,47.15808170798884,69.58126945242759,35.17685693481865,34.02162805264291
Malindi,Rabai,2026-02-01 23:22:43.086192,84.45374874495735,42.1055698158588,59.40417965963323,33.856576124371706,90.05799908418982,79.10623795860357,19.572790487948133,81.40666781656931
