county,sub_county,date,population_under_5,nutrition_program_coverage,stunting_rate,wasting_rate,underweight_rate,exclusive_breastfeeding_rate,mmf_complementarity,mdd_diversity,micronutrient_supplementation_rate
Nairobi,Westlands,2025-03-01 23:22:43.086192,4337,82.24657467290959,22.129642580146182,9.626238790167124,27.65256625067809,41.60199025736155,73.85739628832509,39.80121201080394,66.20159226670509
Nairobi,Westlands,2025-04-01 23:22:43.086192,6588,70.99857968053402,15.61819741086155,17.3236129976687,20.821237676836716,30.31569487485698,40.935888941734746,84.43671478298076,47.8181132858748
Nairobi,Westlands,2025-05-01 23:22:43.086192,13093,30.878970878863687,19.809265984658737,13.104294250445385,15.103378381997182,24.862842310882154,29.033168033304182,59.74405528268542,46.836386826330866
Nairobi,Westlands,2025-06-01 23:22:43.086192,10313,39.31267484069086,35.10191530804164,18.491725157605963,16.68381969699609,34.466016449358456,35.929997706713166,35.22496152700174,89.70118130932116
Nairobi,Westlands,2025-07-01 23:22:43.086192,2549,31.014974490101764,24.304122033680322,12.366891702159215,34.819280704742084,44.52236951048823,69.22886640521367,49.331160418408786,83.53565257011212
Nairobi,Westlands,2025-08-01 23:22:43.086192,11040,68.96456164831466,41.142973130501375,11.934511714014794,17.75479164751696,60.18765007577873,46.67423956970073,52.84993665389371,50.270361117998746
Nairobi,Westlands,2025-09-01 23:22:43.086192,13280,44.69570430963313,42.18562766635084,5.368556421885675,14.639671229761007,65.07088177758783,57.26736308628473,77.73727383794682,48.77404869423859
Nairobi,Westlands,2025-10-01 23:22:43.086192,7262,87.89544518679367,29.37647553583215,10.411064987544998,27.73992991868826,42.62710541035384,49.1769814102184,71.07210402529114,53.616865326682124
Nairobi,Westlands,2025-11-01 23:22:43.086192,3929,79.61528393569043,29.531136032830375,10.367801702027112,15.862360857976748,43.37593137482281,42.803028344298454,37.14762320085804,50.315436385465844
Nairobi,Westlands,2025-12-01 23:22:43.086192,7779,46.34876458735457,32.2477282727435,14.516413420674745,28.246200898372393,49.29154790724299,44.662483893840715,64.0474553384929,85.42523969443891
Nairobi,Westlands,2026-01-01 23:22:43.086192,14851,55.552072222918014,28.925696533716888,21.143560133899758,12.049158320473236,59.35439319337738,40.450195360912204,60.06776534813284,70.21482111581179
Nairobi,Westlands,2026-02-01 23:22:43.086192,2828,80.87432500089099,38.98647329347115,19.374950769293413,24.611200482154352,29.312932806775603,29.896037518756042,63.75438191617742,74.91883093670215
Nairobi,Dagoretti,2025-03-01 23:22:43.086192,2764,90.80075260634459,26.697739572690594,17.408933121775732,15.331381046325193,63.4736117529744,37.377953219986466,45.00003680328629,84.4250033280957
Nairobi,Dagoretti,2025-04-01 23:22:43.086192,14056,90.59454667096362,35.23878476271935,24.868142138384215,27.93744145920539,21.0636578985095,55.930697551433575,72.72506976781297,67.01869643947522
Nairobi,Dagoretti,2025-05-01 23:22:43.086192,13141,75.0766962012135,39.137162960515326,23.74025980009428,33.12079296773461,25.070213409672697,77.66590525306437,79.13367929890202,85.50084345828051
Nairobi,Dagoretti,2025-06-01 23:22:43.086192,14413,55.323954485421226,34.232052803391014,9.740673838705487,27.466326738424872,33.54487904559825,55.38458595162439,64.32389236378347,86.89905093195193
Nairobi,Dagoretti,2025-07-01 23:22:43.086192,5443,61.806722439088446,36.17624747137812,11.255309254854795,16.852813306987773,34.28003186089441,31.48491296626946,35.65115589638736,69.21695590341747
Nairobi,Dagoretti,2025-08-01 23:22:43.086192,2485,50.78673168325795,20.872435205634666,18.31466809926038,17.241199658426794,50.658372503896054,43.736583930821666,63.42828774083851,75.09451744272164
Nairobi,Dagoretti,2025-09-01 23:22:43.086192,11178,68.80147284709301,19.925773270217658,15.662231462326197,23.10529821744776,23.240252682125078,35.86878052531084,68.07140044892492,59.0144151766575
Nairobi,Dagoretti,2025-10-01 23:22:43.086192,4588,62.599257657444326,44.89392183383989,7.71718945643139,33.42267953805688,27.16681673036808,53.46121161434319,35.795689979831096,41.61004395913155
Nairobi,Dagoretti,2025-11-01 23:22:43.086192,7314,30.583894329530022,44.791533250019924,10.313769878372073,25.868159700293493,29.822783696470843,61.15734831492068,45.845193090603644,55.936681098795255
Nairobi,Dagoretti,2025-12-01 23:22:43.086192,8777,65.62870744628779,31.639192663592336,13.407609137175163,25.409419873978322,34.417763531990396,52.05891200769483,39.99977008780513,75.73258501119855
Nairobi,Dagoretti,2026-01-01 23:22:43.086192,11597,41.610196710695234,31.391036150369583,8.462494466224754,13.985475816226494,30.24474920454828,55.10741154895927,69.99477809715125,44.98811988876805
Nairobi,Dagoretti,2026-02-01 23:22:43.086192,14490,71.41689514505245,20.320828321390504,5.203170518207967,27.49689943322387,62.78383498957764,44.36228293174159,36.7573124763039,75.76907615377783
Nairobi,Kamukunji,2025-03-01 23:22:43.086192,7151,72.08509131387942,23.270182785847872,9.769652030367126,18.839052678845572,23.652926283589252,67.32520927602509,39.70661732749424,67.42077392815735
Nairobi,Kamukunji,2025-04-01 23:22:43.086192,12307,71.45157893276797,32.805872683250215,14.175408656713424,26.874569964353277,26.169747979784802,30.780033376541425,57.65369852030609,49.781851714366155
Nairobi,Kamukunji,2025-05-01 23:22:43.086192,10259,31.95342854029831,20.716915990217743,13.249332620970335,15.74167979528686,69.68562743623296,47.18984664732244,62.885264112064476,88.02346586821632
Nairobi,Kamukunji,2025-06-01 23:22:43.086192,7904,54.467586388596374,20.15769036706664,8.383152111977841,24.268097936560043,38.49317580707663,53.18153073306232,74.59145523630272,84.17785200248028
Nairobi,Kamukunji,2025-07-01 23:22:43.086192,7595,37.17858650519753,31.06164451716838,20.334697596475173,20.392898769585823,53.39785702711248,55.16329324609804,80.04272046572567,63.63423658997718
Nairobi,Kamukunji,2025-08-01 23:22:43.086192,4644,51.5738444153915,42.70238364433484,5.541441197170847,26.18442014368424,34.99220809322191,29.037265895006644,64.96860835320315,70.57583912235903
Nairobi,Kamukunji,2025-09-01 23:22:43.086192,2137,33.15633801506709,29.63759342838707,15.225126481127994,33.90794333092887,34.57637217141915,72.3271919563337,72.56222483606373,50.28179910323452
Nairobi,Kamukunji,2025-10-01 23:22:43.086192,13340,35.087044764278794,39.24457484181846,19.645757742188344,30.977468322663682,41.6188457896853,37.307824463403044,81.78381425980936,74.10169598532309
Nairobi,Kamukunji,2025-11-01 23:22:43.086192,2377,62.137015058358486,15.940439595908249,7.387725039939408,11.479069616324352,40.18325231247486,58.02623788069157,54.687291464898486,65.21496099756887
Nairobi,Kamukunji,2025-12-01 23:22:43.086192,14914,33.44933723335348,36.906143542099144,22.02792138935567,10.85677857404811,68.47102478804257,47.897972461495506,49.34685052160566,80.4242417981268
Nairobi,Kamukunji,2026-01-01 23:22:43.086192,13572,85.52823516717868,42.42232786273226,15.888845471041549,31.781690114153545,33.91553955988364,38.94631160525279,72.67005165905309,64.12777339566847
Nairobi,Kamukunji,2026-02-01 23:22:43.086192,8428,56.30896150152053,33.16991345286368,22.546516399890084,34.60034120111354,64.0175443587344,52.7850043626992,56.55859019021149,72.34798385457816
Nairobi,Embakasi,2025-03-01 23:22:43.086192,14490,32.93776198013495,22.18664241990711,12.582338411980594,20.51779085648494,26.26403545219724,71.13560476207428,41.484981700471224,40.67256565753548
Nairobi,Embakasi,2025-04-01 23:22:43.086192,5531,71.7562894246094,21.198671527865045,9.195376274580141,18.968537595849767,50.2357632336478,66.2564537013958,36.28009167475669,65.44549177327474
Nairobi,Embakasi,2025-05-01 23:22:43.086192,8515,65.7370579890917,23.916968289945395,23.012375966621395,10.672435469913804,42.51580230608738,64.8422557120936,80.20116067149577,77.9819624524162
Nairobi,Embakasi,2025-06-01 23:22:43.086192,5515,78.9262411235168,25.193372893649794,13.538804782982364,23.723138309365826,56.93702134977534,79.4794494435557,73.76973143249651,72.53429441543133
Nairobi,Embakasi,2025-07-01 23:22:43.086192,6612,45.45128804351348,35.500143385671635,21.572189664360103,32.23404703924949,43.420194453880676,76.78960397848586,69.08728198893955,50.203489118686925
Nairobi,Embakasi,2025-08-01 23:22:43.086192,10347,61.4691665547021,29.145193450018386,10.601053643686676,31.40069355547386,23.35604526912821,40.624611739064676,77.57868649765558,49.18495142054287
Nairobi,Embakasi,2025-09-01 23:22:43.086192,13362,30.449663893576002,35.10615339896651,17.790360235069237,33.437410773903764,35.953180200732206,58.01541693939038,49.6491750793344,45.397057076864364
Nairobi,Embakasi,2025-10-01 23:22:43.086192,10748,65.39034904543033,20.312447071882204,8.37606446784537,25.41957863476165,61.23249184633725,71.05579963316964,60.06875029338177,58.922206105835016
Nairobi,Embakasi,2025-11-01 23:22:43.086192,9291,45.55516021682902,31.925221525519614,11.47827817132153,30.048112850316514,27.298967480345766,60.63459042402429,37.6079975809251,73.75637828595785
Nairobi,Embakasi,2025-12-01 23:22:43.086192,13452,63.522694496398245,30.940105089438582,17.78171946311233,24.014465941358992,57.16511756648418,33.24119269956245,50.09670211322718,46.65902769284021
Nairobi,Embakasi,2026-01-01 23:22:43.086192,11252,79.23229250969135,28.683243828811854,5.4888876355606575,15.421826035248316,37.04008699019669,27.041636958568755,80.77064422957024,67.263127549942
Nairobi,Embakasi,2026-02-01 23:22:43.086192,8678,41.15607768041622,39.00331211272893,23.52119360062637,22.539249453870227,61.689283779015604,29.49586103237661,75.77242086650749,43.47062113483242
Nairobi,Kibra,2025-03-01 23:22:43.086192,10812,35.982952804327056,25.672222045602656,8.61741036918319,30.565737181243183,22.708325709139576,46.90209509767326,52.13383312071083,74.69431013114118
Nairobi,Kibra,2025-04-01 23:22:43.086192,9080,76.10812494659771,35.46142297484893,21.531655186859968,12.527221366526717,28.07641148509584,40.24430594175293,51.296644244802664,46.32432015040013
Nairobi,Kibra,2025-05-01 23:22:43.086192,6032,56.34379751762616,23.133530118736537,13.094463559251754,18.743167371687782,33.317996836356485,50.52893692915222,71.8379956519007,56.97006494095882
Nairobi,Kibra,2025-06-01 23:22:43.086192,9899,72.9666000417256,37.81822699694513,14.619241302306385,31.010848013108895,25.125710101797075,43.16333492271045,75.99213325266277,78.02506432340994
Nairobi,Kibra,2025-07-01 23:22:43.086192,8138,84.5322265970686,33.34886819419344,20.390013678978146,15.931376743506464,48.155482670110175,57.67149489658263,59.31416462812837,69.23420494193155
Nairobi,Kibra,2025-08-01 23:22:43.086192,3508,69.66096395497587,41.55144544660645,9.748466558138528,20.067400128728213,62.26500060851426,79.73192558351556,78.64253161964959,83.96062717071484
Nairobi,Kibra,2025-09-01 23:22:43.086192,7701,49.78838116533301,18.435827986237115,12.789357759566398,29.91681215675572,40.20675749631687,43.949471372763185,44.012144688251595,78.41329371920784
Nairobi,Kibra,2025-10-01 23:22:43.086192,2255,68.57461322960526,25.79833110825404,17.371697047906622,33.045339883789374,20.066309152710804,30.00709361599218,39.450478636962664,76.81890541364149
Nairobi,Kibra,2025-11-01 23:22:43.086192,11801,40.593101032367045,43.3234253393656,7.686833602755232,17.24245706576062,63.393590270637354,28.65585401050643,51.92203674635175,42.55673177592116
Nairobi,Kibra,2025-12-01 23:22:43.086192,12142,73.93095173656211,16.418164668461362,6.518051631343549,22.46363698959299,47.97044240869185,63.37634902826945,64.65901511729672,76.15914762348174
Nairobi,Kibra,2026-01-01 23:22:43.086192,9501,31.664844932775914,30.3975814974354,22.537974680956573,19.87328628781608,30.746417055655538,29.967483633939732,67.17032288073507,67.14048935064733
Nairobi,Kibra,2026-02-01 23:22:43.086192,7750,49.79412630281582,27.543041937571772,17.61069701835388,14.847849416518898,44.09801438317571,73.51095889572602,80.10754453490671,89.7140313242856
Mombasa,Changamwe,2025-03-01 23:22:43.086192,14595,48.28280376798632,41.767919401972264,20.60112482569476,31.55288357275891,31.9127446386369,69.91619427513416,73.64344271762465,89.01029797759568
Mombasa,Changamwe,2025-04-01 23:22:43.086192,10543,33.26342969799147,40.42011065456173,13.345080869234705,27.938975151869112,34.98128403023954,40.71054326157401,63.06640792348988,68.91439873520905
Mombasa,Changamwe,2025-05-01 23:22:43.086192,6207,79.95218494732065,34.645487778745164,13.320390046964558,19.062849563870856,33.299415546525054,68.45494828769051,42.789231247508255,53.31269021580578
Mombasa,Changamwe,2025-06-01 23:22:43.086192,9706,73.8635734740798,22.437930290010083,6.949436002689433,34.7049146491024,37.75861762547379,72.06896941881914,30.748080397106936,71.95408371652663
Mombasa,Changamwe,2025-07-01 23:22:43.086192,9887,36.0503324345525,35.37650102930367,16.166843015312505,21.782007765212924,22.445366593911015,64.44871887615906,44.92551107677425,69.62776419441457
Mombasa,Changamwe,2025-08-01 23:22:43.086192,13451,61.71952605667799,34.56427390243516,22.11937685685108,18.663977944065696,61.009751312119356,55.80171076050058,35.92627997707245,57.903136542181635
Mombasa,Changamwe,2025-09-01 23:22:43.086192,2830,54.10767286136988,36.25889026359728,6.633364619670705,17.902152942173423,28.92887237201781,47.76665801338032,67.60062684655335,88.00159546713877
Mombasa,Changamwe,2025-10-01 23:22:43.086192,13350,70.92153891532496,44.23264196050603,23.194067259818326,28.985885851969407,41.70849414412047,76.22695808543136,50.45039173672373,41.103574896520385
Mombasa,Changamwe,2025-11-01 23:22:43.086192,8682,60.46869921904814,42.887757423778886,20.672965814597955,11.562809669845166,29.795362902157713,33.02665695005752,84.18087776759234,45.047410199502494
Mombasa,Changamwe,2025-12-01 23:22:43.086192,11621,35.32852727903609,31.80838803025862,8.270171097436254,17.569606012168954,45.76649327340441,73.66698816373872,33.826242665148726,75.18962693579476
Mombasa,Changamwe,2026-01-01 23:22:43.086192,5067,48.96421655101737,25.690273032549662,18.03988654367996,34.43591737549043,23.131738762727203,66.55998399676228,71.8606895849861,44.60323624856688
Mombasa,Changamwe,2026-02-01 23:22:43.086192,6622,36.296334979689306,41.264757705652706,24.14870686677197,20.175540113729305,53.132229190566775,73.62252498485444,62.84185293689277,88.53315547978197
Mombasa,Jomvu,2025-03-01 23:22:43.086192,4775,40.60086249470977,24.053307173189676,11.182050073850903,29.080983682637218,34.020062757349436,36.85737095408575,70.40049133084102,71.72625636500666
Mombasa,Jomvu,2025-04-01 23:22:43.086192,2879,70.98373828248958,18.260754874919716,17.50259904788436,12.417495616534584,56.39381495781675,61.6803590320115,67.47610824864071,74.00112270878992
Mombasa,Jomvu,2025-05-01 23:22:43.086192,7121,32.29440169956828,19.573078636492593,18.65877091900714,29.349112278171603,49.21573052922018,32.952204981643604,49.06581829713335,46.23412524702574
Mombasa,Jomvu,2025-06-01 23:22:43.086192,8874,56.59019606892878,18.360017728362457,10.271936213761695,20.66508662506451,38.48994991542888,66.76840713387604,67.01121955772018,42.558379185817934
Mombasa,Jomvu,2025-07-01 23:22:43.086192,10441,40.96204450977053,17.6566439856066,6.572370824673646,21.894180392046344,47.39007792873987,68.37820188126247,62.83735775832736,41.90917590123668
Mombasa,Jomvu,2025-08-01 23:22:43.086192,10600,75.99537043860069,41.27818414069183,14.529958576978789,18.574743570168195,47.70083631224786,76.81850004284392,46.97031959593964,49.46976876351437
Mombasa,Jomvu,2025-09-01 23:22:43.086192,5385,83.09742146038391,41.65949555072102,12.903427047008012,11.127122740959184,59.2579677638489,69.20642197482813,76.72272017304742,80.75505476544363
Mombasa,Jomvu,2025-10-01 23:22:43.086192,13025,35.8581073781309,44.754025276225086,9.189350217559797,33.81034980243303,23.96875454837118,36.06947196136533,41.8829913379511,53.65299340422357
Mombasa,Jomvu,2025-11-01 23:22:43.086192,7071,49.87378372250896,43.89270854695317,6.884762431027378,25.593206741041826,54.13872382346708,37.17118886478599,62.55038059736632,67.85750963230035
Mombasa,Jomvu,2025-12-01 23:22:43.086192,11425,49.468046535176995,22.890294333984627,13.817290795005889,33.97685072151377,54.70478301366706,79.05704065979285,59.919841019460506,82.5675918103355
Mombasa,Jomvu,2026-01-01 23:22:43.086192,13042,73.6229227383127,29.622698623136383,9.972248389745694,26.190701724218467,31.315766304775032,39.6786356586571,34.474825234240896,66.08297201624472
Mombasa,Jomvu,2026-02-01 23:22:43.086192,11931,54.86879236577478,19.720206344325195,14.110955544533814,20.644343573471154,52.18529807468743,47.72145655088891,80.0928408053268,69.3625289325615
Mombasa,Kisauni,2025-03-01 23:22:43.086192,6080,43.549935171547226,17.30115294039636,5.481372375927329,27.114142249023033,54.784882905920085,76.7075019713948,75.33500623463851,54.99405610112933
Mombasa,Kisauni,2025-04-01 23:22:43.086192,7576,89.17085562985211,22.98426960951194,16.060316850897323,19.83380768518724,59.375054806235326,47.446825099362684,42.36798055262054,45.475643229599754
Mombasa,Kisauni,2025-05-01 23:22:43.086192,8588,93.47773897758913,35.135074754017054,5.0447902253694,24.95978862683471,47.19377740094312,76.74264158391118,43.310486247783004,54.70010831653407
Mombasa,Kisauni,2025-06-01 23:22:43.086192,7227,67.28595038943999,36.951588448012565,16.44957862377474,34.773074372890335,37.975046045981145,61.58995548540325,64.74940599025174,64.3911148890568
Mombasa,Kisauni,2025-07-01 23:22:43.086192,2813,76.93513631491194,41.48427765863945,14.62284709693825,34.40985226081785,30.344751646792623,64.05999783325774,51.657050189810136,41.72610128897315
Mombasa,Kisauni,2025-08-01 23:22:43.086192,8435,84.56617552691912,16.431666794433138,14.638993845095243,27.6940733387541,40.271476744708316,28.158477787137027,59.19322372267125,77.22589539900633
Mombasa,Kisauni,2025-09-01 23:22:43.086192,2022,62.50353339545852,33.46121871560114,6.342834561672794,22.447868815162643,52.731243686373226,59.2430610700637,66.58174229513433,48.96697568078254
Mombasa,Kisauni,2025-10-01 23:22:43.086192,7208,76.10673443996939,30.82202193531051,11.025174520573326,15.9889477668623,34.011362476863695,56.544787924203746,35.694089878714934,69.25816671335707
Mombasa,Kisauni,2025-11-01 23:22:43.086192,6839,53.732051310995175,40.721425593467174,17.61989389138094,30.95179277756889,35.84499074680609,44.8840136691466,55.73950229857584,72.6790079187828
Mombasa,Kisauni,2025-12-01 23:22:43.086192,5360,72.69094810521236,42.300529692901414,17.046569777490873,28.150236462140683,42.703338036324325,27.758009938260333,78.0955433889007,86.1926398586316
Mombasa,Kisauni,2026-01-01 23:22:43.086192,4471,76.26900686179464,40.2386614076196,8.039237502233503,13.515946348722599,43.66051738235542,56.401684624628615,37.595062963963734,65.15943824217712
Mombasa,Kisauni,2026-02-01 23:22:43.086192,13104,78.17348204832274,42.277827186120966,5.944121991221407,10.714251634931747,54.58316891416086,34.07249118259813,77.18261902245851,49.27164167061413
Mombasa,Nyali,2025-03-01 23:22:43.086192,2201,50.74658773493886,17.118651889225625,10.032433745267973,30.270858875379606,69.08682022695243,31.59473482434641,31.73829591057083,78.5972285461784
Mombasa,Nyali,2025-04-01 23:22:43.086192,12555,35.301819442697074,19.085745921886563,10.14535792339106,10.273593039339213,48.322180807289726,45.36509653160039,36.59425726780668,78.24489237259161
Mombasa,Nyali,2025-05-01 23:22:43.086192,12436,47.58181053193432,29.75658382889951,8.994098820923268,20.594215789051184,61.200835333297384,42.64997661123499,44.78514836358329,52.40782934957943
Mombasa,Nyali,2025-06-01 23:22:43.086192,11403,41.73654462926576,19.47092004802281,22.08575506714316,17.94363699415318,33.46445246232135,60.506858929657206,57.65403461049525,87.11908181516532
Mombasa,Nyali,2025-07-01 23:22:43.086192,9714,86.76485389485894,31.174022983853057,20.201915511545664,12.974732298998903,44.13807172240339,36.20944945342814,58.03690027464996,61.61703207920911
Mombasa,Nyali,2025-08-01 23:22:43.086192,8583,81.65308217113159,20.6769145906515,18.205041881341963,33.336015856507586,48.4191171069417,74.10830016111416,41.87539795773062,72.02721033586587
Mombasa,Nyali,2025-09-01 23:22:43.086192,9489,61.381232486230616,29.061491342691355,19.90440664199691,25.27318133855827,39.48461087039267,28.905458057333778,62.929987491686184,51.70462039306307
Mombasa,Nyali,2025-10-01 23:22:43.086192,2040,88.39842484272666,40.834679232135585,8.849670580917845,21.666417515472972,58.50568544700887,49.07229176764584,77.16427415884766,67.16767324234864
Mombasa,Nyali,2025-11-01 23:22:43.086192,12100,57.65075623732322,30.013991856990174,16.59108453399091,21.86528820942725,39.49411650676031,33.927373934059915,41.71587622477952,67.9588766742225
Mombasa,Nyali,2025-12-01 23:22:43.086192,7352,37.61083177707443,18.996709792138233,22.11930916112424,34.38477719647811,65.21951085066448,56.212941288066126,34.150275099834765,66.31236323495577
Mombasa,Nyali,2026-01-01 23:22:43.086192,8696,30.27033900473403,29.80689627149392,7.837926107276248,27.9639994027987,33.654782372514994,46.19236538968211,57.66336801213616,76.47209026732497
Mombasa,Nyali,2026-02-01 23:22:43.086192,13782,65.46086866710392,19.659138707130978,15.059299406968478,10.339545001326538,48.062775598414106,41.00656008151415,63.77131910295209,66.71472727898635
Mombasa,Likoni,2025-03-01 23:22:43.086192,8469,30.18359734978597,18.423080464218323,14.22817907356093,10.172904927705156,45.312847980592444,55.85608830546845,45.06466287516553,79.4027436762702
Mombasa,Likoni,2025-04-01 23:22:43.086192,4855,69.00978899669443,43.63423395737004,8.217941286215494,29.159115058275194,20.057680037607454,58.50949856010182,42.299229566574866,44.51166310248675
Mombasa,Likoni,2025-05-01 23:22:43.086192,9313,69.38765348131537,34.52883710619783,11.203270592962447,12.747534581422062,69.04720485112743,31.958689976476983,75.7542074989735,87.77232099524942
Mombasa,Likoni,2025-06-01 23:22:43.086192,9809,65.41447716677405,31.02408644928682,11.17409884612427,14.580799213563363,29.13722346863404,60.30910310758577,69.21673264951907,62.234008681294995
Mombasa,Likoni,2025-07-01 23:22:43.086192,2965,68.49439397317514,27.236626158708265,7.732664356401897,19.4537746182777,26.826550415813507,48.72279804790445,81.03963989522494,72.21130588282787
Mombasa,Likoni,2025-08-01 23:22:43.086192,8292,39.097338248564895,25.57607022463497,14.170753792377688,20.574838542230292,45.351436767535084,48.42247637386451,47.15061805328059,41.781430996020546
Mombasa,Likoni,2025-09-01 23:22:43.086192,12324,39.45078779992377,26.511126238924557,10.353910852471271,31.81045781548762,35.5441712814321,32.21111752471081,64.49855755906147,63.546805419723626
Mombasa,Likoni,2025-10-01 23:22:43.086192,5832,53.11594676009483,41.43213166750091,8.61683898002384,19.771002050470877,44.833298916268916,37.24316215555562,59.22602710445192,48.309094630161916
Mombasa,Likoni,2025-11-01 23:22:43.086192,6396,94.71058274812003,18.936192907116954,9.486283237114936,23.070730330596703,60.25855461482227,66.15168015662078,41.888989344376554,59.917302265511566
Mombasa,Likoni,2025-12-01 23:22:43.086192,12332,57.35762880611516,23.863182682578632,22.228907392825555,10.356194169037932,33.65678181424033,77.62382999289437,73.5683209757479,53.928366856380265
Mombasa,Likoni,2026-01-01 23:22:43.086192,14268,48.01843935349439,17.318890585683018,11.665200494887317,27.13949280682064,58.99378831744236,34.08267853768545,77.6058309867409,60.19118442657088
Mombasa,Likoni,2026-02-01 23:22:43.086192,5805,67.6274961371794,26.745499832499632,24.163790915168953,13.338849535610391,24.697544795267927,38.71514583105671,65.76742974767208,81.0982365327215
Kisumu,Kisumu East,2025-03-01 23:22:43.086192,13204,46.43310391092558,23.504289865598533,24.434031991029983,17.5167701150935,40.265841481628456,55.877179492422016,84.85948459247243,72.67949088571814
Kisumu,Kisumu East,2025-04-01 23:22:43.086192,10051,63.42883794250403,27.472288181313058,14.33035025686994,20.204176506363055,23.156056317476796,72.84682196813091,40.32251348105321,49.999821910871134
Kisumu,Kisumu East,2025-05-01 23:22:43.086192,5103,90.21632281252033,28.390280138029254,21.73923764292391,27.740785548760428,51.261655508798704,46.55544290800704,57.891178650117666,54.669286686257095
Kisumu,Kisumu East,2025-06-01 23:22:43.086192,9706,43.16033969994453,26.91452777266093,17.34397681663863,25.640851889136172,46.20663357053874,60.83010052530039,76.51135434781442,82.45280554949254
Kisumu,Kisumu East,2025-07-01 23:22:43.086192,12565,47.87090846948357,21.3457444194147,13.860824994206464,31.312105848239764,55.898330950540064,59.53254762363059,63.39643192161408,81.21683648874952
Kisumu,Kisumu East,2025-08-01 23:22:43.086192,11636,46.31866997418942,38.37487827861223,11.746225334639458,25.493492013019967,53.28581562196751,63.65567650664527,75.63624093910727,77.22186406980342
Kisumu,Kisumu East,2025-09-01 23:22:43.086192,4442,50.68063993113982,29.98365073597379,8.103417121655166,22.034041488990248,46.6189303417726,37.59893001522782,78.55412120800685,76.3169921468758
Kisumu,Kisumu East,2025-10-01 23:22:43.086192,14620,86.32537881339962,37.90789802644963,14.78240675795943,26.949638574613672,40.226026786954364,34.82484235650424,68.1211545304609,56.93031850379952
Kisumu,Kisumu East,2025-11-01 23:22:43.086192,5690,70.66054236661584,24.33415378413852,15.376754909945697,22.722638085152248,42.801114116835834,38.2066553254478,59.704818007662205,68.10654359207325
Kisumu,Kisumu East,2025-12-01 23:22:43.086192,10197,92.45539070297937,30.198662319135014,21.715399827319356,12.437405875347704,60.97306711100097,70.21547809409196,83.81233519616964,75.00687623170825
Kisumu,Kisumu East,2026-01-01 23:22:43.086192,11304,56.3147361970624,30.410792557834597,9.083086723245014,31.085679686487374,22.51182561976243,74.92252534174565,45.01325725378642,51.19800170148065
Kisumu,Kisumu East,2026-02-01 23:22:43.086192,14599,49.1587831310695,24.870635211775575,13.027389514118843,11.25698508602072,54.455231771812876,51.35076788175637,75.20733456409758,79.9691164755485
Kisumu,Kisumu West,2025-03-01 23:22:43.086192,11382,50.596890030770496,36.1820759434081,16.121832351832975,17.64887960025553,26.129318000684403,26.28382208298023,34.04335133329103,48.77700064655041
Kisumu,Kisumu West,2025-04-01 23:22:43.086192,6279,73.24296486064375,33.88643605391842,5.080821075754159,34.01158697735249,63.85523768709347,40.7701346259603,46.58159897765539,76.41854956399479
Kisumu,Kisumu West,2025-05-01 23:22:43.086192,7247,66.9397708058759,37.21550129084653,24.53592547525466,20.421638586590205,43.17864243672303,32.643188356888714,51.65589322099988,86.84338824050324
Kisumu,Kisumu West,2025-06-01 23:22:43.086192,2909,79.5348553470825,43.418676966571354,7.328889551593775,17.29104340295716,62.42077980641559,42.70175281973166,68.21029564605894,67.4240769842445
Kisumu,Kisumu West,2025-07-01 23:22:43.086192,3877,88.74534119047932,38.87732670281055,12.895498422728956,10.296563505126318,61.74270483722181,58.70530072715298,58.26430614703479,58.8869221596349
Kisumu,Kisumu West,2025-08-01 23:22:43.086192,9116,90.65763486107247,32.94592644499782,24.655674831337215,20.997621949203293,28.097716760532297,29.20556687200603,72.55909798393695,72.12105933094573
Kisumu,Kisumu West,2025-09-01 23:22:43.086192,4138,81.58524561231474,41.65436887998722,20.181921584573978,13.526828313206988,58.82466384369214,41.88203496425272,80.14912120175765,83.79586603921749
Kisumu,Kisumu West,2025-10-01 23:22:43.086192,9632,93.98813191887885,30.46258163088347,13.769607921625335,29.825509838685935,30.163530123687174,56.323194713729855,46.17346872026077,89.62928649914845
Kisumu,Kisumu West,2025-11-01 23:22:43.086192,7841,72.75495034482756,38.425360221120926,19.21918945955792,16.090678193013368,35.356532530852036,72.42992516766053,39.00094128425272,46.0324912904419
Kisumu,Kisumu West,2025-12-01 23:22:43.086192,10801,67.5187500985946,32.12730403572252,11.397950882314902,12.929286796924835,41.554547432133916,63.28567938088903,42.42825656568711,46.790813978928995
Kisumu,Kisumu West,2026-01-01 23:22:43.086192,3502,37.87792349884355,35.65118848095851,21.822234136919295,11.519996987592489,64.55611728851213,40.018372082118816,54.53071788154339,77.2978321104125
Kisumu,Kisumu West,2026-02-01 23:22:43.086192,10023,33.66232496846002,25.7157986431266,10.514020502934354,13.262350717016727,31.287361619852526,45.09098307037226,84.09880274060609,68.21266934886536
Kisumu,Kisumu Central,2025-03-01 23:22:43.086192,11496,93.98504372533769,31.23050778751648,23.63083044081102,31.814208959954563,67.46392356743316,38.34408759485733,61.997281203982396,88.46274950762731
Kisumu,Kisumu Central,2025-04-01 23:22:43.086192,3508,79.73624771163333,34.672299153317006,9.757555493130802,34.964652827318645,31.387011808876665,64.82775898419493,41.73795155162064,45.24845158528042
Kisumu,Kisumu Central,2025-05-01 23:22:43.086192,6580,90.3999639923058,44.358588705623966,20.85924248106221,34.479536030765345,45.03780125746995,67.59674482132988,44.5913086849027,72.657514089241
Kisumu,Kisumu Central,2025-06-01 23:22:43.086192,13582,94.49281995892134,27.017036795599488,10.632529540309763,23.477048129131145,59.41764036769778,47.576398362589174,67.76432384996507,53.01294069595764
Kisumu,Kisumu Central,2025-07-01 23:22:43.086192,11314,39.43982056001818,41.602803601628565,9.147608017733866,23.145075662836028,30.39544761679307,34.55052579536466,72.84143544569099,51.590184633387175
Kisumu,Kisumu Central,2025-08-01 23:22:43.086192,3731,39.20074084444562,22.544551654181042,12.377989223196247,30.80249539530413,37.77907535568178,54.64496628941163,53.33548258948361,76.22070222293061
Kisumu,Kisumu Central,2025-09-01 23:22:43.086192,7451,83.9899253784442,22.01378237098488,10.708660081675665,27.765599951090103,64.354421826129,46.9842496243466,78.55464620589161,40.696056529104
Kisumu,Kisumu Central,2025-10-01 23:22:43.086192,5012,34.99091693139515,18.594544391383508,21.085611452218824,32.97410690437189,28.056000053630296,52.71677112284893,44.33412603746965,78.53303869431343
Kisumu,Kisumu Central,2025-11-01 23:22:43.086192,6144,32.88651262543358,31.837234974768695,21.84033417959009,28.94825453939604,22.716066346362016,29.939125617701208,44.33944200253125,46.82836854469237
Kisumu,Kisumu Central,2025-12-01 23:22:43.086192,3640,30.208451215188443,28.000620116246157,8.503286710034681,20.401378167322314,23.402516285879038,57.64742467422525,40.945760449234115,79.85838121449626
Kisumu,Kisumu Central,2026-01-01 23:22:43.086192,13517,66.04167030815185,32.30138326435203,7.474529752234968,29.295514385976638,24.603202738623914,68.62494945717663,66.17545411325057,75.69858907688908
Kisumu,Kisumu Central,2026-02-01 23:22:43.086192,9728,57.7311229618027,39.323834609192595,17.243883844970654,32.38928792131905,53.638720525187374,34.71145253939696,62.02078805835271,69.32662212607347
Kisumu,Seme,2025-03-01 23:22:43.086192,14639,33.39597272643334,34.485801301288014,5.512821432356116,30.22718014882028,61.87731327844045,74.9673915376716,47.633179961491734,64.3795577344776
Kisumu,Seme,2025-04-01 23:22:43.086192,3576,53.92984314556487,19.860420457087375,9.703732464379032,24.176931981888952,32.758792340847414,61.300808036836,51.82265082862579,74.2831582411251
Kisumu,Seme,2025-05-01 23:22:43.086192,10581,50.45664288502597,43.26751710416241,17.781856422134965,21.233447327608953,66.74530015677342,59.2568589816609,51.8154172494138,83.51176889683595
Kisumu,Seme,2025-06-01 23:22:43.086192,12455,30.663155817570885,39.897731606814986,6.451577564705408,33.83045888634685,25.290793545119186,26.58664059937293,74.84043144020498,89.66014308918285
Kisumu,Seme,2025-07-01 23:22:43.086192,2199,71.82659413850882,39.59556757931534,11.002702364770665,10.832521701813436,61.57856662753789,79.43995758806994,71.36271473721051,75.15249967219226
Kisumu,Seme,2025-08-01 23:22:43.086192,9024,60.9811119019228,23.733818615677407,11.858019274926237,21.770130989577183,42.646056713911435,28.72451205977974,67.55207386611781,70.69841784411693
Kisumu,Seme,2025-09-01 23:22:43.086192,10236,40.05091716227228,40.092244840028606,17.852569521929087,25.12322117377648,55.67385298105699,40.19927207587221,53.68158954804109,83.48898346729534
Kisumu,Seme,2025-10-01 23:22:43.086192,8481,68.52289782735458,37.76924654377244,21.098947043460452,30.07476688250734,40.6493516475772,31.663457493850622,38.37389354624251,88.32001633618269
Kisumu,Seme,2025-11-01 23:22:43.086192,3163,90.89796320890957,31.927958493839295,12.778571090277849,24.615019835657712,43.94703177258128,40.76976812955382,48.06949879338517,68.82127019749693
Kisumu,Seme,2025-12-01 23:22:43.086192,8885,55.499208552958876,30.386953799864028,15.341661718290897,27.19507650603929,28.410421441156977,37.8279247574708,49.274412215266096,73.16153501127755
Kisumu,Seme,2026-01-01 23:22:43.086192,7595,66.5762673531286,28.746715466229695,22.13843117073951,30.941555860385886,55.59069197845489,46.46852015689761,77.90569159186174,71.43347495211813
Kisumu,Seme,2026-02-01 23:22:43.086192,3120,76.96899462095057,42.95534593491908,17.417321782579926,19.941960165116868,27.968888961866522,75.90185253899773,64.12833192137447,80.10714007137156
Kisumu,Nyando,2025-03-01 23:22:43.086192,2905,36.36737115600496,43.542846712060616,11.87412753549686,32.730005622764395,53.88615105962487,52.08673720351648,31.13333355372431,76.47241933469792
Kisumu,Nyando,2025-04-01 23:22:43.086192,3474,35.997815248835394,15.802504917717998,11.192186430346618,19.38760318067096,24.094586414073063,58.424927691390224,61.33256168517552,77.86096204513217
Kisumu,Nyando,2025-05-01 23:22:43.086192,3638,35.36464570594339,42.27153533870044,24.043778481943587,11.739862861587927,36.58437653129194,52.01858733897545,81.56773401642948,85.04796359464319
Kisumu,Nyando,2025-06-01 23:22:43.086192,5846,89.635395971126,25.077412373595322,17.014794042980164,27.667882182165503,48.59096144376121,64.5655061942476,61.9541733295935,49.46796321806607
Kisumu,Nyando,2025-07-01 23:22:43.086192,12523,72.76155026505305,16.009669956173433,11.325795982060816,29.153537478442797,25.302998077665066,62.93193719052396,62.095536094335884,59.31654469841634
Kisumu,Nyando,2025-08-01 23:22:43.086192,7424,64.01321796323333,33.73457797051153,14.326472190792218,16.473586046534898,27.479206386616404,75.0013177474744,31.333415487258854,58.37462118950808
Kisumu,Nyando,2025-09-01 23:22:43.086192,4965,70.67760834641611,21.13842545791699,24.83162090906706,29.742872814098757,62.190257572853625,52.379413353767376,65.36481616747794,53.590450314444695
Kisumu,Nyando,2025-10-01 23:22:43.086192,5488,42.635829503037996,20.23767090162963,16.709600270717207,15.227452773882247,58.22039178660195,31.505146859581274,35.35145381234056,64.11613056505502
Kisumu,Nyando,2025-11-01 23:22:43.086192,10143,61.474550880753384,26.756436507166107,5.351761296467778,25.595416844909217,61.59537370987923,78.87530571274428,68.24913134125956,42.49127434209209
Kisumu,Nyando,2025-12-01 23:22:43.086192,4465,66.75794614222558,25.557822372066333,13.752131984291294,20.18976104675132,58.759110946750575,51.63982946652103,60.814606786570806,79.45136532702924
Kisumu,Nyando,2026-01-01 23:22:43.086192,7491,55.41533367476424,34.060661157583596,22.025548110518095,21.683383680114012,53.381374330091866,46.044205716782216,61.12039190071365,53.35718776406297
Kisumu,Nyando,2026-02-01 23:22:43.086192,6571,59.45224360480303,30.10770323817725,14.07864304468962,29.02653541529386,21.954844622653347,61.19604316850954,68.45100090003308,56.137754683978656
Nakuru,Nakuru Town West,2025-03-01 23:22:43.086192,11851,67.31540973258757,28.860249338950556,18.757986776593505,29.455128973446303,27.58861001555361,55.38589179222776,60.782948020684586,79.47180343313488
Nakuru,Nakuru Town West,2025-04-01 23:22:43.086192,3509,72.35036769961242,39.5261969686142,12.356012797578204,17.926689774425018,69.23471636837462,53.568059775889864,59.24149231639957,71.11729736406122
Nakuru,Nakuru Town West,2025-05-01 23:22:43.086192,5921,93.82915700264266,39.9562837496066,15.743413070706506,28.019513305072458,54.66442097712063,61.5514259746025,48.558961187727846,79.1255715683402
Nakuru,Nakuru Town West,2025-06-01 23:22:43.086192,10838,94.76914866125804,34.05237177943678,9.888642993984124,19.979942900002477,45.1440379060069,43.77146068923153,80.16983616857468,65.15615228754801
Nakuru,Nakuru Town West,2025-07-01 23:22:43.086192,12916,38.01220844894644,43.213235921315814,5.043093851713188,31.144621790066232,60.75697897468362,73.41486705318995,53.118924209119896,58.521584823888475
Nakuru,Nakuru Town West,2025-08-01 23:22:43.086192,4953,79.03383415885324,39.808215232703276,16.714255451249986,19.40823681674923,28.82540489317725,65.39579449170878,59.796365460674004,76.2453593679295
Nakuru,Nakuru Town West,2025-09-01 23:22:43.086192,6255,40.30580218204527,24.97471985719943,20.791906705689648,34.179682187957866,36.45434326770207,60.78767212211625,68.41897807907296,58.461376274047325
Nakuru,Nakuru Town West,2025-10-01 23:22:43.086192,11530,74.63182652001906,38.00717541625247,8.649174427198872,23.01434242767236,40.49333783366909,59.68176986188631,83.79260300801083,84.10638985128372
Nakuru,Nakuru Town West,2025-11-01 23:22:43.086192,5581,69.82822102145781,31.005930469644145,12.624671022901019,23.971249660239483,63.39631533482325,44.19990774646509,69.36026701253707,46.865456168815555
Nakuru,Nakuru Town West,2025-12-01 23:22:43.086192,7319,58.0935265943735,34.85239619687172,16.62828327429253,21.285046896857217,25.696757597561096,78.51716705608459,40.39190908817399,52.73273067697157
Nakuru,Nakuru Town West,2026-01-01 23:22:43.086192,4313,58.3712338910712,44.4280244492436,5.480527527269676,29.320811246898295,34.81712920792645,44.721854386301274,80.93390957006406,48.664383321687765
Nakuru,Nakuru Town West,2026-02-01 23:22:43.086192,6302,31.95927782458465,35.86947253364933,8.36274747847485,31.64297189651573,21.743957960908727,47.639385386277695,59.16859605529737,86.7619278682221
Nakuru,Nakuru Town East,2025-03-01 23:22:43.086192,9286,30.610108251581817,37.646002013400775,15.222486385874825,22.548248975749907,69.68957537196519,45.733667232211516,40.95618601487824,77.20110806918223
Nakuru,Nakuru Town East,2025-04-01 23:22:43.086192,3839,49.579271260586474,33.48944754663569,16.006216302167644,29.888474039718233,32.939297645999865,68.84299833133596,60.83371537743349,55.73437604575505
Nakuru,Nakuru Town East,2025-05-01 23:22:43.086192,14758,30.849288917442735,21.600064050817092,19.350381981836094,16.72312636613313,26.465500144673236,46.58780679077415,58.30684762691073,83.0355331832106
Nakuru,Nakuru Town East,2025-06-01 23:22:43.086192,7258,84.99276649510004,26.44596890889257,15.533609630198857,23.23466238038495,28.944232349851347,32.75466577042017,67.35669576294191,74.69282386499937
Nakuru,Nakuru Town East,2025-07-01 23:22:43.086192,4475,58.677808235261594,29.2823369358823,12.068388489204512,27.396275701085777,56.378813511027964,66.77809142912838,54.184079601327454,80.13061167755296
Nakuru,Nakuru Town East,2025-08-01 23:22:43.086192,14931,51.70434812435534,44.48992001906767,15.891967730328169,20.533727087545984,46.55629200865023,72.90616249747686,78.81291039889238,87.87560316874357
Nakuru,Nakuru Town East,2025-09-01 23:22:43.086192,14129,36.13021824752356,27.381294546994337,13.561702312811274,12.626299036708382,20.912168104874777,59.73791845144118,55.774566096446506,41.42933419969753
Nakuru,Nakuru Town East,2025-10-01 23:22:43.086192,6500,61.34284495702231,41.98804609961326,20.852899886066943,27.508589540722216,29.2827931147977,49.614279486525625,46.62672217290749,49.875008496614946
Nakuru,Nakuru Town East,2025-11-01 23:22:43.086192,11781,55.24062380138028,38.359758384175315,18.135810653453774,10.270778645522327,37.598938992368076,52.784563402644,71.32622314793113,41.2317717994713
Nakuru,Nakuru Town East,2025-12-01 23:22:43.086192,10212,70.00613582103992,34.57938811336166,15.027215492602238,27.809792540588496,49.85556640068714,68.30635784665145,45.15489149178374,41.66339689990514
Nakuru,Nakuru Town East,2026-01-01 23:22:43.086192,2529,36.609547274666056,16.91968957262324,12.316648586713864,10.674072040389229,37.971078501356736,73.22211893162152,34.29098411954394,83.9623200160899
Nakuru,Nakuru Town East,2026-02-01 23:22:43.086192,12517,55.01970338485288,36.271074787269995,8.719365157577572,27.13161458980681,67.3357841726856,51.59806508667155,57.91742943544057,55.061178697038976
Nakuru,Bahati,2025-03-01 23:22:43.086192,9573,59.94822638688514,37.40447726082384,22.117070720169338,21.966288459480904,58.386005542146265,71.49462356027328,44.955499244914684,46.31760325262958
Nakuru,Bahati,2025-04-01 23:22:43.086192,5537,39.78686958286626,33.855183527037916,5.403659837842849,28.11134782741172,21.49020352304442,39.06418594527726,39.909986450129026,47.41029823164398
Nakuru,Bahati,2025-05-01 23:22:43.086192,6071,45.98280892672875,22.900866894806526,19.406594362272926,13.337889873130099,22.021771265712356,68.0125931900607,46.81983957735318,85.06533522065507
Nakuru,Bahati,2025-06-01 23:22:43.086192,3102,78.30625574885349,27.212863180340733,24.04438794269658,22.984564183897884,27.07193856188028,61.4967585748572,46.305274168585115,53.15015321061684
Nakuru,Bahati,2025-07-01 23:22:43.086192,7964,32.00241081038661,38.684264174393476,8.120827868634567,25.59275706114458,49.1977520002833,62.597678108424795,50.79447914378034,77.42450763795961
Nakuru,Bahati,2025-08-01 23:22:43.086192,13362,47.595280223830784,40.16604867147806,15.642611117181938,27.325786084607635,57.01909184142998,55.74652449699564,37.658391430197035,55.68972369352789
Nakuru,Bahati,2025-09-01 23:22:43.086192,10872,49.794961228797206,34.489719828920634,19.347629150901955,17.130932411871573,66.31834411239228,27.875604676653985,48.308677930349674,75.98394707038673
Nakuru,Bahati,2025-10-01 23:22:43.086192,12241,30.267556626673063,18.55025750256661,14.18606057422722,27.877238949692604,53.4310863124375,29.75352285995245,71.78277800918885,83.57054304132856
Nakuru,Bahati,2025-11-01 23:22:43.086192,14060,92.24359711647152,36.64024814318698,23.097018711261256,13.537178265178618,69.57432178005018,44.74467539678409,78.91135914651578,44.24252452699904
Nakuru,Bahati,2025-12-01 23:22:43.086192,7236,76.17336449000737,44.41197319238276,13.702480364221026,25.88092606703698,58.245486853040916,76.21522172662701,60.112214896453466,70.48167786370165
Nakuru,Bahati,2026-01-01 23:22:43.086192,4019,84.44329479168428,40.33527081050993,22.541631516968714,24.459731143559857,34.50614713174597,46.15754368691644,77.37605542329204,80.07448690641175
Nakuru,Bahati,2026-02-01 23:22:43.086192,8445,66.29510661145443,23.5624316172812,20.28456146616628,32.291877420162805,25.95214886467818,69.03209059377645,69.89659426496956,53.74222408676421
Nakuru,Gilgil,2025-03-01 23:22:43.086192,8356,62.552617450501934,41.28282388181728,11.860806342434822,28.97905176569961,67.80047466764515,31.08178187022729,79.68613717029648,49.10421694722979
Nakuru,Gilgil,2025-04-01 23:22:43.086192,14234,64.39496025587364,17.99918113716522,7.095489163957909,18.232649988427248,50.38592231209185,47.07562214916625,51.707097319466214,78.49699016536988
Nakuru,Gilgil,2025-05-01 23:22:43.086192,6539,50.01424206463105,20.666960237119966,10.994330125248851,34.549273821314515,44.619484984983465,48.4053078645974,40.204856396522544,49.688673837592646
Nakuru,Gilgil,2025-06-01 23:22:43.086192,7898,90.21171791982027,42.619842447999446,11.953405866598487,33.84252536191717,44.897446851448656,49.57777166568964,47.588195489913616,61.707195182180214
Nakuru,Gilgil,2025-07-01 23:22:43.086192,5511,32.3628119771818,35.85096520025014,18.17914771470444,23.56174375578899,53.736313564434376,52.00099172178638,35.83609369804372,70.81795763105642
Nakuru,Gilgil,2025-08-01 23:22:43.086192,4500,75.43108720767812,33.71260659274972,18.540640246017674,32.12465487056634,44.6863877527282,77.93652039917428,35.93798941894022,70.80262443282203
Nakuru,Gilgil,2025-09-01 23:22:43.086192,2759,93.35655176174572,15.090925908546028,24.52327628935538,30.16552672773342,51.233013552929656,57.32470148372319,48.56342667062836,76.64746695531149
Nakuru,Gilgil,2025-10-01 23:22:43.086192,10289,39.522068595973785,30.947511499087494,16.290115671685044,12.87306437196574,33.90176206349508,54.42313840781313,75.09078022283745,49.23382297156106
Nakuru,Gilgil,2025-11-01 23:22:43.086192,13389,87.18182529455694,17.173022989515324,8.55948369848411,24.593049974075107,67.91983025580492,65.27469737352241,58.59591306830753,82.77403719193404
Nakuru,Gilgil,2025-12-01 23:22:43.086192,9916,40.79246759280077,18.34101726438092,23.592826293452024,26.490737815672745,26.97792793617664,26.295640323077798,49.60913454797283,67.98678922964672
Nakuru,Gilgil,2026-01-01 23:22:43.086192,8099,58.96139739187309,40.71461703311445,14.802753738652477,16.566410102271554,61.87208357064972,26.395414416614823,44.17193296794702,67.56617879756202
Nakuru,Gilgil,2026-02-01 23:22:43.086192,10878,32.518668063127095,17.489037822012467,20.318378702274313,25.73129064877641,24.896835538239774,32.34644013596222,52.609775171999985,49.93549872287991
Nakuru,Kuresoi,2025-03-01 23:22:43.086192,8855,30.8547147799151,30.09571416222257,17.58439859243225,26.218314877629386,41.633324478791806,67.30892598799485,81.75629556690407,40.39433482621728
Nakuru,Kuresoi,2025-04-01 23:22:43.086192,6422,76.46444015556976,20.78015291836557,21.224794529007774,31.171300880097885,62.250076219904834,62.41541291713902,69.51796137173312,83.75841413984088
Nakuru,Kuresoi,2025-05-01 23:22:43.086192,8736,56.89364008107299,17.557977066346588,11.347486435947761,32.7163938304419,26.651913487611942,34.07700565741281,59.9915539056207,52.98397176289752
Nakuru,Kuresoi,2025-06-01 23:22:43.086192,14583,61.36544142949263,20.462741794826478,9.152119076604833,33.663317861042444,68.82599891179966,76.998660694926,67.45825686136189,79.62030488140005
Nakuru,Kuresoi,2025-07-01 23:22:43.086192,13395,77.15535359677145,17.646349067878013,5.048505150534622,23.620067344420242,27.88096468466799,68.70803638379317,45.013800137212996,59.63469994928437
Nakuru,Kuresoi,2025-08-01 23:22:43.086192,9317,54.914495702020524,28.228905051808567,7.4726907961245885,23.045472974939088,58.74874277104592,29.353982122297825,34.54028841778966,81.79246638550873
Nakuru,Kuresoi,2025-09-01 23:22:43.086192,9259,37.27347544473289,24.792966534104764,23.783788959278375,24.57705291503548,67.75835100965048,71.00258879152742,82.36626531904541,74.36550330512219
Nakuru,Kuresoi,2025-10-01 23:22:43.086192,2947,54.82594280430528,32.1873598395721,16.483704249376103,32.05069849683126,47.01007846029664,57.484880875962986,47.50186023583528,76.21243309234865
Nakuru,Kuresoi,2025-11-01 23:22:43.086192,9104,39.6686088009592,19.646531085389707,8.37270482505889,27.624188194310094,32.03996598211692,52.449339640356,67.5530879942263,50.06039738563777
Nakuru,Kuresoi,2025-12-01 23:22:43.086192,7083,63.8234146961822,38.7498566595576,14.56358902065508,27.776113725467095,20.81696269137029,60.91560441693402,43.972515855894144,88.09622836152656
Nakuru,Kuresoi,2026-01-01 23:22:43.086192,6400,73.2743662856374,22.642886501108656,8.34664605501953,11.417326226746399,48.46937659397434,77.80315126426491,58.877629698986155,88.68521992674727
Nakuru,Kuresoi,2026-02-01 23:22:43.086192,6565,59.451850375474834,36.77136244663488,8.900833862879223,20.73646574610231,38.08132989142189,33.65175926580927,74.41324769215475,44.416210443017235
Eldoret,Uasin Gishu,2025-03-01 23:22:43.086192,13763,86.2965270025746,43.522862784735864,23.030688474931196,20.538891939297386,20.164539886699515,74.95808115394911,42.85644984174921,48.46797032451076
Eldoret,Uasin Gishu,2025-04-01 23:22:43.086192,9473,43.49710985598039,24.852200312531828,15.428085498071283,20.219557208107368,39.14837397090053,29.629506941357704,32.08746797870627,66.07053959624619
Eldoret,Uasin Gishu,2025-05-01 23:22:43.086192,5622,65.3109302309979,19.47761980890738,15.289237141266575,28.739644160462163,57.12870374123734,35.781256014356586,32.40544058136229,58.89123004334567
Eldoret,Uasin Gishu,2025-06-01 23:22:43.086192,5756,35.97557751374836,31.437229960850686,8.923870429511751,21.92068908987509,67.64635597291459,76.5689716947046,77.31445372885779,84.95797302923299
Eldoret,Uasin Gishu,2025-07-01 23:22:43.086192,6725,45.65515035221303,22.654195085966723,5.615908429712093,29.147157787335917,62.21719667608188,70.80966617597409,42.460284386110374,40.36077831631981
Eldoret,Uasin Gishu,2025-08-01 23:22:43.086192,14407,49.12009860511442,33.90588738486213,10.167300680109774,13.349142485556527,65.63775358717417,25.25038118445257,76.4865652163652,66.05391500354446
Eldoret,Uasin Gishu,2025-09-01 23:22:43.086192,14861,45.3945648564748,24.433507136888636,14.14822209517088,28.620494363990563,33.329242465944006,28.445949546098745,55.652525045271844,69.16118549476684
Eldoret,Uasin Gishu,2025-10-01 23:22:43.086192,7286,94.12533295693336,39.70463230017867,11.09402283170243,34.36665400765747,69.2203812667716,65.82876199501823,62.08234274015678,81.24599273307868
Eldoret,Uasin Gishu,2025-11-01 23:22:43.086192,5446,52.634368083058845,20.255411012240934,6.153113641327055,19.852375128361764,39.50241536640681,56.409882465314716,66.54106977122606,89.02015147081835
Eldoret,Uasin Gishu,2025-12-01 23:22:43.086192,5202,45.86835864460638,35.17727928989811,5.252730924741207,18.200546294481832,45.044260817561614,73.46189877217307,40.96564217393853,71.66731787247336
Eldoret,Uasin Gishu,2026-01-01 23:22:43.086192,7591,59.928401260155994,18.82795816830132,15.88966031618722,18.09771813889462,36.96398438450758,28.467320890116255,36.36933247522914,62.15863203678537
Eldoret,Uasin Gishu,2026-02-01 23:22:43.086192,8141,69.8038645954098,29.339291292118467,8.495598738358133,32.69902157857382,27.219783966865513,63.10066737137132,50.05927528596637,71.9503593865115
Eldoret,Moiben,2025-03-01 23:22:43.086192,7403,86.36470880164296,25.86880356429335,6.504118195998068,10.046535554130198,49.82270913516402,55.80641327700353,66.33944274336264,47.24265317849194
Eldoret,Moiben,2025-04-01 23:22:43.086192,11148,41.7572811531234,29.060593422671282,6.239476377620337,26.709705388618726,31.0395115907644,47.068821426114106,31.288653927813233,55.67334643177418
Eldoret,Moiben,2025-05-01 23:22:43.086192,2752,53.12313162732728,16.125407036199285,15.835911615558613,27.906200744336306,32.79619000757572,39.9052192514134,81.3858507567582,77.41426152310495
Eldoret,Moiben,2025-06-01 23:22:43.086192,13579,67.41375879480108,36.88308751588329,18.111045884815145,34.73064754581904,60.92250896857064,32.22066299431781,72.27285747895758,66.57132909453958
Eldoret,Moiben,2025-07-01 23:22:43.086192,9070,33.894380134279146,38.675575465898106,24.64828565435111,13.356478557831316,68.65756472452333,30.54584493969384,73.97834123680093,66.31549900283002
Eldoret,Moiben,2025-08-01 23:22:43.086192,13645,64.58448877087974,21.507944619167993,19.65891066061155,17.485487724536753,39.186955027634205,43.85547461467935,33.55286427956938,55.653382799767186
Eldoret,Moiben,2025-09-01 23:22:43.086192,5702,42.61123622576627,44.546883428732045,15.059914486199549,10.996766367980056,69.7681771647951,42.916809254176485,38.99476897314663,86.56496080275464
Eldoret,Moiben,2025-10-01 23:22:43.086192,13444,36.94868842662174,18.43965222057227,24.81066800269031,21.997564010088958,35.58453796738984,50.95252036419676,80.46102263210996,69.5509249897132
Eldoret,Moiben,2025-11-01 23:22:43.086192,6838,84.89105293091342,15.325509143053592,20.47993831745508,31.195505691290144,40.50471059534337,71.14069599966302,60.77723856519739,59.041645498311865
Eldoret,Moiben,2025-12-01 23:22:43.086192,10829,83.78405367576218,27.3011351331834,17.044277918064296,33.728292420516965,30.169119011249972,70.20962564051663,81.32332265771413,72.57482216132252
Eldoret,Moiben,2026-01-01 23:22:43.086192,8821,43.90291615593392,34.90938852827102,23.13888416570887,13.195274104067463,55.32176085809968,62.776504306132026,71.78081862853966,89.22499896483359
Eldoret,Moiben,2026-02-01 23:22:43.086192,6021,41.1436186388756,22.31582333152117,9.735424293793002,11.011232239374007,69.5296845203327,54.30516855892302,61.75255790345044,63.910162334169186
Eldoret,Ainabkoi,2025-03-01 23:22:43.086192,14471,84.29794916772951,39.69095459340529,8.258980442261434,18.727975765031687,26.41347354603652,72.32553967484424,84.40014782639247,71.78404310717112
Eldoret,Ainabkoi,2025-04-01 23:22:43.086192,10956,94.9302817920449,27.171995957160497,9.033520742012474,28.41659087056498,28.628545356475918,62.970246558304545,68.48189793278476,79.82049099816255
Eldoret,Ainabkoi,2025-05-01 23:22:43.086192,11830,64.603784888537,21.54763280628237,18.87051514126052,28.360385255787527,27.4238774800854,52.785996619585234,60.267707938691984,78.16210076144084
Eldoret,Ainabkoi,2025-06-01 23:22:43.086192,8619,53.069905722239895,38.40320935630646,16.466585580915208,12.483484002650291,33.73481429291431,77.82983864367802,58.54456837337298,53.21298508658859
Eldoret,Ainabkoi,2025-07-01 23:22:43.086192,8481,40.618419811685406,28.144088998760218,10.91756225123204,26.579361009560536,39.827664463435525,58.66440729510755,63.19459574783327,54.68080254990568
Eldoret,Ainabkoi,2025-08-01 23:22:43.086192,4951,88.50154249782238,24.489222161386976,10.143398981299898,10.091943352089304,65.38723185957227,42.99592058548649,42.56329801447744,53.208775758998556
Eldoret,Ainabkoi,2025-09-01 23:22:43.086192,5962,62.92755194483072,21.06795159118729,21.064715859458218,30.127352970560523,50.89219520239188,49.399426432435114,34.22585700890354,80.85928153797235
Eldoret,Ainabkoi,2025-10-01 23:22:43.086192,6613,68.9974843046297,22.76605243385976,20.349969111098385,15.064416460438167,58.55829150654101,25.152685541075016,54.949967735872384,67.5634493163583
Eldoret,Ainabkoi,2025-11-01 23:22:43.086192,2037,85.27270929452085,28.641832871630086,13.08157191202557,12.805239634711542,43.5114056848375,38.60496408482985,70.60819118355056,54.264236677407986
Eldoret,Ainabkoi,2025-12-01 23:22:43.086192,9371,49.74510176140164,31.599016389977624,21.427463816292946,22.335237898657596,38.05279200472725,37.47928503592033,71.10194260260343,66.6303581280882
Eldoret,Ainabkoi,2026-01-01 23:22:43.086192,11157,54.7820271508667,35.330726108826056,23.50887826695745,33.46241463066565,26.2260170885371,34.06530410969937,57.57064273033901,82.82172235749601
Eldoret,Ainabkoi,2026-02-01 23:22:43.086192,14234,43.315300637545896,16.505530212203745,13.336359717238889,34.45014178525128,40.78048385206637,43.16103721199674,68.19257002132102,75.38211033502307
Eldoret,Kapseret,2025-03-01 23:22:43.086192,3758,31.69704766704007,36.27920220245801,17.299939821946296,18.493927786928992,42.32264979143651,70.96807752054251,62.16754911757469,65.9695007644316
Eldoret,Kapseret,2025-04-01 23:22:43.086192,12991,62.069444824298714,27.239989026470052,9.12420841276399,30.129107723688268,46.42575911009679,30.07879733454294,62.8193654321004,83.83854800322948
Eldoret,Kapseret,2025-05-01 23:22:43.086192,12208,47.920727303145696,16.815571099295003,8.836339411042708,22.804134216847576,49.70688609058157,78.21358715648341,50.16050742375061,46.03878133038689
Eldoret,Kapseret,2025-06-01 23:22:43.086192,12565,41.08921244989051,39.59171695708372,19.59003928802522,20.344152576009414,59.948050526100815,31.395604023995116,60.03906531004034,79.58088612152335
Eldoret,Kapseret,2025-07-01 23:22:43.086192,14063,65.19557117317325,19.7888555991633,14.12952953369578,29.58508924989427,69.86452272317645,45.16400576493239,58.22550062832001,81.11076720102994
Eldoret,Kapseret,2025-08-01 23:22:43.086192,2068,38.60057997070791,33.02762100201174,18.251301295549773,17.205387152512202,25.157027376921548,38.460184249695345,55.695724888084634,80.84426189202335
Eldoret,Kapseret,2025-09-01 23:22:43.086192,3577,56.91893837805317,28.930642162837426,9.97544766998031,27.46631375576661,65.81616016715657,31.48875378465856,43.13339985998511,55.534144631009845
Eldoret,Kapseret,2025-10-01 23:22:43.086192,13647,81.0664155916158,26.13275669996625,21.60307297744897,15.913297330237283,23.394629240782038,36.35561951083799,57.44598643616531,65.86817278710258
Eldoret,Kapseret,2025-11-01 23:22:43.086192,5160,88.7403211848031,37.3332965400337,14.535110111943208,10.757688154095792,24.3662403039533,57.5454557489744,53.26758892556087,40.970731629274276
Eldoret,Kapseret,2025-12-01 23:22:43.086192,12417,75.75409368209779,21.40379496292673,16.113930974251367,32.30378488254411,20.33775722518498,33.65358169819688,40.73836477558599,67.6160768150319
Eldoret,Kapseret,2026-01-01 23:22:43.086192,14929,38.06382575888948,44.20346966449149,24.284217757559116,33.6160075416209,21.559096039985302,30.50389791558556,77.8362860623221,58.50994574165465
Eldoret,Kapseret,2026-02-01 23:22:43.086192,9366,85.15174953740261,17.402404871596524,9.191847373208892,13.01545726888797,33.42365898551506,37.728445903937384,69.83861847402366,64.80340122024887
Eldoret,Turbo,2025-03-01 23:22:43.086192,12308,67.08441157184322,23.94904060612263,16.803718322093673,21.969667550506173,43.292138996147244,69.29132428739247,32.07434078860043,69.3738820570448
Eldoret,Turbo,2025-04-01 23:22:43.086192,5163,75.1553144723895,42.975455034946066,5.990547309447125,13.853872804653815,31.96975688346117,51.365915256714736,62.239723722882545,40.07963682560276
Eldoret,Turbo,2025-05-01 23:22:43.086192,3351,60.22584545574961,21.09069582183659,8.111687523813993,30.112184811472588,68.58353036059344,32.9579804689793,33.31740676370693,55.01781753298524
Eldoret,Turbo,2025-06-01 23:22:43.086192,3731,30.393471793709743,42.97039327814028,14.35801005735212,12.476994818446263,42.60240979466522,44.408092383108276,60.79377821753126,40.077055205286754
Eldoret,Turbo,2025-07-01 23:22:43.086192,13656,61.30533256588554,25.112363442831388,21.51550991102326,10.485334128046217,26.35773302272588,42.69741885990915,48.52295800675009,58.91147126625364
Eldoret,Turbo,2025-08-01 23:22:43.086192,4983,30.213042775389425,24.97259159651477,10.604121749516066,17.549885410525892,55.131529111493265,75.01792080668415,74.82909243687229,81.340963752399
Eldoret,Turbo,2025-09-01 23:22:43.086192,12856,81.76821353091522,25.034754589270285,7.507950017092249,19.150655720834372,31.445431556987323,67.88764306624748,50.315326836454474,41.581919041346694
Eldoret,Turbo,2025-10-01 23:22:43.086192,4291,30.782635320139782,26.123120760301,19.33016712750348,18.00175837354929,43.38192660803038,72.71102435653233,46.757475605652544,69.82761700387134
Eldoret,Turbo,2025-11-01 23:22:43.086192,2492,83.55084329386297,21.380291240945574,11.06232082553987,18.820448005817937,53.01358821103989,78.45303729800449,43.219550600483686,41.52454995540881
Eldoret,Turbo,2025-12-01 23:22:43.086192,4579,41.157654525476346,34.933726577753106,16.813403388337637,32.85746013580133,20.70626075468207,49.069411165692784,83.95747996390801,84.36860725701487
Eldoret,Turbo,2026-01-01 23:22:43.086192,12004,50.051890142081106,27.07159082391039,15.038216163607533,29.128873462601305,23.597229088114982,46.72037150658193,38.74477691716402,72.49385701650581
Eldoret,Turbo,2026-02-01 23:22:43.086192,10258,57.370524157427155,16.24874841686861,22.076456785933786,15.052700405913496,23.139307653044803,27.72640640338717,84.65745718250687,54.12907193119112
Thika,Thika Town,2025-03-01 23:22:43.086192,14708,79.44606902504461,22.457955825649933,18.577629001212692,21.196049510758183,46.21513377306843,66.6851223271036,64.74322856808755,70.7038811550114
Thika,Thika Town,2025-04-01 23:22:43.086192,4638,85.46139913411992,18.648970659953346,15.973107677926619,33.89207852562991,65.00566377018518,59.308619741743186,43.77143501472791,62.72440095944229
Thika,Thika Town,2025-05-01 23:22:43.086192,2589,55.63527934416382,40.69882886161079,17.785305584744194,12.811293519074045,52.91479111971192,45.15201613920247,76.46853193234593,74.53557518966488
Thika,Thika Town,2025-06-01 23:22:43.086192,5882,33.15149352544862,21.439282364573394,16.039699124496817,14.823774601565525,22.234873137603106,25.97248477196584,71.76483425276832,68.21164679156388
Thika,Thika Town,2025-07-01 23:22:43.086192,5872,41.79722319116561,35.77748302442454,5.625667427766281,26.093543732819843,40.944588893646795,28.765423182683577,43.94540633109972,45.26857436342623
Thika,Thika Town,2025-08-01 23:22:43.086192,6636,82.56674281625129,18.89016287292172,18.464315521458943,26.763723306427597,30.78614247516353,36.927732130962106,33.07053387727334,71.19725122441393
Thika,Thika Town,2025-09-01 23:22:43.086192,4212,90.37282806313056,37.91728221754719,6.603696877607128,33.23133118389317,33.70107803065043,49.248617165216075,40.604279382713486,50.45425427644528
Thika,Thika Town,2025-10-01 23:22:43.086192,5041,68.41576326462943,36.7411649413844,19.6291256361192,33.92496580325779,54.49521210326964,27.005831904788792,49.99566130792766,59.48396719513808
Thika,Thika Town,2025-11-01 23:22:43.086192,7976,74.3135104730578,39.281629602833846,9.577650320794342,12.263013477843796,48.418867964522164,64.95184445858521,69.41575059363855,83.39994998434031
Thika,Thika Town,2025-12-01 23:22:43.086192,14788,36.3891764350334,19.060848856755754,21.310339499421907,34.26670180390114,23.59364757616993,48.85561757741862,72.61154834209987,55.596976302298366
Thika,Thika Town,2026-01-01 23:22:43.086192,2069,33.10891219899583,24.79227923013307,19.94450810248628,17.319114409193027,56.160657738729334,46.12031911254388,57.46249499649835,42.123621824088914
Thika,Thika Town,2026-02-01 23:22:43.086192,10279,90.37846986594903,23.32621516613046,24.735639099452868,24.256788185326364,54.710538249022946,73.84331941476569,70.5599591511465,56.69488257326168
Thika,Gatundu,2025-03-01 23:22:43.086192,8677,50.04941471620209,23.733707320135764,7.10261697995854,27.46203611365817,37.82481055657382,43.378546159222935,36.11109944669422,77.9846180834704
Thika,Gatundu,2025-04-01 23:22:43.086192,11962,76.84526944155701,41.56644029548619,10.830901557175816,14.743965964232359,38.14547984609874,33.71363089703984,47.334502981941675,88.8686338476426
Thika,Gatundu,2025-05-01 23:22:43.086192,13330,77.22381094910885,30.715251617047702,19.36211758926789,13.18079749239645,23.755652625955854,74.2236142183176,35.9279542635799,69.35294338844031
Thika,Gatundu,2025-06-01 23:22:43.086192,5782,77.63600316961683,41.202391643791934,5.998114672884007,31.574555983973845,36.070531057884466,49.39189043641065,60.21118749337154,88.77563711082482
Thika,Gatundu,2025-07-01 23:22:43.086192,7695,78.59544554870976,16.85864445246781,7.988510431959295,11.949647926457217,67.13565552023971,31.485008378674355,62.10888371093883,69.41021352641695
Thika,Gatundu,2025-08-01 23:22:43.086192,8335,38.31273598523566,20.325348158752313,10.466706786288526,11.787402202364802,40.12068589905017,51.20549086123603,60.76433448036525,87.20369252908591
Thika,Gatundu,2025-09-01 23:22:43.086192,9521,78.1934413921046,23.82781881199545,7.73941330337448,12.121121941287093,21.107612837588878,43.21760205316988,72.13468467821131,64.472294840155
Thika,Gatundu,2025-10-01 23:22:43.086192,12807,80.77281770910596,40.23133281821103,16.337539970370052,11.961516096881633,38.94925989215489,54.33965527584676,55.25732143404801,52.63105153503279
Thika,Gatundu,2025-11-01 23:22:43.086192,7520,37.516122267493884,41.2396084717831,17.757481532654527,17.860070161605055,50.71523309913188,75.27007825299819,58.11273966424343,68.08342389816711
Thika,Gatundu,2025-12-01 23:22:43.086192,4991,33.72873657793599,36.135834991368796,7.070020943656097,33.14568685316719,36.61033863008322,28.804133037505814,35.26886222496137,64.30727458345493
Thika,Gatundu,2026-01-01 23:22:43.086192,6788,31.505797795145014,43.64085495574869,11.447593957989671,18.844939125224435,49.40549823836784,78.34669873084087,43.57040981647432,42.55871277959659
Thika,Gatundu,2026-02-01 23:22:43.086192,12171,89.6266006047689,29.229828083834622,24.139295046454063,20.11155085923847,43.7149494760884,39.4745198225203,48.77135322697252,41.274302432647836
Thika,Juja,2025-03-01 23:22:43.086192,6709,58.99570784815667,40.91120114792294,6.319139713405271,18.19985270955881,59.93935003987904,43.40351254670718,45.53570558243281,74.97501399854556
Thika,Juja,2025-04-01 23:22:43.086192,8030,32.32381524986398,23.951767298528274,10.940350759644609,15.338162850963482,67.99246193018047,73.54873124352093,78.14023221405819,52.347302502616046
Thika,Juja,2025-05-01 23:22:43.086192,11206,58.19494315489602,42.887631424725626,20.20150331312537,17.214441623743745,41.0116048355965,59.64537812961751,37.10887008858686,76.82616355470262
Thika,Juja,2025-06-01 23:22:43.086192,3935,78.82975726044648,32.108962947513874,15.750955942508572,33.334025807944855,33.17577280583812,55.79262117185674,62.85383633474316,77.85381328667484
Thika,Juja,2025-07-01 23:22:43.086192,12883,35.96035566010124,30.43846320036964,6.598038220865721,28.864558076843192,55.5181198163444,77.18189127817473,33.85979323145962,51.31084379687566
Thika,Juja,2025-08-01 23:22:43.086192,5779,33.65479990430511,32.183143576047854,7.905758583792419,13.077268709512454,62.22973921715593,30.83798446090197,32.77156241569691,62.84770773505247
Thika,Juja,2025-09-01 23:22:43.086192,6934,48.546706270505105,20.26419379078037,21.845581948090338,20.923538497333972,23.33644436244579,41.51861466884813,50.927905133238866,70.2340386207483
Thika,Juja,2025-10-01 23:22:43.086192,9093,84.18812539740756,27.990757984446713,7.5221152624238545,18.742089095914366,36.66696834457473,78.27684971726313,73.97290813009802,74.9020991922863
Thika,Juja,2025-11-01 23:22:43.086192,4699,83.24889211478745,31.247167958219613,10.298318334381968,17.37181960716998,45.64556719401754,73.54089848721463,84.60061321437666,55.08525696331398
Thika,Juja,2025-12-01 23:22:43.086192,14727,82.78960449364752,25.680280331260587,10.525947501221273,24.899531461602905,49.97490719871906,69.93533540046695,45.6187296369487,74.4361470191152
Thika,Juja,2026-01-01 23:22:43.086192,6295,45.72000714936798,24.223746917084956,8.106534245377688,16.844190415831726,57.54670867943824,66.54521240248204,44.15227663761348,75.23066877190048
Thika,Juja,2026-02-01 23:22:43.086192,12739,44.68620663957748,19.262997790231392,13.700932972887971,33.56911922756003,30.53620174005171,78.19445458237611,69.1512028803248,74.65746040061418
Thika,Kiambu,2025-03-01 23:22:43.086192,13645,59.806774094184235,29.26929372558406,6.422792646589201,14.526241849835674,37.244225725756365,78.47178116931558,55.29310971090867,81.88685556122371
Thika,Kiambu,2025-04-01 23:22:43.086192,9762,49.25504407850457,32.313002359126564,12.45348427437053,23.671029731389975,55.83793733736614,48.611354833840764,67.87788698823866,48.39080837307469
Thika,Kiambu,2025-05-01 23:22:43.086192,2604,79.74978298794863,36.8134877188687,16.760956155433902,25.096603243726676,62.68902554049711,65.53269118130821,81.90983648989305,75.8034660872631
Thika,Kiambu,2025-06-01 23:22:43.086192,12815,43.549678326897784,28.78420579114863,23.94077305249912,15.997010514998157,62.011333532487086,72.15730330869494,47.51432675617341,57.32687180532808
Thika,Kiambu,2025-07-01 23:22:43.086192,2969,70.99158951252235,26.31756615228567,7.97435489024558,21.07033935124577,47.790127390095144,33.32993278635989,52.37472671732782,74.54538710508115
Thika,Kiambu,2025-08-01 23:22:43.086192,10198,32.96358177807004,42.965180054732,11.3790654594597,14.398136659175027,67.40567908667794,63.14945933102083,78.55892096025399,40.25940655328651
Thika,Kiambu,2025-09-01 23:22:43.086192,4460,60.046076640272375,15.162452199344003,8.283503799555563,29.682274987269288,27.609839979301714,36.69848890043269,60.095013838129965,49.18126578650528
Thika,Kiambu,2025-10-01 23:22:43.086192,5641,74.49661638691143,33.59407246421248,16.538960231109137,12.162524653617984,29.193139688145408,70.61087909866774,61.35081899419619,69.94081501601785
Thika,Kiambu,2025-11-01 23:22:43.086192,14275,84.47843836505686,37.69122559230978,21.854269287841394,14.143289274440757,40.5346015586932,53.379870300176925,38.08917467889009,80.72426640360993
Thika,Kiambu,2025-12-01 23:22:43.086192,4892,83.42684517490126,33.05161063484735,21.23361782743236,14.786856324506875,49.07859566884402,73.13439532139277,61.673483251933824,86.13714646836911
Thika,Kiambu,2026-01-01 23:22:43.086192,11210,43.41996547622105,27.253115774189396,20.50384177991159,32.92230098091295,33.87065318268954,74.10815459424258,69.24754654604607,41.69078844618053
Thika,Kiambu,2026-02-01 23:22:43.086192,6027,34.76522326540171,34.6541729461575,17.296662763778563,15.118280502444684,69.57090409410141,41.24806991505886,30.925399181008956,44.2893307548751
Thika,Ruiru,2025-03-01 23:22:43.086192,10863,48.324119134299934,20.499509080453628,15.975225315153168,17.665360824801898,58.76890185911078,55.20325418038108,48.586525464538674,64.9973228209358
Thika,Ruiru,2025-04-01 23:22:43.086192,3382,50.51441828286661,39.979486714084686,14.480029298871745,28.904781332948374,24.106414121650364,78.32139536700865,32.088725174243876,76.77496574409571
Thika,Ruiru,2025-05-01 23:22:43.086192,4406,34.96165027093567,29.271352644359183,21.267314403454133,11.730691540068536,68.27446649987547,40.54778059459275,34.23299733750845,41.07752934396997
Thika,Ruiru,2025-06-01 23:22:43.086192,4831,67.28233178464356,24.43086255106762,24.108090830427397,28.475370664159744,66.07805823090965,54.708101750951016,71.33237652803584,78.57026856576448
Thika,Ruiru,2025-07-01 23:22:43.086192,14471,82.0213045216502,21.940872928844726,21.0942398771035,34.13505639027845,62.2700409334187,32.598040628172114,69.87306780667156,62.682816782475626
Thika,Ruiru,2025-08-01 23:22:43.086192,5175,37.32133380503208,20.23294729003019,16.447365761310063,33.67801852767684,64.95467066147773,29.62946060582714,61.09573217781349,88.69342253729945
Thika,Ruiru,2025-09-01 23:22:43.086192,7462,52.607470133781135,29.53389114543797,19.078364436088275,14.36477613950181,22.25460677602518,33.46480858512344,71.95340598631432,42.32540918971892
Thika,Ruiru,2025-10-01 23:22:43.086192,8669,49.50813259627885,37.16811886532264,11.318996651284639,25.26091300833214,35.67586388890722,45.7642909717887,38.77430688286882,66.48209434422965
Thika,Ruiru,2025-11-01 23:22:43.086192,7629,76.84674202841342,22.845480405940734,17.750595459839875,32.2128013655415,67.55308519972957,68.21438223176929,61.222344811419426,53.9667736966073
Thika,Ruiru,2025-12-01 23:22:43.086192,2317,79.69212463487008,19.221428718943166,19.134422899007113,27.109216783842335,64.42673786961112,67.49007971480079,68.64282462048664,41.69697362700307
Thika,Ruiru,2026-01-01 23:22:43.086192,9125,91.6843420629508,37.070815474416214,17.5144341633396,18.477620833442923,61.11763227703098,29.476589038974957,60.3766085380297,49.352968725665065
Thika,Ruiru,2026-02-01 23:22:43.086192,10433,54.48518578325951,23.52041082834932,12.495939326948609,26.80388721746739,58.649547082383286,33.975173041691704,63.12912319560592,73.48058532492581
Kitale,Teso North,2025-03-01 23:22:43.086192,10580,88.41615976237517,23.803196268595745,6.608207749644215,21.447687152484654,46.38612455908449,37.90402022992812,84.15297947783603,51.38337709542024
Kitale,Teso North,2025-04-01 23:22:43.086192,3168,77.55015620117325,23.369812736630458,22.377292417877186,19.979103050785092,64.72386843142198,36.40908736372435,48.4851782836416,89.63724304821287
Kitale,Teso North,2025-05-01 23:22:43.086192,5815,49.16633455577279,27.75491990529767,24.748529510460703,14.985949872732814,34.291255414831724,37.1162033534428,83.11762510913486,71.91564592094262
Kitale,Teso North,2025-06-01 23:22:43.086192,2650,78.71505774365411,29.56191058815297,20.75175653934229,18.536977336831768,57.60243275672865,73.89173370525661,37.25001076991873,66.61973518771376
Kitale,Teso North,2025-07-01 23:22:43.086192,9021,59.6303844643244,34.38261434038344,18.476828971516348,32.598488054925085,45.59909381207963,58.820102238099146,32.903235280209444,79.1237755998344
Kitale,Teso North,2025-08-01 23:22:43.086192,5966,79.4610688089803,26.841541561620076,12.601492215158103,27.415987680576446,44.43124477062002,47.65752117347027,64.69834979729833,82.84105355396714
Kitale,Teso North,2025-09-01 23:22:43.086192,9819,35.53810446934771,20.46950106164398,19.33073937546106,13.935075110551697,33.306745770281374,56.57038964313344,59.71020075320556,69.96341697859621
Kitale,Teso North,2025-10-01 23:22:43.086192,9006,78.89067028259052,29.966752082229704,10.511957280480493,10.14966460672216,42.12845103315707,73.79762547208676,32.74603278345734,76.23546891319099
Kitale,Teso North,2025-11-01 23:22:43.086192,5105,79.05324685635873,22.335808902321567,6.375286961848827,23.975543698150656,46.77547683346246,67.79083915296275,56.18824449434611,68.91964107587303
Kitale,Teso North,2025-12-01 23:22:43.086192,4373,60.459571586690984,39.95473551027503,11.43359613130458,22.245108672394977,68.7574572360205,40.5595267907872,52.30150083309284,72.98745035220747
Kitale,Teso North,2026-01-01 23:22:43.086192,10828,59.54493213790408,33.04648479222686,6.336952309683436,28.916879707550105,67.28873225776937,49.75540076187745,58.1814283607127,84.91879650401748
Kitale,Teso North,2026-02-01 23:22:43.086192,8658,66.03874969528977,34.131630040257825,12.720791408471374,12.212877097848274,67.44433204661446,67.75296554267607,49.18452264992662,78.14943372583309
Kitale,Teso South,2025-03-01 23:22:43.086192,11995,64.8625364703,42.69801408844059,17.619566878407277,19.704971040441976,37.58931093204844,49.32758107842017,71.05876912492812,66.68584809793336
Kitale,Teso South,2025-04-01 23:22:43.086192,13929,81.6976062322289,32.77675003449059,17.959789090690144,25.806371432901315,65.6637316231179,79.29702111396398,51.52297659888001,51.02443008300446
Kitale,Teso South,2025-05-01 23:22:43.086192,10403,91.4068280789957,37.92798259122985,9.495646117092143,22.06629550348606,43.56637681098154,33.383307304673316,58.81191526693944,89.6254532570448
Kitale,Teso South,2025-06-01 23:22:43.086192,13072,77.33060060021953,35.58555847449601,8.932843657146536,14.303360263164379,61.1468598957161,51.505212363318364,81.71961642440111,57.50271151907944
Kitale,Teso South,2025-07-01 23:22:43.086192,11621,86.16403476901333,27.482933229588106,8.928520999889118,25.521493274746113,55.366179347712944,51.05565907945113,81.79183393418246,60.10740861110929
Kitale,Teso South,2025-08-01 23:22:43.086192,5516,67.91852261058526,27.240772860105505,10.047284133911687,10.036804709404725,45.57404761620353,43.29688369080142,41.00345285655783,70.19718983607018
Kitale,Teso South,2025-09-01 23:22:43.086192,6296,34.03537614447886,25.768139455353747,20.914211588221548,16.313528704023398,39.88532415752381,61.22577696169045,72.63491805488471,89.12443739249922
Kitale,Teso South,2025-10-01 23:22:43.086192,12990,64.77781843713737,26.768366157488764,21.285273062065425,30.46663854339875,41.281566554345574,53.29649150724412,76.5873017812556,48.200089431190854
Kitale,Teso South,2025-11-01 23:22:43.086192,5681,33.70816567891249,41.045972120537655,15.977038784108366,33.49665153076748,59.26012664786776,47.278099519985055,44.13362654131158,74.13968648710555
Kitale,Teso South,2025-12-01 23:22:43.086192,14565,67.40819071249868,29.203844164143632,18.385532321236887,11.196741167005722,48.275032855503,43.71347031416332,57.4700457840082,75.75089146456352
Kitale,Teso South,2026-01-01 23:22:43.086192,3700,44.57476321011508,42.222467223650106,8.76065096523326,32.53143160741343,50.70379102450218,70.35279633209309,55.98090987887977,84.5207388094189
Kitale,Teso South,2026-02-01 23:22:43.086192,3733,51.80455541275173,17.64270098213775,16.11821328351906,32.81169008179572,44.89707178691485,48.703532927543904,69.23224525322495,51.062462291185476
Kitale,Nambale,2025-03-01 23:22:43.086192,4736,86.5465124384388,22.38483507224281,9.057889856379441,18.423225360263473,61.01616445192054,61.166727779912435,45.179573139715316,47.74385610004554
Kitale,Nambale,2025-04-01 23:22:43.086192,6959,54.569103525412096,33.79041112079558,10.990683485804055,14.47585461367379,54.7628837899517,48.768214688934606,62.30764302269927,62.14500224868044
Kitale,Nambale,2025-05-01 23:22:43.086192,2356,73.57349566139342,43.879970263469104,12.607698245503043,34.24705639057619,24.188863784983845,61.61372075861011,32.791116637945294,88.82831326457038
Kitale,Nambale,2025-06-01 23:22:43.086192,14410,55.452589848270584,35.95595549851093,18.222009603218872,10.71162883057687,36.50605608625781,65.25274616107924,39.99077559297705,75.86517094808511
Kitale,Nambale,2025-07-01 23:22:43.086192,3547,80.13561751848431,28.43751148143204,5.298191094663263,22.624257058202875,61.08126729302437,44.999378542347074,66.91730123418186,89.31208835150566
Kitale,Nambale,2025-08-01 23:22:43.086192,3487,30.690429447235655,28.324329488203567,14.411952735517538,16.895038607460837,29.779838182677707,59.656427399621194,33.895495933913516,50.82101145252434
Kitale,Nambale,2025-09-01 23:22:43.086192,5628,86.71230104938294,16.834142412944487,14.813948830725652,20.593537986216127,25.308160028077236,72.65484696075958,73.69033926739888,64.63775210496449
Kitale,Nambale,2025-10-01 23:22:43.086192,2441,91.39901120286004,26.606520019538436,23.431414237271962,10.288712530676571,24.548039923419225,78.65969772154973,83.13569548679752,82.91760913013348
Kitale,Nambale,2025-11-01 23:22:43.086192,14228,49.9583085942812,41.14915195395079,7.171905255452485,25.19927939273093,28.05863650417254,27.705502806646415,49.43635677211929,48.85472031828612
Kitale,Nambale,2025-12-01 23:22:43.086192,4205,60.88977108222525,19.95198276546499,8.968834071867908,12.152192182564436,20.455272053055296,49.419232353233625,62.77085050036264,82.89457933833168
Kitale,Nambale,2026-01-01 23:22:43.086192,12138,30.029005353235146,37.55343769182248,9.482585207988564,33.7199649102323,63.11236291499678,71.87430650740946,60.60449564264886,59.00510094131293
Kitale,Nambale,2026-02-01 23:22:43.086192,14513,79.16342703474426,32.228450255995014,21.507334239034147,16.08112348522933,37.935591336634474,41.42767176527269,65.98979154737943,65.5346412125181
Kitale,Matayos,2025-03-01 23:22:43.086192,8590,39.549178721586905,36.197022527589155,5.714348178234201,31.375905634299137,60.08336481622442,25.545303349636967,40.646616833201946,89.68480474822985
Kitale,Matayos,2025-04-01 23:22:43.086192,13128,35.38652413317335,23.037063290107348,15.481697311710432,33.01697116553487,50.0853194205273,79.03066330914469,38.32500657121591,87.34263704202019
Kitale,Matayos,2025-05-01 23:22:43.086192,12292,64.12125835397543,19.67608038003152,13.778370435751356,25.224837379014748,37.24850600033439,43.58811290749871,58.07764273935621,82.05360016983661
Kitale,Matayos,2025-06-01 23:22:43.086192,5442,66.16762121757009,34.29345474888211,14.173911667912314,25.812829418264315,50.42822312958056,36.341887690801926,83.0380984073385,58.32274061443357
Kitale,Matayos,2025-07-01 23:22:43.086192,11647,79.92785365870505,29.23210793590482,22.3362852509259,33.5711463164817,34.07278325616794,60.58745279741934,36.98759115477345,41.11474334283068
Kitale,Matayos,2025-08-01 23:22:43.086192,4829,44.97812254682095,23.924712548477615,22.208674539319247,13.292567246667522,26.956116740355363,41.859206299226926,52.3734552943656,47.24487756517369
Kitale,Matayos,2025-09-01 23:22:43.086192,13854,34.868046211865455,31.035289562798596,8.635309375995988,31.032212348924844,50.781265423652286,66.24379685735525,57.6593155880974,62.738357951086584
Kitale,Matayos,2025-10-01 23:22:43.086192,13639,36.54464013096184,28.59792936799667,13.301910325751576,17.15111476303026,42.39030438146949,36.34102549968876,64.7079870596447,60.70509302890446
Kitale,Matayos,2025-11-01 23:22:43.086192,9989,61.029911522397896,31.337109959443303,13.951207074055725,31.69184470721802,69.63456995008147,77.42152413157238,66.01440881772831,84.74166622209503
Kitale,Matayos,2025-12-01 23:22:43.086192,6069,71.5306532037111,35.60561071283814,16.96592538288617,31.708532233220254,60.156418581970996,55.512476668416014,33.41773310866553,65.56758763686749
Kitale,Matayos,2026-01-01 23:22:43.086192,14091,37.888758745350806,25.159640638864452,10.267506094529399,20.559211744878517,69.36806028887221,44.84253478327567,74.26467889902494,50.855237249166024
Kitale,Matayos,2026-02-01 23:22:43.086192,13851,62.74500208204649,37.01636360594858,18.335162504363307,22.337915471550005,59.40533298042121,65.05364665725648,42.85786038876297,70.1530751043505
Kitale,Butula,2025-03-01 23:22:43.086192,11828,87.7386073389427,44.03462498644352,12.125169285482055,16.124634730905697,34.57308236762128,69.17649317170392,47.27958755689764,84.53261328676808
Kitale,Butula,2025-04-01 23:22:43.086192,13986,46.342374140575046,23.038141280542522,18.506853436072,26.482761965809267,40.085934276304314,54.14382982059239,70.64450818513366,82.9344722433251
Kitale,Butula,2025-05-01 23:22:43.086192,13574,63.41764115098163,43.60187905709395,15.37399530415292,23.085897061892712,38.26311201111267,30.671858377289364,84.05814557424173,42.09036591008406
Kitale,Butula,2025-06-01 23:22:43.086192,6336,92.05581620539688,38.60956874369979,15.601287588811994,19.41501267130166,28.876868633746977,73.21859043795877,81.16392723813419,77.28367821851873
Kitale,Butula,2025-07-01 23:22:43.086192,5077,72.86621707393982,40.090223702597115,5.6478084595751366,16.654486252467166,35.12210460179014,55.94897925630575,51.58853633006716,69.7006378251676
Kitale,Butula,2025-08-01 23:22:43.086192,2522,59.84837908539219,28.298682448716917,20.96665984518254,21.352082131463472,29.33172641927001,29.664781299074832,57.32439021565591,62.56128275422376
Kitale,Butula,2025-09-01 23:22:43.086192,11139,62.70200919760268,15.894502903234587,20.13084614270724,31.613216245921326,52.65488771983329,55.318320907326736,57.344064574218024,53.69991806706237
Kitale,Butula,2025-10-01 23:22:43.086192,13269,63.27266133746556,41.34250670467132,11.58780799802784,30.37172617660879,53.860276512751696,79.42595892000026,43.35452234612805,65.75085888779299
Kitale,Butula,2025-11-01 23:22:43.086192,14421,54.00538047522201,23.134939203731317,15.361428291554462,24.532436920876687,42.326799085826025,76.23855273928258,65.01316468336402,79.49123273118693
Kitale,Butula,2025-12-01 23:22:43.086192,6555,89.17553201846948,27.87907646061691,7.073788454740793,10.976235990383012,52.51014921503755,78.65675715580325,45.9356808768613,57.27946627847593
Kitale,Butula,2026-01-01 23:22:43.086192,3979,41.13223753797958,20.805114194918268,22.618550960478462,13.389788521955525,39.567479516851506,36.32290561691924,30.96869526099476,82.21680222733482
Kitale,Butula,2026-02-01 23:22:43.086192,8726,43.62365063436963,15.359477160363388,18.0150633819488,31.995271286811942,46.84228377953414,39.87698864748824,60.78998484521049,74.5031787878944
Garissa,Garissa Township,2025-03-01 23:22:43.086192,4533,60.24479370554077,37.39230574638161,5.646222007291996,19.416364357806188,35.17639297988846,41.49576817129537,52.40712293428347,88.13670106127444
Garissa,Garissa Township,2025-04-01 23:22:43.086192,5336,41.10452042186171,17.74050504384606,5.302821478977204,25.4847912034414,56.63776993638878,78.33983583640642,79.60705491945477,77.78030645313368
Garissa,Garissa Township,2025-05-01 23:22:43.086192,4064,66.83591255311566,36.89152124109424,15.881580301693868,34.28592788653371,50.57138907560642,79.27529529284224,62.97431549206754,45.48498538151178
Garissa,Garissa Township,2025-06-01 23:22:43.086192,2566,93.02710210993716,35.800374110762725,19.089103704513114,22.216252164341068,42.68386645156312,74.88530953140217,78.02943293124488,62.4173677843287
Garissa,Garissa Township,2025-07-01 23:22:43.086192,11795,42.82340661561914,21.513500969789185,16.270970542605347,17.156514556333143,24.355472617456826,48.48981228726376,50.420671098316475,59.73650444638635
Garissa,Garissa Township,2025-08-01 23:22:43.086192,8419,67.4671461958788,30.44059941203998,18.014782535007647,28.772854972614635,36.41116554849306,53.326939699694165,31.290901022629964,78.8465856703583
Garissa,Garissa Township,2025-09-01 23:22:43.086192,9166,40.041571575180775,27.76119032868083,19.08780393799809,23.807813763286603,61.853001407703175,75.63678745483685,81.69959627299986,66.9494054067043
Garissa,Garissa Township,2025-10-01 23:22:43.086192,8962,74.0208243438388,24.165559005425944,16.124964533745928,34.03955226087267,27.359326174170565,76.14032882054983,53.77244171537026,54.02443055127851
Garissa,Garissa Township,2025-11-01 23:22:43.086192,3612,73.36219487859677,23.665057351036353,7.4304289176440586,26.19135169234846,57.21263991923649,59.13883850362023,32.79520795116792,52.83802318053296
Garissa,Garissa Township,2025-12-01 23:22:43.086192,2244,81.86778168543614,28.11814571311956,21.978013628740303,10.120393588022011,54.883290690067454,60.996236264934765,57.26350338831498,89.41652101205486
Garissa,Garissa Township,2026-01-01 23:22:43.086192,6138,57.59083994291741,31.76502942791912,15.430873222330332,16.930080108672147,28.351466450415995,39.77028543875703,81.63359403916597,41.840214646348606
Garissa,Garissa Township,2026-02-01 23:22:43.086192,13376,90.12603728726849,21.03280727693647,21.319892043884373,26.859427382260375,46.58876109812716,68.35685868469875,57.14985816340917,69.88539459747186
Garissa,Balambala,2025-03-01 23:22:43.086192,7156,63.8243246708227,39.627507511766694,23.338796219147365,23.571380561164688,20.1157945424374,65.10399679488074,63.65331902762435,58.51050096074566
Garissa,Balambala,2025-04-01 23:22:43.086192,4872,37.327005238701744,23.952879165234314,23.10398678663567,11.412579189199814,21.500148869184155,25.13979334650857,48.47925627255381,58.07512886265343
Garissa,Balambala,2025-05-01 23:22:43.086192,13580,68.69738074540902,37.477433520796765,10.824526069725628,16.842725319820314,49.421272594642744,77.72695645774432,83.19740135278387,71.25741066637818
Garissa,Balambala,2025-06-01 23:22:43.086192,12141,67.90734674773226,23.136334674210264,21.191996394725802,15.340601967938133,48.30706635653395,35.97037217424587,47.40577363595468,86.24968913446537
Garissa,Balambala,2025-07-01 23:22:43.086192,5052,84.31989045407352,30.15028746699442,19.501042389370454,24.580645940111395,25.939479827326917,66.65046038158087,56.09367593530692,75.6721377171861
Garissa,Balambala,2025-08-01 23:22:43.086192,10327,45.362968802643756,39.616569538655455,21.743917501924322,11.978489555533377,22.210871022282905,49.998378641433305,73.27476926149401,48.558819019335786
Garissa,Balambala,2025-09-01 23:22:43.086192,3800,68.14641677459505,22.8942419787179,22.136285026013304,15.067671864041323,32.01391512469684,42.63686825826463,51.32947425695713,80.80843369121953
Garissa,Balambala,2025-10-01 23:22:43.086192,7144,41.81806315248369,39.90065596664428,16.573951529847484,10.285166840511708,60.92426166400164,46.86904336372449,80.34783472171996,83.22626107394714
Garissa,Balambala,2025-11-01 23:22:43.086192,13851,53.83810551319383,17.552672939333366,11.54085526942694,23.910389616950866,37.39425748347995,42.99643877248285,41.82366350613917,87.615001871901
Garissa,Balambala,2025-12-01 23:22:43.086192,3991,77.88496652177538,41.86547811193386,18.930766639072115,11.421234332385138,27.940399662983634,76.29874207969334,84.15971428974956,58.926078939791296
Garissa,Balambala,2026-01-01 23:22:43.086192,6334,76.63055812943288,39.700886359568145,13.690350515925491,15.966492042864092,42.013366177848326,71.15120397456452,73.601812927489,42.567061694864556
Garissa,Balambala,2026-02-01 23:22:43.086192,8524,66.41455344951217,34.670603256588336,8.950247530389156,11.837778063316009,69.08906919882318,27.745002327848546,51.33091390221819,51.52865237765795
Garissa,Lagdera,2025-03-01 23:22:43.086192,11886,55.63989536140228,31.41823964128077,24.951808558920806,17.736013907112987,49.57780502347346,31.92288779635632,68.86519484203085,49.90914209586536
Garissa,Lagdera,2025-04-01 23:22:43.086192,13471,79.69559663690583,27.305560645625068,8.983305230528826,10.988271535968241,53.723936961087745,57.56438868872026,77.47915579291586,58.5778643712648
Garissa,Lagdera,2025-05-01 23:22:43.086192,5274,44.71549791923991,40.61014257632408,22.438673520165104,13.396228360751646,20.229792757012504,59.3788753157285,73.17139975756129,41.44028989353445
Garissa,Lagdera,2025-06-01 23:22:43.086192,10360,77.08125520165973,28.976695595194805,19.02833880492701,33.54206393389544,34.508250863942514,41.71497184050614,37.32477303772478,84.43724829820059
Garissa,Lagdera,2025-07-01 23:22:43.086192,13267,63.79951803580794,37.29508833773065,22.394009092752796,10.041161435383943,51.98885520599684,69.41221774323776,66.45798168109272,58.0425814781801
Garissa,Lagdera,2025-08-01 23:22:43.086192,13506,30.819119150499183,27.515967200929254,12.155327319152477,13.539496018056326,27.76100412356233,25.621348216945268,39.18595340167953,63.26629363242644
Garissa,Lagdera,2025-09-01 23:22:43.086192,11134,43.60154011307628,22.417063286015367,12.852309841661588,18.431230942923797,58.304187393155054,26.01619263330516,67.15337591534498,40.701240897752214
Garissa,Lagdera,2025-10-01 23:22:43.086192,11945,73.68907040322942,23.26588550267129,22.51019554989486,28.987509006832788,39.16590040894243,71.43267476127734,39.83384505651203,45.82526903567568
Garissa,Lagdera,2025-11-01 23:22:43.086192,6692,54.135544957122605,44.62509775791126,14.842095113926671,18.839384436555026,53.80268293982084,45.23908063447364,71.8051292085245,68.14905191152172
Garissa,Lagdera,2025-12-01 23:22:43.086192,9654,89.15186404096022,20.485971360016862,20.016926184495958,14.515879337030128,41.5582301268491,78.73550780760459,34.69554860899315,57.73348447862855
Garissa,Lagdera,2026-01-01 23:22:43.086192,13264,89.40634781991423,20.021966068240946,23.963045801981032,24.259315336250076,55.89963309979969,39.87772927798314,79.43936253911099,59.42046518610293
Garissa,Lagdera,2026-02-01 23:22:43.086192,8145,60.53659996921414,40.66148830553897,17.418659077880793,27.065982301726585,28.621276475393984,32.20995513948338,49.08158726784312,81.97800284996049
Garissa,Dadaab,2025-03-01 23:22:43.086192,5080,87.60831976579075,18.910215123472472,11.558147732858696,32.75569479440432,63.188717022554776,26.73824297538286,49.08029058489578,51.70575119940784
Garissa,Dadaab,2025-04-01 23:22:43.086192,10634,56.01981659495261,23.329088607124028,14.436944725922778,33.827879025469,21.524445726868244,54.2350405363033,84.00224254807287,85.29148816038392
Garissa,Dadaab,2025-05-01 23:22:43.086192,11450,43.50092560833862,28.465596325083265,11.08069298509748,29.08970747579169,60.92143620173932,32.0564768671817,54.86591873473906,52.071215559998166
Garissa,Dadaab,2025-06-01 23:22:43.086192,6853,77.5668169251409,31.8341171988146,7.333792680603899,26.60111525937528,22.44237367861588,58.23172520690105,66.84141526411514,53.90936254994056
Garissa,Dadaab,2025-07-01 23:22:43.086192,4271,39.74058713806897,24.420934555213684,16.087088584064134,15.972579219128324,28.105072202528262,42.865346214931755,43.57030199817813,57.535826038329056
Garissa,Dadaab,2025-08-01 23:22:43.086192,12820,77.19279606222312,16.147725008293794,9.429915577484007,25.100599719335918,50.64722020872799,43.16743984534129,83.29713346420883,68.75155189636985
Garissa,Dadaab,2025-09-01 23:22:43.086192,9465,31.826282881653135,34.25169631795871,22.506690354727375,30.542491655877285,30.25704394854197,67.63261608673751,45.936938354615876,68.36255863405384
Garissa,Dadaab,2025-10-01 23:22:43.086192,3315,70.7892110537492,36.925631308201666,10.284255555256882,25.883919186187853,25.088636330869832,39.24783989285155,74.67872203721193,47.52630936917395
Garissa,Dadaab,2025-11-01 23:22:43.086192,10677,85.46923896963388,35.06060251284066,22.660036334118104,14.356694464186514,24.55439247254828,61.73714759454577,64.66299624924932,61.613619503326646
Garissa,Dadaab,2025-12-01 23:22:43.086192,9306,51.624488015441905,21.410887052242423,6.841264106940321,16.42518140511229,47.68315179011911,75.71824006165875,72.04378136929002,89.73691041729899
Garissa,Dadaab,2026-01-01 23:22:43.086192,2979,93.8256523039249,38.608673584522315,20.110199004541187,12.721976492658815,57.4424073705318,35.41230308150933,59.44629482936095,45.72727627876872
Garissa,Dadaab,2026-02-01 23:22:43.086192,10760,83.00702985629374,22.777540100302822,11.528563544125255,12.059482091767986,23.18324373119635,37.387859619864955,36.374527447786875,45.24836384902926
Garissa,Fafi,2025-03-01 23:22:43.086192,8185,85.82893219514233,34.724989962769314,9.996649180643885,17.404875941481286,59.414449042659456,65.1084661014782,56.90383482725345,48.94050485799745
Garissa,Fafi,2025-04-01 23:22:43.086192,7144,79.71126886506592,43.531544907256944,12.517746432458859,20.38321056803838,60.767048723409715,79.52232750978422,72.61176926933837,75.91224249198986
Garissa,Fafi,2025-05-01 23:22:43.086192,12513,80.45107139694932,21.44714420514557,6.313716261422801,27.383973957938213,64.67988176774796,64.07728956218423,30.239443159166317,52.19135292785896
Garissa,Fafi,2025-06-01 23:22:43.086192,5795,54.46107501930342,22.210209507610173,16.01626862130949,28.87516165411383,50.648930765188965,30.340873761513482,84.25777998620586,76.25046824822522
Garissa,Fafi,2025-07-01 23:22:43.086192,5649,72.90945474159878,30.21530712547643,8.343499776014905,30.7886439293276,27.12829520012312,46.72767271925179,62.28969592927927,43.233146589667825
Garissa,Fafi,2025-08-01 23:22:43.086192,8283,57.72336563978257,21.228127078497188,22.858269336777628,12.345781837985463,69.63529078372027,33.77543612983665,70.40308743927491,85.72949266742879
Garissa,Fafi,2025-09-01 23:22:43.086192,14710,43.7351354726776,25.685865368829454,8.035355086725719,27.80235568106138,48.88524537622402,33.069111257564096,69.67930982890223,67.07178967124308
Garissa,Fafi,2025-10-01 23:22:43.086192,6343,49.16209296302574,36.80098839969348,13.954442971906506,26.756637016484515,30.347664147804252,66.01105421762787,32.723693216735,74.0096382890269
Garissa,Fafi,2025-11-01 23:22:43.086192,7065,77.61487134970784,35.46160325597343,7.522384802099252,22.068492576547072,45.392215288764554,25.17301431125938,50.92759006589737,51.55276297729647
Garissa,Fafi,2025-12-01 23:22:43.086192,9279,33.19205116650364,40.7725416144971,13.938552375552849,17.04045333576098,33.9734663670107,37.31830512729504,52.488760325655896,88.1767437748031
Garissa,Fafi,2026-01-01 23:22:43.086192,14672,57.746577655982165,43.86517705578241,18.334734451515125,14.865454369410221,25.87296481988782,43.66976587256092,75.01714394005025,62.00907486366596
Garissa,Fafi,2026-02-01 23:22:43.086192,3836,51.61857513487604,34.12528340383315,11.975818707615948,11.748537141047429,21.265115585609145,62.51479809059411,81.41885576943463,80.00772473434787
Kakamega,Kakamega Central,2025-03-01 23:22:43.086192,14449,64.4562729273156,37.78102612685569,9.008980464904639,34.19566913921281,35.90289105157663,78.50989358191,75.13440568148357,89.006471161072
Kakamega,Kakamega Central,2025-04-01 23:22:43.086192,11516,67.7055786587317,42.82503075868994,6.282226498001357,24.74876083557661,51.684348934067074,56.917549574830375,74.3076336302974,65.61929828804173
Kakamega,Kakamega Central,2025-05-01 23:22:43.086192,5706,74.13660321081375,28.47491060210658,24.1166275858938,17.356869186120676,52.27612668427561,71.91943260987371,48.68117450983705,81.64720963823972
Kakamega,Kakamega Central,2025-06-01 23:22:43.086192,6795,61.40341527223173,35.92624567395894,6.529371016972519,22.758149094235165,54.72557373385586,40.90217935691659,43.40537222624952,63.87304963715104
Kakamega,Kakamega Central,2025-07-01 23:22:43.086192,12165,80.94908126205848,29.15770224385751,22.19607414336223,27.136857510958556,58.339362966106016,73.36931756515958,70.18503025437131,89.68916935417437
Kakamega,Kakamega Central,2025-08-01 23:22:43.086192,12779,59.7557552676631,25.371373883590312,14.488382863178657,18.37611181632777,49.98343791289662,38.943686290478624,84.55077095914427,89.92928354093061
Kakamega,Kakamega Central,2025-09-01 23:22:43.086192,12069,85.158143176301,22.773661859994455,18.090492253753876,26.061733458579692,44.48877045219273,38.854396737734334,38.967832137947696,53.510295072480034
Kakamega,Kakamega Central,2025-10-01 23:22:43.086192,2670,42.584817598899605,26.412765154511973,16.837390818530125,28.484282503998944,44.057786650900354,65.88489165613493,35.400677333865225,45.74042300805178
Kakamega,Kakamega Central,2025-11-01 23:22:43.086192,10014,61.22660365864198,40.2304844195032,12.51416181217608,31.1139819366312,30.633854288466527,41.87581704619295,41.141105385182826,79.53521960226163
Kakamega,Kakamega Central,2025-12-01 23:22:43.086192,13845,39.6692970682544,18.68088740261791,7.413268462832234,24.2670512168996,62.111585263191515,66.14546727567034,79.59979083873347,80.33164698587322
Kakamega,Kakamega Central,2026-01-01 23:22:43.086192,5748,30.648545611768004,17.22751802875548,10.261595051413675,31.90242476262105,59.91369085305641,36.886464835904114,45.9566426315137,62.4664833396261
Kakamega,Kakamega Central,2026-02-01 23:22:43.086192,10323,62.2460446564793,34.06530725985376,19.284609506968984,28.035011403838965,35.129360039830146,30.795417410865774,61.62182288902714,70.80851406653257
Kakamega,Kakamega East,2025-03-01 23:22:43.086192,11645,77.06449676845627,36.097232553542916,21.84528989174865,27.945924055464687,53.03107081281307,59.25065583748829,37.100633764842975,69.86039426096963
Kakamega,Kakamega East,2025-04-01 23:22:43.086192,10744,89.91749804430648,16.03670644189187,15.595525022758112,11.077492478340009,66.40433116439952,67.95890226576454,39.07575477968577,68.36384894242354
Kakamega,Kakamega East,2025-05-01 23:22:43.086192,9956,84.30400616091777,28.01836257644674,13.377359278074115,26.982134037866857,62.67418726362256,41.13837581800651,60.67138745678064,80.63633307919191
Kakamega,Kakamega East,2025-06-01 23:22:43.086192,13271,34.66948404678968,30.128783289598424,21.299517722992572,31.74989295319798,69.2969802586106,48.7293422060861,42.60991148514364,72.02968636250911
Kakamega,Kakamega East,2025-07-01 23:22:43.086192,7675,48.81642644038994,34.602341064821246,12.003112136746063,19.874644392031584,44.94794091067065,46.989915819537934,41.3452129590378,47.969565178906706
Kakamega,Kakamega East,2025-08-01 23:22:43.086192,3635,45.6060660774055,25.99880949069084,17.27992799705996,16.13405110341965,44.55492732004771,32.89263924519428,80.17692018879914,71.68964798789624
Kakamega,Kakamega East,2025-09-01 23:22:43.086192,9273,68.62208575906564,22.60297775353945,21.740969983370494,25.756070831535347,57.75216938227096,50.872215551013866,32.90734839393292,49.49721757993801
Kakamega,Kakamega East,2025-10-01 23:22:43.086192,10494,50.9310689138045,23.631178496623214,14.467140478445062,25.629706868694107,41.554305168991775,43.44429279925666,56.68347356334909,65.75525412231764
Kakamega,Kakamega East,2025-11-01 23:22:43.086192,10773,47.568914230554526,32.0426740742529,17.19343423452648,28.45194739981462,26.53944303161238,68.12704261687728,58.26674780365928,62.900992857057076
Kakamega,Kakamega East,2025-12-01 23:22:43.086192,4351,53.611849878504884,17.858594410434616,9.550935463863105,17.46363953519646,67.33515152153973,30.245575490234227,78.04398036267145,87.21993864042565
Kakamega,Kakamega East,2026-01-01 23:22:43.086192,3540,41.16988983661743,34.11278834804102,8.625561868845883,26.870688295250673,34.54997133594833,42.86902371725996,34.42846242706951,62.490557633705436
Kakamega,Kakamega East,2026-02-01 23:22:43.086192,8878,65.40863153213648,43.89592179902577,21.235649750575316,11.441084494463944,23.88786044331657,25.488051333889498,40.80173767314469,86.33321437814692
Kakamega,Kakamega West,2025-03-01 23:22:43.086192,9960,94.49623471855976,15.403340438130032,10.208627421060672,11.14571908654391,56.63245963962599,45.805736123861045,36.63111916539505,62.54463480465037
Kakamega,Kakamega West,2025-04-01 23:22:43.086192,13137,59.584270753708566,37.80902269576153,5.540540660219941,21.742199595352062,32.336124020657095,47.05795900263645,75.81157974173946,65.78719194195311
Kakamega,Kakamega West,2025-05-01 23:22:43.086192,4063,84.8942536622436,15.178471507982222,16.46629619276808,30.202867438799974,60.65124302595456,38.184131398702114,79.91366717781055,65.55936636040408
Kakamega,Kakamega West,2025-06-01 23:22:43.086192,12211,72.20210945293931,15.867553053837572,6.339859508277286,15.569269816068054,28.422813331744948,62.7234806208284,70.2757006121364,40.53629533440675
Kakamega,Kakamega West,2025-07-01 23:22:43.086192,13293,66.4872689118283,38.45869723001185,11.6333967195852,26.2614259709758,65.16218431037024,69.76302935582785,36.725651980519245,71.46342564298571
Kakamega,Kakamega West,2025-08-01 23:22:43.086192,4579,49.676896105997855,44.63068768533718,10.946223379693539,32.76825381411837,31.25673869939243,29.132903034722027,56.09245489959858,81.10497593635841
Kakamega,Kakamega West,2025-09-01 23:22:43.086192,8618,50.52689832826526,31.164059409939462,21.37756403173081,11.122443130547019,66.61025417495709,34.61207062048754,78.9466638546613,64.17084786349687
Kakamega,Kakamega West,2025-10-01 23:22:43.086192,4517,55.33629324729601,21.677671211513236,13.65568063370322,10.95401191864483,53.85716275072442,63.35705286588053,47.62210467484945,65.38036331443976
Kakamega,Kakamega West,2025-11-01 23:22:43.086192,7461,48.20291221389053,23.668901703473374,21.473474466021074,13.055100705097743,64.14284540760309,53.57000754276414,52.24547245598166,79.63989973759155
Kakamega,Kakamega West,2025-12-01 23:22:43.086192,14898,66.96989023242492,25.078163700027236,16.79865029291521,28.19538235301197,35.23295440826543,49.899329257223016,63.31224925173586,74.52899014465123
Kakamega,Kakamega West,2026-01-01 23:22:43.086192,5941,92.03549205779228,21.296573701711683,16.755316605121102,12.789587563635141,34.56193445792771,46.83109457630084,42.67247781129981,50.400798182154034
Kakamega,Kakamega West,2026-02-01 23:22:43.086192,10278,83.48489848445377,25.68122538756201,14.380825138618727,24.694332613717787,49.279297328877945,56.02419783707641,80.30210635352057,47.83754716883584
Kakamega,Lugari,2025-03-01 23:22:43.086192,3273,40.88864297845812,30.487827504145105,12.480168559115118,24.90051708495968,53.306178635171406,27.339921301068294,81.61891612849345,43.4900453717349
Kakamega,Lugari,2025-04-01 23:22:43.086192,9001,94.92141195859539,42.947405206758496,9.332405959528847,27.65761226968895,67.06225781723876,64.43087697508136,35.80913646373165,60.369340259379854
Kakamega,Lugari,2025-05-01 23:22:43.086192,7129,49.64846600641796,42.513378189981296,11.307737847347063,19.413062284205928,48.70840075579069,46.157334685077544,52.18320704553413,77.97087606174014
Kakamega,Lugari,2025-06-01 23:22:43.086192,8010,66.1840818780617,15.812701950757122,16.369715923939324,12.137970200888937,45.598843982982885,26.83246131303806,74.05455195179616,47.65016155312824
Kakamega,Lugari,2025-07-01 23:22:43.086192,2759,47.97868212315027,39.508208257577266,16.363213388619755,30.969895957236346,39.0987502492292,74.95182626750515,39.193808007662795,58.055737438085906
Kakamega,Lugari,2025-08-01 23:22:43.086192,13894,42.471490295392,29.36277994844899,20.3847296750622,25.108731077886667,42.91218338314347,43.192373424211844,56.119868589015624,56.81479836168505
Kakamega,Lugari,2025-09-01 23:22:43.086192,4708,34.641844533843255,23.954635982716567,22.843181629441094,23.999992495817885,67.9085655102755,74.91907059192371,35.28033024581007,69.90843462043543
Kakamega,Lugari,2025-10-01 23:22:43.086192,10898,64.10766007422478,23.0363738027717,19.873447629244836,17.163582088662025,30.726640366548786,67.9890422983521,55.5967767475491,79.51794635948242
Kakamega,Lugari,2025-11-01 23:22:43.086192,13464,57.553639131034174,16.97913643669064,5.555461134152544,23.756733328983103,68.32185542505685,47.77682195173428,58.622476224411656,49.24425321981289
Kakamega,Lugari,2025-12-01 23:22:43.086192,3883,46.87083115344855,21.73986706999098,17.321572247362194,26.308005655695247,24.233964632363534,56.26318836746328,59.087940629498455,73.36168227355051
Kakamega,Lugari,2026-01-01 23:22:43.086192,14440,60.4066138780207,23.219537299875835,12.613603565238074,19.083702271135696,25.997952188958845,50.55016698815263,43.8935422388072,64.12266736924053
Kakamega,Lugari,2026-02-01 23:22:43.086192,8435,78.4924909194638,42.18487442708894,7.607546655487054,25.63871028376449,60.07036392978924,54.21016079891095,84.9581802942252,65.31275273817953
Kakamega,Likuyani,2025-03-01 23:22:43.086192,5707,86.13297943134933,24.548176090269674,10.246143731072676,21.283616469150694,54.44129402314019,75.5683946924151,48.50161044089457,63.46382664530933
Kakamega,Likuyani,2025-04-01 23:22:43.086192,3729,94.14375527205543,21.975940869960418,24.518027782695892,25.92049409229279,37.31720075559015,69.90068480484294,56.21086021540713,53.39336666156767
Kakamega,Likuyani,2025-05-01 23:22:43.086192,8588,79.63708996465061,19.32006483584178,8.20471712986693,31.769106064671913,37.24864918307171,35.40859994681141,70.20429069734041,60.66364636248927
Kakamega,Likuyani,2025-06-01 23:22:43.086192,10692,93.90644165652134,15.007283260766526,16.33710395020172,28.77147778655298,33.386865187873795,50.90001673343694,59.77573583255673,78.93402165004815
Kakamega,Likuyani,2025-07-01 23:22:43.086192,14266,91.94047596487678,43.453438614344336,5.295451173867747,31.985617931097167,38.523101706363754,76.03938478488533,54.52987117601239,87.19534522699107
Kakamega,Likuyani,2025-08-01 23:22:43.086192,2549,82.83589970193333,18.74873898472004,22.47887227576707,16.15149313256989,60.232744987480785,79.3108628569943,81.21747231910626,86.27562547520031
Kakamega,Likuyani,2025-09-01 23:22:43.086192,5005,43.51535927921749,32.700151825221425,24.417252506844576,12.113034306458623,49.979418258721594,29.95232628113781,43.854940520904336,84.29082323553723
Kakamega,Likuyani,2025-10-01 23:22:43.086192,4104,49.664275519009735,36.64177311263601,20.14675586297801,11.035662564348188,65.7470590402321,55.932311383134845,65.53885254953927,49.288341312517765
Kakamega,Likuyani,2025-11-01 23:22:43.086192,11364,45.710966521791626,28.992097200624535,13.473956757361446,34.690147821170484,44.41544506267008,77.23664238716428,51.46593855942483,53.523478986171696
Kakamega,Likuyani,2025-12-01 23:22:43.086192,12139,59.72428060988378,32.55395349459705,14.254223456811088,29.743704050474115,57.07386989091117,65.88512648489667,67.980925974392,88.72068326383501
Kakamega,Likuyani,2026-01-01 23:22:43.086192,6573,75.25092249636745,28.310232861241097,8.949879122554705,24.199059527042913,34.50259045887649,68.48832671662471,48.637241617340095,65.14822442507223
Kakamega,Likuyani,2026-02-01 23:22:43.086192,12000,91.39570541192441,34.632488436589334,17.56172743317029,31.24934085169612,49.011579592322775,35.14305022393202,41.41536059742334,55.23196277075583
Malindi,Malindi,2025-03-01 23:22:43.086192,4614,37.69241295533041,15.782564690793222,19.271463972761964,30.27362044617946,67.3471459544142,59.588817058753406,37.22882612537596,41.27835167856214
Malindi,Malindi,2025-04-01 23:22:43.086192,14432,49.24726250532867,41.70727172888128,24.807462902602644,23.418562046358232,59.562638150962684,57.99359695374139,74.09172763218245,57.980692844428134
Malindi,Malindi,2025-05-01 23:22:43.086192,8856,68.0593433737615,34.913960038970146,11.563011913472954,11.423103240848068,62.66783018343679,59.00615494415582,43.67097232794053,81.04275773267585
Malindi,Malindi,2025-06-01 23:22:43.086192,4780,86.80553710644054,31.113417084883658,7.15017376795487,21.740318678216994,41.42033895934062,61.955905083737655,67.011166322277,63.02659659147791
Malindi,Malindi,2025-07-01 23:22:43.086192,2777,74.74502635848955,31.927580554243736,16.430342443995023,14.868138363771571,45.53908701817605,49.135766081505956,63.96769848492241,61.23363384441498
Malindi,Malindi,2025-08-01 23:22:43.086192,9918,48.49792778682401,40.52800677469518,5.726144507229396,13.792335269650035,46.38739696133088,58.21520215169644,34.61834401590762,79.67475214766435
Malindi,Malindi,2025-09-01 23:22:43.086192,7571,68.75033206228481,17.800506214062416,21.07963758294531,31.858086214558494,51.114065208074194,71.12351999641983,69.85236739060369,48.79857553073424
Malindi,Malindi,2025-10-01 23:22:43.086192,7647,58.66112958211697,27.859510096131984,9.165304997461215,27.499625522222384,53.42651839265898,30.658531134734762,32.404620342612084,50.16352351484135
Malindi,Malindi,2025-11-01 23:22:43.086192,10523,42.87719191835304,44.029519680375905,13.91273920580309,26.27095742384145,61.59357213587608,39.733804466926244,63.91403364531816,48.34867273049516
Malindi,Malindi,2025-12-01 23:22:43.086192,7985,72.26593517656107,27.430413571822285,18.455648582965352,32.03227293871028,65.46147674640505,75.44968788993704,77.35058101813462,70.08181187263474
Malindi,Malindi,2026-01-01 23:22:43.086192,9572,85.91389961631106,44.98992712138556,20.188918321673867,15.530313387280568,22.419792552683514,43.442141024380916,31.293354072834774,46.74506455222086
Malindi,Malindi,2026-02-01 23:22:43.086192,12878,57.371636568998774,44.82312345236947,8.858288000981549,26.0710537325478,67.86921429600798,54.69040674089304,39.551473073605514,60.693855475933276
Malindi,Magarini,2025-03-01 23:22:43.086192,10087,63.83618627106637,37.10502361085336,22.854889700105517,31.52281520700332,48.95401754585399,65.07822684178652,48.473585973486244,46.611380673735965
Malindi,Magarini,2025-04-01 23:22:43.086192,12828,54.7549140280043,31.458511794497667,13.745921371433617,18.546387570651163,57.503785977740314,54.61905793215034,63.19491874497706,83.6039451201819
Malindi,Magarini,2025-05-01 23:22:43.086192,12984,64.17780432025745,35.394724595839826,14.87727280446937,30.47498501730747,51.268509709585814,51.61194615352502,40.055577524708255,62.897396969593515
Malindi,Magarini,2025-06-01 23:22:43.086192,2733,36.21525462223479,29.26552102805846,11.371428884514117,16.508895923110686,65.05696284487297,40.84635286359344,38.30236779937843,85.31427851490098
Malindi,Magarini,2025-07-01 23:22:43.086192,8824,46.13395384950503,44.19353914119684,6.740977916132211,28.283454999375042,53.63273708832373,35.024211953835696,62.404941319517675,65.99661418493048
Malindi,Magarini,2025-08-01 23:22:43.086192,9032,30.483131669616206,30.68100551129433,19.427363638387977,15.322366429208106,24.615181892944236,79.40979212930459,77.76853617423299,48.66078624172456
Malindi,Magarini,2025-09-01 23:22:43.086192,13930,37.40628634220196,23.98129057617907,24.68378629427669,22.7251088221541,21.66945493878491,42.01596739136515,73.74912197926956,68.82195635698
Malindi,Magarini,2025-10-01 23:22:43.086192,13466,65.81626851197757,29.15076208404257,22.767791471913462,31.915887949214646,57.68012150832849,50.25504901500807,50.12520662420707,71.70447989910616
Malindi,Magarini,2025-11-01 23:22:43.086192,5102,38.44729651465845,41.79801018290776,13.26546818612854,31.35059399089911,35.62918262128458,72.04818463395986,44.25396031685625,75.579438555998
Malindi,Magarini,2025-12-01 23:22:43.086192,10118,87.65597078876792,40.42610886414967,15.361437733730112,23.466796430200024,24.942642810675707,53.907891671579335,83.67621336506181,63.360759640593166
Malindi,Magarini,2026-01-01 23:22:43.086192,3032,74.79475861433635,32.12267849995638,23.468897427399092,11.456147690982522,36.99079992829466,33.30317330578095,75.03225684276416,72.539812590239
Malindi,Magarini,2026-02-01 23:22:43.086192,12594,66.82616997910011,37.41981133448364,19.787792022733118,33.30632070057655,50.46166451512494,76.5727199953933,56.96079248498225,56.593470941260414
Malindi,Ganze,2025-03-01 23:22:43.086192,4572,52.159871496147574,44.67845585570552,9.08294019721999,14.14626601649258,23.821376874765143,40.79627562559679,80.76433387407984,72.0063027102418
Malindi,Ganze,2025-04-01 23:22:43.086192,11444,68.86329318749782,37.37351450250337,5.5837051036207175,34.6007363629177,40.0054793589774,27.21450334614059,68.18402758875376,52.270358737163974
Malindi,Ganze,2025-05-01 23:22:43.086192,10653,55.819967316054814,39.69876986840916,23.16592288544562,26.95225408715235,32.15538146104884,47.88186410603106,43.26467607939027,50.575482507975224
Malindi,Ganze,2025-06-01 23:22:43.086192,4056,84.93355414797912,35.41424755172814,17.04585286459704,20.374899546168272,51.493041578775276,35.990426486800054,69.88510795240867,55.37467998322323
Malindi,Ganze,2025-07-01 23:22:43.086192,10015,32.05284596036705,19.018804368590608,11.408631664724197,25.034957293328397,52.196191879400594,34.37094174833185,54.128256006872434,79.13975781909812
Malindi,Ganze,2025-08-01 23:22:43.086192,4403,70.43251643585975,26.83809637305896,15.698144613436597,25.954203296987878,35.448200124191246,54.392839304956105,38.48197864735599,83.01995795998097
Malindi,Ganze,2025-09-01 23:22:43.086192,4045,83.17999909589717,24.789788032991748,14.37130658827732,33.02515415451194,26.502452511400858,33.50729178868981,69.45203357121528,44.849641573670496
Malindi,Ganze,2025-10-01 23:22:43.086192,13616,35.817833783107,39.06848513058371,17.980647728117873,29.759440139459933,64.39113458679797,73.4051356683396,45.4025582012918,43.3658321496063
Malindi,Ganze,2025-11-01 23:22:43.086192,13111,91.61861446674087,18.864305664684423,14.933617185024705,20.70494548535524,64.90454066342913,73.31198745057532,70.40600157759461,72.4803923707259
Malindi,Ganze,2025-12-01 23:22:43.086192,8217,48.88244108907605,23.36554382022682,24.472586138653035,22.799085323457525,58.05401395884841,53.54856510243799,48.72069302120713,60.91829459626753
Malindi,Ganze,2026-01-01 23:22:43.086192,9980,58.33395930396648,26.869862639497878,10.226025967490784,21.214566269083637,55.29225215638354,36.28753566991203,40.79320010213863,52.85024528924845
Malindi,Ganze,2026-02-01 23:22:43.086192,10072,69.77540189508555,28.51383404090272,9.46906480472281,30.558944556081457,50.72543733818421,45.227252798112005,52.69006631858371,78.84384440738297
Malindi,Kalifi,2025-03-01 23:22:43.086192,13794,44.73693841405006,20.44239216368858,6.8279465182577574,30.493344411360578,52.77432965224505,65.60716080998317,66.13100915134723,84.51014607931506
Malindi,Kalifi,2025-04-01 23:22:43.086192,12254,94.82723517252153,33.69852985507151,5.859070257702326,31.10835133058379,47.01732103662189,61.622750855562806,42.775542405797594,65.38336300937398
Malindi,Kalifi,2025-05-01 23:22:43.086192,7058,51.55724163303003,21.86472934240165,12.557808945178781,22.161599855686035,51.44941290636097,60.84478295671048,49.885059362333976,56.4914623012476
Malindi,Kalifi,2025-06-01 23:22:43.086192,8471,90.0963646771386,37.42824146642243,22.23944377617829,16.421728303067567,41.571519627743385,29.534321562064868,72.54889333199591,84.9132289018468
Malindi,Kalifi,2025-07-01 23:22:43.086192,14144,66.17751846912475,17.171831855426444,8.97119503214956,10.326350108720987,38.60051381870981,34.098232048883425,65.73840559048435,53.767833399118935
Malindi,Kalifi,2025-08-01 23:22:43.086192,12520,31.174523425799876,15.278697120479778,13.630587676836626,12.817043507224824,38.30177683293676,59.173145911997544,62.95481673854699,70.49325233146718
Malindi,Kalifi,2025-09-01 23:22:43.086192,11993,57.21100685782767,17.90671119792259,19.30095792029043,11.51359938773282,49.09998382886718,57.4691677752055,34.35946864294236,58.89523353091809
Malindi,Kalifi,2025-10-01 23:22:43.086192,4652,60.59441667894146,19.201906684805113,21.034419614441774,23.67042854108678,20.469145714077307,61.415372183370366,65.95392796727407,60.39539038448817
Malindi,Kalifi,2025-11-01 23:22:43.086192,10523,73.31859973104243,22.27963285825257,18.433739098289212,33.69886154161054,58.34748928727997,33.14662596125278,67.67780387763895,55.38772686027165
Malindi,Kalifi,2025-12-01 23:22:43.086192,4876,49.75641919368112,16.98828647520998,9.294532762432045,10.988248346511988,20.633522898623234,29.975242593397788,48.492369484206165,46.97241085457461
Malindi,Kalifi,2026-01-01 23:22:43.086192,4202,55.00385803538053,38.68298043510329,7.883146420757949,24.576880355826155,42.325476989976266,62.99487121221964,65.22851391821301,64.1048222510655
Malindi,Kalifi,2026-02-01 23:22:43.086192,10755,34.45028040843169,32.41728791897043,19.827710318679063,23.91139928470671,23.131203127619493,65.97564091445757,79.36788056380283,69.53190618797652
Malindi,Rabai,2025-03-01 23:22:43.086192,10900,57.91541702365832,44.373491358027,11.924845727635716,23.369631600861542,58.30752029992827,38.81444329783351,70.32509764988824,75.65809620013155
Malindi,Rabai,2025-04-01 23:22:43.086192,7412,85.91791614079301,16.64193391704469,11.230064088661749,11.975721468883144,59.032594107569246,78.43187830298449,64.13549112069833,57.657147044402464
Malindi,Rabai,2025-05-01 23:22:43.086192,11374,92.1529958379747,22.219321548643293,11.388179939750728,30.76651895774569,26.239666214198202,31.84190879437722,68.87251151118707,75.59274250801458
Malindi,Rabai,2025-06-01 23:22:43.086192,7971,44.94767730412222,29.722931759447427,6.634715687682626,27.999136104575626,49.92869644069742,36.40229133690452,43.86469753617645,77.69334713324068
Malindi,Rabai,2025-07-01 23:22:43.086192,7608,47.371100762702426,40.38043986246518,24.0734979798112,16.570058218004757,41.78767431846086,37.457812721781735,57.27571418060131,47.443210496790726
Malindi,Rabai,2025-08-01 23:22:43.086192,4520,51.853129927435134,41.134838270536875,14.185130478077681,15.762807257578903,45.84616169126841,37.385668020777445,84.57948619227933,41.24297919294128
Malindi,Rabai,2025-09-01 23:22:43.086192,12119,42.255703560120594,42.755947134765165,21.776174584313278,16.99838241409748,39.40538676348965,57.13551782522133,69.49957616935792,83.64570684343806
Malindi,Rabai,2025-10-01 23:22:43.086192,7424,47.0223936986537,16.3701465032558,19.752372788839008,24.68853946857623,39.68504989135894,34.56532881838125,62.088607393962185,66.07942173667686
Malindi,Rabai,2025-11-01 23:22:43.086192,7078,49.37418396457145,32.29779509293661,11.571670970368956,31.427607449245738,29.124425384916186,55.21841290448285,63.4857045445632,69.00559261785268
Malindi,Rabai,2025-12-01 23:22:43.086192,9735,91.8944837749173,15.519141666962387,8.58792125499763,27.91101228451474,48.2553012952214,37.19473114992289,79.3922792656356,77.56723219260644
Malindi,Rabai,2026-01-01 23:22:43.086192,6005,34.51736185963487,24.891242567308968,22.132063257358613,22.280128833872098,57.87752028041108,50.14272977680821,75.70785705335828,82.18065479016053
Malindi,Rabai,2026-02-01 23:22:43.086192,13748,78.52220892527126,31.977379928611942,7.128814241311254,31.37857780943625,60.31048378317127,46.62699100874672,81.373857463633,49.33123878735349
